{
  "Metadata": {
    "FlagpoleBucketPrefix": "",
    "FlagpoleDate": "01 Apr 21 07:58 UTC",
    "FlagpoleFileID": "gn-flagpoles/ngas",
    "FlagpoleIdentity": "ngas",
    "FlagpoleSystem": "gn-flagpoles",
    "Guid": "a12ec947-4482-4403-ac23-d8cbdcf33df3",
    "urn": "urn:pubpipe:flagpoles:ngas:gn-flagpoles/ngas"
  },
  "Urn": "urn:pubpipe:flagpoles:ngas:gn-flagpoles/ngas",
  "adsense": "true",
  "adverts": "true",
  "analytics": "true",
  "comscoremmx": "true",
  "comscoremmxeea": "true",
  "effectivemeasure": "true",
  "effectivemeasureeea": "true",
  "fundingchoices_cmp": "false",
  "grapeshot": "true",
  "ias_publisher": "false",
  "lotame": "false",
  "name": "ngas",
  "nielsen": "true",
  "outbrain": "true",
  "permutive": "true",
  "piano": "true",
  "platinum": "true",
  "sherlock": "false",
  "signin": "false",
  "signinnews": "false",
  "survey": "true",
  "thirdpartyeea": "false",
  "version": "1.28"
}
