{
  "generated": "2020-07-21T10:13:25.132Z",
  "lastRecordTimeStamp": "2030-01-01T17:00:00Z",
  "firstRecordTimeStamp": "2020-07-21T04:08:00Z",
  "totalRecords": 9,
  "records": [
    {
      "id": "cfe76166-7c65-11e3-9d35-efde3db9bd6e",
      "rank": 1,
      "count": 2,
      "urn": "urn:bbc:curie:asset:cfe76166-7c65-11e3-9d35-efde3db9bd6e",
      "promo": {
        "headlines": {
          "shortHeadline": "Би-Би-Си ТВ жаңылыктары",
          "headline": "Би-Би-Си ТВ жаңылыктары"
        },
        "locators": {
          "assetUri": "/kyrgyz/multimedia/2014/01/000000_tv_bulletin",
          "cpsUrn": "urn:bbc:content:assetUri:kyrgyz/multimedia/2014/01/000000_tv_bulletin",
          "curie": "http://www.bbc.co.uk/asset/cfe76166-7c65-11e3-9d35-efde3db9bd6e",
          "assetId": "29483679"
        },
        "summary": "Би-Би-Си Кыргыз кызматынын эл аралык жаңылыктарын көрүңүз.",
        "timestamp": 1480524562000,
        "language": "ky",
        "passport": {
          "taggings": []
        },
        "media": {
          "id": "29483679",
          "subType": "primary",
          "format": "video",
          "image": {
            "id": "29483679",
            "subType": "thumbnail",
            "href": "http://a.files.bbci.co.uk/worldservice/live/assets/images/2016/12/06/161206172147_kyrgyz_tv_640x360_bbc_nocredit.jpg",
            "path": "/amz/worldservice/live/assets/images/2016/12/06/161206172147_kyrgyz_tv_640x360_bbc_nocredit.jpg",
            "height": 360,
            "width": 640,
            "altText": "BBC Kyrgyz: TV news",
            "copyrightHolder": "",
            "type": "image"
          },
          "aspectRatio": "16:9",
          "live": false,
          "href": "https://news.files.bbci.co.uk/ws/tx/kyrtvbulletin.xml",
          "playlist": [
            {
              "format": "mp4",
              "bitrate": "168000",
              "url": "https://wsodprogrf.akamaized.net/kyrgyz/tx/tvbulletin_200000.mp4"
            },
            {
              "format": "mp4",
              "bitrate": "320000",
              "url": "https://wsodprogrf.akamaized.net/kyrgyz/tx/tvbulletin_400000.mp4"
            },
            {
              "format": "mp4",
              "bitrate": "904000",
              "url": "https://wsodprogrf.akamaized.net/kyrgyz/tx/tvbulletin_800000.mp4"
            }
          ],
          "type": "legacyMedia"
        },
        "indexImage": {
          "id": "d5e210",
          "subType": "index",
          "href": "http://a.files.bbci.co.uk/worldservice/live/assets/images/2016/12/06/161206172147_kyrgyz_tv_112x63_bbc_nocredit.jpg",
          "path": "/amz/worldservice/live/assets/images/2016/12/06/161206172147_kyrgyz_tv_112x63_bbc_nocredit.jpg",
          "height": 63,
          "width": 112,
          "altText": "BBC Kyrgyz: TV news",
          "copyrightHolder": "BBC",
          "type": "image"
        },
        "id": "urn:bbc:ares::asset:kyrgyz/multimedia/2014/01/000000_tv_bulletin",
        "type": "cps"
      }
    },
    {
      "id": "9c189c24-a83a-4999-9af8-71b82ac78ebf",
      "rank": 2,
      "count": 2,
      "urn": "urn:bbc:curie:asset:9c189c24-a83a-4999-9af8-71b82ac78ebf",
      "promo": {
        "headlines": {
          "shortHeadline": "М.Токтогулова: Жусубалиев кыргыз адабиятына “аң-сезим селин” алып келди",
          "headline": "М.Токтогулова: Жусубалиев кыргыз адабиятына “аң-сезим селин” алып келди"
        },
        "locators": {
          "assetUri": "/kyrgyz/entertainment-53276419",
          "cpsUrn": "urn:bbc:content:assetUri:kyrgyz/entertainment-53276419",
          "curie": "http://www.bbc.co.uk/asset/9c189c24-a83a-4999-9af8-71b82ac78ebf",
          "assetId": "53276419"
        },
        "summary": "“Кубатбек Жусубалиевдин жазуучулук тагдыры: чыгармачылыктагы эркиндик жана акыйккаттын жолу” деген илимий эмгек жарык көрдү.",
        "timestamp": 1593763778000,
        "language": "ky",
        "passport": {
          "category": {
            "categoryId": "http://www.bbc.co.uk/ontologies/applicationlogic-news/News",
            "categoryName": "News"
          },
          "campaigns": [
            {
              "campaignId": "5a988e2939461b000e9dabf8",
              "campaignName": "WS - Educate me"
            }
          ],
          "taggings": []
        },
        "media": {
          "id": "53276420",
          "subType": "primary",
          "format": "audio",
          "externalId": "p08jr2rv",
          "entityType": "Clip",
          "caption": "М.Токтогулова: Жусубалиев кыргыз адабиятына жаңы ыкманы алып келген",
          "type": "external_vpid"
        },
        "indexImage": {
          "id": "113221017",
          "subType": "index",
          "href": "http://c.files.bbci.co.uk/11564/production/_113221017_p08jr39n.jpg",
          "path": "/cpsprodpb/11564/production/_113221017_p08jr39n.jpg",
          "height": 549,
          "width": 976,
          "altText": "Мукарам Токтогулова",
          "copyrightHolder": "BBC",
          "type": "image"
        },
        "id": "urn:bbc:ares::asset:kyrgyz/entertainment-53276419",
        "type": "cps"
      }
    },
    {
      "id": "c583c0ca-3f07-4fa4-8f63-ea984c2ee2b0",
      "rank": 3,
      "count": 1,
      "urn": "urn:bbc:curie:asset:c583c0ca-3f07-4fa4-8f63-ea984c2ee2b0",
      "promo": {
        "headlines": {
          "shortHeadline": "Асылдар дүйнөсү: Бексултан Жакиевдин чыгармачылыгы",
          "headline": "Асылдар дүйнөсү: Бексултан Жакиевдин чыгармачылыгы"
        },
        "locators": {
          "assetUri": "/kyrgyz/53264045",
          "cpsUrn": "urn:bbc:content:assetUri:kyrgyz/53264045",
          "curie": "http://www.bbc.co.uk/asset/c583c0ca-3f07-4fa4-8f63-ea984c2ee2b0",
          "assetId": "53264045"
        },
        "summary": "Кайрат Иманалиевдин “Асылдар дүйнөсү” түрмөгүнөн Кыргыз Республикасынын Баатыры, эл жазуучусу, драматург Бексултан Жакиевдин чыгармачылыгы тууралуу уктурууну уга аласыздар.",
        "timestamp": 1593686584000,
        "language": "ky",
        "passport": {
          "category": {
            "categoryId": "http://www.bbc.co.uk/ontologies/applicationlogic-news/News",
            "categoryName": "News"
          },
          "campaigns": [
            {
              "campaignId": "5a988e2939461b000e9dabf8",
              "campaignName": "WS - Educate me"
            }
          ],
          "taggings": []
        },
        "media": {
          "id": "53264046",
          "subType": "primary",
          "format": "audio",
          "externalId": "p08jmxct",
          "entityType": "Clip",
          "caption": "Асылдар дүйнөсү: Бексултан Жакиевдин чыгармачылыгы",
          "type": "external_vpid"
        },
        "indexImage": {
          "id": "113192210",
          "subType": "index",
          "href": "http://c.files.bbci.co.uk/04CD/production/_113192210_p08jmy5p.jpg",
          "path": "/cpsprodpb/04CD/production/_113192210_p08jmy5p.jpg",
          "height": 549,
          "width": 976,
          "altText": "Бексултан Жакиев",
          "copyrightHolder": "sputnik.kg",
          "type": "image"
        },
        "id": "urn:bbc:ares::asset:kyrgyz/53264045",
        "type": "cps"
      }
    },
    {
      "id": "a7b31968-27b7-11e3-9491-07c53db9bd6e",
      "rank": 4,
      "count": 1,
      "urn": "urn:bbc:curie:asset:a7b31968-27b7-11e3-9491-07c53db9bd6e",
      "promo": {
        "headlines": {
          "shortHeadline": "Дүйнөлүк жаңылыктар бир мүнөттө",
          "headline": "Дүйнөлүк жаңылыктар бир мүнөттө"
        },
        "locators": {
          "assetUri": "/kyrgyz/multimedia/2013/09/130927_friday",
          "cpsUrn": "urn:bbc:content:assetUri:kyrgyz/multimedia/2013/09/130927_friday",
          "curie": "http://www.bbc.co.uk/asset/a7b31968-27b7-11e3-9491-07c53db9bd6e"
        },
        "summary": "Дүйнөлүк жаңылыктар бир мүнөттө",
        "timestamp": 1380315763000,
        "language": "ky",
        "passport": {
          "taggings": []
        },
        "media": {
          "id": "27341618",
          "subType": "primary",
          "format": "video",
          "image": {
            "id": "27341618",
            "subType": "thumbnail",
            "href": "http://a.files.bbci.co.uk/worldservice/live/assets/images/2013/09/27/130927130511_messi_trial_pic_640x360_afpgetty.jpg",
            "path": "/amz/worldservice/live/assets/images/2013/09/27/130927130511_messi_trial_pic_640x360_afpgetty.jpg",
            "height": 360,
            "width": 640,
            "altText": "",
            "copyrightHolder": "",
            "type": "image"
          },
          "aspectRatio": "16:9",
          "live": false,
          "href": "http://www.bbc.co.uk/kyrgyz/meta/dps/2013/09/emp/130927_friday.emp.xml",
          "playlist": [
            {
              "format": "mp4",
              "bitrate": "168000",
              "url": "https://wsodprogrf.akamaized.net/kyrgyz/dps/2013/09/kyrgyzwim270913_130927_friday_16x9_lo.mp4"
            },
            {
              "format": "mp4",
              "bitrate": "320000",
              "url": "https://wsodprogrf.akamaized.net/kyrgyz/dps/2013/09/kyrgyzwim270913_130927_friday_16x9_med.mp4"
            },
            {
              "format": "mp4",
              "bitrate": "904000",
              "url": "https://wsodprogrf.akamaized.net/kyrgyz/dps/2013/09/kyrgyzwim270913_130927_friday_16x9_hi.mp4"
            }
          ],
          "type": "legacyMedia"
        },
        "indexImage": {
          "id": "d5e202",
          "subType": "index",
          "href": "http://a.files.bbci.co.uk/worldservice/live/assets/images/2013/09/27/130927053808_messi-index_112x63_afp_nocredit.jpg",
          "path": "/amz/worldservice/live/assets/images/2013/09/27/130927053808_messi-index_112x63_afp_nocredit.jpg",
          "height": 63,
          "width": 112,
          "altText": "",
          "copyrightHolder": "",
          "type": "image"
        },
        "id": "urn:bbc:ares::asset:kyrgyz/multimedia/2013/09/130927_friday",
        "type": "cps"
      }
    },
    {
      "id": "94409534-4e59-480a-ad9e-5bfd36384ddf",
      "rank": 5,
      "count": 1,
      "urn": "urn:bbc:curie:asset:94409534-4e59-480a-ad9e-5bfd36384ddf",
      "promo": {
        "headlines": {
          "shortHeadline": "\"Click\": Бийчи роботтор",
          "headline": "\"Click\": Бийчи роботтор"
        },
        "locators": {
          "assetUri": "/kyrgyz/media-53370388",
          "cpsUrn": "urn:bbc:content:assetUri:kyrgyz/media-53370388",
          "curie": "http://www.bbc.co.uk/asset/94409534-4e59-480a-ad9e-5bfd36384ddf",
          "assetId": "53370388"
        },
        "summary": "\"Click\": Бийчи роботтор",
        "timestamp": 1594401110000,
        "language": "ky",
        "media": {
          "id": "53370389",
          "subType": "primary",
          "format": "video",
          "externalId": "p08kfg7f",
          "entityType": "Clip",
          "caption": "\"Click\": Бийчи роботтор",
          "type": "external_vpid"
        },
        "indexImage": {
          "id": "113333885",
          "subType": "index",
          "href": "http://c.files.bbci.co.uk/E5D1/production/_113333885_p08kfghj.jpg",
          "path": "/cpsprodpb/E5D1/production/_113333885_p08kfghj.jpg",
          "height": 576,
          "width": 1024,
          "altText": "click",
          "copyrightHolder": "BBC",
          "type": "image"
        },
        "id": "urn:bbc:ares::asset:kyrgyz/media-53370388",
        "type": "cps"
      }
    },
    {
      "id": "9413d734-ece3-9c46-8d75-911a2e4a9fbf",
      "rank": 6,
      "count": 1,
      "urn": "urn:bbc:curie:asset:9413d734-ece3-9c46-8d75-911a2e4a9fbf",
      "promo": {
        "headlines": {
          "shortHeadline": "Нукура кыргыз куурчактары",
          "headline": "Нукура кыргыз куурчактары"
        },
        "locators": {
          "assetUri": "/kyrgyz/kyrgyzstan-39531155",
          "cpsUrn": "urn:bbc:content:assetUri:kyrgyz/kyrgyzstan-39531155",
          "curie": "http://www.bbc.co.uk/asset/9413d734-ece3-9c46-8d75-911a2e4a9fbf",
          "assetId": "39531155"
        },
        "summary": "Бишкекте жаш үй-бүлө кыргызча сүйлөгөн куурчактарды сатыкка чыгарганы жатат. Алар бул оюнчуктар аркылуу бөбөктөрдүн аң-сезимине улуттук баалуулуктарды сиңиргиси келерин айтышат.",
        "timestamp": 1491569783000,
        "language": "ky",
        "passport": {
          "taggings": []
        },
        "media": {
          "id": "39531156",
          "subType": "primary",
          "format": "video",
          "externalId": "p04zcd6k",
          "entityType": "Clip",
          "caption": "Кыргыз жыттанган куурчактар",
          "type": "external_vpid"
        },
        "indexImage": {
          "id": "95504031",
          "subType": "index",
          "href": "http://c.files.bbci.co.uk/32F0/production/_95504031_mediaitem95504030.jpg",
          "path": "/cpsprodpb/32F0/production/_95504031_mediaitem95504030.jpg",
          "height": 549,
          "width": 976,
          "altText": "Кыргыз жыттанган куурчактар",
          "caption": "Кыргыз жыттанган куурчактар",
          "copyrightHolder": "BBC",
          "type": "image"
        },
        "id": "urn:bbc:ares::asset:kyrgyz/kyrgyzstan-39531155",
        "type": "cps"
      }
    },
    {
      "id": "86b619b5-a582-2542-a534-69f1b55f6798",
      "rank": 7,
      "count": 1,
      "urn": "urn:bbc:curie:asset:86b619b5-a582-2542-a534-69f1b55f6798",
      "promo": {
        "headlines": {
          "shortHeadline": "\"Cапар\": Аялдарды сабоо",
          "headline": "\"Cапар\": Аялдарды сабоо"
        },
        "locators": {
          "assetUri": "/kyrgyz/51562357",
          "cpsUrn": "urn:bbc:content:assetUri:kyrgyz/51562357",
          "curie": "http://www.bbc.co.uk/asset/86b619b5-a582-2542-a534-69f1b55f6798",
          "assetId": "51562357"
        },
        "summary": "Аялдар күйөөсү тарабынан зордук-зомбулукка кабылганы жөнүндөгү үрөй учурган кабарларга коомчулук көнүп калдыбы? Кыргызстандагы жана Орусиядагы кордук көргөн аялдар тууралуу берүүнү сунуштайбыз.",
        "timestamp": 1582117565000,
        "language": "ky",
        "passport": {
          "taggings": []
        },
        "media": {
          "id": "51562358",
          "subType": "primary",
          "format": "video",
          "externalId": "p083wsk6",
          "entityType": "Clip",
          "caption": "\"Cапар\": Аялдарды сабоо",
          "type": "external_vpid"
        },
        "indexImage": {
          "id": "110960291",
          "subType": "index",
          "href": "http://c.files.bbci.co.uk/4B06/production/_110960291_3ee0ae7c-b0ff-4205-b957-f949c0a3a98b.jpg",
          "path": "/cpsprodpb/4B06/production/_110960291_3ee0ae7c-b0ff-4205-b957-f949c0a3a98b.jpg",
          "height": 1080,
          "width": 1920,
          "altText": "sapar Tv",
          "copyrightHolder": "BBC",
          "type": "image"
        },
        "id": "urn:bbc:ares::asset:kyrgyz/51562357",
        "type": "cps"
      }
    },
    {
      "id": "54b06b54-3930-3b44-a4b6-b3998c785fb8",
      "rank": 8,
      "count": 1,
      "urn": "urn:bbc:curie:asset:54b06b54-3930-3b44-a4b6-b3998c785fb8",
      "promo": {
        "headlines": {
          "shortHeadline": "\"Сапар\": АКШ аскерлери Сириядан кетип, күрддөр кандай абалда калды?",
          "headline": "\"Сапар\": АКШ аскерлери Сириядан кетип, күрддөр кандай абалда калды?"
        },
        "locators": {
          "assetUri": "/kyrgyz/sapar-tv-52387678",
          "cpsUrn": "urn:bbc:content:assetUri:kyrgyz/sapar-tv-52387678",
          "curie": "http://www.bbc.co.uk/asset/54b06b54-3930-3b44-a4b6-b3998c785fb8",
          "assetId": "52387678"
        },
        "summary": "Сириянын түндүгүндөгү өздөрүн “Ислам мамлекети” деп атаган топко каршы күрөшкөн күрддөр АКШнын негизги шериги болуп келген. Өткөн жылы октябрда америкалык аскерлер аймактан чыгып кеткен соң баары өзгөрдү.",
        "timestamp": 1587567202000,
        "language": "ky",
        "passport": {
          "category": {
            "categoryId": "http://www.bbc.co.uk/ontologies/applicationlogic-news/News",
            "categoryName": "News"
          },
          "taggings": []
        },
        "media": {
          "id": "52387679",
          "subType": "primary",
          "format": "video",
          "externalId": "p08b5yxw",
          "entityType": "Clip",
          "caption": "САПАР: АКШ аскерлери Сириядан кетип, күрддөр кандай абалда калды?",
          "type": "external_vpid"
        },
        "indexImage": {
          "id": "111890146",
          "subType": "index",
          "href": "http://c.files.bbci.co.uk/FA6D/production/_111890146_p08b5z7h.jpg",
          "path": "/cpsprodpb/FA6D/production/_111890146_p08b5z7h.jpg",
          "height": 549,
          "width": 976,
          "altText": "Keyframe #3",
          "copyrightHolder": "BBC",
          "type": "image"
        },
        "id": "urn:bbc:ares::asset:kyrgyz/sapar-tv-52387678",
        "type": "cps"
      }
    },
    {
      "id": "4724adee-a7c9-11e4-831f-18933db9bd6e",
      "rank": 9,
      "count": 1,
      "urn": "urn:bbc:curie:asset:4724adee-a7c9-11e4-831f-18933db9bd6e",
      "promo": {
        "headlines": {
          "shortHeadline": "Чыңгыз хандын теги казакпы же монгол элеби?",
          "headline": "Чыңгыз хандын теги казакпы же монгол элеби?"
        },
        "locators": {
          "assetUri": "/kyrgyz/multimedia/2015/01/150129_genghis_khan_history_pages",
          "cpsUrn": "urn:bbc:content:assetUri:kyrgyz/multimedia/2015/01/150129_genghis_khan_history_pages",
          "curie": "http://www.bbc.co.uk/asset/4724adee-a7c9-11e4-831f-18933db9bd6e",
          "assetId": "37090018"
        },
        "summary": "Тарыхчылар Тынчтыкбек Чоротегин менен Кыяс Молдокасымов Чыңгыз хан жана анын дооруна байланыштуу талкуу курушту.",
        "timestamp": 1422548449000,
        "language": "ky",
        "passport": {
          "taggings": []
        },
        "media": {
          "id": "37090018",
          "subType": "primary",
          "format": "audio",
          "image": {
            "id": "37090018",
            "subType": "thumbnail",
            "href": "http://a.files.bbci.co.uk/worldservice/live/assets/images/2015/01/29/150129151438_kyrgyz_genghis_640x360_nationalpalacemuseum_nocredit.jpg",
            "path": "/amz/worldservice/live/assets/images/2015/01/29/150129151438_kyrgyz_genghis_640x360_nationalpalacemuseum_nocredit.jpg",
            "height": 360,
            "width": 640,
            "altText": "",
            "copyrightHolder": "",
            "type": "image"
          },
          "live": false,
          "href": "http://www.bbc.co.uk/kyrgyz/meta/dps/2015/01/emp/150129_genghis_khan_history_pages.emp.xml",
          "playlist": [
            {
              "format": "mp3",
              "bitrate": "96000",
              "url": "https://wsodprogrf.akamaized.net/kyrgyz/dps/2015/01/history_genghiz_khan_150129_genghis_khan_history_pages_au_bb.mp3"
            }
          ],
          "type": "legacyMedia"
        },
        "indexImage": {
          "id": "d5e204",
          "subType": "index",
          "href": "http://a.files.bbci.co.uk/worldservice/live/assets/images/2014/03/11/140311144652_genghis_khan__112x63_nationalpalacemuseum_nocredit.jpg",
          "path": "/amz/worldservice/live/assets/images/2014/03/11/140311144652_genghis_khan__112x63_nationalpalacemuseum_nocredit.jpg",
          "height": 63,
          "width": 112,
          "altText": "",
          "copyrightHolder": "National Palace Museum",
          "type": "image"
        },
        "id": "urn:bbc:ares::asset:kyrgyz/multimedia/2015/01/150129_genghis_khan_history_pages",
        "type": "cps"
      }
    }
  ]
}
