{
  "data": {
    "article": {
      "content": {
        "model": {
          "blocks": [
            {
              "id": "18e95454",
              "type": "headline",
              "model": {
                "blocks": [
                  {
                    "id": "4c63ec4c",
                    "type": "text",
                    "model": {
                      "blocks": [
                        {
                          "id": "f2f82dd6",
                          "type": "paragraph",
                          "model": {
                            "text": "Bu test məqaləsinin başlığı budur",
                            "blocks": [
                              {
                                "id": "53f122ca",
                                "type": "fragment",
                                "model": {
                                  "text": "Bu test məqaləsinin başlığı budur",
                                  "attributes": []
                                },
                                "position": [
                                  1,
                                  1,
                                  1,
                                  1
                                ]
                              }
                            ]
                          },
                          "position": [
                            1,
                            1,
                            1
                          ]
                        }
                      ]
                    },
                    "position": [
                      1,
                      1
                    ]
                  }
                ]
              },
              "position": [
                1
              ]
            },
            {
              "id": "c173d1f1",
              "type": "image",
              "model": {
                "blocks": [
                  {
                    "id": "41da5bbc",
                    "type": "caption",
                    "model": {
                      "blocks": [
                        {
                          "id": "33749ea1",
                          "type": "text",
                          "model": {
                            "blocks": [
                              {
                                "id": "46c1eff4",
                                "type": "paragraph",
                                "model": {
                                  "text": "Bu test şəkli, müəllif hüquqları BBC, Fransanın bir xəritəsini göstərir. Şəkil ilk üç blokdadır və bu başlıq var.",
                                  "blocks": [
                                    {
                                      "id": "a6cf5426",
                                      "type": "fragment",
                                      "model": {
                                        "text": "Bu test şəkli, müəllif hüquqları BBC, Fransanın bir xəritəsini göstərir. Şəkil ilk üç blokdadır və bu başlıq var.",
                                        "attributes": []
                                      },
                                      "position": [
                                        2,
                                        1,
                                        1,
                                        1,
                                        1
                                      ]
                                    }
                                  ]
                                },
                                "position": [
                                  2,
                                  1,
                                  1,
                                  1
                                ]
                              }
                            ]
                          },
                          "position": [
                            2,
                            1,
                            1
                          ]
                        }
                      ]
                    },
                    "position": [
                      2,
                      1
                    ]
                  },
                  {
                    "id": "3c5ae6a4",
                    "type": "altText",
                    "model": {
                      "blocks": [
                        {
                          "id": "fb8f903a",
                          "type": "text",
                          "model": {
                            "blocks": [
                              {
                                "id": "38135236",
                                "type": "paragraph",
                                "model": {
                                  "text": "Map of France showing Paris and Cognac",
                                  "blocks": [
                                    {
                                      "id": "cfb587aa",
                                      "type": "fragment",
                                      "model": {
                                        "text": "Map of France showing Paris and Cognac",
                                        "attributes": []
                                      },
                                      "position": [
                                        2,
                                        2,
                                        1,
                                        1,
                                        1
                                      ]
                                    }
                                  ]
                                },
                                "position": [
                                  2,
                                  2,
                                  1,
                                  1
                                ]
                              }
                            ]
                          },
                          "position": [
                            2,
                            2,
                            1
                          ]
                        }
                      ]
                    },
                    "position": [
                      2,
                      2
                    ]
                  },
                  {
                    "id": "f7b03de9",
                    "type": "rawImage",
                    "model": {
                      "width": 624,
                      "height": 351,
                      "locator": "d14e/test/2bb10ad0-e135-11e9-b23c-f1ac9644bb55.jpg",
                      "originCode": "cpsdevpb",
                      "copyrightHolder": "BBC"
                    },
                    "position": [
                      2,
                      3
                    ]
                  }
                ]
              },
              "position": [
                2
              ]
            },
            {
              "id": "1bce8d34",
              "type": "timestamp",
              "model": {
                "firstPublished": 1562936692555,
                "lastPublished": 1569598550759
              },
              "position": [
                3
              ]
            },
            {
              "id": "0d97e6f3",
              "type": "text",
              "model": {
                "blocks": [
                  {
                    "id": "befd5dc0",
                    "type": "paragraph",
                    "model": {
                      "text": "Bu BBC Hava səhifəsinə bir url bağlantısı olan bir mətn blokudur.",
                      "blocks": [
                        {
                          "id": "f0044f21",
                          "type": "fragment",
                          "model": {
                            "text": "Bu ",
                            "attributes": []
                          },
                          "position": [
                            4,
                            1,
                            1
                          ]
                        },
                        {
                          "id": "fb5528a7",
                          "type": "urlLink",
                          "model": {
                            "text": "BBC Hava səhifəsinə",
                            "blocks": [
                              {
                                "id": "a4e0dd6e",
                                "type": "fragment",
                                "model": {
                                  "text": "BBC Hava səhifəsinə",
                                  "attributes": []
                                },
                                "position": [
                                  4,
                                  1,
                                  2,
                                  1
                                ]
                              }
                            ],
                            "locator": "https://www.bbc.com/weather",
                            "isExternal": false
                          },
                          "position": [
                            4,
                            1,
                            2
                          ]
                        },
                        {
                          "id": "7a822010",
                          "type": "fragment",
                          "model": {
                            "text": " bir url bağlantısı olan bir mətn blokudur.",
                            "attributes": []
                          },
                          "position": [
                            4,
                            1,
                            3
                          ]
                        }
                      ]
                    },
                    "position": [
                      4,
                      1
                    ]
                  }
                ]
              },
              "position": [
                4
              ]
            },
            {
              "id": "137d0249",
              "type": "video",
              "model": {
                "locator": "urn:bbc:pips:pid:p01k6msm",
                "blocks": [
                  {
                    "id": "f06f5928",
                    "type": "caption",
                    "model": {
                      "blocks": [
                        {
                          "id": "e1456b27",
                          "type": "text",
                          "model": {
                            "blocks": [
                              {
                                "id": "7f6bc4ee",
                                "type": "paragraph",
                                "model": {
                                  "text": "Bu qarışqalar haqqında bir video ehtiva edən bir video blokdur",
                                  "blocks": [
                                    {
                                      "id": "d0d9e059",
                                      "type": "fragment",
                                      "model": {
                                        "text": "Bu qarışqalar haqqında bir video ehtiva edən bir video blokdur",
                                        "attributes": []
                                      },
                                      "position": [
                                        5,
                                        1,
                                        1,
                                        1,
                                        1
                                      ]
                                    }
                                  ]
                                },
                                "position": [
                                  5,
                                  1,
                                  1,
                                  1
                                ]
                              }
                            ]
                          },
                          "position": [
                            5,
                            1,
                            1
                          ]
                        }
                      ]
                    },
                    "position": [
                      5,
                      1
                    ]
                  },
                  {
                    "id": "c224aebb",
                    "type": "aresMedia",
                    "model": {
                      "blocks": [
                        {
                          "id": "1a6473f1",
                          "blockId": "urn:bbc:ares::clip:p01k6msm",
                          "type": "aresMediaMetadata",
                          "model": {
                            "id": "p01k6msm",
                            "subType": "clip",
                            "format": "audio_video",
                            "title": "Five things ants can teach us about management",
                            "synopses": {
                              "short": "They may be tiny, but us humans could learn a thing or two from ants."
                            },
                            "imageUrl": "ichef.test.bbci.co.uk/images/ic/$recipe/p01k6mtv.jpg",
                            "imageCopyright": "BBC",
                            "embedding": true,
                            "advertising": true,
                            "versions": [
                              {
                                "versionId": "p01k6msp",
                                "types": [
                                  "Original"
                                ],
                                "duration": 191,
                                "durationISO8601": "PT3M11S",
                                "warnings": {
                                  "short": "Contains strong language and adult humour.",
                                  "long": "Contains strong language and adult humour."
                                },
                                "availableTerritories": {
                                  "uk": true,
                                  "nonUk": true
                                },
                                "availableFrom": 1540218932000
                              }
                            ],
                            "syndication": {
                              "destinations": []
                            },
                            "smpKind": "programme"
                          },
                          "position": [
                            5,
                            2,
                            1
                          ]
                        },
                        {
                          "id": "c3cd96fc",
                          "type": "image",
                          "model": {
                            "blocks": [
                              {
                                "id": "d2870f8d",
                                "type": "rawImage",
                                "model": {
                                  "width": 1920,
                                  "height": 1080,
                                  "locator": "ichef.test.bbci.co.uk/images/ic/$widthxn/p01k6mtv.jpg",
                                  "originCode": "mpv",
                                  "copyrightHolder": "BBC"
                                },
                                "position": [
                                  5,
                                  2,
                                  2,
                                  1
                                ]
                              },
                              {
                                "id": "afbe500c",
                                "type": "altText",
                                "model": {
                                  "blocks": [
                                    {
                                      "id": "64f5ae73",
                                      "type": "text",
                                      "model": {
                                        "blocks": [
                                          {
                                            "id": "1777b50d",
                                            "type": "paragraph",
                                            "model": {
                                              "text": "Ants",
                                              "blocks": [
                                                {
                                                  "id": "a2a2a15e",
                                                  "type": "fragment",
                                                  "model": {
                                                    "text": "Ants",
                                                    "attributes": []
                                                  },
                                                  "position": [
                                                    5,
                                                    2,
                                                    2,
                                                    2,
                                                    1,
                                                    1,
                                                    1
                                                  ]
                                                }
                                              ]
                                            },
                                            "position": [
                                              5,
                                              2,
                                              2,
                                              2,
                                              1,
                                              1
                                            ]
                                          }
                                        ]
                                      },
                                      "position": [
                                        5,
                                        2,
                                        2,
                                        2,
                                        1
                                      ]
                                    }
                                  ]
                                },
                                "position": [
                                  5,
                                  2,
                                  2,
                                  2
                                ]
                              }
                            ]
                          },
                          "position": [
                            5,
                            2,
                            2
                          ]
                        }
                      ]
                    },
                    "position": [
                      5,
                      2
                    ]
                  }
                ]
              },
              "position": [
                5
              ]
            },
            {
              "id": "0798911a",
              "type": "subheadline",
              "model": {
                "blocks": [
                  {
                    "id": "9974f8d3",
                    "type": "text",
                    "model": {
                      "blocks": [
                        {
                          "id": "93755e73",
                          "type": "paragraph",
                          "model": {
                            "text": "Bu alt alt blokdur",
                            "blocks": [
                              {
                                "id": "fe4981e1",
                                "type": "fragment",
                                "model": {
                                  "text": "Bu alt alt blokdur",
                                  "attributes": []
                                },
                                "position": [
                                  6,
                                  1,
                                  1,
                                  1
                                ]
                              }
                            ]
                          },
                          "position": [
                            6,
                            1,
                            1
                          ]
                        }
                      ]
                    },
                    "position": [
                      6,
                      1
                    ]
                  }
                ]
              },
              "position": [
                6
              ]
            },
            {
              "id": "e0db15e5",
              "type": "image",
              "model": {
                "blocks": [
                  {
                    "id": "a362cf13",
                    "type": "altText",
                    "model": {
                      "blocks": [
                        {
                          "id": "c73a17c3",
                          "type": "text",
                          "model": {
                            "blocks": [
                              {
                                "id": "489ef17d",
                                "type": "paragraph",
                                "model": {
                                  "text": "Matçdan sonra futbolçular",
                                  "blocks": [
                                    {
                                      "id": "26f97278",
                                      "type": "fragment",
                                      "model": {
                                        "text": "Matçdan sonra futbolçular",
                                        "attributes": []
                                      },
                                      "position": [
                                        7,
                                        1,
                                        1,
                                        1,
                                        1
                                      ]
                                    }
                                  ]
                                },
                                "position": [
                                  7,
                                  1,
                                  1,
                                  1
                                ]
                              }
                            ]
                          },
                          "position": [
                            7,
                            1,
                            1
                          ]
                        }
                      ]
                    },
                    "position": [
                      7,
                      1
                    ]
                  },
                  {
                    "id": "5bbad209",
                    "type": "rawImage",
                    "model": {
                      "width": 2048,
                      "height": 1152,
                      "locator": "9809/test/8e3735d0-e135-11e9-b23c-f1ac9644bb55.jpg",
                      "originCode": "cpsdevpb",
                      "copyrightHolder": "Getty Images"
                    },
                    "position": [
                      7,
                      2
                    ]
                  }
                ]
              },
              "position": [
                7
              ]
            },
            {
              "id": "fe7772ca",
              "type": "text",
              "model": {
                "blocks": [
                  {
                    "id": "841ce4f7",
                    "type": "paragraph",
                    "model": {
                      "text": "Bu test məqaləsi veb saytımızda avtomatlaşdırılmış son nöqtəli sınaqları keçirə biləcəyimiz üçün yaradıldı.",
                      "blocks": [
                        {
                          "id": "3f7a0b4b",
                          "type": "fragment",
                          "model": {
                            "text": "Bu test məqaləsi veb saytımızda avtomatlaşdırılmış son nöqtəli sınaqları keçirə biləcəyimiz üçün yaradıldı.",
                            "attributes": []
                          },
                          "position": [
                            8,
                            1,
                            1
                          ]
                        }
                      ]
                    },
                    "position": [
                      8,
                      1
                    ]
                  }
                ]
              },
              "position": [
                8
              ]
            },
            {
              "id": "9bd83fac",
              "type": "mpu",
              "model": {},
              "position": [
                9
              ]
            },
            {
              "id": "cc4f42fe",
              "type": "wsoj",
              "model": {
                "type": "recommendations"
              },
              "position": [
                10
              ]
            }
          ]
        }
      },
      "metadata": {
        "id": "urn:bbc:ares::article:c5k08pqnzexo",
        "locators": {
          "optimoUrn": "urn:bbc:optimo:asset:c5k08pqnzexo",
          "canonicalUrl": "https://www.bbc.com/azeri/articles/c5k08pqnzexo"
        },
        "type": "article",
        "createdBy": "Azeri",
        "language": "az",
        "firstPublished": 1562936692555,
        "lastPublished": 1569598550759,
        "analyticsLabels": {
          "producer": "Azeri",
          "page": "azeri.articles.c5k08pqnzexo.page"
        },
        "passport": {
          "language": "az",
          "home": "http://www.bbc.co.uk/ontologies/passport/home/Azeri",
          "taggings": []
        },
        "blockTypes": [
          "headline",
          "text",
          "paragraph",
          "fragment",
          "image",
          "caption",
          "altText",
          "rawImage",
          "urlLink",
          "video",
          "subheadline",
          "aresMedia"
        ],
        "allowAdvertising": true
      },
      "promo": {
        "headlines": {
          "seoHeadline": "Bu test məqaləsinin SEO başlığı"
        }
      }
    },
    "secondaryData": {
      "topStories": [
        {
          "headlines": {
            "headline": "Dünya liderləri Şimon Peresin dəfn mərasiminə qatılır",
            "overtyped": "Overtyped headline"
          },
          "locators": {
            "assetUri": "/azeri/23080040",
            "cpsUrn": "urn:bbc:content:assetUri:azeri/23080040",
            "curie": "http://www.bbc.co.uk/asset/05a0d43b-eb2e-5e47-b249-f9b443bd03c3",
            "assetId": "23080040"
          },
          "summary": "Onlarla dünya lideri Şimon Peresin, ölkəni quran atalardan birinin dəfn mərasiminə qatılmaq üçün İsrailə toplanır.",
          "timestamp": 1569398380000,
          "language": "az",
          "byline": {
            "name": "Testing name change",
            "title": "Somebody",
            "persons": [
              {
                "name": "Bernard Gabonxxxxxxx",
                "function": "BBC Nepali"
              }
            ]
          },
          "passport": {
            "category": {
              "categoryId": "http://www.bbc.co.uk/ontologies/applicationlogic-news/News",
              "categoryName": "News"
            },
            "taggings": []
          },
          "cpsType": "STY",
          "indexImage": {
            "id": "63513682",
            "subType": "index",
            "href": "http://b.files.bbci.co.uk/6FD7/test/_63513682_mediaitem63513681.jpg",
            "path": "/cpsdevpb/6FD7/test/_63513682_mediaitem63513681.jpg",
            "height": 549,
            "width": 976,
            "altText": "Barack Obama",
            "caption": "Barack Obama giving speech",
            "copyrightHolder": "AP",
            "originCode": "cpsdevpb",
            "type": "image"
          },
          "options": {
            "isBreakingNews": false,
            "isFactCheck": false
          },
          "prominence": "special",
          "section": {
            "subType": "IDX",
            "name": "Xəbərlər",
            "uri": "/azeri/front_page",
            "type": "simple"
          },
          "overtypedSummary": "Overtyped summary.",
          "id": "urn:bbc:ares::asset:azeri/23080040",
          "type": "cps"
        }
      ],
      "features": [
        {
          "name": "Feature Promo",
          "summary": "Summary",
          "indexImage": {
            "id": "63692548",
            "subType": "index",
            "href": "http://b.files.bbci.co.uk/14A31/test/_63692548_000327537-1.jpg",
            "path": "/cpsdevpb/14A31/test/_63692548_000327537-1.jpg",
            "height": 549,
            "width": 976,
            "altText": "A lone Koala perches in a eucalyptus tree",
            "caption": "Koalas are from Australia",
            "copyrightHolder": "BBC",
            "type": "image"
          },
          "uri": "https://www.bbc.co.uk/azeri",
          "contentType": "Feature",
          "assetTypeCode": "PRO",
          "timestamp": 1568029983000,
          "type": "link"
        },
        {
          "name": "VIdeo promo",
          "summary": "Summary",
          "indexImage": {
            "id": "63692548",
            "subType": "index",
            "href": "http://b.files.bbci.co.uk/14A31/test/_63692548_000327537-1.jpg",
            "path": "/cpsdevpb/14A31/test/_63692548_000327537-1.jpg",
            "height": 549,
            "width": 976,
            "altText": "A lone Koala perches in a eucalyptus tree",
            "caption": "Koalas are from Australia",
            "copyrightHolder": "BBC",
            "type": "image"
          },
          "uri": "http://www.bbc.com/azeri",
          "contentType": "Video",
          "assetTypeCode": "PRO",
          "timestamp": 1565097910000,
          "type": "link"
        },
        {
          "name": "Video promo Live",
          "summary": "Summary",
          "indexImage": {
            "id": "63692548",
            "subType": "index",
            "href": "http://b.files.bbci.co.uk/14A31/test/_63692548_000327537-1.jpg",
            "path": "/cpsdevpb/14A31/test/_63692548_000327537-1.jpg",
            "height": 549,
            "width": 976,
            "altText": "A lone Koala perches in a eucalyptus tree",
            "caption": "Koalas are from Australia",
            "copyrightHolder": "BBC",
            "type": "image"
          },
          "uri": "http://www.bbc.com/azeri",
          "contentType": "Video",
          "assetTypeCode": "PRO",
          "timestamp": 1567182564000,
          "isLive": true,
          "type": "link"
        },
        {
          "name": "Audio promo",
          "summary": "Summary",
          "indexImage": {
            "id": "63692548",
            "subType": "index",
            "href": "http://b.files.bbci.co.uk/14A31/test/_63692548_000327537-1.jpg",
            "path": "/cpsdevpb/14A31/test/_63692548_000327537-1.jpg",
            "height": 549,
            "width": 976,
            "altText": "A lone Koala perches in a eucalyptus tree",
            "caption": "Koalas are from Australia",
            "copyrightHolder": "BBC",
            "type": "image"
          },
          "uri": "http://www.bbc.com/azeri",
          "contentType": "Audio",
          "assetTypeCode": "PRO",
          "timestamp": 1565097889000,
          "type": "link"
        },
        {
          "name": "Guide promo",
          "indexImage": {
            "id": "63692548",
            "subType": "index",
            "href": "http://b.files.bbci.co.uk/14A31/test/_63692548_000327537-1.jpg",
            "path": "/cpsdevpb/14A31/test/_63692548_000327537-1.jpg",
            "height": 549,
            "width": 976,
            "altText": "A lone Koala perches in a eucalyptus tree",
            "caption": "Koalas are from Australia",
            "copyrightHolder": "BBC",
            "type": "image"
          },
          "uri": "http://www.bbc.com/azeri",
          "contentType": "Guide",
          "assetTypeCode": "PRO",
          "timestamp": 1569321103000,
          "type": "link"
        },
        {
          "name": "Audio promo Live",
          "summary": "Summary",
          "indexImage": {
            "id": "63692548",
            "subType": "index",
            "href": "http://b.files.bbci.co.uk/14A31/test/_63692548_000327537-1.jpg",
            "path": "/cpsdevpb/14A31/test/_63692548_000327537-1.jpg",
            "height": 549,
            "width": 976,
            "altText": "A lone Koala perches in a eucalyptus tree",
            "caption": "Koalas are from Australia",
            "copyrightHolder": "BBC",
            "type": "image"
          },
          "uri": "http://www.bbc.com/azeri",
          "contentType": "Audio",
          "assetTypeCode": "PRO",
          "timestamp": 1567182413000,
          "isLive": true,
          "type": "link"
        },
        {
          "name": "Gallery promo",
          "indexImage": {
            "id": "63692548",
            "subType": "index",
            "href": "http://b.files.bbci.co.uk/14A31/test/_63692548_000327537-1.jpg",
            "path": "/cpsdevpb/14A31/test/_63692548_000327537-1.jpg",
            "height": 549,
            "width": 976,
            "altText": "A lone Koala perches in a eucalyptus tree",
            "caption": "Koalas are from Australia",
            "copyrightHolder": "BBC",
            "type": "image"
          },
          "uri": "http://www.bbc.com/azeri",
          "contentType": "Gallery",
          "assetTypeCode": "PRO",
          "timestamp": 1565097866000,
          "type": "link"
        },
        {
          "name": "Standard promo",
          "indexImage": {
            "id": "63692548",
            "subType": "index",
            "href": "http://b.files.bbci.co.uk/14A31/test/_63692548_000327537-1.jpg",
            "path": "/cpsdevpb/14A31/test/_63692548_000327537-1.jpg",
            "height": 549,
            "width": 976,
            "altText": "A lone Koala perches in a eucalyptus tree",
            "caption": "Koalas are from Australia",
            "copyrightHolder": "BBC",
            "type": "image"
          },
          "uri": "http://www.bbc.com/azeri",
          "contentType": "Text",
          "assetTypeCode": "PRO",
          "timestamp": 1565097846000,
          "type": "link"
        },
        {
          "name": "Radio Bulletin promo",
          "indexImage": {
            "id": "63692548",
            "subType": "index",
            "href": "http://b.files.bbci.co.uk/14A31/test/_63692548_000327537-1.jpg",
            "path": "/cpsdevpb/14A31/test/_63692548_000327537-1.jpg",
            "height": 549,
            "width": 976,
            "altText": "A lone Koala perches in a eucalyptus tree",
            "caption": "Koalas are from Australia",
            "copyrightHolder": "BBC",
            "type": "image"
          },
          "uri": "http://www.bbc.com/azeri",
          "contentType": "RadioBulletin",
          "assetTypeCode": "PRO",
          "timestamp": 1569344410000,
          "type": "link"
        }
      ],
      "mostRead": {
        "generated": "2023-02-17T16:34:56.346Z",
        "lastRecordTimeStamp": "2021-05-04T11:53:00Z",
        "firstRecordTimeStamp": "2021-05-04T09:53:00Z",
        "totalRecords": 20,
        "records": [
          {
            "id": "68d02da8-5f77-224f-bdab-870e6a427112",
            "rank": 1,
            "count": 9900,
            "urn": "urn:bbc:curie:asset:68d02da8-5f77-224f-bdab-870e6a427112",
            "promo": {
              "headlines": {
                "shortHeadline": "Bərbər saçdan Erdoğanın portretini yaradıb 2",
                "headline": "Bərbər saçdan Erdoğanın portretini yaradıb 2"
              },
              "locators": {
                "assetUri": "/azeri/23065474",
                "cpsUrn": "urn:bbc:content:assetUri:azeri/23065474",
                "curie": "http://www.bbc.co.uk/asset/68d02da8-5f77-224f-bdab-870e6a427112",
                "assetId": "23065474"
              },
              "summary": "Bərbər saçdan Erdoğanın portretini yaradıb",
              "timestamp": 1470318737000,
              "language": "az",
              "indexImage": {
                "id": "63501678",
                "subType": "index",
                "href": "http://b.files.bbci.co.uk/1563A/test/_63501678__90671229_dc5e4e46-8dd8-4eaa-a03d-bf22372127b8.jpg",
                "path": "/cpsdevpb/1563A/test/_63501678__90671229_dc5e4e46-8dd8-4eaa-a03d-bf22372127b8.jpg",
                "height": 371,
                "width": 660,
                "altText": "kəsib",
                "caption": "kəsib",
                "copyrightHolder": "Getty Images",
                "originCode": "cpsdevpb",
                "type": "image"
              },
              "id": "urn:bbc:ares::asset:azeri/23065474",
              "type": "cps"
            }
          },
          {
            "id": "bdd499e7-9dfe-1548-9af0-321d5d1e9bea",
            "rank": 2,
            "count": 9584,
            "urn": "urn:bbc:curie:asset:bdd499e7-9dfe-1548-9af0-321d5d1e9bea",
            "promo": {
              "headlines": {
                "shortHeadline": "Bərbər saçdan Erdoğanın portretini yaradıb 26",
                "headline": "Bərbər saçdan Erdoğanın portretini yaradıb 26"
              },
              "locators": {
                "assetUri": "/azeri/23065508",
                "curieCpsUrn": "urn:bbc:cps:curie:asset:bdd499e7-9dfe-1548-9af0-321d5d1e9bea",
                "assetId": "23065508",
                "cpsUrn": "urn:bbc:content:assetUri:azeri/23065508",
                "curie": "http://www.bbc.co.uk/asset/bdd499e7-9dfe-1548-9af0-321d5d1e9bea"
              },
              "summary": "Bərbər saçdan Erdoğanın portretini yaradıb",
              "timestamp": 1470319135000,
              "language": "az",
              "passport": {
                "home": "http://www.bbc.co.uk/ontologies/passport/home/Azeri",
                "taggings": []
              },
              "indexImage": {
                "id": "63501678",
                "subType": "index",
                "href": "http://b.files.bbci.co.uk/1563A/test/_63501678__90671229_dc5e4e46-8dd8-4eaa-a03d-bf22372127b8.jpg",
                "path": "/cpsdevpb/1563A/test/_63501678__90671229_dc5e4e46-8dd8-4eaa-a03d-bf22372127b8.jpg",
                "height": 371,
                "width": 660,
                "altText": "kəsib",
                "caption": "kəsib",
                "copyrightHolder": "Getty Images",
                "originCode": "cpsdevpb",
                "type": "image"
              },
              "id": "urn:bbc:ares::asset:azeri/23065508",
              "type": "cps"
            }
          },
          {
            "id": "5f91a4a0-f0c0-a04d-abd9-c015ee728598",
            "rank": 3,
            "count": 9573,
            "urn": "urn:bbc:curie:asset:5f91a4a0-f0c0-a04d-abd9-c015ee728598",
            "promo": {
              "headlines": {
                "shortHeadline": "Bərbər saçdan Erdoğanın portretini yaradıb 12",
                "headline": "Bərbər saçdan Erdoğanın portretini yaradıb 12"
              },
              "locators": {
                "assetUri": "/azeri/23065494",
                "cpsUrn": "urn:bbc:content:assetUri:azeri/23065494",
                "curie": "http://www.bbc.co.uk/asset/5f91a4a0-f0c0-a04d-abd9-c015ee728598",
                "assetId": "23065494"
              },
              "summary": "Bərbər saçdan Erdoğanın portretini yaradıb",
              "timestamp": 1470318877000,
              "language": "az",
              "indexImage": {
                "id": "63501678",
                "subType": "index",
                "href": "http://b.files.bbci.co.uk/1563A/test/_63501678__90671229_dc5e4e46-8dd8-4eaa-a03d-bf22372127b8.jpg",
                "path": "/cpsdevpb/1563A/test/_63501678__90671229_dc5e4e46-8dd8-4eaa-a03d-bf22372127b8.jpg",
                "height": 371,
                "width": 660,
                "altText": "kəsib",
                "caption": "kəsib",
                "copyrightHolder": "Getty Images",
                "originCode": "cpsdevpb",
                "type": "image"
              },
              "id": "urn:bbc:ares::asset:azeri/23065494",
              "type": "cps"
            }
          },
          {
            "id": "bae75825-f63a-b048-addf-4b875296ad29",
            "rank": 4,
            "count": 9479,
            "urn": "urn:bbc:curie:asset:bae75825-f63a-b048-addf-4b875296ad29",
            "promo": {
              "headlines": {
                "shortHeadline": "Bərbər saçdan Erdoğanın portretini yaradıb 11",
                "headline": "Bərbər saçdan Erdoğanın portretini yaradıb 11"
              },
              "locators": {
                "assetUri": "/azeri/23065493",
                "cpsUrn": "urn:bbc:content:assetUri:azeri/23065493",
                "curie": "http://www.bbc.co.uk/asset/bae75825-f63a-b048-addf-4b875296ad29",
                "assetId": "23065493"
              },
              "summary": "Bərbər saçdan Erdoğanın portretini yaradıb",
              "timestamp": 1470318847000,
              "language": "az",
              "indexImage": {
                "id": "63501678",
                "subType": "index",
                "href": "http://b.files.bbci.co.uk/1563A/test/_63501678__90671229_dc5e4e46-8dd8-4eaa-a03d-bf22372127b8.jpg",
                "path": "/cpsdevpb/1563A/test/_63501678__90671229_dc5e4e46-8dd8-4eaa-a03d-bf22372127b8.jpg",
                "height": 371,
                "width": 660,
                "altText": "kəsib",
                "caption": "kəsib",
                "copyrightHolder": "Getty Images",
                "originCode": "cpsdevpb",
                "type": "image"
              },
              "id": "urn:bbc:ares::asset:azeri/23065493",
              "type": "cps"
            }
          },
          {
            "id": "54dd38de-a0b2-1f45-b1c4-508cc57e4527",
            "rank": 5,
            "count": 9217,
            "urn": "urn:bbc:curie:asset:54dd38de-a0b2-1f45-b1c4-508cc57e4527",
            "promo": {
              "headlines": {
                "shortHeadline": "Bərbər saçdan Erdoğanın portretini yaradıb 8",
                "headline": "Bərbər saçdan Erdoğanın portretini yaradıb 8"
              },
              "locators": {
                "assetUri": "/azeri/23065480",
                "cpsUrn": "urn:bbc:content:assetUri:azeri/23065480",
                "curie": "http://www.bbc.co.uk/asset/54dd38de-a0b2-1f45-b1c4-508cc57e4527",
                "assetId": "23065480"
              },
              "summary": "Bərbər saçdan Erdoğanın portretini yaradıb",
              "timestamp": 1470318806000,
              "language": "az",
              "indexImage": {
                "id": "63501678",
                "subType": "index",
                "href": "http://b.files.bbci.co.uk/1563A/test/_63501678__90671229_dc5e4e46-8dd8-4eaa-a03d-bf22372127b8.jpg",
                "path": "/cpsdevpb/1563A/test/_63501678__90671229_dc5e4e46-8dd8-4eaa-a03d-bf22372127b8.jpg",
                "height": 371,
                "width": 660,
                "altText": "kəsib",
                "caption": "kəsib",
                "copyrightHolder": "Getty Images",
                "originCode": "cpsdevpb",
                "type": "image"
              },
              "id": "urn:bbc:ares::asset:azeri/23065480",
              "type": "cps"
            }
          },
          {
            "id": "de5d6731-ed24-1e46-b1a3-58ea751dd331",
            "rank": 6,
            "count": 9084,
            "urn": "urn:bbc:curie:asset:de5d6731-ed24-1e46-b1a3-58ea751dd331",
            "promo": {
              "headlines": {
                "shortHeadline": "Bərbər saçdan Erdoğanın portretini yaradıb 13",
                "headline": "Bərbər saçdan Erdoğanın portretini yaradıb 13"
              },
              "locators": {
                "assetUri": "/azeri/23065495",
                "cpsUrn": "urn:bbc:content:assetUri:azeri/23065495",
                "curie": "http://www.bbc.co.uk/asset/de5d6731-ed24-1e46-b1a3-58ea751dd331",
                "assetId": "23065495"
              },
              "summary": "Bərbər saçdan Erdoğanın portretini yaradıb",
              "timestamp": 1470318888000,
              "language": "az",
              "indexImage": {
                "id": "63501678",
                "subType": "index",
                "href": "http://b.files.bbci.co.uk/1563A/test/_63501678__90671229_dc5e4e46-8dd8-4eaa-a03d-bf22372127b8.jpg",
                "path": "/cpsdevpb/1563A/test/_63501678__90671229_dc5e4e46-8dd8-4eaa-a03d-bf22372127b8.jpg",
                "height": 371,
                "width": 660,
                "altText": "kəsib",
                "caption": "kəsib",
                "copyrightHolder": "Getty Images",
                "originCode": "cpsdevpb",
                "type": "image"
              },
              "id": "urn:bbc:ares::asset:azeri/23065495",
              "type": "cps"
            }
          },
          {
            "id": "8ca2afed-56d0-cd4b-b1e7-042e1cf8edab",
            "rank": 7,
            "count": 8434,
            "urn": "urn:bbc:curie:asset:8ca2afed-56d0-cd4b-b1e7-042e1cf8edab",
            "promo": {
              "headlines": {
                "shortHeadline": "Bərbər saçdan Erdoğanın portretini yaradıb 14",
                "headline": "Bərbər saçdan Erdoğanın portretini yaradıb 14"
              },
              "locators": {
                "assetUri": "/azeri/23065496",
                "cpsUrn": "urn:bbc:content:assetUri:azeri/23065496",
                "curie": "http://www.bbc.co.uk/asset/8ca2afed-56d0-cd4b-b1e7-042e1cf8edab",
                "assetId": "23065496"
              },
              "summary": "Bərbər saçdan Erdoğanın portretini yaradıb",
              "timestamp": 1470318898000,
              "language": "az",
              "indexImage": {
                "id": "63501678",
                "subType": "index",
                "href": "http://b.files.bbci.co.uk/1563A/test/_63501678__90671229_dc5e4e46-8dd8-4eaa-a03d-bf22372127b8.jpg",
                "path": "/cpsdevpb/1563A/test/_63501678__90671229_dc5e4e46-8dd8-4eaa-a03d-bf22372127b8.jpg",
                "height": 371,
                "width": 660,
                "altText": "kəsib",
                "caption": "kəsib",
                "copyrightHolder": "Getty Images",
                "originCode": "cpsdevpb",
                "type": "image"
              },
              "id": "urn:bbc:ares::asset:azeri/23065496",
              "type": "cps"
            }
          },
          {
            "id": "ae482a5a-d68a-f24b-b833-01c03e435ef4",
            "rank": 8,
            "count": 8363,
            "urn": "urn:bbc:curie:asset:ae482a5a-d68a-f24b-b833-01c03e435ef4",
            "promo": {
              "headlines": {
                "shortHeadline": "Bərbər saçdan Erdoğanın portretini yaradıb 18",
                "headline": "Bərbər saçdan Erdoğanın portretini yaradıb 18"
              },
              "locators": {
                "assetUri": "/azeri/23065500",
                "cpsUrn": "urn:bbc:content:assetUri:azeri/23065500",
                "curie": "http://www.bbc.co.uk/asset/ae482a5a-d68a-f24b-b833-01c03e435ef4",
                "assetId": "23065500"
              },
              "summary": "Bərbər saçdan Erdoğanın portretini yaradıb",
              "timestamp": 1470318967000,
              "language": "az",
              "indexImage": {
                "id": "63501678",
                "subType": "index",
                "href": "http://b.files.bbci.co.uk/1563A/test/_63501678__90671229_dc5e4e46-8dd8-4eaa-a03d-bf22372127b8.jpg",
                "path": "/cpsdevpb/1563A/test/_63501678__90671229_dc5e4e46-8dd8-4eaa-a03d-bf22372127b8.jpg",
                "height": 371,
                "width": 660,
                "altText": "kəsib",
                "caption": "kəsib",
                "copyrightHolder": "Getty Images",
                "originCode": "cpsdevpb",
                "type": "image"
              },
              "id": "urn:bbc:ares::asset:azeri/23065500",
              "type": "cps"
            }
          },
          {
            "id": "49ccdeb0-41f5-9b45-93aa-a072c2704ec4",
            "rank": 9,
            "count": 8088,
            "urn": "urn:bbc:curie:asset:49ccdeb0-41f5-9b45-93aa-a072c2704ec4",
            "promo": {
              "headlines": {
                "shortHeadline": "Test asset: Please ignore",
                "headline": "Test asset: Please ignore"
              },
              "locators": {
                "assetUri": "/news/business-23156512",
                "curieCpsUrn": "urn:bbc:cps:curie:asset:49ccdeb0-41f5-9b45-93aa-a072c2704ec4",
                "assetId": "23156512",
                "cpsUrn": "urn:bbc:content:assetUri:news/business-23156512",
                "curie": "http://www.bbc.co.uk/asset/49ccdeb0-41f5-9b45-93aa-a072c2704ec4"
              },
              "summary": "testing is in progress",
              "timestamp": 1507543559000,
              "language": "en-gb",
              "passport": {
                "category": {
                  "categoryId": "http://www.bbc.co.uk/ontologies/applicationlogic-news/News",
                  "categoryName": "News"
                },
                "home": "http://www.bbc.co.uk/ontologies/passport/home/News",
                "taggings": []
              },
              "id": "urn:bbc:ares::asset:news/business-23156512",
              "type": "cps"
            }
          },
          {
            "id": "4311a2af-74a3-7e4d-9128-f4fcbf6e88c3",
            "rank": 10,
            "count": 7795,
            "urn": "urn:bbc:curie:asset:4311a2af-74a3-7e4d-9128-f4fcbf6e88c3",
            "promo": {
              "headlines": {
                "shortHeadline": "Bərbər saçdan Erdoğanın portretini yaradıb 22",
                "headline": "Bərbər saçdan Erdoğanın portretini yaradıb 22"
              },
              "locators": {
                "assetUri": "/azeri/23065504",
                "cpsUrn": "urn:bbc:content:assetUri:azeri/23065504",
                "curie": "http://www.bbc.co.uk/asset/4311a2af-74a3-7e4d-9128-f4fcbf6e88c3",
                "assetId": "23065504"
              },
              "summary": "Bərbər saçdan Erdoğanın portretini yaradıb",
              "timestamp": 1470319089000,
              "language": "az",
              "indexImage": {
                "id": "63501678",
                "subType": "index",
                "href": "http://b.files.bbci.co.uk/1563A/test/_63501678__90671229_dc5e4e46-8dd8-4eaa-a03d-bf22372127b8.jpg",
                "path": "/cpsdevpb/1563A/test/_63501678__90671229_dc5e4e46-8dd8-4eaa-a03d-bf22372127b8.jpg",
                "height": 371,
                "width": 660,
                "altText": "kəsib",
                "caption": "kəsib",
                "copyrightHolder": "Getty Images",
                "originCode": "cpsdevpb",
                "type": "image"
              },
              "id": "urn:bbc:ares::asset:azeri/23065504",
              "type": "cps"
            }
          },
          {
            "id": "5949eef9-4f9f-d940-a2b2-76257006128c",
            "rank": 11,
            "count": 7730,
            "urn": "urn:bbc:curie:asset:5949eef9-4f9f-d940-a2b2-76257006128c",
            "promo": {
              "headlines": {
                "shortHeadline": "Bərbər saçdan Erdoğanın portretini yaradıb 23",
                "headline": "Bərbər saçdan Erdoğanın portretini yaradıb 23"
              },
              "locators": {
                "assetUri": "/azeri/23065505",
                "cpsUrn": "urn:bbc:content:assetUri:azeri/23065505",
                "curie": "http://www.bbc.co.uk/asset/5949eef9-4f9f-d940-a2b2-76257006128c",
                "assetId": "23065505"
              },
              "summary": "Bərbər saçdan Erdoğanın portretini yaradıb",
              "timestamp": 1470319104000,
              "language": "az",
              "indexImage": {
                "id": "63501678",
                "subType": "index",
                "href": "http://b.files.bbci.co.uk/1563A/test/_63501678__90671229_dc5e4e46-8dd8-4eaa-a03d-bf22372127b8.jpg",
                "path": "/cpsdevpb/1563A/test/_63501678__90671229_dc5e4e46-8dd8-4eaa-a03d-bf22372127b8.jpg",
                "height": 371,
                "width": 660,
                "altText": "kəsib",
                "caption": "kəsib",
                "copyrightHolder": "Getty Images",
                "originCode": "cpsdevpb",
                "type": "image"
              },
              "id": "urn:bbc:ares::asset:azeri/23065505",
              "type": "cps"
            }
          },
          {
            "id": "dc787af3-1eea-eb4b-9b3e-7fff59949dc3",
            "rank": 12,
            "count": 7327,
            "urn": "urn:bbc:curie:asset:dc787af3-1eea-eb4b-9b3e-7fff59949dc3",
            "promo": {
              "headlines": {
                "shortHeadline": "Bərbər saçdan Erdoğanın portretini yaradıb 4",
                "headline": "Bərbər saçdan Erdoğanın portretini yaradıb 4"
              },
              "locators": {
                "assetUri": "/azeri/23065476",
                "cpsUrn": "urn:bbc:content:assetUri:azeri/23065476",
                "curie": "http://www.bbc.co.uk/asset/dc787af3-1eea-eb4b-9b3e-7fff59949dc3",
                "assetId": "23065476"
              },
              "summary": "Bərbər saçdan Erdoğanın portretini yaradıb",
              "timestamp": 1470318758000,
              "language": "az",
              "indexImage": {
                "id": "63501678",
                "subType": "index",
                "href": "http://b.files.bbci.co.uk/1563A/test/_63501678__90671229_dc5e4e46-8dd8-4eaa-a03d-bf22372127b8.jpg",
                "path": "/cpsdevpb/1563A/test/_63501678__90671229_dc5e4e46-8dd8-4eaa-a03d-bf22372127b8.jpg",
                "height": 371,
                "width": 660,
                "altText": "kəsib",
                "caption": "kəsib",
                "copyrightHolder": "Getty Images",
                "originCode": "cpsdevpb",
                "type": "image"
              },
              "id": "urn:bbc:ares::asset:azeri/23065476",
              "type": "cps"
            }
          },
          {
            "id": "02cc02ef-0634-d14d-852f-b8c850af098c",
            "rank": 13,
            "count": 7265,
            "urn": "urn:bbc:curie:asset:02cc02ef-0634-d14d-852f-b8c850af098c",
            "promo": {
              "headlines": {
                "shortHeadline": "Bərbər saçdan Erdoğanın portretini yaradıb 9",
                "headline": "Bərbər saçdan Erdoğanın portretini yaradıb 9"
              },
              "locators": {
                "assetUri": "/azeri/23065481",
                "cpsUrn": "urn:bbc:content:assetUri:azeri/23065481",
                "curie": "http://www.bbc.co.uk/asset/02cc02ef-0634-d14d-852f-b8c850af098c",
                "assetId": "23065481"
              },
              "summary": "Bərbər saçdan Erdoğanın portretini yaradıb",
              "timestamp": 1470318815000,
              "language": "az",
              "indexImage": {
                "id": "63501678",
                "subType": "index",
                "href": "http://b.files.bbci.co.uk/1563A/test/_63501678__90671229_dc5e4e46-8dd8-4eaa-a03d-bf22372127b8.jpg",
                "path": "/cpsdevpb/1563A/test/_63501678__90671229_dc5e4e46-8dd8-4eaa-a03d-bf22372127b8.jpg",
                "height": 371,
                "width": 660,
                "altText": "kəsib",
                "caption": "kəsib",
                "copyrightHolder": "Getty Images",
                "originCode": "cpsdevpb",
                "type": "image"
              },
              "id": "urn:bbc:ares::asset:azeri/23065481",
              "type": "cps"
            }
          },
          {
            "id": "9dfc7946-1c38-a64c-a621-2a40c66b9120",
            "rank": 14,
            "count": 7264,
            "urn": "urn:bbc:curie:asset:9dfc7946-1c38-a64c-a621-2a40c66b9120",
            "promo": {
              "headlines": {
                "shortHeadline": "Bərbər saçdan Erdoğanın portretini yaradıb 28",
                "headline": "Bərbər saçdan Erdoğanın portretini yaradıb 28"
              },
              "locators": {
                "assetUri": "/azeri/23065510",
                "curieCpsUrn": "urn:bbc:cps:curie:asset:9dfc7946-1c38-a64c-a621-2a40c66b9120",
                "assetId": "23065510",
                "cpsUrn": "urn:bbc:content:assetUri:azeri/23065510",
                "curie": "http://www.bbc.co.uk/asset/9dfc7946-1c38-a64c-a621-2a40c66b9120"
              },
              "summary": "Bərbər saçdan Erdoğanın portretini yaradıb",
              "timestamp": 1470319165000,
              "language": "az",
              "passport": {
                "home": "http://www.bbc.co.uk/ontologies/passport/home/Azeri",
                "taggings": []
              },
              "indexImage": {
                "id": "63501678",
                "subType": "index",
                "href": "http://b.files.bbci.co.uk/1563A/test/_63501678__90671229_dc5e4e46-8dd8-4eaa-a03d-bf22372127b8.jpg",
                "path": "/cpsdevpb/1563A/test/_63501678__90671229_dc5e4e46-8dd8-4eaa-a03d-bf22372127b8.jpg",
                "height": 371,
                "width": 660,
                "altText": "kəsib",
                "caption": "kəsib",
                "copyrightHolder": "Getty Images",
                "originCode": "cpsdevpb",
                "type": "image"
              },
              "id": "urn:bbc:ares::asset:azeri/23065510",
              "type": "cps"
            }
          },
          {
            "id": "77f43933-86d5-c240-b352-cff932cbe273",
            "rank": 15,
            "count": 6940,
            "urn": "urn:bbc:curie:asset:77f43933-86d5-c240-b352-cff932cbe273",
            "promo": {
              "headlines": {
                "shortHeadline": "Trump deyir ki, Putin Obamadan daha yaxşı prezidentdir",
                "headline": "Trump deyir ki, Putin Obamadan daha yaxşı prezidentdirvvx"
              },
              "locators": {
                "assetUri": "/azeri/international-23072604",
                "cpsUrn": "urn:bbc:content:assetUri:azeri/international-23072604",
                "curie": "http://www.bbc.co.uk/asset/77f43933-86d5-c240-b352-cff932cbe273",
                "assetId": "23072604"
              },
              "summary": "Donald Trump rəqibi Hillary Clintonla birgə veteranların suallarına cavab verərkən Rusiya prezidenti Vladimir Putini tərifləyib.",
              "timestamp": 1473332554000,
              "language": "az",
              "passport": {
                "category": {
                  "categoryId": "http://www.bbc.co.uk/ontologies/applicationlogic-news/News",
                  "categoryName": "News"
                },
                "taggings": []
              },
              "indexImage": {
                "id": "63507362",
                "subType": "index",
                "href": "http://b.files.bbci.co.uk/6702/test/_63507362_mediaitem63507361.jpg",
                "path": "/cpsdevpb/6702/test/_63507362_mediaitem63507361.jpg",
                "height": 1152,
                "width": 2048,
                "altText": "Alt tage goes here",
                "copyrightHolder": "Getty Images",
                "originCode": "cpsdevpb",
                "type": "image"
              },
              "id": "urn:bbc:ares::asset:azeri/international-23072604",
              "type": "cps"
            }
          },
          {
            "id": "27ed69b7-9e1d-6248-8e63-e94044c8e21b",
            "rank": 16,
            "count": 6683,
            "urn": "urn:bbc:curie:asset:27ed69b7-9e1d-6248-8e63-e94044c8e21b",
            "promo": {
              "headlines": {
                "shortHeadline": "Bərbər saçdan Erdoğanın portretini yaradıb 40",
                "headline": "Bərbər saçdan Erdoğanın portretini yaradıb 40"
              },
              "locators": {
                "assetUri": "/azeri/23065542",
                "cpsUrn": "urn:bbc:content:assetUri:azeri/23065542",
                "curie": "http://www.bbc.co.uk/asset/27ed69b7-9e1d-6248-8e63-e94044c8e21b",
                "assetId": "23065542"
              },
              "summary": "Bərbər saçdan Erdoğanın portretini yaradıb",
              "timestamp": 1470320057000,
              "language": "az",
              "indexImage": {
                "id": "63501678",
                "subType": "index",
                "href": "http://b.files.bbci.co.uk/1563A/test/_63501678__90671229_dc5e4e46-8dd8-4eaa-a03d-bf22372127b8.jpg",
                "path": "/cpsdevpb/1563A/test/_63501678__90671229_dc5e4e46-8dd8-4eaa-a03d-bf22372127b8.jpg",
                "height": 371,
                "width": 660,
                "altText": "kəsib",
                "caption": "kəsib",
                "copyrightHolder": "Getty Images",
                "originCode": "cpsdevpb",
                "type": "image"
              },
              "id": "urn:bbc:ares::asset:azeri/23065542",
              "type": "cps"
            }
          },
          {
            "id": "bba70598-1768-0841-89c5-8ca95249e654",
            "rank": 17,
            "count": 6674,
            "urn": "urn:bbc:curie:asset:bba70598-1768-0841-89c5-8ca95249e654",
            "promo": {
              "headlines": {
                "shortHeadline": "Bərbər saçdan Erdoğanın portretini yaradıb 10",
                "headline": "Bərbər saçdan Erdoğanın portretini yaradıb 10"
              },
              "locators": {
                "assetUri": "/azeri/23065492",
                "cpsUrn": "urn:bbc:content:assetUri:azeri/23065492",
                "curie": "http://www.bbc.co.uk/asset/bba70598-1768-0841-89c5-8ca95249e654",
                "assetId": "23065492"
              },
              "summary": "Bərbər saçdan Erdoğanın portretini yaradıb",
              "timestamp": 1470318837000,
              "language": "az",
              "indexImage": {
                "id": "63501678",
                "subType": "index",
                "href": "http://b.files.bbci.co.uk/1563A/test/_63501678__90671229_dc5e4e46-8dd8-4eaa-a03d-bf22372127b8.jpg",
                "path": "/cpsdevpb/1563A/test/_63501678__90671229_dc5e4e46-8dd8-4eaa-a03d-bf22372127b8.jpg",
                "height": 371,
                "width": 660,
                "altText": "kəsib",
                "caption": "kəsib",
                "copyrightHolder": "Getty Images",
                "originCode": "cpsdevpb",
                "type": "image"
              },
              "id": "urn:bbc:ares::asset:azeri/23065492",
              "type": "cps"
            }
          },
          {
            "id": "7147ca24-e6fb-6c44-8a6b-bdad043d67e7",
            "rank": 18,
            "count": 6523,
            "urn": "urn:bbc:curie:asset:7147ca24-e6fb-6c44-8a6b-bdad043d67e7",
            "promo": {
              "headlines": {
                "shortHeadline": "Court allows women in Mumbai shrine",
                "headline": "Haji Ali: India court says women can enter Mumbai shrine"
              },
              "locators": {
                "assetUri": "/azeri/international-23069958",
                "cpsUrn": "urn:bbc:content:assetUri:azeri/international-23069958",
                "curie": "http://www.bbc.co.uk/asset/7147ca24-e6fb-6c44-8a6b-bdad043d67e7",
                "assetId": "23069958"
              },
              "summary": "A court in India has overturned a ban on women entering the inner sanctum of Mumbai's Haji Ali mosque.",
              "timestamp": 1569403529000,
              "language": "az",
              "byline": {
                "name": "Manivannan Thirumalai",
                "title": "Mr",
                "persons": [
                  {
                    "name": "Manivannan Thirumalai",
                    "function": "Mr"
                  }
                ]
              },
              "indexImage": {
                "id": "63504994",
                "subType": "index",
                "href": "http://b.files.bbci.co.uk/C314/test/_63504994_1ba37895-22a8-4ea8-b6b4-b92a328cb981.jpg",
                "path": "/cpsdevpb/C314/test/_63504994_1ba37895-22a8-4ea8-b6b4-b92a328cb981.jpg",
                "height": 549,
                "width": 976,
                "altText": "women win battle to enter dargah",
                "caption": "Women win the battle to worship",
                "copyrightHolder": "Getty Images",
                "originCode": "cpsdevpb",
                "type": "image"
              },
              "id": "urn:bbc:ares::asset:azeri/international-23069958",
              "type": "cps"
            }
          },
          {
            "id": "f6ab7466-664d-6542-9ce9-57dc80a53000",
            "rank": 19,
            "count": 6056,
            "urn": "urn:bbc:curie:asset:f6ab7466-664d-6542-9ce9-57dc80a53000",
            "promo": {
              "headlines": {
                "shortHeadline": "Bərbər saçdan Erdoğanın portretini yaradıb 16",
                "headline": "Bərbər saçdan Erdoğanın portretini yaradıb 16"
              },
              "locators": {
                "assetUri": "/azeri/23065498",
                "cpsUrn": "urn:bbc:content:assetUri:azeri/23065498",
                "curie": "http://www.bbc.co.uk/asset/f6ab7466-664d-6542-9ce9-57dc80a53000",
                "assetId": "23065498"
              },
              "summary": "Bərbər saçdan Erdoğanın portretini yaradıb",
              "timestamp": 1470318920000,
              "language": "az",
              "indexImage": {
                "id": "63501678",
                "subType": "index",
                "href": "http://b.files.bbci.co.uk/1563A/test/_63501678__90671229_dc5e4e46-8dd8-4eaa-a03d-bf22372127b8.jpg",
                "path": "/cpsdevpb/1563A/test/_63501678__90671229_dc5e4e46-8dd8-4eaa-a03d-bf22372127b8.jpg",
                "height": 371,
                "width": 660,
                "altText": "kəsib",
                "caption": "kəsib",
                "copyrightHolder": "Getty Images",
                "originCode": "cpsdevpb",
                "type": "image"
              },
              "id": "urn:bbc:ares::asset:azeri/23065498",
              "type": "cps"
            }
          },
          {
            "id": "bfba926b-3176-974f-b3d6-8effa1b4c6f4",
            "rank": 20,
            "count": 5300,
            "urn": "urn:bbc:curie:asset:bfba926b-3176-974f-b3d6-8effa1b4c6f4",
            "promo": {
              "headlines": {
                "shortHeadline": "Bərbər saçdan Erdoğanın portretini yaradıb 1",
                "headline": "Bərbər saçdan Erdoğanın portretini yaradıb 1"
              },
              "locators": {
                "assetUri": "/azeri/23065473",
                "curieCpsUrn": "urn:bbc:cps:curie:asset:bfba926b-3176-974f-b3d6-8effa1b4c6f4",
                "assetId": "23065473",
                "cpsUrn": "urn:bbc:content:assetUri:azeri/23065473",
                "curie": "http://www.bbc.co.uk/asset/bfba926b-3176-974f-b3d6-8effa1b4c6f4"
              },
              "summary": "Bərbər saçdan Erdoğanın portretini yaradıb",
              "timestamp": 1470318722000,
              "language": "az",
              "passport": {
                "home": "http://www.bbc.co.uk/ontologies/passport/home/Azeri",
                "taggings": []
              },
              "indexImage": {
                "id": "63501678",
                "subType": "index",
                "href": "http://b.files.bbci.co.uk/1563A/test/_63501678__90671229_dc5e4e46-8dd8-4eaa-a03d-bf22372127b8.jpg",
                "path": "/cpsdevpb/1563A/test/_63501678__90671229_dc5e4e46-8dd8-4eaa-a03d-bf22372127b8.jpg",
                "height": 371,
                "width": 660,
                "altText": "kəsib",
                "caption": "kəsib",
                "copyrightHolder": "Getty Images",
                "originCode": "cpsdevpb",
                "type": "image"
              },
              "id": "urn:bbc:ares::asset:azeri/23065473",
              "type": "cps"
            }
          }
        ]
      }
    }
  },
  "contentType": "application/json; charset=utf-8"
}