{
  "content": {
    "blocks": [
      {
        "advertising": false,
        "availability": "notAvailable",
        "embedding": false,
        "format": "Video",
        "id": "w3ct05mp",
        "imageUrl": "ichef.bbci.co.uk/images/ic/$recipe/p08b22y1.png",
        "smpKind": "programme",
        "subType": "episode",
        "synopses": {
          "medium": "Le journal télévisé international de BBC Afrique.",
          "short": "Le journal télévisé international de BBC Afrique."
        },
        "title": "29/06/2020 GMT",
        "type": "media",
        "versions": []
      }
    ]
  },
  "metadata": {
    "analyticsLabels": {
      "contentType": "player-episode",
      "pageIdentifier": "afrique.bbc_afrique_tv.tv.w3ct05mp.page",
      "pageTitle": "BBC Info - BBC News Afrique",
      "producer": "AFRIQUE",
      "producerId": "3"
    },
    "atiAnalytics": {},
    "blockTypes": ["media"],
    "createdBy": "bbc_afrique_tv",
    "firstPublished": 1593380643000,
    "id": "urn:bbc:ares:ws_media:page:bbc_afrique_tv/w3ct05mp",
    "language": "fr",
    "lastPublished": 1593380643000,
    "lastUpdated": 1605668059194,
    "locators": {
      "brandPid": "w13xttmz",
      "pid": "w3ct05mp"
    },
    "options": {},
    "releaseDateTimeStamp": 1593388800000,
    "tags": {},
    "timestamp": 1593380643000,
    "title": "BBC Info",
    "type": "WSTV",
    "version": "v1.3.8"
  },
  "promo": {
    "brand": {
      "pid": "w13xttmz",
      "title": "BBC Info"
    },
    "headlines": {
      "headline": "BBC Info"
    },
    "id": "urn:bbc:ares:ws_media:page:bbc_afrique_tv/w3ct05mp",
    "indexImage": {
      "altText": null,
      "copyrightHolder": null,
      "height": 0,
      "href": "ichef.bbci.co.uk/images/ic/$recipe/p08b22y1.png",
      "id": "",
      "path": "ichef.bbci.co.uk/images/ic/$recipe/p08b22y1.png",
      "subType": "index",
      "type": "image",
      "width": 0
    },
    "locators": {
      "brandPid": "w13xttmz",
      "pid": "w3ct05mp"
    },
    "media": {
      "advertising": false,
      "availability": "notAvailable",
      "embedding": false,
      "format": "Video",
      "id": "w3ct05mp",
      "imageUrl": "ichef.bbci.co.uk/images/ic/$recipe/p08b22y1.png",
      "smpKind": "programme",
      "subType": "episode",
      "synopses": {
        "medium": "Le journal télévisé international de BBC Afrique.",
        "short": "Le journal télévisé international de BBC Afrique."
      },
      "title": "29/06/2020 GMT",
      "type": "media",
      "versions": []
    },
    "releaseDateTimestamp": 1593388800000,
    "type": "ws_tv"
  },
  "relatedContent": {
    "groups": [
      {
        "promos": [
          {
            "brand": {
              "pid": "w13xttmz",
              "title": "BBC Info"
            },
            "headlines": {
              "headline": "BBC Info"
            },
            "id": "urn:bbc:ares:ws_media:page:bbc_afrique_tv/w172xc9y2bs31b3",
            "indexImage": {
              "altText": null,
              "copyrightHolder": null,
              "height": 0,
              "href": "ichef.bbci.co.uk/images/ic/$recipe/p08b22y1.png",
              "id": "",
              "path": "ichef.bbci.co.uk/images/ic/$recipe/p08b22y1.png",
              "subType": "index",
              "type": "image",
              "width": 0
            },
            "locators": {
              "brandPid": "w13xttmz",
              "pid": "w172xc9y2bs31b3"
            },
            "media": {
              "advertising": false,
              "availability": "available",
              "embedding": false,
              "format": "Video",
              "id": "w172xc9y2bs31b3",
              "imageUrl": "ichef.bbci.co.uk/images/ic/$recipe/p08b22y1.png",
              "smpKind": "programme",
              "subType": "episode",
              "synopses": {
                "medium": "Le journal télévisé international de BBC Afrique.",
                "short": "Le journal télévisé international de BBC Afrique."
              },
              "title": "17/11/2020 GMT",
              "type": "media",
              "versions": [
                {
                  "availabilityStatus": "available",
                  "availableFrom": 1605631500000,
                  "availableTerritories": {
                    "nonUk": false,
                    "uk": false,
                    "world": true
                  },
                  "availableUntil": 1618185600000,
                  "duration": 900,
                  "durationISO8601": "PT15M",
                  "types": ["Original"],
                  "versionId": "w1mshj639lmqkdm",
                  "warnings": {}
                }
              ]
            },
            "releaseDateTimestamp": 1605571200000,
            "type": "ws_tv"
          },
          {
            "brand": {
              "pid": "w13xttmz",
              "title": "BBC Info"
            },
            "headlines": {
              "headline": "BBC Info"
            },
            "id": "urn:bbc:ares:ws_media:page:bbc_afrique_tv/w172xc9y2bs04f0",
            "indexImage": {
              "altText": null,
              "copyrightHolder": null,
              "height": 0,
              "href": "ichef.bbci.co.uk/images/ic/$recipe/p08b22y1.png",
              "id": "",
              "path": "ichef.bbci.co.uk/images/ic/$recipe/p08b22y1.png",
              "subType": "index",
              "type": "image",
              "width": 0
            },
            "locators": {
              "brandPid": "w13xttmz",
              "pid": "w172xc9y2bs04f0"
            },
            "media": {
              "advertising": false,
              "availability": "available",
              "embedding": false,
              "format": "Video",
              "id": "w172xc9y2bs04f0",
              "imageUrl": "ichef.bbci.co.uk/images/ic/$recipe/p08b22y1.png",
              "smpKind": "programme",
              "subType": "episode",
              "synopses": {
                "medium": "Le journal télévisé international de BBC Afrique.",
                "short": "Le journal télévisé international de BBC Afrique."
              },
              "title": "16/11/2020 GMT",
              "type": "media",
              "versions": [
                {
                  "availabilityStatus": "available",
                  "availableFrom": 1605545100000,
                  "availableTerritories": {
                    "nonUk": false,
                    "uk": false,
                    "world": true
                  },
                  "availableUntil": 1618185600000,
                  "duration": 900,
                  "durationISO8601": "PT15M",
                  "types": ["Original"],
                  "versionId": "w1mshj639lmmnhj",
                  "warnings": {}
                }
              ]
            },
            "releaseDateTimestamp": 1605484800000,
            "type": "ws_tv"
          },
          {
            "brand": {
              "pid": "w13xttmz",
              "title": "BBC Info"
            },
            "headlines": {
              "headline": "BBC Info"
            },
            "id": "urn:bbc:ares:ws_media:page:bbc_afrique_tv/w172xc9xq2gllfk",
            "indexImage": {
              "altText": null,
              "copyrightHolder": null,
              "height": 0,
              "href": "ichef.bbci.co.uk/images/ic/$recipe/p08b22y1.png",
              "id": "",
              "path": "ichef.bbci.co.uk/images/ic/$recipe/p08b22y1.png",
              "subType": "index",
              "type": "image",
              "width": 0
            },
            "locators": {
              "brandPid": "w13xttmz",
              "pid": "w172xc9xq2gllfk"
            },
            "media": {
              "advertising": false,
              "availability": "available",
              "embedding": false,
              "format": "Video",
              "id": "w172xc9xq2gllfk",
              "imageUrl": "ichef.bbci.co.uk/images/ic/$recipe/p08b22y1.png",
              "smpKind": "programme",
              "subType": "episode",
              "synopses": {
                "medium": "Le journal télévisé international de BBC Afrique.",
                "short": "Le journal télévisé international de BBC Afrique."
              },
              "title": "13/11/2020 GMT",
              "type": "media",
              "versions": [
                {
                  "availabilityStatus": "available",
                  "availableFrom": 1605285900000,
                  "availableTerritories": {
                    "nonUk": false,
                    "uk": false,
                    "world": true
                  },
                  "availableUntil": 1618185600000,
                  "duration": 900,
                  "durationISO8601": "PT15M",
                  "types": ["Original"],
                  "versionId": "w1mshj62ybb73j2",
                  "warnings": {}
                }
              ]
            },
            "releaseDateTimestamp": 1605225600000,
            "type": "ws_tv"
          },
          {
            "brand": {
              "pid": "w13xttmz",
              "title": "BBC Info"
            },
            "headlines": {
              "headline": "BBC Info"
            },
            "id": "urn:bbc:ares:ws_media:page:bbc_afrique_tv/w172xc9xq2ghpjg",
            "indexImage": {
              "altText": null,
              "copyrightHolder": null,
              "height": 0,
              "href": "ichef.bbci.co.uk/images/ic/$recipe/p08b22y1.png",
              "id": "",
              "path": "ichef.bbci.co.uk/images/ic/$recipe/p08b22y1.png",
              "subType": "index",
              "type": "image",
              "width": 0
            },
            "locators": {
              "brandPid": "w13xttmz",
              "pid": "w172xc9xq2ghpjg"
            },
            "media": {
              "advertising": false,
              "availability": "available",
              "embedding": false,
              "format": "Video",
              "id": "w172xc9xq2ghpjg",
              "imageUrl": "ichef.bbci.co.uk/images/ic/$recipe/p08b22y1.png",
              "smpKind": "programme",
              "subType": "episode",
              "synopses": {
                "medium": "Le journal télévisé international de BBC Afrique.",
                "short": "Le journal télévisé international de BBC Afrique."
              },
              "title": "12/11/2020 GMT",
              "type": "media",
              "versions": [
                {
                  "availabilityStatus": "available",
                  "availableFrom": 1605199500000,
                  "availableTerritories": {
                    "nonUk": false,
                    "uk": false,
                    "world": true
                  },
                  "availableUntil": 1618185600000,
                  "duration": 900,
                  "durationISO8601": "PT15M",
                  "types": ["Original"],
                  "versionId": "w1mshj62ybb46lz",
                  "warnings": {}
                }
              ]
            },
            "releaseDateTimestamp": 1605139200000,
            "type": "ws_tv"
          },
          {
            "brand": {
              "pid": "w13xttmz",
              "title": "BBC Info"
            },
            "headlines": {
              "headline": "BBC Info"
            },
            "id": "urn:bbc:ares:ws_media:page:bbc_afrique_tv/w172xc9xq2gdsmc",
            "indexImage": {
              "altText": null,
              "copyrightHolder": null,
              "height": 0,
              "href": "ichef.bbci.co.uk/images/ic/$recipe/p08b22y1.png",
              "id": "",
              "path": "ichef.bbci.co.uk/images/ic/$recipe/p08b22y1.png",
              "subType": "index",
              "type": "image",
              "width": 0
            },
            "locators": {
              "brandPid": "w13xttmz",
              "pid": "w172xc9xq2gdsmc"
            },
            "media": {
              "advertising": false,
              "availability": "available",
              "embedding": false,
              "format": "Video",
              "id": "w172xc9xq2gdsmc",
              "imageUrl": "ichef.bbci.co.uk/images/ic/$recipe/p08b22y1.png",
              "smpKind": "programme",
              "subType": "episode",
              "synopses": {
                "medium": "Le journal télévisé international de BBC Afrique.",
                "short": "Le journal télévisé international de BBC Afrique."
              },
              "title": "11/11/2020 GMT",
              "type": "media",
              "versions": [
                {
                  "availabilityStatus": "available",
                  "availableFrom": 1605113100000,
                  "availableTerritories": {
                    "nonUk": false,
                    "uk": false,
                    "world": true
                  },
                  "availableUntil": 1618185600000,
                  "duration": 900,
                  "durationISO8601": "PT15M",
                  "types": ["Original"],
                  "versionId": "w1mshj62ybb19pw",
                  "warnings": {}
                }
              ]
            },
            "releaseDateTimestamp": 1605052800000,
            "type": "ws_tv"
          },
          {
            "brand": {
              "pid": "w13xttmz",
              "title": "BBC Info"
            },
            "headlines": {
              "headline": "BBC Info"
            },
            "id": "urn:bbc:ares:ws_media:page:bbc_afrique_tv/w172xc9xq2g9wq8",
            "indexImage": {
              "altText": null,
              "copyrightHolder": null,
              "height": 0,
              "href": "ichef.bbci.co.uk/images/ic/$recipe/p08b22y1.png",
              "id": "",
              "path": "ichef.bbci.co.uk/images/ic/$recipe/p08b22y1.png",
              "subType": "index",
              "type": "image",
              "width": 0
            },
            "locators": {
              "brandPid": "w13xttmz",
              "pid": "w172xc9xq2g9wq8"
            },
            "media": {
              "advertising": false,
              "availability": "available",
              "embedding": false,
              "format": "Video",
              "id": "w172xc9xq2g9wq8",
              "imageUrl": "ichef.bbci.co.uk/images/ic/$recipe/p08b22y1.png",
              "smpKind": "programme",
              "subType": "episode",
              "synopses": {
                "medium": "Le journal télévisé international de BBC Afrique.",
                "short": "Le journal télévisé international de BBC Afrique."
              },
              "title": "10/11/2020 GMT",
              "type": "media",
              "versions": [
                {
                  "availabilityStatus": "available",
                  "availableFrom": 1605026700000,
                  "availableTerritories": {
                    "nonUk": false,
                    "uk": false,
                    "world": true
                  },
                  "availableUntil": 1618185600000,
                  "duration": 900,
                  "durationISO8601": "PT15M",
                  "types": ["Original"],
                  "versionId": "w1mshj62yb9ydss",
                  "warnings": {}
                }
              ]
            },
            "releaseDateTimestamp": 1604966400000,
            "type": "ws_tv"
          },
          {
            "brand": {
              "pid": "w13xttmz",
              "title": "BBC Info"
            },
            "headlines": {
              "headline": "BBC Info"
            },
            "id": "urn:bbc:ares:ws_media:page:bbc_afrique_tv/w172xc9xq2g6zt5",
            "indexImage": {
              "altText": null,
              "copyrightHolder": null,
              "height": 0,
              "href": "ichef.bbci.co.uk/images/ic/$recipe/p08b22y1.png",
              "id": "",
              "path": "ichef.bbci.co.uk/images/ic/$recipe/p08b22y1.png",
              "subType": "index",
              "type": "image",
              "width": 0
            },
            "locators": {
              "brandPid": "w13xttmz",
              "pid": "w172xc9xq2g6zt5"
            },
            "media": {
              "advertising": false,
              "availability": "available",
              "embedding": false,
              "format": "Video",
              "id": "w172xc9xq2g6zt5",
              "imageUrl": "ichef.bbci.co.uk/images/ic/$recipe/p08b22y1.png",
              "smpKind": "programme",
              "subType": "episode",
              "synopses": {
                "medium": "Le journal télévisé international de BBC Afrique.",
                "short": "Le journal télévisé international de BBC Afrique."
              },
              "title": "09/11/2020 GMT",
              "type": "media",
              "versions": [
                {
                  "availabilityStatus": "available",
                  "availableFrom": 1604940300000,
                  "availableTerritories": {
                    "nonUk": false,
                    "uk": false,
                    "world": true
                  },
                  "availableUntil": 1618185600000,
                  "duration": 900,
                  "durationISO8601": "PT15M",
                  "types": ["Original"],
                  "versionId": "w1mshj62yb9vhwp",
                  "warnings": {}
                }
              ]
            },
            "releaseDateTimestamp": 1604880000000,
            "type": "ws_tv"
          },
          {
            "brand": {
              "pid": "w13xttmz",
              "title": "BBC Info"
            },
            "headlines": {
              "headline": "BBC Info"
            },
            "id": "urn:bbc:ares:ws_media:page:bbc_afrique_tv/w172xc9xbt4tftq",
            "indexImage": {
              "altText": null,
              "copyrightHolder": null,
              "height": 0,
              "href": "ichef.bbci.co.uk/images/ic/$recipe/p08b22y1.png",
              "id": "",
              "path": "ichef.bbci.co.uk/images/ic/$recipe/p08b22y1.png",
              "subType": "index",
              "type": "image",
              "width": 0
            },
            "locators": {
              "brandPid": "w13xttmz",
              "pid": "w172xc9xbt4tftq"
            },
            "media": {
              "advertising": false,
              "availability": "available",
              "embedding": false,
              "format": "Video",
              "id": "w172xc9xbt4tftq",
              "imageUrl": "ichef.bbci.co.uk/images/ic/$recipe/p08b22y1.png",
              "smpKind": "programme",
              "subType": "episode",
              "synopses": {
                "medium": "Le journal télévisé international de BBC Afrique.",
                "short": "Le journal télévisé international de BBC Afrique."
              },
              "title": "06/11/2020 GMT",
              "type": "media",
              "versions": [
                {
                  "availabilityStatus": "available",
                  "availableFrom": 1604681100000,
                  "availableTerritories": {
                    "nonUk": false,
                    "uk": false,
                    "world": true
                  },
                  "availableUntil": 1618185600000,
                  "duration": 900,
                  "durationISO8601": "PT15M",
                  "types": ["Original"],
                  "versionId": "w1mshj62l20fyx7",
                  "warnings": {}
                }
              ]
            },
            "releaseDateTimestamp": 1604620800000,
            "type": "ws_tv"
          }
        ],
        "type": "other-episode"
      }
    ],
    "site": {
      "name": "Afrique",
      "subType": "site",
      "type": "simple",
      "uri": "/afrique"
    }
  }
}
