{
    "metadata": {
      "id": "urn:bbc:ares::index:kyrgyz/magazine-54071664/desktop/domestic",
      "locators": {
        "assetUri": "/kyrgyz/magazine-54071664",
        "cpsUrn": "urn:bbc:content:assetUri:kyrgyz/magazine-54071664",
        "curie": "http://www.bbc.co.uk/asset/68e85dca-85c2-4261-94d8-2887e1393a8b/desktop/domestic",
        "assetId": "54071664"
      },
      "type": "FIX",
      "createdBy": "kyrgyz-v6",
      "language": "ky",
      "lastUpdated": 1599564408075,
      "firstPublished": 1599564400000,
      "lastPublished": 1599564401000,
      "timestamp": 1599564400000,
      "options": {
        "allowAdvertising": true
      },
      "analyticsLabels": {
        "cps_asset_type": "fix",
        "counterName": "kyrgyz.magazine.feature_index.54071664.page",
        "cps_asset_id": "54071664"
      },
      "tags": {},
      "version": "v1.3.6",
      "blockTypes": [
        "lead-feature-now",
        "container-guides",
        "feature-main"
      ],
      "title": "Журнал",
      "summary": "Журнал",
      "atiAnalytics": {
        "producerName": "KYRGYZ",
        "producerId": "58"
      }
    },
    "content": {
      "groups": [
        {
          "type": "lead-feature-now",
          "title": "Lead Feature",
          "items": [
            {
              "headlines": {
                "headline": "Көчөдө смартфондун экранына үңүлүүгө тыюу салынган шаар"
              },
              "locators": {
                "assetUri": "/kyrgyz/magazine-54056457",
                "cpsUrn": "urn:bbc:content:assetUri:kyrgyz/magazine-54056457",
                "curie": "http://www.bbc.co.uk/asset/1a73278e-ff2e-47bb-8c3e-31120609b21e",
                "assetId": "54056457"
              },
              "summary": "Кээде автоунаа башкарып баратканда телефонунан баш көтөрбөй, айланасын унутуп салып бараткан жөө жүргүнчүгө ачууланган учуруңуз болду беле? Балким өзүңүз \"смартфон-зомбиге\" айланганыңызды сезбей жүрөсүз?",
              "timestamp": 1599472967000,
              "language": "ky",
              "passport": {
                "category": {
                  "categoryId": "http://www.bbc.co.uk/ontologies/applicationlogic-news/News",
                  "categoryName": "News"
                },
                "campaigns": [
                  {
                    "campaignId": "5a988e2939461b000e9dabf8",
                    "campaignName": "WS - Educate me"
                  }
                ],
                "taggings": []
              },
              "cpsType": "STY",
              "indexImage": {
                "id": "114143327",
                "subType": "index",
                "href": "http://c.files.bbci.co.uk/11A8E/production/_114143327_zombie6.jpg",
                "path": "/cpsprodpb/11A8E/production/_114143327_zombie6.jpg",
                "height": 549,
                "width": 976,
                "altText": "Бул топтун арасында канча \"смартфон-зомби\" бар экенин айтуу кыйын",
                "caption": "Бул топтун арасында канча \"смартфон-зомби\" бар экенин айтуу кыйын",
                "copyrightHolder": "Getty Images",
                "type": "image"
              },
              "options": {
                "isBreakingNews": false,
                "isFactCheck": false
              },
              "id": "urn:bbc:ares::asset:kyrgyz/magazine-54056457",
              "type": "cps"
            }
          ],
          "semanticGroupName": "Lead Feature"
        },
        {
          "type": "container-guides",
          "title": "Guides 1",
          "items": [
            {
              "headlines": {
                "headline": "Click: Бейтаптарды текшерген төрт буттуу робот"
              },
              "locators": {
                "assetUri": "/kyrgyz/magazine-54034490",
                "cpsUrn": "urn:bbc:content:assetUri:kyrgyz/magazine-54034490",
                "curie": "http://www.bbc.co.uk/asset/17f43d22-cf22-4743-be4e-506988261bdb",
                "assetId": "54034490"
              },
              "summary": "Апталык Клик берүүбүздө, АКШдагы ооруканада жаткан бейтаптарды текшерип жардамдашкан төрт буттуу робот.",
              "timestamp": 1599236965000,
              "language": "ky",
              "passport": {
                "category": {
                  "categoryId": "http://www.bbc.co.uk/ontologies/applicationlogic-news/News",
                  "categoryName": "News"
                },
                "campaigns": [
                  {
                    "campaignId": "5e4eb3e2cfd82c011b25842f",
                    "campaignName": "News - Learning"
                  }
                ],
                "taggings": []
              },
              "cpsType": "MAP",
              "media": {
                "id": "p08qk6v0",
                "subType": "clip",
                "format": "video",
                "title": "Click: Бейтаптарды текшерген төрт буттуу робот",
                "synopses": {
                  "short": "Click: Бейтаптарды текшерген төрт буттуу робот"
                },
                "imageUrl": "ichef.bbci.co.uk/images/ic/$recipe/p08qk6yj.jpg",
                "embedding": true,
                "advertising": true,
                "caption": "Click: Бейтаптарды текшерген төрт буттуу робот",
                "versions": [
                  {
                    "versionId": "p08qk6v2",
                    "types": [
                      "Original"
                    ],
                    "duration": 124,
                    "durationISO8601": "PT2M4S",
                    "warnings": {},
                    "availableTerritories": {
                      "uk": true,
                      "nonUk": true
                    },
                    "availableFrom": 1599236783000
                  }
                ],
                "smpKind": "programme",
                "type": "media"
              },
              "indexImage": {
                "id": "114249150",
                "subType": "index",
                "href": "http://c.files.bbci.co.uk/144A/production/_114249150_p08qk6yj.jpg",
                "path": "/cpsprodpb/144A/production/_114249150_p08qk6yj.jpg",
                "height": 576,
                "width": 1024,
                "altText": "Робот",
                "caption": "Робот",
                "copyrightHolder": "BBC",
                "type": "image"
              },
              "options": {
                "isBreakingNews": false,
                "isFactCheck": false
              },
              "id": "urn:bbc:ares::asset:kyrgyz/magazine-54034490",
              "type": "cps"
            },
            {
              "headlines": {
                "headline": "Кирешесинин 80 пайызын бак-дарак тигүүгө жумшаган ишкер"
              },
              "locators": {
                "assetUri": "/kyrgyz/magazine-53973466",
                "cpsUrn": "urn:bbc:content:assetUri:kyrgyz/magazine-53973466",
                "curie": "http://www.bbc.co.uk/asset/b4d3216e-7d95-4976-976a-e88cf400c27d",
                "assetId": "53973466"
              },
              "summary": "Кристиан Кроллдун бир мүдөөсү бар - дүйнөнүн өзгөртүү, капитализм системасын реформалоо.",
              "timestamp": 1598869166000,
              "language": "ky",
              "byline": {
                "name": "Сюзан Беарн",
                "title": "Бизнес боюнча кабарчы",
                "persons": [
                  {
                    "name": "Suzanne Bearne",
                    "function": "Business reporter"
                  }
                ]
              },
              "passport": {
                "category": {
                  "categoryId": "http://www.bbc.co.uk/ontologies/applicationlogic-news/News",
                  "categoryName": "News"
                },
                "campaigns": [
                  {
                    "campaignId": "5a988e2139461b000e9dabf7",
                    "campaignName": "WS - Inspire me"
                  }
                ],
                "taggings": []
              },
              "cpsType": "STY",
              "indexImage": {
                "id": "114131867",
                "subType": "index",
                "href": "http://c.files.bbci.co.uk/12C0D/production/_114131867_kenya2019_naliakainthetreenursery_copyrightjoshigottlieb.jpg",
                "path": "/cpsprodpb/12C0D/production/_114131867_kenya2019_naliakainthetreenursery_copyrightjoshigottlieb.jpg",
                "height": 549,
                "width": 976,
                "altText": "Saplings being watered in Kenya",
                "caption": "Компания 15 мамлекетте жыйырмага чукул бак-дарак тигүү долбоорун колдоп келет",
                "copyrightHolder": "Joshi Gottlieb",
                "type": "image"
              },
              "options": {
                "isBreakingNews": false,
                "isFactCheck": false
              },
              "id": "urn:bbc:ares::asset:kyrgyz/magazine-53973466",
              "type": "cps"
            },
            {
              "headlines": {
                "headline": "Click: Операция жасай алчу жеңил роботтор"
              },
              "locators": {
                "assetUri": "/kyrgyz/magazine-53953266",
                "cpsUrn": "urn:bbc:content:assetUri:kyrgyz/magazine-53953266",
                "curie": "http://www.bbc.co.uk/asset/e9891037-9cf3-4c2e-93ec-023301eacf57",
                "assetId": "53953266"
              },
              "summary": "Операция жасай алчу жеңил роботтор хирургияны өзгөртүшү мүмкүн. Апталык технология жаңылыктары Клик берүүбүздө",
              "timestamp": 1598632325000,
              "language": "ky",
              "passport": {
                "category": {
                  "categoryId": "http://www.bbc.co.uk/ontologies/applicationlogic-news/News",
                  "categoryName": "News"
                },
                "campaigns": [
                  {
                    "campaignId": "5a988e2139461b000e9dabf7",
                    "campaignName": "WS - Inspire me"
                  }
                ],
                "taggings": []
              },
              "cpsType": "MAP",
              "media": {
                "id": "p08py2w4",
                "subType": "clip",
                "format": "video",
                "title": "Click: Операция жасай алчу жеңил роботтор",
                "synopses": {
                  "short": "Click: Операция жасай алчу жеңил роботтор"
                },
                "imageUrl": "ichef.bbci.co.uk/images/ic/$recipe/p08py35y.jpg",
                "embedding": true,
                "advertising": true,
                "caption": "Click: Операция жасай алчу жеңил роботтор",
                "versions": [
                  {
                    "versionId": "p08py2w6",
                    "types": [
                      "Original"
                    ],
                    "duration": 108,
                    "durationISO8601": "PT1M48S",
                    "warnings": {},
                    "availableTerritories": {
                      "uk": true,
                      "nonUk": true
                    },
                    "availableFrom": 1598632135000
                  }
                ],
                "smpKind": "programme",
                "type": "media"
              },
              "indexImage": {
                "id": "114161508",
                "subType": "index",
                "href": "http://c.files.bbci.co.uk/13A84/production/_114161508_p08py35y.jpg",
                "path": "/cpsprodpb/13A84/production/_114161508_p08py35y.jpg",
                "height": 576,
                "width": 1024,
                "altText": "Робот",
                "caption": "Робот",
                "copyrightHolder": "BBC",
                "type": "image"
              },
              "options": {
                "isBreakingNews": false,
                "isFactCheck": false
              },
              "id": "urn:bbc:ares::asset:kyrgyz/magazine-53953266",
              "type": "cps"
            }
          ],
          "semanticGroupName": "Guides 1"
        },
        {
          "type": "container-guides",
          "title": "Guides 2",
          "items": [
            {
              "headlines": {
                "headline": "114 жылдан кийинки кечирим: маймылдар менен капаста кармалган өспүрүм"
              },
              "locators": {
                "assetUri": "/kyrgyz/magazine-53928629",
                "cpsUrn": "urn:bbc:content:assetUri:kyrgyz/magazine-53928629",
                "curie": "http://www.bbc.co.uk/asset/85f3d48f-59cd-442e-822a-edb6d8b3b551",
                "assetId": "53928629"
              },
              "summary": "Ота Бенга 1904-жылы Конго Демократиялык Республикасынан уурдалып, АКШга кулчулукка сатылып кеткен.",
              "timestamp": 1598610535000,
              "language": "ky",
              "passport": {
                "category": {
                  "categoryId": "http://www.bbc.co.uk/ontologies/applicationlogic-news/News",
                  "categoryName": "News"
                },
                "campaigns": [
                  {
                    "campaignId": "5a988e1739461b000e9dabf6",
                    "campaignName": "WS - CS"
                  },
                  {
                    "campaignId": "5a988e2939461b000e9dabf8",
                    "campaignName": "WS - Educate me"
                  }
                ],
                "taggings": []
              },
              "cpsType": "STY",
              "indexImage": {
                "id": "114113570",
                "subType": "index",
                "href": "http://c.files.bbci.co.uk/1D6B/production/_114113570_otabenga976.png",
                "path": "/cpsprodpb/1D6B/production/_114113570_otabenga976.png",
                "height": 549,
                "width": 976,
                "altText": "Ota Benga pictured holding a monkey in the US",
                "copyrightHolder": " Library of Congress",
                "type": "image"
              },
              "options": {
                "isBreakingNews": false,
                "isFactCheck": false
              },
              "id": "urn:bbc:ares::asset:kyrgyz/magazine-53928629",
              "type": "cps"
            },
            {
              "headlines": {
                "headline": "Музыка дарылайт: жүрөктө калган обондуу ырларды тандайбыз"
              },
              "locators": {
                "assetUri": "/kyrgyz/magazine-53913329",
                "cpsUrn": "urn:bbc:content:assetUri:kyrgyz/magazine-53913329",
                "curie": "http://www.bbc.co.uk/asset/f9a6ef4e-fa99-4e64-b2bc-f509fdc725c1",
                "assetId": "53913329"
              },
              "summary": "21-сентябрь Дүйнөлүк альцгеймер күнүнө карата Би-Би-Си атайын өнөктүк өткөрүп, көпчүлүктүн жүрөгүндө калган ырлардын тизмесин түзүүдө.",
              "timestamp": 1598424107000,
              "language": "ky",
              "passport": {
                "category": {
                  "categoryId": "http://www.bbc.co.uk/ontologies/applicationlogic-news/News",
                  "categoryName": "News"
                },
                "campaigns": [
                  {
                    "campaignId": "5a988e2139461b000e9dabf7",
                    "campaignName": "WS - Inspire me"
                  }
                ],
                "taggings": []
              },
              "cpsType": "STY",
              "indexImage": {
                "id": "114111981",
                "subType": "index",
                "href": "http://c.files.bbci.co.uk/49DF/production/_114111981_75139148-b28f-4074-a5ec-4072dbc1c625.jpg",
                "path": "/cpsprodpb/49DF/production/_114111981_75139148-b28f-4074-a5ec-4072dbc1c625.jpg",
                "height": 549,
                "width": 976,
                "altText": "жер жана кулакчын",
                "copyrightHolder": "BBC",
                "type": "image"
              },
              "options": {
                "isBreakingNews": false,
                "isFactCheck": false
              },
              "id": "urn:bbc:ares::asset:kyrgyz/magazine-53913329",
              "type": "cps"
            },
            {
              "headlines": {
                "headline": "2020-жыл: эң ысык аба ырайы, кургакчылык жана суу ташкындары"
              },
              "locators": {
                "assetUri": "/kyrgyz/magazine-53900567",
                "cpsUrn": "urn:bbc:content:assetUri:kyrgyz/magazine-53900567",
                "curie": "http://www.bbc.co.uk/asset/125d13e6-df0b-4626-a2d9-46ef45678d34",
                "assetId": "53900567"
              },
              "summary": "2020-жылдын жайы температуралык рекорддордун баарын жаңылап, өрт, кургакчылык жана суу ташкындары болуп жатат.",
              "timestamp": 1598337882000,
              "language": "ky",
              "passport": {
                "category": {
                  "categoryId": "http://www.bbc.co.uk/ontologies/applicationlogic-news/News",
                  "categoryName": "News"
                },
                "campaigns": [
                  {
                    "campaignId": "5a988e3739461b000e9dabfa",
                    "campaignName": "WS - Give me perspective"
                  }
                ],
                "taggings": []
              },
              "cpsType": "STY",
              "indexImage": {
                "id": "114056667",
                "subType": "index",
                "href": "http://c.files.bbci.co.uk/12B79/production/_114056667_hi062781145.jpg",
                "path": "/cpsprodpb/12B79/production/_114056667_hi062781145.jpg",
                "height": 549,
                "width": 976,
                "altText": "Токойдогу өрттөн качып бара жаткан каман",
                "copyrightHolder": "EPA",
                "type": "image"
              },
              "options": {
                "isBreakingNews": false,
                "isFactCheck": false
              },
              "id": "urn:bbc:ares::asset:kyrgyz/magazine-53900567",
              "type": "cps"
            },
            {
              "headlines": {
                "headline": "Күнүнө алты өспүрүм боюнан алдырган өлкө"
              },
              "locators": {
                "assetUri": "/kyrgyz/magazine-53858633",
                "cpsUrn": "urn:bbc:content:assetUri:kyrgyz/magazine-53858633",
                "curie": "http://www.bbc.co.uk/asset/6b85ad3a-d75f-4924-a455-6986ecb4449e",
                "assetId": "53858633"
              },
              "summary": "Бразилияда сексуалдык зордук-зомбулукка кабылган он жаштагы кыз боюнан алдырганы, бүтүндөй өлкөнү сестентти. Бул өлкөдө аборт темасы кызуу талкууланып келет. Отуз жылдан бери сексуалдык зомбулукка кабылган өспүрүмдөргө жардам көрсөтүп келген дарыгер Мелания Аморимдин айтымында, тилекке каршы мындай үрөй учурган окуя биринчи эмес.",
              "timestamp": 1598004621000,
              "language": "ky",
              "byline": {
                "name": "Винисиус Лемоа (@oviniciuslemos)",
                "title": "Би-Би-Синин Бразилия кызматы",
                "persons": [
                  {
                    "name": "Vinícius Lemos",
                    "function": "Da BBC News Brasil em São Paulo"
                  }
                ]
              },
              "passport": {
                "category": {
                  "categoryId": "http://www.bbc.co.uk/ontologies/applicationlogic-news/News",
                  "categoryName": "News"
                },
                "campaigns": [
                  {
                    "campaignId": "5a988e1739461b000e9dabf6",
                    "campaignName": "WS - CS"
                  },
                  {
                    "campaignId": "5a988e3139461b000e9dabf9",
                    "campaignName": "WS - Divert me"
                  }
                ],
                "taggings": []
              },
              "cpsType": "STY",
              "indexImage": {
                "id": "114023561",
                "subType": "index",
                "href": "http://c.files.bbci.co.uk/4094/production/_114023561_c49dda6a-54e3-4b76-9825-47c581d5f9e6.jpg",
                "path": "/cpsprodpb/4094/production/_114023561_c49dda6a-54e3-4b76-9825-47c581d5f9e6.jpg",
                "height": 549,
                "width": 976,
                "altText": "A pregnant young woman with her hands over her belly",
                "caption": "Public hospitals is Brazil perform an average of six abortions a day on girls aged 10-14",
                "copyrightHolder": "Getty Images",
                "type": "image"
              },
              "options": {
                "isBreakingNews": false,
                "isFactCheck": false
              },
              "id": "urn:bbc:ares::asset:kyrgyz/magazine-53858633",
              "type": "cps"
            }
          ],
          "semanticGroupName": "Guides 2"
        },
        {
          "type": "feature-main",
          "title": "Features and Analysis",
          "items": [
            {
              "headlines": {
                "headline": "Даам сезүү жана жыт билүү: коронавирусту сасык тумоодон кантип айырмалайбыз"
              },
              "locators": {
                "assetUri": "/kyrgyz/magazine-53845273",
                "cpsUrn": "urn:bbc:content:assetUri:kyrgyz/magazine-53845273",
                "curie": "http://www.bbc.co.uk/asset/ac5a9754-9057-4ebd-a83d-e216a044881b",
                "assetId": "53845273"
              },
              "summary": "Сасык тумоо менен ооруганда деле даам жана жыт сезбей калат эмеспизби. Бирок мындай абал Covid-19 жуктуруп алганда таптакыр башкача мүнөздө болот.",
              "timestamp": 1597901635000,
              "language": "ky",
              "passport": {
                "category": {
                  "categoryId": "http://www.bbc.co.uk/ontologies/applicationlogic-news/News",
                  "categoryName": "News"
                },
                "campaigns": [
                  {
                    "campaignId": "5a988e4739461b000e9dabfc",
                    "campaignName": "WS - Update me"
                  }
                ],
                "taggings": []
              },
              "cpsType": "STY",
              "indexImage": {
                "id": "114028983",
                "subType": "index",
                "href": "http://c.files.bbci.co.uk/9846/production/_114028983_gettyimages-90284849.jpg",
                "path": "/cpsprodpb/9846/production/_114028983_gettyimages-90284849.jpg",
                "height": 549,
                "width": 976,
                "altText": "Девушка и цветы",
                "copyrightHolder": "Getty Images",
                "type": "image"
              },
              "options": {
                "isBreakingNews": false,
                "isFactCheck": false
              },
              "id": "urn:bbc:ares::asset:kyrgyz/magazine-53845273",
              "type": "cps"
            },
            {
              "headlines": {
                "headline": "ГКЧПга 29 жыл: Советтер Союзунун ыдырашы"
              },
              "locators": {
                "assetUri": "/kyrgyz/magazine-53832213",
                "cpsUrn": "urn:bbc:content:assetUri:kyrgyz/magazine-53832213",
                "curie": "http://www.bbc.co.uk/asset/a573edcc-983a-44dc-921e-0c87d53a02fd",
                "assetId": "53832213"
              },
              "summary": "1991-жылы 19-августта Өзгөчө кырдаал боюнча мамлекеттик комитет деп атыккан түзүм (ГКЧП) Михаил Горбачевду бийликтин четтетүүгө аракет кылышкан. Комитеттин курамында сегиз киши болгону белгилүү.",
              "timestamp": 1597820364000,
              "language": "ky",
              "passport": {
                "category": {
                  "categoryId": "http://www.bbc.co.uk/ontologies/applicationlogic-news/News",
                  "categoryName": "News"
                },
                "campaigns": [
                  {
                    "campaignId": "5a988e4739461b000e9dabfc",
                    "campaignName": "WS - Update me"
                  }
                ],
                "taggings": []
              },
              "cpsType": "STY",
              "indexImage": {
                "id": "90841077",
                "subType": "index",
                "href": "http://c.files.bbci.co.uk/12CD6/production/_90841077_gettyimages-121934102.jpg",
                "path": "/cpsprodpb/12CD6/production/_90841077_gettyimages-121934102.jpg",
                "height": 549,
                "width": 976,
                "altText": "Оппозиция кишилерди көчөгө чыгара алганы ГКЧПнын жеңилүүгө аргасыз кылган факторлордун маанилүүсү",
                "caption": "Оппозиция кишилерди көчөгө чыгара алганы ГКЧПнын жеңилүүгө аргасыз кылган факторлордун маанилүүсү",
                "copyrightHolder": "Getty Images",
                "type": "image"
              },
              "options": {
                "isBreakingNews": false,
                "isFactCheck": false
              },
              "id": "urn:bbc:ares::asset:kyrgyz/magazine-53832213",
              "type": "cps"
            },
            {
              "headlines": {
                "headline": "Планетадагы эң ысык температура катталды"
              },
              "locators": {
                "assetUri": "/kyrgyz/magazine-53816831",
                "cpsUrn": "urn:bbc:content:assetUri:kyrgyz/magazine-53816831",
                "curie": "http://www.bbc.co.uk/asset/1cd0f651-e506-42da-8d05-00e1c1d77f93",
                "assetId": "53816831"
              },
              "summary": "Өткөн апта соңунда планетадагы эң жогорку температура катталды. Калифорниядагы Ажал өрөөнү деп аталган улуттук паркта күндүн ысыгы Цельсий боюнча +54,4 градус болду, деп кабарлады АКШнын метеорологиялык кызматы.",
              "timestamp": 1597727081000,
              "language": "ky",
              "passport": {
                "category": {
                  "categoryId": "http://www.bbc.co.uk/ontologies/applicationlogic-news/News",
                  "categoryName": "News"
                },
                "campaigns": [
                  {
                    "campaignId": "5a988e4739461b000e9dabfc",
                    "campaignName": "WS - Update me"
                  }
                ],
                "taggings": []
              },
              "cpsType": "STY",
              "indexImage": {
                "id": "113949059",
                "subType": "index",
                "href": "http://c.files.bbci.co.uk/17376/production/_113949059_c0033002-2b33-4a57-a225-2b5b6f1af6ea.jpg",
                "path": "/cpsprodpb/17376/production/_113949059_c0033002-2b33-4a57-a225-2b5b6f1af6ea.jpg",
                "height": 549,
                "width": 976,
                "altText": "Ишембиде аймакты куюн каптады",
                "caption": "Ишембиде аймакты куюн каптады",
                "copyrightHolder": "Reuters",
                "type": "image"
              },
              "options": {
                "isBreakingNews": false,
                "isFactCheck": false
              },
              "id": "urn:bbc:ares::asset:kyrgyz/magazine-53816831",
              "type": "cps"
            },
            {
              "headlines": {
                "headline": "Канаданын Арктикадагы акыркы мөңгүсү кантип эрип кетти? Спутник сүрөттөрү"
              },
              "locators": {
                "assetUri": "/kyrgyz/magazine-53763548",
                "cpsUrn": "urn:bbc:content:assetUri:kyrgyz/magazine-53763548",
                "curie": "http://www.bbc.co.uk/asset/cbac04a8-1374-4dee-9772-b677b1f729a9",
                "assetId": "53763548"
              },
              "summary": "Planet компаниясы июлдун соңунда бир нече бөлүкчөлөргө ажырап, сууга кеткен төрт миң жылдык шельф мөңгүсү Милндин спутник сүрөттөрүн жарыялады.",
              "timestamp": 1597306895000,
              "language": "ky",
              "passport": {
                "category": {
                  "categoryId": "http://www.bbc.co.uk/ontologies/applicationlogic-news/News",
                  "categoryName": "News"
                },
                "campaigns": [
                  {
                    "campaignId": "5a988e4739461b000e9dabfc",
                    "campaignName": "WS - Update me"
                  }
                ],
                "taggings": []
              },
              "cpsType": "STY",
              "indexImage": {
                "id": "113896191",
                "subType": "index",
                "href": "http://c.files.bbci.co.uk/4AE1/production/_113896191_index.jpg",
                "path": "/cpsprodpb/4AE1/production/_113896191_index.jpg",
                "height": 549,
                "width": 976,
                "altText": "Milne Ice Shelf",
                "copyrightHolder": "PLANET LABS INC",
                "type": "image"
              },
              "options": {
                "isBreakingNews": false,
                "isFactCheck": false
              },
              "id": "urn:bbc:ares::asset:kyrgyz/magazine-53763548",
              "type": "cps"
            }
          ],
          "semanticGroupName": "Features and Analysis"
        }
      ]
    },
    "promo": {
      "subType": "IDX",
      "name": "Журнал",
      "uri": "/kyrgyz/magazine-54071664",
      "id": "urn:bbc:ares::index:kyrgyz/magazine-54071664/desktop/domestic",
      "type": "simple"
    },
    "relatedContent": {
      "section": {
        "subType": "index",
        "name": "Журнал",
        "uri": "/kyrgyz/magazine",
        "type": "simple"
      },
      "site": {
        "subType": "site",
        "name": "BBC Кыргыз",
        "uri": "/kyrgyz",
        "type": "simple"
      },
      "groups": []
    }
  }