{
  "generated": "2020-07-07T15:55:22.525Z",
  "lastRecordTimeStamp": "2030-01-01T17:00:00Z",
  "firstRecordTimeStamp": "2020-07-07T15:35:00Z",
  "totalRecords": 20,
  "records": [
    {
      "id": "2cf29cbc-96ad-4c1b-ac91-43aba2a4a783",
      "rank": 1,
      "count": 385,
      "urn": "urn:bbc:curie:asset:2cf29cbc-96ad-4c1b-ac91-43aba2a4a783",
      "promo": {
        "headlines": {
          "shortHeadline": "कोरोना वायरस क्या हवा से फैल सकता है?",
          "headline": "कोरोना वायरस क्या हवा से फैल सकता है?"
        },
        "locators": {
          "assetUri": "/hindi/media-53326155",
          "cpsUrn": "urn:bbc:content:assetUri:hindi/media-53326155",
          "curie": "http://www.bbc.co.uk/asset/2cf29cbc-96ad-4c1b-ac91-43aba2a4a783",
          "assetId": "53326155"
        },
        "summary": "कुछ वैज्ञानिकों की नई रिसर्च में दावा किया गया है कि कोरोना वायरस हवा में भी फैल सकता है. जब इस बारे में WHO से पूछा गया तो उसने क्या जवाब दिया?",
        "timestamp": 1594133443000,
        "language": "hi",
        "passport": {
          "category": {
            "categoryId": "http://www.bbc.co.uk/ontologies/applicationlogic-news/News",
            "categoryName": "News"
          },
          "campaigns": [
            {
              "campaignId": "5a988e4739461b000e9dabfc",
              "campaignName": "WS - Update me"
            }
          ],
          "taggings": []
        },
        "media": {
          "id": "53326156",
          "subType": "primary",
          "format": "video",
          "externalId": "p08k318b",
          "entityType": "Clip",
          "caption": "क्या हवा से फैल सकता है कोरोना वायरस?",
          "type": "external_vpid"
        },
        "indexImage": {
          "id": "113276467",
          "subType": "index",
          "href": "http://c.files.bbci.co.uk/12AB3/production/_113276467_p08k31kp.jpg",
          "path": "/cpsprodpb/12AB3/production/_113276467_p08k31kp.jpg",
          "height": 549,
          "width": 976,
          "altText": "Corona",
          "copyrightHolder": "Getty Images",
          "type": "image"
        },
        "id": "urn:bbc:ares::asset:hindi/media-53326155",
        "type": "cps"
      }
    },
    {
      "id": "70ab25c7-2e46-4b53-8203-500f43fb33fe",
      "rank": 2,
      "count": 290,
      "urn": "urn:bbc:curie:asset:70ab25c7-2e46-4b53-8203-500f43fb33fe",
      "promo": {
        "headlines": {
          "shortHeadline": "कुवैत में रह रहे भारतीयों पर मंडराया ख़तरा",
          "headline": "कुवैत में रह रहे भारतीयों पर मंडराया ख़तरा"
        },
        "locators": {
          "assetUri": "/hindi/media-53318354",
          "cpsUrn": "urn:bbc:content:assetUri:hindi/media-53318354",
          "curie": "http://www.bbc.co.uk/asset/70ab25c7-2e46-4b53-8203-500f43fb33fe",
          "assetId": "53318354"
        },
        "summary": "प्रवासियों को लेकर कुवैत में तैयार हो रहे क़ानून ने खाड़ी देश में रह रहे भारतीयों के मन में चिंताओं को फिर से जगा दिया है.",
        "timestamp": 1594133533000,
        "language": "hi",
        "passport": {
          "category": {
            "categoryId": "http://www.bbc.co.uk/ontologies/applicationlogic-news/News",
            "categoryName": "News"
          },
          "campaigns": [
            {
              "campaignId": "5a988e4739461b000e9dabfc",
              "campaignName": "WS - Update me"
            }
          ],
          "taggings": []
        },
        "media": {
          "id": "53318355",
          "subType": "primary",
          "format": "video",
          "externalId": "p08k2869",
          "entityType": "Clip",
          "caption": "कुवैत में भारतीयों पर मंडराया ख़तरा",
          "type": "external_vpid"
        },
        "indexImage": {
          "id": "113268387",
          "subType": "index",
          "href": "http://c.files.bbci.co.uk/13232/production/_113268387_p08k28yh.jpg",
          "path": "/cpsprodpb/13232/production/_113268387_p08k28yh.jpg",
          "height": 549,
          "width": 976,
          "altText": "Kuwait",
          "copyrightHolder": "Getty Images",
          "type": "image"
        },
        "id": "urn:bbc:ares::asset:hindi/media-53318354",
        "type": "cps"
      }
    },
    {
      "id": "4e878d77-e8f9-4a93-9255-57a9a5259d02",
      "rank": 3,
      "count": 91,
      "urn": "urn:bbc:curie:asset:4e878d77-e8f9-4a93-9255-57a9a5259d02",
      "promo": {
        "headlines": {
          "shortHeadline": "क्या कोरोना वायरस के बाद दुनिया में बड़े बदलाव होंगे?",
          "headline": "क्या कोरोना वायरस के बाद दुनिया में बड़े बदलाव होंगे?"
        },
        "locators": {
          "assetUri": "/hindi/media-53310690",
          "cpsUrn": "urn:bbc:content:assetUri:hindi/media-53310690",
          "curie": "http://www.bbc.co.uk/asset/4e878d77-e8f9-4a93-9255-57a9a5259d02",
          "assetId": "53310690"
        },
        "summary": "पहले भी जब जब संकट आये हैं तब अपने साथ बदलाव लेकर आए हैं, इस बार क्या होगा?",
        "timestamp": 1594115241000,
        "language": "hi",
        "passport": {
          "category": {
            "categoryId": "http://www.bbc.co.uk/ontologies/applicationlogic-news/News",
            "categoryName": "News"
          },
          "campaigns": [
            {
              "campaignId": "5a988e4739461b000e9dabfc",
              "campaignName": "WS - Update me"
            }
          ],
          "taggings": []
        },
        "media": {
          "id": "53310691",
          "subType": "primary",
          "format": "video",
          "externalId": "p08k045z",
          "entityType": "Clip",
          "caption": "क्या कोरोना वायरस के बाद दुनिया में बड़े बदलाव होंगे?",
          "type": "external_vpid"
        },
        "indexImage": {
          "id": "113257614",
          "subType": "index",
          "href": "http://c.files.bbci.co.uk/A2CB/production/_113257614_p08k0525.jpg",
          "path": "/cpsprodpb/A2CB/production/_113257614_p08k0525.jpg",
          "height": 576,
          "width": 1024,
          "altText": "Keyframe #5",
          "copyrightHolder": "BBC",
          "type": "image"
        },
        "id": "urn:bbc:ares::asset:hindi/media-53310690",
        "type": "cps"
      }
    },
    {
      "id": "9c8e0337-dc91-4abb-b028-12a697c0ebba",
      "rank": 4,
      "count": 36,
      "urn": "urn:bbc:curie:asset:9c8e0337-dc91-4abb-b028-12a697c0ebba",
      "promo": {
        "headlines": {
          "shortHeadline": "इसराइल, वेस्ट बैंक और फ़लस्तीनी इलाक़े में बसी यहूदी बस्तियों की कहानी",
          "headline": "इसराइल, वेस्ट बैंक और फ़लस्तीनी इलाक़े में बसी यहूदी बस्तियों की कहानी"
        },
        "locators": {
          "assetUri": "/hindi/media-53318230",
          "cpsUrn": "urn:bbc:content:assetUri:hindi/media-53318230",
          "curie": "http://www.bbc.co.uk/asset/9c8e0337-dc91-4abb-b028-12a697c0ebba",
          "assetId": "53318230"
        },
        "summary": "फ़लस्तीनी क्षेत्र पर बसीं इसराइली बस्तियों वाले इलाक़े को क़ब्ज़े में लेने के लिए इसराइली संसद में मतदान होना है.",
        "timestamp": 1594116756000,
        "language": "hi",
        "passport": {
          "category": {
            "categoryId": "http://www.bbc.co.uk/ontologies/applicationlogic-news/News",
            "categoryName": "News"
          },
          "campaigns": [
            {
              "campaignId": "5a988e4739461b000e9dabfc",
              "campaignName": "WS - Update me"
            }
          ],
          "taggings": []
        },
        "media": {
          "id": "53318231",
          "subType": "primary",
          "format": "video",
          "externalId": "p08k1tgs",
          "entityType": "Clip",
          "caption": "इसराइल वेस्ट बैंक पर क्यों क़ब्ज़ा करना चाहता है?",
          "type": "external_vpid"
        },
        "indexImage": {
          "id": "113265294",
          "subType": "index",
          "href": "http://c.files.bbci.co.uk/C068/production/_113265294_p08k1tpt.jpg",
          "path": "/cpsprodpb/C068/production/_113265294_p08k1tpt.jpg",
          "height": 549,
          "width": 976,
          "altText": "Israel",
          "copyrightHolder": "BBC",
          "type": "image"
        },
        "id": "urn:bbc:ares::asset:hindi/media-53318230",
        "type": "cps"
      }
    },
    {
      "id": "afc76c0e-421a-4f79-8f42-958a9a991078",
      "rank": 5,
      "count": 34,
      "urn": "urn:bbc:curie:asset:afc76c0e-421a-4f79-8f42-958a9a991078",
      "promo": {
        "headlines": {
          "shortHeadline": "इस लड़की ने कैसे सुलझा ली गणित की पुरानी गुत्थी",
          "headline": "इस लड़की ने कैसे सुलझा ली गणित की पुरानी गुत्थी"
        },
        "locators": {
          "assetUri": "/hindi/media-53307003",
          "cpsUrn": "urn:bbc:content:assetUri:hindi/media-53307003",
          "curie": "http://www.bbc.co.uk/asset/afc76c0e-421a-4f79-8f42-958a9a991078",
          "assetId": "53307003"
        },
        "summary": "सप्ताह से भी कम समय में अमरीका की एक छात्रा ने गणित से जुड़े 50 साल पुराने एक सवाल को हल कर दिया है.",
        "timestamp": 1594028812000,
        "language": "hi",
        "passport": {
          "category": {
            "categoryId": "http://www.bbc.co.uk/ontologies/applicationlogic-news/News",
            "categoryName": "News"
          },
          "campaigns": [
            {
              "campaignId": "5a988e2939461b000e9dabf8",
              "campaignName": "WS - Educate me"
            }
          ],
          "taggings": []
        },
        "media": {
          "id": "53307004",
          "subType": "primary",
          "format": "video",
          "externalId": "p08jz1kl",
          "entityType": "Clip",
          "caption": "इस लड़की ने सुलझाई गणित की एक पुरानी गुत्थी",
          "type": "external_vpid"
        },
        "indexImage": {
          "id": "113254088",
          "subType": "index",
          "href": "http://c.files.bbci.co.uk/157ED/production/_113254088_p08jz1qj.jpg",
          "path": "/cpsprodpb/157ED/production/_113254088_p08jz1qj.jpg",
          "height": 549,
          "width": 976,
          "altText": "Maths",
          "copyrightHolder": "BBC",
          "type": "image"
        },
        "id": "urn:bbc:ares::asset:hindi/media-53307003",
        "type": "cps"
      }
    },
    {
      "id": "6da9c608-6569-4751-9184-07afed2d6d9c",
      "rank": 6,
      "count": 30,
      "urn": "urn:bbc:curie:asset:6da9c608-6569-4751-9184-07afed2d6d9c",
      "promo": {
        "headlines": {
          "shortHeadline": "रूसी राष्ट्रपति पुतिन इतने ताक़तवर कैसे बने, देखिए यह वीडियो रिपोर्ट",
          "headline": "रूसी राष्ट्रपति पुतिन इतने ताक़तवर कैसे बने, देखिए यह वीडियो रिपोर्ट"
        },
        "locators": {
          "assetUri": "/hindi/media-53314318",
          "cpsUrn": "urn:bbc:content:assetUri:hindi/media-53314318",
          "curie": "http://www.bbc.co.uk/asset/6da9c608-6569-4751-9184-07afed2d6d9c",
          "assetId": "53314318"
        },
        "summary": "रूस के राष्ट्रपति व्लादिमीर पुतिन अगले 16 साल यानी 2036 तक सत्ता के शिखर पर बने रह सकते हैं. उन्होंने ये अधिकार संविधान सुधार के जरिए हासिल किया है.",
        "timestamp": 1594090002000,
        "language": "hi",
        "passport": {
          "category": {
            "categoryId": "http://www.bbc.co.uk/ontologies/applicationlogic-news/News",
            "categoryName": "News"
          },
          "campaigns": [
            {
              "campaignId": "5a988e1739461b000e9dabf6",
              "campaignName": "WS - CS"
            },
            {
              "campaignId": "5a988e3139461b000e9dabf9",
              "campaignName": "WS - Divert me"
            },
            {
              "campaignId": "5a988e3739461b000e9dabfa",
              "campaignName": "WS - Give me perspective"
            }
          ],
          "taggings": []
        },
        "media": {
          "id": "53314319",
          "subType": "primary",
          "format": "video",
          "externalId": "p08k0qfh",
          "entityType": "Clip",
          "caption": "COVER STORY: पुतिन इतने पावरफ़ुल क्यों?",
          "type": "external_vpid"
        },
        "indexImage": {
          "id": "113261397",
          "subType": "index",
          "href": "http://c.files.bbci.co.uk/135D4/production/_113261397_p08k0rj9.jpg",
          "path": "/cpsprodpb/135D4/production/_113261397_p08k0rj9.jpg",
          "height": 549,
          "width": 976,
          "altText": "keyframe",
          "copyrightHolder": "BBC",
          "type": "image"
        },
        "id": "urn:bbc:ares::asset:hindi/media-53314318",
        "type": "cps"
      }
    },
    {
      "id": "670ce2c8-60da-45d5-a441-7145b5d4827b",
      "rank": 7,
      "count": 19,
      "urn": "urn:bbc:curie:asset:670ce2c8-60da-45d5-a441-7145b5d4827b",
      "promo": {
        "headlines": {
          "shortHeadline": "मशरूम की खेती से आत्मनिर्भरता",
          "headline": "मशरूम की खेती से आत्मनिर्भरता"
        },
        "locators": {
          "assetUri": "/hindi/media-53314323",
          "cpsUrn": "urn:bbc:content:assetUri:hindi/media-53314323",
          "curie": "http://www.bbc.co.uk/asset/670ce2c8-60da-45d5-a441-7145b5d4827b",
          "assetId": "53314323"
        },
        "summary": "कोरोना वायरस महामारी ने जब अर्थव्यवस्था को चोट पहुंचाई, तब प्रधानमंत्री नरेंद्र मोदी ने आत्मनिर्भर भारत बनाने की बात कही थी.",
        "timestamp": 1594090176000,
        "language": "hi",
        "passport": {
          "category": {
            "categoryId": "http://www.bbc.co.uk/ontologies/applicationlogic-news/Feature",
            "categoryName": "Feature"
          },
          "campaigns": [
            {
              "campaignId": "5a988e2139461b000e9dabf7",
              "campaignName": "WS - Inspire me"
            }
          ],
          "taggings": []
        },
        "media": {
          "id": "53314324",
          "subType": "primary",
          "format": "video",
          "externalId": "p08k0rtz",
          "entityType": "Clip",
          "caption": "मशरूम की खेती से आत्मनिर्भरता",
          "type": "external_vpid"
        },
        "indexImage": {
          "id": "113261500",
          "subType": "index",
          "href": "http://c.files.bbci.co.uk/0204/production/_113261500_p08k0scb.jpg",
          "path": "/cpsprodpb/0204/production/_113261500_p08k0scb.jpg",
          "height": 549,
          "width": 976,
          "altText": "keyframe",
          "copyrightHolder": "BBC",
          "type": "image"
        },
        "id": "urn:bbc:ares::asset:hindi/media-53314323",
        "type": "cps"
      }
    },
    {
      "id": "317bf2a7-48ba-4e93-bbc0-0bea2c0c934a",
      "rank": 8,
      "count": 16,
      "urn": "urn:bbc:curie:asset:317bf2a7-48ba-4e93-bbc0-0bea2c0c934a",
      "promo": {
        "headlines": {
          "shortHeadline": "पर्यटक न आने से बेहाल सिंगापुर का होटल उद्योग",
          "headline": "पर्यटक न आने से बेहाल सिंगापुर का होटल उद्योग"
        },
        "locators": {
          "assetUri": "/hindi/media-53314046",
          "cpsUrn": "urn:bbc:content:assetUri:hindi/media-53314046",
          "curie": "http://www.bbc.co.uk/asset/317bf2a7-48ba-4e93-bbc0-0bea2c0c934a",
          "assetId": "53314046"
        },
        "summary": "फ़िलहाल वहां पर्यटकों के जाने पर प्रतिबंध है और ये कब ख़त्म होगा, इसका कुछ पता नहीं है.",
        "timestamp": 1594090111000,
        "language": "hi",
        "passport": {
          "category": {
            "categoryId": "http://www.bbc.co.uk/ontologies/applicationlogic-news/News",
            "categoryName": "News"
          },
          "campaigns": [
            {
              "campaignId": "5a988e1739461b000e9dabf6",
              "campaignName": "WS - CS"
            },
            {
              "campaignId": "5a988e4739461b000e9dabfc",
              "campaignName": "WS - Update me"
            }
          ],
          "taggings": []
        },
        "media": {
          "id": "53314047",
          "subType": "primary",
          "format": "video",
          "externalId": "p08k0rgp",
          "entityType": "Clip",
          "caption": "पर्यटक न आने से बेहाल सिंगापुर का होटल उद्योग",
          "type": "external_vpid"
        },
        "indexImage": {
          "id": "113261391",
          "subType": "index",
          "href": "http://c.files.bbci.co.uk/4B74/production/_113261391_p08k0rjf.jpg",
          "path": "/cpsprodpb/4B74/production/_113261391_p08k0rjf.jpg",
          "height": 549,
          "width": 976,
          "altText": "keyframe",
          "copyrightHolder": "BBC",
          "type": "image"
        },
        "id": "urn:bbc:ares::asset:hindi/media-53314046",
        "type": "cps"
      }
    },
    {
      "id": "17957548-2b3e-d447-a645-ba74363c60e7",
      "rank": 9,
      "count": 14,
      "urn": "urn:bbc:curie:asset:17957548-2b3e-d447-a645-ba74363c60e7",
      "promo": {
        "headlines": {
          "shortHeadline": "भारत में स्कूल और कॉलेज कब खुलेंगे, शिक्षा मंत्री रमेश पोखरियाल निशंक ने बताया",
          "headline": "भारत में स्कूल और कॉलेज कब खुलेंगे, शिक्षा मंत्री रमेश पोखरियाल निशंक ने बताया"
        },
        "locators": {
          "assetUri": "/hindi/media-52917535",
          "cpsUrn": "urn:bbc:content:assetUri:hindi/media-52917535",
          "curie": "http://www.bbc.co.uk/asset/17957548-2b3e-d447-a645-ba74363c60e7",
          "assetId": "52917535"
        },
        "summary": "कोरोना वायरस महामारी को रोकने के लिए जब लॉकडाउन हुआ तो स्कूल-कॉलेजों के दरवाज़े भी बंद हो गए.",
        "timestamp": 1591250186000,
        "language": "hi",
        "passport": {
          "category": {
            "categoryId": "http://www.bbc.co.uk/ontologies/applicationlogic-news/Interactive",
            "categoryName": "Interactive"
          },
          "campaigns": [
            {
              "campaignId": "5a988e4739461b000e9dabfc",
              "campaignName": "WS - Update me"
            }
          ],
          "taggings": []
        },
        "media": {
          "id": "52917536",
          "subType": "primary",
          "format": "video",
          "externalId": "p08g0j1c",
          "entityType": "Clip",
          "caption": "भारत में स्कूल और कॉलेज कब खुलेंगे, शिक्षा मंत्री रमेश पोखरियाल निशंक ने बताया",
          "type": "external_vpid"
        },
        "indexImage": {
          "id": "112706768",
          "subType": "index",
          "href": "http://c.files.bbci.co.uk/152E8/production/_112706768_p08g0jm0.jpg",
          "path": "/cpsprodpb/152E8/production/_112706768_p08g0jm0.jpg",
          "height": 576,
          "width": 1024,
          "altText": "Keyframe #3",
          "copyrightHolder": "BBC",
          "type": "image"
        },
        "id": "urn:bbc:ares::asset:hindi/media-52917535",
        "type": "cps"
      }
    },
    {
      "id": "f4de42be-487c-423d-952a-424d49b4dd7b",
      "rank": 10,
      "count": 11,
      "urn": "urn:bbc:curie:asset:f4de42be-487c-423d-952a-424d49b4dd7b",
      "promo": {
        "headlines": {
          "shortHeadline": "चीन से जुड़े विवादित मुद्दों पर क्यों रहती है भारत की चुप्पी?",
          "headline": "चीन से जुड़े विवादित मुद्दों पर क्यों रहती है भारत की चुप्पी?"
        },
        "locators": {
          "assetUri": "/hindi/media-53318223",
          "cpsUrn": "urn:bbc:content:assetUri:hindi/media-53318223",
          "curie": "http://www.bbc.co.uk/asset/f4de42be-487c-423d-952a-424d49b4dd7b",
          "assetId": "53318223"
        },
        "summary": "दोनों देश टकराव की स्थिति में हैं. 20 भारतीय सैनिकों की मौत हो चुकी है. लेकिन, फिर भी भारत चीन से जुड़े ऐसे मुद्दों पर अंतरराष्ट्रीय स्तर पर खुल कर नहीं बोल रहा है.",
        "timestamp": 1594107118000,
        "language": "hi",
        "passport": {
          "category": {
            "categoryId": "http://www.bbc.co.uk/ontologies/applicationlogic-news/News",
            "categoryName": "News"
          },
          "campaigns": [
            {
              "campaignId": "5a988e3739461b000e9dabfa",
              "campaignName": "WS - Give me perspective"
            }
          ],
          "taggings": []
        },
        "media": {
          "id": "53318224",
          "subType": "primary",
          "format": "video",
          "externalId": "p08k1t2n",
          "entityType": "Clip",
          "caption": "चीन से जुड़े विवादित मुद्दों पर क्यों रहती है भारत की चुप्पी?",
          "type": "external_vpid"
        },
        "indexImage": {
          "id": "113265291",
          "subType": "index",
          "href": "http://c.files.bbci.co.uk/4B38/production/_113265291_p08k1t41.jpg",
          "path": "/cpsprodpb/4B38/production/_113265291_p08k1t41.jpg",
          "height": 549,
          "width": 976,
          "altText": "India Silent",
          "copyrightHolder": "Getty Images",
          "type": "image"
        },
        "id": "urn:bbc:ares::asset:hindi/media-53318223",
        "type": "cps"
      }
    },
    {
      "id": "1134f06b-76c8-483f-9512-bf4877c3a3fe",
      "rank": 11,
      "count": 10,
      "urn": "urn:bbc:curie:asset:1134f06b-76c8-483f-9512-bf4877c3a3fe",
      "promo": {
        "headlines": {
          "shortHeadline": "भारत-चीन तनाव: गलवान से चीन ने क्या टेंट उखाड़ लिए हैं?",
          "headline": "भारत-चीन तनाव: गलवान से चीन ने क्या टेंट उखाड़ लिए हैं? इसका जवाब चीन ने यूं दिया..."
        },
        "locators": {
          "assetUri": "/hindi/media-53318307",
          "cpsUrn": "urn:bbc:content:assetUri:hindi/media-53318307",
          "curie": "http://www.bbc.co.uk/asset/1134f06b-76c8-483f-9512-bf4877c3a3fe",
          "assetId": "53318307"
        },
        "summary": "भारत और चीन की सेनाओं के पीछे हटने की ख़बरों के बीच चीन के विदेश मंत्रालय का इस मुद्दे पर बयान आया है. चीन ने कहा है कि दोनों देश सीमा पर तनाव कम करने की दिशा में आगे बढ़ रहे हैं.",
        "timestamp": 1594107075000,
        "language": "hi",
        "passport": {
          "category": {
            "categoryId": "http://www.bbc.co.uk/ontologies/applicationlogic-news/News",
            "categoryName": "News"
          },
          "campaigns": [
            {
              "campaignId": "5a988e4739461b000e9dabfc",
              "campaignName": "WS - Update me"
            }
          ],
          "taggings": []
        },
        "media": {
          "id": "53318308",
          "subType": "primary",
          "format": "video",
          "externalId": "p08k1w50",
          "entityType": "Clip",
          "caption": "भारत-चीन तनाव: गलवान से चीन ने क्या टेंट उखाड़ लिए हैं? इसका जवाब चीन ने यूं दिया...",
          "type": "external_vpid"
        },
        "indexImage": {
          "id": "113265298",
          "subType": "index",
          "href": "http://c.files.bbci.co.uk/15CA8/production/_113265298_p08k1w81.jpg",
          "path": "/cpsprodpb/15CA8/production/_113265298_p08k1w81.jpg",
          "height": 549,
          "width": 976,
          "altText": "Galwan",
          "copyrightHolder": "Getty Images",
          "type": "image"
        },
        "id": "urn:bbc:ares::asset:hindi/media-53318307",
        "type": "cps"
      }
    },
    {
      "id": "d631d122-07cb-1841-a2e2-67b2c6981249",
      "rank": 12,
      "count": 8,
      "urn": "urn:bbc:curie:asset:d631d122-07cb-1841-a2e2-67b2c6981249",
      "promo": {
        "headlines": {
          "shortHeadline": "सेक्स वर्करों पर कैसे सितम ढा रहा है कोरोना काल",
          "headline": "कोरोना वायरस के दौरान सेक्स वर्कर्स के साथ कैसे भेदभाव हो रहा है?"
        },
        "locators": {
          "assetUri": "/hindi/media-52685110",
          "cpsUrn": "urn:bbc:content:assetUri:hindi/media-52685110",
          "curie": "http://www.bbc.co.uk/asset/d631d122-07cb-1841-a2e2-67b2c6981249",
          "assetId": "52685110"
        },
        "summary": "ग़रीबी की मार झेलतीं, भोजन और किराया चुकाने के लिए संघर्ष करतीं दुनिया भर की सेक्स वर्कर्स की शिकायत.",
        "timestamp": 1589591896000,
        "language": "hi",
        "passport": {
          "category": {
            "categoryId": "http://www.bbc.co.uk/ontologies/applicationlogic-news/News",
            "categoryName": "News"
          },
          "campaigns": [
            {
              "campaignId": "5a988e2939461b000e9dabf8",
              "campaignName": "WS - Educate me"
            },
            {
              "campaignId": "5a988e3739461b000e9dabfa",
              "campaignName": "WS - Give me perspective"
            },
            {
              "campaignId": "5a988e3e39461b000e9dabfb",
              "campaignName": "WS - Keep me on trend"
            },
            {
              "campaignId": "5a988e4739461b000e9dabfc",
              "campaignName": "WS - Update me"
            }
          ],
          "taggings": []
        },
        "media": {
          "id": "52685113",
          "subType": "primary",
          "format": "video",
          "externalId": "p08d9s0z",
          "entityType": "Clip",
          "caption": "कोरोना वायरस के दौरान सेक्स वर्कर्स के साथ कैसे भेदभाव हो रहा है?",
          "type": "external_vpid"
        },
        "indexImage": {
          "id": "112294297",
          "subType": "index",
          "href": "http://c.files.bbci.co.uk/13591/production/_112294297_p08d9s5w.jpg",
          "path": "/cpsprodpb/13591/production/_112294297_p08d9s5w.jpg",
          "height": 549,
          "width": 976,
          "altText": "कोरोना",
          "copyrightHolder": "BBC",
          "type": "image"
        },
        "id": "urn:bbc:ares::asset:hindi/media-52685110",
        "type": "cps"
      }
    },
    {
      "id": "38057855-fa84-473b-8ded-121d6359a447",
      "rank": 13,
      "count": 8,
      "urn": "urn:bbc:curie:asset:38057855-fa84-473b-8ded-121d6359a447",
      "promo": {
        "headlines": {
          "shortHeadline": "चीन में एक नई बीमारी का मरीज़ मिला, टेंशन बढ़ी",
          "headline": "चीन में एक नई बीमारी का मरीज़ मिला, टेंशन बढ़ी"
        },
        "locators": {
          "assetUri": "/hindi/media-53311752",
          "cpsUrn": "urn:bbc:content:assetUri:hindi/media-53311752",
          "curie": "http://www.bbc.co.uk/asset/38057855-fa84-473b-8ded-121d6359a447",
          "assetId": "53311752"
        },
        "summary": "चीन के इनर मंगोलिया स्वायत्त क्षेत्र के एक शहर में ब्यूबॉनिक प्लेग का एक मामला सामने आने के बाद अधिकारियों ने सतर्कता बढ़ा दी है.",
        "timestamp": 1594045870000,
        "language": "hi",
        "passport": {
          "category": {
            "categoryId": "http://www.bbc.co.uk/ontologies/applicationlogic-news/News",
            "categoryName": "News"
          },
          "campaigns": [
            {
              "campaignId": "5a988e3739461b000e9dabfa",
              "campaignName": "WS - Give me perspective"
            }
          ],
          "taggings": []
        },
        "media": {
          "id": "53311753",
          "subType": "primary",
          "format": "video",
          "externalId": "p08k0529",
          "entityType": "Clip",
          "caption": "चीन में एक नई बीमारी का मरीज़ मिला, टेंशन बढ़ी",
          "type": "external_vpid"
        },
        "indexImage": {
          "id": "113258810",
          "subType": "index",
          "href": "http://c.files.bbci.co.uk/075D/production/_113258810_p08k05rk.jpg",
          "path": "/cpsprodpb/075D/production/_113258810_p08k05rk.jpg",
          "height": 549,
          "width": 976,
          "altText": "China",
          "copyrightHolder": "Getty Images",
          "type": "image"
        },
        "id": "urn:bbc:ares::asset:hindi/media-53311752",
        "type": "cps"
      }
    },
    {
      "id": "cd33be80-7b1e-4ac9-a8ba-19bcab899ec5",
      "rank": 14,
      "count": 7,
      "urn": "urn:bbc:curie:asset:cd33be80-7b1e-4ac9-a8ba-19bcab899ec5",
      "promo": {
        "headlines": {
          "shortHeadline": "कोरोनिल: योग गुरु रामदेव की कंपनी पतंजलि की 'कोरोना दवाई' का सच",
          "headline": "कोरोनिल: योग गुरु रामदेव की कंपनी पतंजलि की 'कोरोना दवाई' का सच"
        },
        "locators": {
          "assetUri": "/hindi/india-53277686",
          "cpsUrn": "urn:bbc:content:assetUri:hindi/india-53277686",
          "curie": "http://www.bbc.co.uk/asset/cd33be80-7b1e-4ac9-a8ba-19bcab899ec5",
          "assetId": "53277686"
        },
        "summary": "पतंजलि आयुर्वेद कंपनी का 'कोरोना को ठीक करने वाले इलाज' का दावा आया जिसे भारत सरकार ने फ़िलहाल 'ठंडे बस्ते' में डाल दिया और अब दावे की 'गहन जाँच' चल रही है.",
        "timestamp": 1593789009000,
        "language": "hi",
        "passport": {
          "category": {
            "categoryId": "http://www.bbc.co.uk/ontologies/applicationlogic-news/Analysis",
            "categoryName": "Analysis"
          },
          "campaigns": [
            {
              "campaignId": "5a988e2939461b000e9dabf8",
              "campaignName": "WS - Educate me"
            }
          ],
          "taggings": []
        },
        "media": {
          "id": "53277687",
          "subType": "primary",
          "format": "video",
          "externalId": "p08jrk0x",
          "entityType": "Clip",
          "caption": "कोरोनिल: योग गुरु रामदेव की कंपनी पतंजलि की 'कोरोना दवाई' का सच",
          "type": "external_vpid"
        },
        "indexImage": {
          "id": "113224995",
          "subType": "index",
          "href": "http://c.files.bbci.co.uk/EA26/production/_113224995_p08jrkg9.jpg",
          "path": "/cpsprodpb/EA26/production/_113224995_p08jrkg9.jpg",
          "height": 549,
          "width": 976,
          "altText": "Ramdev",
          "copyrightHolder": "PAtanjali",
          "type": "image"
        },
        "id": "urn:bbc:ares::asset:hindi/india-53277686",
        "type": "cps"
      }
    },
    {
      "id": "c0cb022b-2e23-4277-a0a5-f56826efaf9c",
      "rank": 15,
      "count": 6,
      "urn": "urn:bbc:curie:asset:c0cb022b-2e23-4277-a0a5-f56826efaf9c",
      "promo": {
        "headlines": {
          "shortHeadline": "क्या रूस ने तालिबान से अमरीकी फ़ौज़ी को मारने की डील की थी?",
          "headline": "क्या रूस ने तालिबान से अमरीकी फ़ौज़ी को मारने की डील की थी?"
        },
        "locators": {
          "assetUri": "/hindi/media-53305267",
          "cpsUrn": "urn:bbc:content:assetUri:hindi/media-53305267",
          "curie": "http://www.bbc.co.uk/asset/c0cb022b-2e23-4277-a0a5-f56826efaf9c",
          "assetId": "53305267"
        },
        "summary": "एक पूर्व रूसी जासूस ने बीबीसी रूसी सेवा से कहा है कि रूसी ख़ुफ़िया एजेंसी 'एक ऐसी विशाल मशीन है जिसका मक़सद युद्ध कराना है.'",
        "timestamp": 1594020002000,
        "language": "hi",
        "passport": {
          "category": {
            "categoryId": "http://www.bbc.co.uk/ontologies/applicationlogic-news/News",
            "categoryName": "News"
          },
          "campaigns": [
            {
              "campaignId": "5a988e4739461b000e9dabfc",
              "campaignName": "WS - Update me"
            }
          ],
          "taggings": []
        },
        "media": {
          "id": "53305268",
          "subType": "primary",
          "format": "video",
          "externalId": "p08jyv6y",
          "entityType": "Clip",
          "caption": "क्या रूस ने तालिबान से अमरीकी फ़ौज़ी मारने की डील की थी?",
          "type": "external_vpid"
        },
        "indexImage": {
          "id": "113252904",
          "subType": "index",
          "href": "http://c.files.bbci.co.uk/9FDD/production/_113252904_p08jyvxt.jpg",
          "path": "/cpsprodpb/9FDD/production/_113252904_p08jyvxt.jpg",
          "height": 549,
          "width": 976,
          "altText": "रूस",
          "copyrightHolder": "BBC",
          "type": "image"
        },
        "id": "urn:bbc:ares::asset:hindi/media-53305267",
        "type": "cps"
      }
    },
    {
      "id": "a1437666-e3ec-f84c-84f8-ad2d39ce73f8",
      "rank": 16,
      "count": 6,
      "urn": "urn:bbc:curie:asset:a1437666-e3ec-f84c-84f8-ad2d39ce73f8",
      "promo": {
        "headlines": {
          "shortHeadline": "श्रीप्रकाश शुक्ल जिसने ली थी मुख्यमंत्री को मारने की सुपारी",
          "headline": "श्रीप्रकाश शुक्ल जिसने ली थी मुख्यमंत्री को मारने की सुपारी"
        },
        "locators": {
          "assetUri": "/hindi/media-51772500",
          "cpsUrn": "urn:bbc:content:assetUri:hindi/media-51772500",
          "curie": "http://www.bbc.co.uk/asset/a1437666-e3ec-f84c-84f8-ad2d39ce73f8",
          "assetId": "51772500"
        },
        "summary": "ख़ूँख़ार अपराधी श्रीप्रकाश शुक्ल की कहानी जिसने उत्तर प्रदेश के तत्कालीन मुख्यमंत्री कल्याण सिंह को मारने के लिए पाँच करोड़ रुपए की सुपारी ली थी.",
        "timestamp": 1583503017000,
        "language": "hi",
        "passport": {
          "category": {
            "categoryId": "http://www.bbc.co.uk/ontologies/applicationlogic-news/Analysis",
            "categoryName": "Analysis"
          },
          "campaigns": [
            {
              "campaignId": "5a988e2939461b000e9dabf8",
              "campaignName": "WS - Educate me"
            },
            {
              "campaignId": "5a988e3139461b000e9dabf9",
              "campaignName": "WS - Divert me"
            }
          ],
          "taggings": []
        },
        "media": {
          "id": "51772501",
          "subType": "primary",
          "format": "audio",
          "externalId": "p085vycv",
          "entityType": "Clip",
          "caption": "श्रीप्रकाश शुक्ल जिसने दी मुख्यमंत्री को मारने की सुपारी",
          "type": "external_vpid"
        },
        "indexImage": {
          "id": "111162487",
          "subType": "index",
          "href": "http://c.files.bbci.co.uk/1325A/production/_111162487_p085vyqt.png",
          "path": "/cpsprodpb/1325A/production/_111162487_p085vyqt.png",
          "height": 549,
          "width": 976,
          "altText": "श्रीप्रकाश शुक्ल",
          "copyrightHolder": "Rajesh Pandey",
          "type": "image"
        },
        "id": "urn:bbc:ares::asset:hindi/media-51772500",
        "type": "cps"
      }
    },
    {
      "id": "9a40e309-a0e6-4e80-a0ac-52e930e5b2d1",
      "rank": 17,
      "count": 4,
      "urn": "urn:bbc:curie:asset:9a40e309-a0e6-4e80-a0ac-52e930e5b2d1",
      "promo": {
        "headlines": {
          "shortHeadline": "इतने ज़्यादा क्यों बढ़ रहे हैं सोने के दाम?",
          "headline": "इतने ज़्यादा क्यों बढ़ रहे हैं सोने के दाम?"
        },
        "locators": {
          "assetUri": "/hindi/media-53306949",
          "cpsUrn": "urn:bbc:content:assetUri:hindi/media-53306949",
          "curie": "http://www.bbc.co.uk/asset/9a40e309-a0e6-4e80-a0ac-52e930e5b2d1",
          "assetId": "53306949"
        },
        "summary": "कोरोना वायरस महामारी के दौर में एक ओर जहां दुनिया की अर्थव्यवस्था चरमराई हुई है और नौकरियों पर संकट मंडरा रहा है, वहीं दूसरी ओर सोने और चांदी के दाम दिन-ब-दिन आसमान छू रहे हैं.",
        "timestamp": 1594029311000,
        "language": "hi",
        "passport": {
          "category": {
            "categoryId": "http://www.bbc.co.uk/ontologies/applicationlogic-news/News",
            "categoryName": "News"
          },
          "campaigns": [
            {
              "campaignId": "5a988e4739461b000e9dabfc",
              "campaignName": "WS - Update me"
            }
          ],
          "taggings": []
        },
        "media": {
          "id": "53306950",
          "subType": "primary",
          "format": "video",
          "externalId": "p08jyzsl",
          "entityType": "Clip",
          "caption": "इतने ज़्यादा क्यों बढ़ रहे हैं सोने के दाम?",
          "type": "external_vpid"
        },
        "indexImage": {
          "id": "113254082",
          "subType": "index",
          "href": "http://c.files.bbci.co.uk/6D8D/production/_113254082_p08jz136.jpg",
          "path": "/cpsprodpb/6D8D/production/_113254082_p08jz136.jpg",
          "height": 549,
          "width": 976,
          "altText": "Gold Prices",
          "copyrightHolder": "Getty Images",
          "type": "image"
        },
        "id": "urn:bbc:ares::asset:hindi/media-53306949",
        "type": "cps"
      }
    },
    {
      "id": "237b0b19-cbc5-f349-928b-c1640f60c558",
      "rank": 18,
      "count": 4,
      "urn": "urn:bbc:curie:asset:237b0b19-cbc5-f349-928b-c1640f60c558",
      "promo": {
        "headlines": {
          "shortHeadline": "भारत में कोरोना से मरने वालों का आंकड़ा डराने लगा है",
          "headline": "भारत में कोरोना से मरने वालों का आंकड़ा डराने लगा है"
        },
        "locators": {
          "assetUri": "/hindi/media-53048152",
          "cpsUrn": "urn:bbc:content:assetUri:hindi/media-53048152",
          "curie": "http://www.bbc.co.uk/asset/237b0b19-cbc5-f349-928b-c1640f60c558",
          "assetId": "53048152"
        },
        "summary": "भारत में कोरोना वायरस का संक्रमण हर दिन के साथ और ज़्यादा तेज़ होता जा रहा है. बीते 24 घंटों में भारत में कोरोना संक्रमण के 11502 नए मामले सामने आए हैं.",
        "timestamp": 1592221730000,
        "language": "hi",
        "passport": {
          "category": {
            "categoryId": "http://www.bbc.co.uk/ontologies/applicationlogic-news/News",
            "categoryName": "News"
          },
          "campaigns": [
            {
              "campaignId": "5a988e3739461b000e9dabfa",
              "campaignName": "WS - Give me perspective"
            }
          ],
          "taggings": []
        },
        "media": {
          "id": "53048153",
          "subType": "primary",
          "format": "video",
          "externalId": "p08h0lyv",
          "entityType": "Clip",
          "caption": "भारत में कोरोना से मरने वालों का आंकड़ा डराने लगा है",
          "type": "external_vpid"
        },
        "indexImage": {
          "id": "112902147",
          "subType": "index",
          "href": "http://c.files.bbci.co.uk/12188/production/_112902147_p08h0mt0.jpg",
          "path": "/cpsprodpb/12188/production/_112902147_p08h0mt0.jpg",
          "height": 360,
          "width": 640,
          "altText": "India Corona",
          "copyrightHolder": "JHU",
          "type": "image"
        },
        "id": "urn:bbc:ares::asset:hindi/media-53048152",
        "type": "cps"
      }
    },
    {
      "id": "ef5965b6-dcea-4da6-870b-300e0bfad100",
      "rank": 19,
      "count": 3,
      "urn": "urn:bbc:curie:asset:ef5965b6-dcea-4da6-870b-300e0bfad100",
      "promo": {
        "headlines": {
          "shortHeadline": "ड्राइवर पिता की बेटी ने पास की सिविल सेवा परीक्षा",
          "headline": "ड्राइवर पिता की बेटी ने पास की सिविल सेवा परीक्षा"
        },
        "locators": {
          "assetUri": "/hindi/media-53297646",
          "cpsUrn": "urn:bbc:content:assetUri:hindi/media-53297646",
          "curie": "http://www.bbc.co.uk/asset/ef5965b6-dcea-4da6-870b-300e0bfad100",
          "assetId": "53297646"
        },
        "summary": "जानिए, इस लड़की की कहानी जिसकी तारीफ़ पाकिस्तानी विदेश मंत्री भी कर रहे हैं.",
        "timestamp": 1593946407000,
        "language": "hi",
        "passport": {
          "category": {
            "categoryId": "http://www.bbc.co.uk/ontologies/applicationlogic-news/News",
            "categoryName": "News"
          },
          "campaigns": [
            {
              "campaignId": "5a988e4739461b000e9dabfc",
              "campaignName": "WS - Update me"
            }
          ],
          "taggings": []
        },
        "media": {
          "id": "53297647",
          "subType": "primary",
          "format": "video",
          "externalId": "p08jxgzy",
          "entityType": "Clip",
          "caption": "ड्राइवर पिता की बेटी बनी अधिकारी",
          "type": "external_vpid"
        },
        "indexImage": {
          "id": "113246280",
          "subType": "index",
          "href": "http://c.files.bbci.co.uk/2048/production/_113246280_p08jxh93.jpg",
          "path": "/cpsprodpb/2048/production/_113246280_p08jxh93.jpg",
          "height": 549,
          "width": 976,
          "altText": "रबील कैनेडी",
          "copyrightHolder": "BBC",
          "type": "image"
        },
        "id": "urn:bbc:ares::asset:hindi/media-53297646",
        "type": "cps"
      }
    },
    {
      "id": "8f5e15fc-159c-1d4a-92ad-db4ef3f58586",
      "rank": 20,
      "count": 3,
      "urn": "urn:bbc:curie:asset:8f5e15fc-159c-1d4a-92ad-db4ef3f58586",
      "promo": {
        "headlines": {
          "shortHeadline": "मायावती को बर्थडे विश करने पर क्या बोले अखिलेश?",
          "headline": "मायावती को बर्थडे विश करने पर क्या बोले अखिलेश?"
        },
        "locators": {
          "assetUri": "/hindi/media-51151001",
          "cpsUrn": "urn:bbc:content:assetUri:hindi/media-51151001",
          "curie": "http://www.bbc.co.uk/asset/8f5e15fc-159c-1d4a-92ad-db4ef3f58586",
          "assetId": "51151001"
        },
        "summary": "बीबीसी न्यूज़ हिंदी से ख़ास बातचीत में अखिलेश यादव ने कहा, \"समाजवादी पार्टी किसी दल के साथ नहीं खड़ी होगी.\"",
        "timestamp": 1579261402000,
        "language": "hi",
        "passport": {
          "category": {
            "categoryId": "http://www.bbc.co.uk/ontologies/applicationlogic-news/Interactive",
            "categoryName": "Interactive"
          },
          "campaigns": [
            {
              "campaignId": "5a988e4739461b000e9dabfc",
              "campaignName": "WS - Update me"
            }
          ],
          "taggings": []
        },
        "media": {
          "id": "51151002",
          "subType": "primary",
          "format": "video",
          "externalId": "p080nc6q",
          "entityType": "Clip",
          "caption": "मायावती को बर्थडे विश करने पर क्या बोले अखिलेश?",
          "type": "external_vpid"
        },
        "indexImage": {
          "id": "110547897",
          "subType": "index",
          "href": "http://c.files.bbci.co.uk/13802/production/_110547897_p080nczb.jpg",
          "path": "/cpsprodpb/13802/production/_110547897_p080nczb.jpg",
          "height": 360,
          "width": 640,
          "altText": "अखिलेश यादव",
          "copyrightHolder": "BBC",
          "type": "image"
        },
        "id": "urn:bbc:ares::asset:hindi/media-51151001",
        "type": "cps"
      }
    }
  ]
}
