{
  "data": {
    "article": {
      "content": {
        "model": {
          "blocks": [
            {
              "id": "a686961a",
              "type": "headline",
              "model": {
                "blocks": [
                  {
                    "id": "a14dbb8b",
                    "type": "text",
                    "model": {
                      "blocks": [
                        {
                          "id": "92a81458",
                          "type": "paragraph",
                          "model": {
                            "text": "Royal wedding flowers given to Hackney hospice",
                            "blocks": [
                              {
                                "id": "e5c73f48",
                                "type": "fragment",
                                "model": {
                                  "text": "Royal wedding flowers given to Hackney hospice",
                                  "attributes": []
                                },
                                "position": [1, 1, 1, 1]
                              }
                            ]
                          },
                          "position": [1, 1, 1]
                        }
                      ]
                    },
                    "position": [1, 1]
                  }
                ]
              },
              "position": [1]
            },
            {
              "id": "6c616cd1",
              "type": "image",
              "model": {
                "blocks": [
                  {
                    "id": "9a51e5ff",
                    "type": "caption",
                    "model": {
                      "blocks": [
                        {
                          "id": "d3a33e1b",
                          "type": "text",
                          "model": {
                            "blocks": [
                              {
                                "id": "a6f94b7c",
                                "type": "paragraph",
                                "model": {
                                  "text": "Former embroider Pauline Clayton described the gift as \"lovely\"",
                                  "blocks": [
                                    {
                                      "id": "db269d33",
                                      "type": "fragment",
                                      "model": {
                                        "text": "Former embroider Pauline Clayton described the gift as \"lovely\"",
                                        "attributes": []
                                      },
                                      "position": [2, 1, 1, 1, 1]
                                    }
                                  ]
                                },
                                "position": [2, 1, 1, 1]
                              }
                            ]
                          },
                          "position": [2, 1, 1]
                        }
                      ]
                    },
                    "position": [2, 1]
                  },
                  {
                    "id": "9f36063a",
                    "type": "altText",
                    "model": {
                      "blocks": [
                        {
                          "id": "2a79f608",
                          "type": "text",
                          "model": {
                            "blocks": [
                              {
                                "id": "eb811960",
                                "type": "paragraph",
                                "model": {
                                  "text": "Pauline Clayton",
                                  "blocks": [
                                    {
                                      "id": "1017014d",
                                      "type": "fragment",
                                      "model": {
                                        "text": "Pauline Clayton",
                                        "attributes": []
                                      },
                                      "position": [2, 2, 1, 1, 1]
                                    }
                                  ]
                                },
                                "position": [2, 2, 1, 1]
                              }
                            ]
                          },
                          "position": [2, 2, 1]
                        }
                      ]
                    },
                    "position": [2, 2]
                  },
                  {
                    "id": "f423c557",
                    "type": "rawImage",
                    "model": {
                      "width": 640,
                      "height": 360,
                      "locator": "e8d3/test/98b75f50-814d-11e9-b0be-cb6d2b512d8b.jpg",
                      "originCode": "cpsdevpb",
                      "copyrightHolder": "St Joseph's Hospice"
                    },
                    "position": [2, 3]
                  }
                ]
              },
              "position": [2]
            },
            {
              "id": "b9a38917",
              "type": "timestamp",
              "model": {
                "firstPublished": 1559050699412,
                "lastPublished": 1559050699412
              },
              "position": [3]
            },
            {
              "id": "f4f63962",
              "type": "text",
              "model": {
                "blocks": [
                  {
                    "id": "3adce599",
                    "type": "paragraph",
                    "model": {
                      "text": "Patients at an east London hospice were \"thrilled\" to be handed bouquets of flowers from the royal wedding of Prince Harry and Meghan Markle.",
                      "blocks": [
                        {
                          "id": "0cad5352",
                          "type": "fragment",
                          "model": {
                            "text": "Patients at an east London hospice were \"thrilled\" to be handed bouquets of flowers from the royal wedding of Prince Harry and Meghan Markle.",
                            "attributes": []
                          },
                          "position": [4, 1, 1]
                        }
                      ]
                    },
                    "position": [4, 1]
                  },
                  {
                    "id": "a10f63e3",
                    "type": "paragraph",
                    "model": {
                      "text": "The flowers, which had adorned St George's Chapel at Windsor Castle, were delivered to St Joseph's Hospice in Hackney on Sunday.",
                      "blocks": [
                        {
                          "id": "2d49ac09",
                          "type": "fragment",
                          "model": {
                            "text": "The flowers, which had adorned St George's Chapel at Windsor Castle, were delivered to St Joseph's Hospice in Hackney on Sunday.",
                            "attributes": []
                          },
                          "position": [4, 2, 1]
                        }
                      ]
                    },
                    "position": [4, 2]
                  },
                  {
                    "id": "1966aaa6",
                    "type": "paragraph",
                    "model": {
                      "text": "Designed by Philippa Craddock, the flowers were hand-tied into bouquets for the hospice residents.",
                      "blocks": [
                        {
                          "id": "70b3747e",
                          "type": "fragment",
                          "model": {
                            "text": "Designed by Philippa Craddock, the flowers were hand-tied into bouquets for the hospice residents.",
                            "attributes": []
                          },
                          "position": [4, 3, 1]
                        }
                      ]
                    },
                    "position": [4, 3]
                  },
                  {
                    "id": "47e58a15",
                    "type": "paragraph",
                    "model": {
                      "text": "Meghan's own bouquet was placed on the tomb of the unknown warrior at Westminster Abbey, following royal tradition.",
                      "blocks": [
                        {
                          "id": "80873d2e",
                          "type": "fragment",
                          "model": {
                            "text": "Meghan's own bouquet was ",
                            "attributes": []
                          },
                          "position": [4, 4, 1]
                        },
                        {
                          "id": "e4b75cae",
                          "type": "urlLink",
                          "model": {
                            "text": "placed on the tomb of the unknown warrior",
                            "blocks": [
                              {
                                "id": "091ba4d1",
                                "type": "fragment",
                                "model": {
                                  "text": "placed on the tomb of the unknown warrior",
                                  "attributes": []
                                },
                                "position": [4, 4, 2, 1]
                              }
                            ],
                            "locator": "https://www.test.bbc.co.uk/news/articles/cl55zn0w0l4o",
                            "isExternal": false
                          },
                          "position": [4, 4, 2]
                        },
                        {
                          "id": "04c1162d",
                          "type": "fragment",
                          "model": {
                            "text": " at Westminster Abbey, following royal tradition.",
                            "attributes": []
                          },
                          "position": [4, 4, 3]
                        }
                      ]
                    },
                    "position": [4, 4]
                  }
                ]
              },
              "position": [4]
            },
            {
              "id": "fda0e641",
              "type": "mpu",
              "model": {},
              "position": [5]
            },
            {
              "id": "066ab8bf",
              "type": "text",
              "model": {
                "blocks": [
                  {
                    "id": "5bee0bb2",
                    "type": "paragraph",
                    "model": {
                      "text": "\"We are so honoured to receive this wonderful gift,\" the hospice said.",
                      "blocks": [
                        {
                          "id": "f91c1e89",
                          "type": "fragment",
                          "model": {
                            "text": "\"We are so honoured to receive this wonderful gift,\" the hospice said.",
                            "attributes": []
                          },
                          "position": [6, 1, 1]
                        }
                      ]
                    },
                    "position": [6, 1]
                  }
                ]
              },
              "position": [6]
            },
            {
              "id": "a4eff13a",
              "type": "wsoj",
              "model": {
                "type": "recommendations"
              },
              "position": [7]
            },
            {
              "id": "223f47d2",
              "type": "text",
              "model": {
                "blocks": [
                  {
                    "id": "019c6442",
                    "type": "paragraph",
                    "model": {
                      "text": "Respite patient Pauline Clayton, 89, was especially pleased with the gift. At the age of 19 she worked for royal dressmaker Norman Hartnell and helped to embroider the 15ft (4.5m) Botticelli-inspired train of Queen Elizabeth II's wedding dress.",
                      "blocks": [
                        {
                          "id": "4677857d",
                          "type": "fragment",
                          "model": {
                            "text": "Respite patient Pauline Clayton, 89, was especially pleased with the gift. At the age of 19 she worked for royal dressmaker Norman Hartnell and helped to embroider the 15ft (4.5m) Botticelli-inspired train of Queen Elizabeth II's wedding dress.",
                            "attributes": []
                          },
                          "position": [8, 1, 1]
                        }
                      ]
                    },
                    "position": [8, 1]
                  }
                ]
              },
              "position": [8]
            },
            {
              "id": "0ebc3d03",
              "type": "image",
              "model": {
                "blocks": [
                  {
                    "id": "b7a525a5",
                    "type": "caption",
                    "model": {
                      "blocks": [
                        {
                          "id": "a2f1ccc9",
                          "type": "text",
                          "model": {
                            "blocks": [
                              {
                                "id": "7347a716",
                                "type": "paragraph",
                                "model": {
                                  "text": "The flowers had adorned the chapel at Windsor Castle",
                                  "blocks": [
                                    {
                                      "id": "9636ff79",
                                      "type": "fragment",
                                      "model": {
                                        "text": "The flowers had adorned the chapel at Windsor Castle",
                                        "attributes": []
                                      },
                                      "position": [9, 1, 1, 1, 1]
                                    }
                                  ]
                                },
                                "position": [9, 1, 1, 1]
                              }
                            ]
                          },
                          "position": [9, 1, 1]
                        }
                      ]
                    },
                    "position": [9, 1]
                  },
                  {
                    "id": "22433b3d",
                    "type": "altText",
                    "model": {
                      "blocks": [
                        {
                          "id": "345bbf62",
                          "type": "text",
                          "model": {
                            "blocks": [
                              {
                                "id": "f8bd8fa0",
                                "type": "paragraph",
                                "model": {
                                  "text": "Royal wedding",
                                  "blocks": [
                                    {
                                      "id": "b76381f4",
                                      "type": "fragment",
                                      "model": {
                                        "text": "Royal wedding",
                                        "attributes": []
                                      },
                                      "position": [9, 2, 1, 1, 1]
                                    }
                                  ]
                                },
                                "position": [9, 2, 1, 1]
                              }
                            ]
                          },
                          "position": [9, 2, 1]
                        }
                      ]
                    },
                    "position": [9, 2]
                  },
                  {
                    "id": "394156ac",
                    "type": "rawImage",
                    "model": {
                      "width": 640,
                      "height": 360,
                      "locator": "5d09/test/9b484360-814d-11e9-b0be-cb6d2b512d8b.jpg",
                      "originCode": "cpsdevpb",
                      "copyrightHolder": "EPA"
                    },
                    "position": [9, 3]
                  }
                ]
              },
              "position": [9]
            },
            {
              "id": "9bc603ff",
              "type": "image",
              "model": {
                "blocks": [
                  {
                    "id": "23c4c460",
                    "type": "caption",
                    "model": {
                      "blocks": [
                        {
                          "id": "ce16b648",
                          "type": "text",
                          "model": {
                            "blocks": [
                              {
                                "id": "0cc65667",
                                "type": "paragraph",
                                "model": {
                                  "text": "Philippa Craddock directed a team to create the wedding displays",
                                  "blocks": [
                                    {
                                      "id": "c15fdf89",
                                      "type": "fragment",
                                      "model": {
                                        "text": "Philippa Craddock directed a team to create the wedding displays",
                                        "attributes": []
                                      },
                                      "position": [10, 1, 1, 1, 1]
                                    }
                                  ]
                                },
                                "position": [10, 1, 1, 1]
                              }
                            ]
                          },
                          "position": [10, 1, 1]
                        }
                      ]
                    },
                    "position": [10, 1]
                  },
                  {
                    "id": "45b30be0",
                    "type": "altText",
                    "model": {
                      "blocks": [
                        {
                          "id": "af827508",
                          "type": "text",
                          "model": {
                            "blocks": [
                              {
                                "id": "8ff68e96",
                                "type": "paragraph",
                                "model": {
                                  "text": "Flowers adorning the chapel at Windsor Castle",
                                  "blocks": [
                                    {
                                      "id": "89f9435d",
                                      "type": "fragment",
                                      "model": {
                                        "text": "Flowers adorning the chapel at Windsor Castle",
                                        "attributes": []
                                      },
                                      "position": [10, 2, 1, 1, 1]
                                    }
                                  ]
                                },
                                "position": [10, 2, 1, 1]
                              }
                            ]
                          },
                          "position": [10, 2, 1]
                        }
                      ]
                    },
                    "position": [10, 2]
                  },
                  {
                    "id": "b4bc29ca",
                    "type": "rawImage",
                    "model": {
                      "width": 640,
                      "height": 360,
                      "locator": "cf63/test/9e0bf740-814d-11e9-b0be-cb6d2b512d8b.jpg",
                      "originCode": "cpsdevpb",
                      "copyrightHolder": "Reuters"
                    },
                    "position": [10, 3]
                  }
                ]
              },
              "position": [10]
            },
            {
              "id": "8402f7fe",
              "type": "text",
              "model": {
                "blocks": [
                  {
                    "id": "ca0f768c",
                    "type": "paragraph",
                    "model": {
                      "text": "\"We were on rationing then so we weren't allowed to sew on any embellishments so the train was embroidered,\" she said.",
                      "blocks": [
                        {
                          "id": "df24e4ad",
                          "type": "fragment",
                          "model": {
                            "text": "\"We were on rationing then so we weren't allowed to sew on any embellishments so the train was embroidered,\" she said.",
                            "attributes": []
                          },
                          "position": [11, 1, 1]
                        }
                      ]
                    },
                    "position": [11, 1]
                  },
                  {
                    "id": "ca45edeb",
                    "type": "paragraph",
                    "model": {
                      "text": "\"There were four of us girls working on it and we earned 49 and a half hours overtime doing that.\"",
                      "blocks": [
                        {
                          "id": "6dda8b81",
                          "type": "fragment",
                          "model": {
                            "text": "\"There were four of us girls working on it and we earned 49 and a half hours overtime doing that.\"",
                            "attributes": []
                          },
                          "position": [11, 2, 1]
                        }
                      ]
                    },
                    "position": [11, 2]
                  }
                ]
              },
              "position": [11]
            },
            {
              "id": "482b17c7",
              "type": "image",
              "model": {
                "blocks": [
                  {
                    "id": "36b10b8a",
                    "type": "caption",
                    "model": {
                      "blocks": [
                        {
                          "id": "cf1b6879",
                          "type": "text",
                          "model": {
                            "blocks": [
                              {
                                "id": "1169ca6b",
                                "type": "paragraph",
                                "model": {
                                  "text": "Pauline Clayton helped to embroider the train of Queen Elizabeth II's wedding dress",
                                  "blocks": [
                                    {
                                      "id": "c03dd6aa",
                                      "type": "fragment",
                                      "model": {
                                        "text": "Pauline Clayton helped to embroider the train of Queen Elizabeth II's wedding dress",
                                        "attributes": []
                                      },
                                      "position": [12, 1, 1, 1, 1]
                                    }
                                  ]
                                },
                                "position": [12, 1, 1, 1]
                              }
                            ]
                          },
                          "position": [12, 1, 1]
                        }
                      ]
                    },
                    "position": [12, 1]
                  },
                  {
                    "id": "0e566220",
                    "type": "altText",
                    "model": {
                      "blocks": [
                        {
                          "id": "fda56a99",
                          "type": "text",
                          "model": {
                            "blocks": [
                              {
                                "id": "00a845f5",
                                "type": "paragraph",
                                "model": {
                                  "text": "The Queen and Prince Philip pose for an official photograph on their wedding day.",
                                  "blocks": [
                                    {
                                      "id": "a88f5d22",
                                      "type": "fragment",
                                      "model": {
                                        "text": "The Queen and Prince Philip pose for an official photograph on their wedding day.",
                                        "attributes": []
                                      },
                                      "position": [12, 2, 1, 1, 1]
                                    }
                                  ]
                                },
                                "position": [12, 2, 1, 1]
                              }
                            ]
                          },
                          "position": [12, 2, 1]
                        }
                      ]
                    },
                    "position": [12, 2]
                  },
                  {
                    "id": "4e0b92f5",
                    "type": "rawImage",
                    "model": {
                      "width": 640,
                      "height": 360,
                      "locator": "8496/test/a0b0d880-814d-11e9-b0be-cb6d2b512d8b.jpg",
                      "originCode": "cpsdevpb",
                      "copyrightHolder": "Press Assocation"
                    },
                    "position": [12, 3]
                  }
                ]
              },
              "position": [12]
            },
            {
              "id": "2b11b237",
              "type": "text",
              "model": {
                "blocks": [
                  {
                    "id": "e70d6ee8",
                    "type": "paragraph",
                    "model": {
                      "text": "\"I really liked working for the Queen Mother and I helped to make many of her dresses during my 20-year career with Norman Hartnell.",
                      "blocks": [
                        {
                          "id": "24717c60",
                          "type": "fragment",
                          "model": {
                            "text": "\"I really liked working for the Queen Mother and I helped to make many of her dresses during my 20-year career with Norman Hartnell.",
                            "attributes": []
                          },
                          "position": [13, 1, 1]
                        }
                      ]
                    },
                    "position": [13, 1]
                  },
                  {
                    "id": "21d8bf94",
                    "type": "paragraph",
                    "model": {
                      "text": "\"With my royal connections it's such a lovely coincidence to be at St Joseph's and receive these wedding flowers.",
                      "blocks": [
                        {
                          "id": "746d7677",
                          "type": "fragment",
                          "model": {
                            "text": "\"With my royal connections it's such a lovely coincidence to be at St Joseph's and receive these wedding flowers.",
                            "attributes": []
                          },
                          "position": [13, 2, 1]
                        }
                      ]
                    },
                    "position": [13, 2]
                  },
                  {
                    "id": "dce52c34",
                    "type": "paragraph",
                    "model": {
                      "text": "\"They are beautiful and very special.\"",
                      "blocks": [
                        {
                          "id": "3b970416",
                          "type": "fragment",
                          "model": {
                            "text": "\"They are beautiful and very special.\"",
                            "attributes": []
                          },
                          "position": [13, 3, 1]
                        }
                      ]
                    },
                    "position": [13, 3]
                  }
                ]
              },
              "position": [13]
            },
            {
              "id": "58ed209b",
              "type": "image",
              "model": {
                "blocks": [
                  {
                    "id": "1747467f",
                    "type": "caption",
                    "model": {
                      "blocks": [
                        {
                          "id": "6bc38c30",
                          "type": "text",
                          "model": {
                            "blocks": [
                              {
                                "id": "2fe33e00",
                                "type": "paragraph",
                                "model": {
                                  "text": "The floral displays in St George's Chapel were created using locally sourced foliage",
                                  "blocks": [
                                    {
                                      "id": "a5eb2732",
                                      "type": "fragment",
                                      "model": {
                                        "text": "The floral displays in St George's Chapel were created using locally sourced foliage",
                                        "attributes": []
                                      },
                                      "position": [14, 1, 1, 1, 1]
                                    }
                                  ]
                                },
                                "position": [14, 1, 1, 1]
                              }
                            ]
                          },
                          "position": [14, 1, 1]
                        }
                      ]
                    },
                    "position": [14, 1]
                  },
                  {
                    "id": "1bc0cae9",
                    "type": "altText",
                    "model": {
                      "blocks": [
                        {
                          "id": "518ae394",
                          "type": "text",
                          "model": {
                            "blocks": [
                              {
                                "id": "df93f2f2",
                                "type": "paragraph",
                                "model": {
                                  "text": "St George's Chapel, Windsor",
                                  "blocks": [
                                    {
                                      "id": "fd56ba32",
                                      "type": "fragment",
                                      "model": {
                                        "text": "St George's Chapel, Windsor",
                                        "attributes": []
                                      },
                                      "position": [14, 2, 1, 1, 1]
                                    }
                                  ]
                                },
                                "position": [14, 2, 1, 1]
                              }
                            ]
                          },
                          "position": [14, 2, 1]
                        }
                      ]
                    },
                    "position": [14, 2]
                  },
                  {
                    "id": "cd6ba82a",
                    "type": "rawImage",
                    "model": {
                      "width": 640,
                      "height": 360,
                      "locator": "88b2/test/a2ed33f0-814d-11e9-b0be-cb6d2b512d8b.jpg",
                      "originCode": "cpsdevpb",
                      "copyrightHolder": "EPA"
                    },
                    "position": [14, 3]
                  }
                ]
              },
              "position": [14]
            },
            {
              "id": "3213e9f5",
              "type": "text",
              "model": {
                "blocks": [
                  {
                    "id": "924db747",
                    "type": "paragraph",
                    "model": {
                      "text": "Nigel Harding, chief executive of the hospice, said: \"The flowers are simply stunning and our patients were both surprised and delighted to receive them.",
                      "blocks": [
                        {
                          "id": "88ded17c",
                          "type": "fragment",
                          "model": {
                            "text": "Nigel Harding, chief executive of the hospice, said: \"The flowers are simply stunning and our patients were both surprised and delighted to receive them.",
                            "attributes": []
                          },
                          "position": [15, 1, 1]
                        }
                      ]
                    },
                    "position": [15, 1]
                  },
                  {
                    "id": "8e43269f",
                    "type": "paragraph",
                    "model": {
                      "text": "\"A huge thank you to Philippa Craddock and her team - and of course to the Royal bride and groom.\"",
                      "blocks": [
                        {
                          "id": "a9b032a0",
                          "type": "fragment",
                          "model": {
                            "text": "\"A huge thank you to Philippa Craddock and her team - and of course to the Royal bride and groom.\"",
                            "attributes": []
                          },
                          "position": [15, 2, 1]
                        }
                      ]
                    },
                    "position": [15, 2]
                  },
                  {
                    "id": "864f8b56",
                    "type": "paragraph",
                    "model": {
                      "text": "Flowers from gardens and parklands of The Crown Estate and Windsor Great Park were used to make the bouquets, and included branches of beech, birch and hornbeam as well as foxgloves and peonies.",
                      "blocks": [
                        {
                          "id": "06ab9397",
                          "type": "fragment",
                          "model": {
                            "text": "Flowers from gardens and parklands of The Crown Estate and Windsor Great Park were used to make the bouquets, and included branches of beech, birch and hornbeam as well as foxgloves and peonies.",
                            "attributes": []
                          },
                          "position": [15, 3, 1]
                        }
                      ]
                    },
                    "position": [15, 3]
                  }
                ]
              },
              "position": [15]
            }
          ]
        }
      },
      "metadata": {
        "id": "urn:bbc:ares::article:c0g992jmmkko",
        "atiAnalytics": {
          "categoryName": "Wedding+of+Prince+Harry+and+Meghan+Markle~Duchess+of+Sussex~Hackney~Windsor",
          "contentId": "urn:bbc:optimo:asset:c0g992jmmkko",
          "contentType": "article",
          "language": "en-gb",
          "ldpThingIds": "2351f2b2-ce36-4f44-996d-c3c4f7f90eaa~803eaeb9-c0c3-4f1b-9a66-90efac3df2dc~dba7dfeb-87d3-4801-80ba-fa8be6c9555e~f94940f0-476c-4ec7-b48d-e58120bb1956",
          "ldpThingLabels": "Wedding+of+Prince+Harry+and+Meghan+Markle~Duchess+of+Sussex~Hackney~Windsor",
          "nationsProducer": null,
          "pageIdentifier": "news.articles.c0g992jmmkko.page",
          "pageTitle": "Royal wedding flowers given to Hackney hospice",
          "timePublished": "2019-05-28T13:38:19.412Z",
          "timeUpdated": "2019-05-28T13:38:19.412Z"
        },
        "locators": {
          "optimoUrn": "urn:bbc:optimo:asset:c0g992jmmkko",
          "canonicalUrl": "https://www.bbc.com/news/articles/c0g992jmmkko"
        },
        "type": "article",
        "createdBy": "News",
        "language": "en-gb",
        "firstPublished": 1559050699412,
        "lastPublished": 1559050699412,
        "analyticsLabels": {
          "contentId": "urn:bbc:optimo:asset:c0g992jmmkko",
          "ldp_tags": "Wedding+of+Prince+Harry+and+Meghan+Markle~Duchess+of+Sussex~Hackney~Windsor",
          "ldp_ids": "2351f2b2-ce36-4f44-996d-c3c4f7f90eaa~803eaeb9-c0c3-4f1b-9a66-90efac3df2dc~dba7dfeb-87d3-4801-80ba-fa8be6c9555e~f94940f0-476c-4ec7-b48d-e58120bb1956",
          "producer": "News",
          "page": "news.articles.c0g992jmmkko.page"
        },
        "passport": {
          "language": "en-gb",
          "home": "http://www.bbc.co.uk/ontologies/passport/home/News",
          "taggings": [
            {
              "predicate": "http://www.bbc.co.uk/ontologies/passport/predicate/About",
              "value": "http://www.bbc.co.uk/things/2351f2b2-ce36-4f44-996d-c3c4f7f90eaa#id"
            },
            {
              "predicate": "http://www.bbc.co.uk/ontologies/passport/predicate/About",
              "value": "http://www.bbc.co.uk/things/803eaeb9-c0c3-4f1b-9a66-90efac3df2dc#id"
            },
            {
              "predicate": "http://www.bbc.co.uk/ontologies/passport/predicate/About",
              "value": "http://www.bbc.co.uk/things/dba7dfeb-87d3-4801-80ba-fa8be6c9555e#id"
            },
            {
              "predicate": "http://www.bbc.co.uk/ontologies/passport/predicate/About",
              "value": "http://www.bbc.co.uk/things/f94940f0-476c-4ec7-b48d-e58120bb1956#id"
            }
          ],
          "predicates": {
            "about": [
              {
                "value": "http://www.bbc.co.uk/things/2351f2b2-ce36-4f44-996d-c3c4f7f90eaa#id",
                "thingLabel": "Wedding of Prince Harry and Meghan Markle",
                "thingUri": "http://www.bbc.co.uk/things/2351f2b2-ce36-4f44-996d-c3c4f7f90eaa#id",
                "thingId": "2351f2b2-ce36-4f44-996d-c3c4f7f90eaa",
                "thingType": ["core:Thing", "tagging:TagConcept", "core:Event"],
                "thingSameAs": [],
                "thingEnglishLabel": "Wedding of Prince Harry and Meghan Markle",
                "type": "about"
              },
              {
                "value": "http://www.bbc.co.uk/things/803eaeb9-c0c3-4f1b-9a66-90efac3df2dc#id",
                "thingLabel": "Duchess of Sussex",
                "thingUri": "http://www.bbc.co.uk/things/803eaeb9-c0c3-4f1b-9a66-90efac3df2dc#id",
                "thingId": "803eaeb9-c0c3-4f1b-9a66-90efac3df2dc",
                "thingType": [
                  "core:Thing",
                  "tagging:Agent",
                  "tagging:TagConcept",
                  "core:Person",
                  "tagging:AmbiguousTerm"
                ],
                "thingSameAs": ["http://dbpedia.org/resource/Meghan_Markle"],
                "thingEnglishLabel": "Duchess of Sussex",
                "type": "about"
              },
              {
                "value": "http://www.bbc.co.uk/things/dba7dfeb-87d3-4801-80ba-fa8be6c9555e#id",
                "thingLabel": "Hackney",
                "thingUri": "http://www.bbc.co.uk/things/dba7dfeb-87d3-4801-80ba-fa8be6c9555e#id",
                "thingId": "dba7dfeb-87d3-4801-80ba-fa8be6c9555e",
                "thingType": ["tagging:TagConcept", "core:Thing", "core:Place"],
                "thingSameAs": ["http://sws.geonames.org/2647694/"],
                "thingEnglishLabel": "Hackney",
                "type": "about"
              },
              {
                "value": "http://www.bbc.co.uk/things/f94940f0-476c-4ec7-b48d-e58120bb1956#id",
                "thingLabel": "Windsor",
                "thingUri": "http://www.bbc.co.uk/things/f94940f0-476c-4ec7-b48d-e58120bb1956#id",
                "thingId": "f94940f0-476c-4ec7-b48d-e58120bb1956",
                "thingType": ["core:Thing", "core:Place", "tagging:TagConcept"],
                "thingSameAs": ["http://sws.geonames.org/2633842/"],
                "thingEnglishLabel": "Windsor",
                "type": "about"
              }
            ]
          }
        },
        "tags": {
          "about": [
            {
              "thingLabel": "Wedding of Prince Harry and Meghan Markle",
              "thingUri": "http://www.bbc.co.uk/things/2351f2b2-ce36-4f44-996d-c3c4f7f90eaa#id",
              "thingId": "2351f2b2-ce36-4f44-996d-c3c4f7f90eaa",
              "thingType": ["core:Thing", "tagging:TagConcept", "core:Event"],
              "thingSameAs": [],
              "thingEnglishLabel": "Wedding of Prince Harry and Meghan Markle",
              "thingLabelLanguage": "en-gb",
              "thingPreferredLabel": "Wedding of Prince Harry and Meghan Markle"
            },
            {
              "thingLabel": "Duchess of Sussex",
              "thingUri": "http://www.bbc.co.uk/things/803eaeb9-c0c3-4f1b-9a66-90efac3df2dc#id",
              "thingId": "803eaeb9-c0c3-4f1b-9a66-90efac3df2dc",
              "thingType": [
                "core:Thing",
                "tagging:Agent",
                "tagging:TagConcept",
                "core:Person",
                "tagging:AmbiguousTerm"
              ],
              "thingSameAs": ["http://dbpedia.org/resource/Meghan_Markle"],
              "thingEnglishLabel": "Duchess of Sussex",
              "thingLabelLanguage": "en-gb",
              "thingPreferredLabel": "Duchess of Sussex"
            },
            {
              "thingLabel": "Hackney",
              "thingUri": "http://www.bbc.co.uk/things/dba7dfeb-87d3-4801-80ba-fa8be6c9555e#id",
              "thingId": "dba7dfeb-87d3-4801-80ba-fa8be6c9555e",
              "thingType": ["tagging:TagConcept", "core:Thing", "core:Place"],
              "thingSameAs": ["http://sws.geonames.org/2647694/"],
              "topicName": "Hackney",
              "topicId": "cmg0810x955t",
              "curationList": [
                {
                  "curationId": "2647694",
                  "curationType": "location-stream"
                }
              ],
              "thingEnglishLabel": "Hackney",
              "thingLabelLanguage": "en-gb",
              "thingPreferredLabel": "Hackney"
            },
            {
              "thingLabel": "Windsor",
              "thingUri": "http://www.bbc.co.uk/things/f94940f0-476c-4ec7-b48d-e58120bb1956#id",
              "thingId": "f94940f0-476c-4ec7-b48d-e58120bb1956",
              "thingType": ["core:Thing", "core:Place", "tagging:TagConcept"],
              "thingSameAs": ["http://sws.geonames.org/2633842/"],
              "topicName": "Windsor",
              "topicId": "cy489180198t",
              "curationList": [
                {
                  "curationId": "2633842",
                  "curationType": "location-stream"
                }
              ],
              "thingEnglishLabel": "Windsor",
              "thingLabelLanguage": "en-gb",
              "thingPreferredLabel": "Windsor"
            }
          ]
        },
        "blockTypes": [
          "headline",
          "text",
          "paragraph",
          "fragment",
          "image",
          "caption",
          "altText",
          "rawImage",
          "urlLink"
        ],
        "allowAdvertising": true
      },
      "promo": {
        "headlines": {
          "seoHeadline": "Royal wedding flowers given to Hackney hospice"
        }
      }
    },
    "secondaryData": {
      "topStories": [
        {
          "headlines": {
            "headline": "Truss rewards allies with top cabinet roles"
          },
          "locators": {
            "assetUri": "/news/uk-politics-23524699",
            "curieCpsUrn": "urn:bbc:cps:curie:asset:1ec6da9d-30f6-47ca-922a-159dc8420660",
            "assetId": "23524699",
            "cpsUrn": "urn:bbc:content:assetUri:news/uk-politics-23524699",
            "curie": "http://www.bbc.co.uk/asset/1ec6da9d-30f6-47ca-922a-159dc8420660"
          },
          "summary": "Kwasi Kwarteng is made chancellor and Therese Coffey deputy PM, as Liz Truss unveils her top team.",
          "timestamp": 1662557962000,
          "language": "en-gb",
          "byline": {
            "name": "By Sarah Collerton",
            "title": "BBC News",
            "persons": [
              {
                "name": "Sarah Collerton",
                "function": "BBC News"
              }
            ]
          },
          "cpsType": "STY",
          "indexImage": {
            "id": "63942005",
            "subType": "index",
            "href": "http://b.files.bbci.co.uk/C368/test/_63942005_liztrussbbc.jpg",
            "path": "/cpsdevpb/C368/test/_63942005_liztrussbbc.jpg",
            "height": 549,
            "width": 976,
            "altText": "Liz Truss outside Number 10",
            "copyrightHolder": "Lisa White",
            "originCode": "cpsdevpb",
            "allowSyndication": false,
            "type": "image"
          },
          "options": {
            "isBreakingNews": false,
            "isFactCheck": false,
            "hasShortForm": true
          },
          "prominence": "maximum",
          "section": {
            "subType": "IDX",
            "name": "UK Politics",
            "uri": "/news/politics",
            "type": "simple"
          },
          "id": "urn:bbc:ares::asset:news/uk-politics-23524699",
          "type": "cps"
        },
        {
          "headlines": {
            "headline": "Angela Lansbury 1925 - 2022"
          },
          "locators": {
            "assetUri": "/news/23531477",
            "curieCpsUrn": "urn:bbc:cps:curie:asset:acab4bbb-ff5a-499b-8617-b8fa24d5e088",
            "assetId": "23531477",
            "cpsUrn": "urn:bbc:content:assetUri:news/23531477",
            "curie": "http://www.bbc.co.uk/asset/acab4bbb-ff5a-499b-8617-b8fa24d5e088"
          },
          "summary": "Murder She Wrote will be in our hearts forever",
          "timestamp": 1665569912000,
          "language": "en-gb",
          "cpsType": "STY",
          "indexImage": {
            "id": "63945346",
            "subType": "index",
            "href": "http://b.files.bbci.co.uk/FB62/test/_63945346_r.jpg",
            "path": "/cpsdevpb/FB62/test/_63945346_r.jpg",
            "height": 962,
            "width": 1710,
            "altText": "Ange",
            "caption": "Angela Lansbury",
            "copyrightHolder": "BBC",
            "originCode": "cpsdevpb",
            "allowSyndication": true,
            "type": "image"
          },
          "options": {
            "isBreakingNews": false,
            "isFactCheck": false,
            "hasShortForm": true
          },
          "prominence": "maximum",
          "section": {
            "subType": "IDX",
            "name": "Home",
            "uri": "/news/front_page",
            "type": "simple"
          },
          "id": "urn:bbc:ares::asset:news/23531477",
          "type": "cps"
        },
        {
          "name": "15 homes, three survivors - how the quake wiped out one Turkish apartment block",
          "indexImage": {
            "id": "63977455",
            "subType": "index",
            "href": "http://b.files.bbci.co.uk/D8B5/test/_63977455_mediaitem128597908.jpg",
            "path": "/cpsdevpb/D8B5/test/_63977455_mediaitem128597908.jpg",
            "height": 549,
            "width": 976,
            "altText": "Ceyda",
            "copyrightHolder": "BBC",
            "allowSyndication": true,
            "type": "image"
          },
          "uri": "https://www.bbc.co.uk/news/uk-61593081",
          "aresUrl": "https://ares-api.api.bbci.co.uk/api/asset/news/uk-61593081",
          "contentType": "Feature",
          "assetTypeCode": "PRO",
          "timestamp": 1653376206000,
          "type": "link"
        }
      ],
      "features": [
        {
          "headlines": {
            "headline": "Wales pip Scotland in World Cup thriller"
          },
          "locators": {
            "assetUri": "/sport/rugby-union/23537091",
            "curieCpsUrn": "urn:bbc:cps:curie:asset:eb5cc123-4d94-424e-8dca-61eef4faae24",
            "assetId": "23537091",
            "cpsUrn": "urn:bbc:content:assetUri:sport/rugby-union/23537091",
            "curie": "http://www.bbc.co.uk/asset/eb5cc123-4d94-424e-8dca-61eef4faae24"
          },
          "summary": "Scotland lose to Wales at the death",
          "timestamp": 1667572643000,
          "language": "en-gb",
          "cpsType": "STY",
          "indexImage": {
            "id": "63957823",
            "subType": "index",
            "href": "http://b.files.bbci.co.uk/806B/test/_63957823__127022736_wales_v_scotland_073.jpg",
            "path": "/cpsdevpb/806B/test/_63957823__127022736_wales_v_scotland_073.jpg",
            "height": 351,
            "width": 624,
            "altText": "Keira Bevan",
            "caption": "Bevan kicks wales to win",
            "copyrightHolder": "Huw Evans picture agency",
            "originCode": "cpsdevpb",
            "allowSyndication": true,
            "type": "image"
          },
          "options": {
            "isBreakingNews": false,
            "isFactCheck": false,
            "hasShortForm": true
          },
          "section": {
            "subType": "IDX",
            "name": "Rugby Union",
            "uri": "/sport/rugby-union",
            "type": "simple"
          },
          "site": {
            "subType": "site",
            "name": "BBC Sport",
            "uri": "/sport",
            "type": "simple"
          },
          "id": "urn:bbc:ares::asset:sport/rugby-union/23537091",
          "type": "cps"
        },
        {
          "name": "When Mr Blobby got to Christmas number one",
          "summary": "a test video link promo",
          "indexImage": {
            "id": "63942309",
            "subType": "index",
            "href": "http://b.files.bbci.co.uk/160D4/test/_63942309_hi001100397.jpg",
            "path": "/cpsdevpb/160D4/test/_63942309_hi001100397.jpg",
            "height": 1152,
            "width": 2048,
            "altText": "Mr Blobby",
            "caption": "Mr Blobby",
            "copyrightHolder": "BBC",
            "allowSyndication": true,
            "type": "image"
          },
          "uri": "https://www.test.bbc.co.uk/iplayer/episode/b03srsjl",
          "contentType": "Video",
          "assetTypeCode": "PRO",
          "timestamp": 1662997270000,
          "type": "link"
        },
        {
          "headlines": {
            "headline": "Angela Lansbury: from stage to Cabot Cove"
          },
          "locators": {
            "assetUri": "/news/23384748",
            "curieCpsUrn": "urn:bbc:cps:curie:asset:00d18665-46b6-42fa-87c4-9b382029f73b",
            "assetId": "23384748",
            "cpsUrn": "urn:bbc:content:assetUri:news/23384748",
            "curie": "http://www.bbc.co.uk/asset/00d18665-46b6-42fa-87c4-9b382029f73b"
          },
          "summary": "Test",
          "timestamp": 1643303379000,
          "language": "en-gb",
          "cpsType": "STY",
          "indexImage": {
            "id": "63902259",
            "subType": "index",
            "href": "http://b.files.bbci.co.uk/173F4/test/_63902259_the-lead-up-to-jessica-fletchers-final-case-1616009924.jpg",
            "path": "/cpsdevpb/173F4/test/_63902259_the-lead-up-to-jessica-fletchers-final-case-1616009924.jpg",
            "height": 562,
            "width": 1000,
            "altText": "ange",
            "caption": "ange",
            "copyrightHolder": "Ange",
            "originCode": "cpsdevpb",
            "allowSyndication": false,
            "type": "image"
          },
          "imageThumbnail": {
            "id": "63902263",
            "subType": "index-thumbnail",
            "href": "http://b.files.bbci.co.uk/8D7C/test/_63902263_the-lead-up-to-jessica-fletchers-final-case-1616009924.jpg",
            "path": "/cpsdevpb/8D7C/test/_63902263_the-lead-up-to-jessica-fletchers-final-case-1616009924.jpg",
            "height": 180,
            "width": 320,
            "altText": "Ange",
            "caption": "Ange",
            "copyrightHolder": "ANge",
            "allowSyndication": false,
            "type": "image"
          },
          "options": {
            "isBreakingNews": false,
            "isFactCheck": false,
            "hasShortForm": true
          },
          "section": {
            "subType": "IDX",
            "name": "Home",
            "uri": "/news/front_page",
            "type": "simple"
          },
          "id": "urn:bbc:ares::asset:news/23384748",
          "type": "cps"
        },
        {
          "name": "The 1990s Show",
          "summary": "90s all the way",
          "indexImage": {
            "id": "63958289",
            "subType": "index",
            "href": "http://b.files.bbci.co.uk/17FED/test/_63958289_tv000074844.jpg",
            "path": "/cpsdevpb/17FED/test/_63958289_tv000074844.jpg",
            "height": 432,
            "width": 768,
            "altText": "spice girls",
            "caption": "spice girls",
            "copyrightHolder": "BBC",
            "allowSyndication": true,
            "type": "image"
          },
          "uri": "https://www.test.bbc.co.uk/sounds/play/m001bjpb",
          "contentType": "Audio",
          "assetTypeCode": "PRO",
          "timestamp": 1662998543000,
          "type": "link"
        },
        {
          "headlines": {
            "headline": "Taylor Swift's success"
          },
          "locators": {
            "assetUri": "/news/live/23479940",
            "curieCpsUrn": "urn:bbc:cps:curie:asset:bde9ec0e-a4ca-4802-99c0-5513e67914c7",
            "assetId": "23479940",
            "cpsUrn": "urn:bbc:content:assetUri:news/live/23479940",
            "curie": "http://www.bbc.co.uk/asset/bde9ec0e-a4ca-4802-99c0-5513e67914c7"
          },
          "summary": "this is live",
          "timestamp": 1643273171000,
          "language": "en-gb",
          "cpsType": "LIV",
          "indexImage": {
            "id": "63902238",
            "subType": "index",
            "href": "http://b.files.bbci.co.uk/14514/test/_63902238_4815.jpg",
            "path": "/cpsdevpb/14514/test/_63902238_4815.jpg",
            "height": 394,
            "width": 700,
            "altText": "Taylor",
            "caption": "Taylor",
            "copyrightHolder": "Taylor Swift",
            "allowSyndication": false,
            "type": "image"
          },
          "imageThumbnail": {
            "id": "63902240",
            "subType": "index-thumbnail",
            "href": "http://b.files.bbci.co.uk/107C/test/_63902240_4815.jpg",
            "path": "/cpsdevpb/107C/test/_63902240_4815.jpg",
            "height": 180,
            "width": 320,
            "altText": "tay",
            "caption": "taylor",
            "copyrightHolder": "Taylor",
            "allowSyndication": false,
            "type": "image"
          },
          "options": {
            "isBreakingNews": false,
            "isFactCheck": false
          },
          "section": {
            "subType": "IDX",
            "name": "Home",
            "uri": "/news/front_page",
            "type": "simple"
          },
          "liveStatus": "AUTO",
          "id": "urn:bbc:ares::asset:news/live/23479940",
          "type": "cps"
        },
        {
          "name": "Snoods at the ready as ice grips Cardiff",
          "summary": "whether weather?",
          "indexImage": {
            "id": "63942372",
            "subType": "index",
            "href": "http://b.files.bbci.co.uk/6ABC/test/_63942372_hi000305013.jpg",
            "path": "/cpsdevpb/6ABC/test/_63942372_hi000305013.jpg",
            "height": 1152,
            "width": 2048,
            "altText": "weatherman",
            "caption": "bbc",
            "copyrightHolder": "BBC",
            "allowSyndication": true,
            "type": "image"
          },
          "uri": "http://www.bbc.co.uk/weather/weather_watcher/",
          "aresUrl": "https://ares-api.api.bbci.co.uk/api/asset/weather/weather_watcher/",
          "contentType": "Video",
          "assetTypeCode": "PRO",
          "timestamp": 1663062828000,
          "type": "link"
        },
        {
          "name": "Florence Pugh on her primary school nativity...",
          "summary": "90s all the way",
          "indexImage": {
            "id": "63958321",
            "subType": "index",
            "href": "http://b.files.bbci.co.uk/3061/test/_63958321_p0dd2wvy.jpg",
            "path": "/cpsdevpb/3061/test/_63958321_p0dd2wvy.jpg",
            "height": 360,
            "width": 640,
            "altText": "florence pugh",
            "caption": "florence pugh",
            "copyrightHolder": "BBC",
            "allowSyndication": true,
            "type": "image"
          },
          "uri": "https://www.test.bbc.co.uk/sounds/play/m001dmln",
          "contentType": "Audio",
          "assetTypeCode": "PRO",
          "timestamp": 1668169266000,
          "type": "link"
        },
        {
          "name": "John Cravens Newsround",
          "summary": "The best",
          "indexImage": {
            "id": "63942378",
            "subType": "index",
            "href": "http://b.files.bbci.co.uk/1551C/test/_63942378_tv073499145.jpg",
            "path": "/cpsdevpb/1551C/test/_63942378_tv073499145.jpg",
            "height": 432,
            "width": 768,
            "altText": "newsround",
            "caption": "newsround",
            "copyrightHolder": "BBC",
            "allowSyndication": true,
            "type": "image"
          },
          "uri": "https://www.test.bbc.co.uk/bitesize/subjects/zf48q6f",
          "contentType": "Video",
          "assetTypeCode": "PRO",
          "timestamp": 1663063285000,
          "type": "link"
        },
        {
          "headlines": {
            "headline": "Test MAP C7",
            "overtyped": "An audio link here"
          },
          "locators": {
            "assetUri": "/news/av/entertainment-arts-23520613",
            "curieCpsUrn": "urn:bbc:cps:curie:asset:4ae96ddf-024d-4984-b696-deb7beaff4aa",
            "assetId": "23520613",
            "cpsUrn": "urn:bbc:content:assetUri:news/av/entertainment-arts-23520613",
            "curie": "http://www.bbc.co.uk/asset/4ae96ddf-024d-4984-b696-deb7beaff4aa"
          },
          "summary": "A summary",
          "timestamp": 1660654442000,
          "language": "en-gb",
          "cpsType": "MAP",
          "media": {
            "id": "p01g2pxw",
            "subType": "episode",
            "format": "audio",
            "title": "Test MAP C7",
            "synopses": {
              "short": "Test MAP C7"
            },
            "imageUrl": "ichef.test.bbci.co.uk/images/ic/$recipe/p01g2py6.jpg",
            "embedding": true,
            "advertising": false,
            "caption": "Test MAP C7",
            "versions": [
              {
                "versionId": "p01g2pxh",
                "types": ["Podcast"],
                "duration": 174,
                "durationISO8601": "PT2M54S",
                "warnings": {},
                "availableTerritories": {
                  "uk": true,
                  "nonUk": false
                },
                "availableFrom": 1516795320000
              }
            ],
            "smpKind": "radioProgramme",
            "type": "media"
          },
          "indexImage": {
            "id": "63958326",
            "subType": "index",
            "href": "http://b.files.bbci.co.uk/F3B1/test/_63958326_p01g2py6.jpg",
            "path": "/cpsdevpb/F3B1/test/_63958326_p01g2py6.jpg",
            "height": 1152,
            "width": 2048,
            "altText": "asdfadsf",
            "caption": "sdfsdf",
            "copyrightHolder": "BBC",
            "allowSyndication": true,
            "type": "image"
          },
          "options": {
            "isBreakingNews": false,
            "isFactCheck": false
          },
          "section": {
            "subType": "IDX",
            "name": "Entertainment & Arts",
            "uri": "/news/entertainment_and_arts",
            "type": "simple"
          },
          "id": "urn:bbc:ares::asset:news/av/entertainment-arts-23520613",
          "type": "cps"
        }
      ],
      "mostRead": {
        "generated": "2023-06-22T13:39:30.974Z",
        "lastRecordTimeStamp": "2023-06-22T13:37:00Z",
        "firstRecordTimeStamp": "2023-06-22T13:22:00Z",
        "items": [
          {
            "id": "da6b61d5-c3e4-4686-bf77-8b8bac111ebc",
            "rank": 1,
            "title": "Why the oxygen timeline on sub may not be so fixed",
            "href": "/news/world-us-canada-65981277",
            "timestamp": 1687436653000
          },
          {
            "id": "7118772e-565b-49db-87ad-3a58f78649ee",
            "rank": 2,
            "title": "MasterChef contestant jailed for child abuse images",
            "href": "/news/uk-wales-65986742",
            "timestamp": 1687433879000
          },
          {
            "id": "8b3de6e3-5189-41af-83c2-cdeebccd8f61",
            "rank": 3,
            "title": "Musk and Zuckerberg agree to hold cage fight",
            "href": "/news/business-65981876",
            "timestamp": 1687441494000
          },
          {
            "id": "3b412515-ad83-4a42-9ae3-27e4525a677b",
            "rank": 4,
            "title": "Cindy Beale returns to EastEnders after 25 years",
            "href": "/news/entertainment-arts-65986136",
            "timestamp": 1687432357000
          },
          {
            "id": "d591743b-9d30-401b-9e99-80443d20fb33",
            "rank": 5,
            "title": "Mosquito-borne diseases risk increasing in Europe",
            "href": "/news/health-65985838",
            "timestamp": 1687438952000
          },
          {
            "id": "5cd337df-89df-424f-8113-38d99d05bf89",
            "rank": 6,
            "title": "Teenager guilty of murdering boy at train station",
            "href": "/news/uk-scotland-65987986",
            "timestamp": 1687440600000
          },
          {
            "id": "ba31cebc-8fd1-4c99-877a-2beafbfeb078",
            "rank": 7,
            "title": "At least 30 migrants feared dead off Canary Islands",
            "href": "/news/world-65983001",
            "timestamp": 1687434678000
          },
          {
            "id": "471444f7-588a-4d85-9638-fa6ed5083434",
            "rank": 8,
            "title": "Bank boss warns interest rate hike hard for many",
            "href": "/news/business-65982981",
            "timestamp": 1687441102000
          },
          {
            "id": "d5a8169f-cdc4-4482-af63-7c52aa2d8736",
            "rank": 9,
            "title": "Ukraine strikes bridge to Crimea, says Russia",
            "href": "/news/world-europe-65982817",
            "timestamp": 1687436577000
          },
          {
            "id": "3f07ec8a-969e-4571-9427-84868003947a",
            "rank": 10,
            "title": "The woman who wants to end abortion in America",
            "href": "/news/world-us-canada-65923956",
            "timestamp": 1687390456000
          },
          {
            "id": "ddce2564-2cc4-4cc8-95ad-7cc76ba6ab26",
            "rank": 11,
            "title": "SNP political icon Winnie Ewing dies aged 93",
            "href": "/news/uk-scotland-65988094",
            "timestamp": 1687441262000
          },
          {
            "id": "f1401d9a-27d3-45fe-bebc-bd296d6febe6",
            "rank": 12,
            "title": "Teen on stricken Titanic sub is student in Glasgow",
            "href": "/news/uk-scotland-65984821",
            "timestamp": 1687438492000
          },
          {
            "id": "7c49690f-2aa1-488d-bf59-8962cc9613da",
            "rank": 13,
            "title": "India man 'cons' posh hotel for two-year free stay",
            "href": "/news/world-asia-india-65983209",
            "timestamp": 1687431481000
          },
          {
            "id": "d87ded3d-5d97-4aca-87a9-d97fb1fed129",
            "rank": 14,
            "title": "Buildings evacuated after 'explosives' arrest",
            "href": "/news/uk-england-lancashire-65984160",
            "timestamp": 1687434389000
          },
          {
            "id": "2f6383e7-c004-4456-a59d-697bf56ccc6c",
            "rank": 15,
            "title": "Turkey hikes interest rate to 15% in Erdogan U-turn",
            "href": "/news/world-europe-65971791",
            "timestamp": 1687439922000
          },
          {
            "id": "cf611e47-f793-45c1-bb2c-0251f6436811",
            "rank": 16,
            "title": "Satellite images reveal Ukraine canals drying up",
            "href": "/news/world-europe-65963403",
            "timestamp": 1687392899000
          },
          {
            "id": "5bd0fe4e-5247-406c-9cd7-e73b24d20534",
            "rank": 17,
            "title": "Molly-Mae quits fashion job to focus on motherhood",
            "href": "/news/entertainment-arts-65982667",
            "timestamp": 1687427780000
          },
          {
            "id": "5d658f39-aad0-44c2-b3be-ffa1c849786a",
            "rank": 18,
            "title": "How the interest rate rise affects you",
            "href": "/news/business-57764601",
            "timestamp": 1687437433000
          },
          {
            "id": "d08b765c-6b92-4055-a3e7-3445a96eff61",
            "rank": 19,
            "title": "Amazon accused of tricking Prime customers",
            "href": "/news/business-65978053",
            "timestamp": 1687377469000
          },
          {
            "id": "ff90ab6f-e723-4ed5-81ba-d9541269cc55",
            "rank": 20,
            "title": "How underwater robots are searching for tiny sub",
            "href": "/news/world-us-canada-65965665",
            "timestamp": 1687434283000
          }
        ]
      }
    }
  },
  "contentType": "application/json; charset=utf-8"
}
