{
  "data": {
    "article": {
      "content": {
        "model": {
          "blocks": [
            {
              "id": "5f5978a9",
              "type": "headline",
              "model": {
                "blocks": [
                  {
                    "id": "047f99b0",
                    "type": "text",
                    "model": {
                      "blocks": [
                        {
                          "id": "dd19ac09",
                          "type": "paragraph",
                          "model": {
                            "text": "Test in-line blocks",
                            "blocks": [
                              {
                                "id": "1d59c25e",
                                "type": "fragment",
                                "model": {
                                  "text": "Test in-line blocks",
                                  "attributes": []
                                },
                                "position": [
                                  1,
                                  1,
                                  1,
                                  1
                                ]
                              }
                            ]
                          },
                          "position": [
                            1,
                            1,
                            1
                          ]
                        }
                      ]
                    },
                    "position": [
                      1,
                      1
                    ]
                  }
                ]
              },
              "position": [
                1
              ]
            },
            {
              "id": "a422eb22",
              "type": "timestamp",
              "model": {
                "firstPublished": 1574263957594,
                "lastPublished": 1574263957594
              },
              "position": [
                2
              ]
            },
            {
              "id": "cdcf096e",
              "type": "text",
              "model": {
                "blocks": [
                  {
                    "id": "bdf1f562",
                    "type": "paragraph",
                    "model": {
                      "text": "Lots of text in one language followed by text texte dans une autre langue. That's called an inline block.",
                      "blocks": [
                        {
                          "id": "de1fccb5",
                          "type": "fragment",
                          "model": {
                            "text": "Lots of text in one language followed by text ",
                            "attributes": []
                          },
                          "position": [
                            3,
                            1,
                            1
                          ]
                        },
                        {
                          "id": "f3ee7bcd",
                          "type": "inline",
                          "model": {
                            "text": "texte dans une autre langue",
                            "blocks": [
                              {
                                "id": "403d4cfc",
                                "type": "fragment",
                                "model": {
                                  "text": "texte dans une autre langue",
                                  "attributes": []
                                },
                                "position": [
                                  3,
                                  1,
                                  2,
                                  1
                                ]
                              }
                            ],
                            "language": "fr"
                          },
                          "position": [
                            3,
                            1,
                            2
                          ]
                        },
                        {
                          "id": "fb9bd6cd",
                          "type": "fragment",
                          "model": {
                            "text": ". That's called an inline block.",
                            "attributes": []
                          },
                          "position": [
                            3,
                            1,
                            3
                          ]
                        }
                      ]
                    },
                    "position": [
                      3,
                      1
                    ]
                  },
                  {
                    "id": "fbb8377f",
                    "type": "paragraph",
                    "model": {
                      "text": "And look, here's another inline block: \n202Bچرا می‌توانید به بی‌بی‌سی اطمینان کنید؟\n202C This time, the inline block was in Arabic.\n\n",
                      "blocks": [
                        {
                          "id": "08864a18",
                          "type": "fragment",
                          "model": {
                            "text": "And look, here's another inline block: ",
                            "attributes": []
                          },
                          "position": [
                            3,
                            2,
                            1
                          ]
                        },
                        {
                          "id": "402d4d31",
                          "type": "inline",
                          "model": {
                            "text": "چرا می‌توانید به بی‌بی‌سی اطمینان کنید؟",
                            "blocks": [
                              {
                                "id": "9110e53d",
                                "type": "fragment",
                                "model": {
                                  "text": "چرا می‌توانید به بی‌بی‌سی اطمینان کنید؟",
                                  "attributes": []
                                },
                                "position": [
                                  3,
                                  2,
                                  2,
                                  1
                                ]
                              }
                            ],
                            "language": "fa"
                          },
                          "position": [
                            3,
                            2,
                            2
                          ]
                        },
                        {
                          "id": "4937181b",
                          "type": "fragment",
                          "model": {
                            "text": " This time, the inline block was in Arabic.\n\n",
                            "attributes": []
                          },
                          "position": [
                            3,
                            2,
                            3
                          ]
                        }
                      ]
                    },
                    "position": [
                      3,
                      2
                    ]
                  },
                  {
                    "id": "25b019e3",
                    "type": "paragraph",
                    "model": {
                      "text": "\n\n",
                      "blocks": [
                        {
                          "id": "d253ee24",
                          "type": "fragment",
                          "model": {
                            "text": "\n\n",
                            "attributes": []
                          },
                          "position": [
                            3,
                            3,
                            1
                          ]
                        }
                      ]
                    },
                    "position": [
                      3,
                      3
                    ]
                  }
                ]
              },
              "position": [
                3
              ]
            },
            {
              "id": "8ac8d73f",
              "type": "image",
              "model": {
                "blocks": [
                  {
                    "id": "809ff845",
                    "type": "caption",
                    "model": {
                      "blocks": [
                        {
                          "id": "c1f90156",
                          "type": "text",
                          "model": {
                            "blocks": [
                              {
                                "id": "d90d6ee3",
                                "type": "paragraph",
                                "model": {
                                  "text": "This image caption has an inline block: \n202Bهذا هو كتلة مضمنة\n202C. See, what a lovely inline block.\n",
                                  "blocks": [
                                    {
                                      "id": "c9a9aced",
                                      "type": "fragment",
                                      "model": {
                                        "text": "This image caption has an inline block: ",
                                        "attributes": []
                                      },
                                      "position": [
                                        4,
                                        1,
                                        1,
                                        1,
                                        1
                                      ]
                                    },
                                    {
                                      "id": "644466c6",
                                      "type": "inline",
                                      "model": {
                                        "text": "هذا هو كتلة مضمنة",
                                        "blocks": [
                                          {
                                            "id": "de73d78b",
                                            "type": "fragment",
                                            "model": {
                                              "text": "هذا هو كتلة مضمنة",
                                              "attributes": []
                                            },
                                            "position": [
                                              4,
                                              1,
                                              1,
                                              1,
                                              2,
                                              1
                                            ]
                                          }
                                        ],
                                        "language": "ar"
                                      },
                                      "position": [
                                        4,
                                        1,
                                        1,
                                        1,
                                        2
                                      ]
                                    },
                                    {
                                      "id": "e91a0ba5",
                                      "type": "fragment",
                                      "model": {
                                        "text": ". See, what a lovely inline block.\n",
                                        "attributes": []
                                      },
                                      "position": [
                                        4,
                                        1,
                                        1,
                                        1,
                                        3
                                      ]
                                    }
                                  ]
                                },
                                "position": [
                                  4,
                                  1,
                                  1,
                                  1
                                ]
                              }
                            ]
                          },
                          "position": [
                            4,
                            1,
                            1
                          ]
                        }
                      ]
                    },
                    "position": [
                      4,
                      1
                    ]
                  },
                  {
                    "id": "08e1ddd4",
                    "type": "altText",
                    "model": {
                      "blocks": [
                        {
                          "id": "9b804a9a",
                          "type": "text",
                          "model": {
                            "blocks": [
                              {
                                "id": "73d8b224",
                                "type": "paragraph",
                                "model": {
                                  "text": "Europe",
                                  "blocks": [
                                    {
                                      "id": "933002d4",
                                      "type": "fragment",
                                      "model": {
                                        "text": "Europe",
                                        "attributes": []
                                      },
                                      "position": [
                                        4,
                                        2,
                                        1,
                                        1,
                                        1
                                      ]
                                    }
                                  ]
                                },
                                "position": [
                                  4,
                                  2,
                                  1,
                                  1
                                ]
                              }
                            ]
                          },
                          "position": [
                            4,
                            2,
                            1
                          ]
                        }
                      ]
                    },
                    "position": [
                      4,
                      2
                    ]
                  },
                  {
                    "id": "9ff5494d",
                    "type": "rawImage",
                    "model": {
                      "width": 624,
                      "height": 351,
                      "locator": "5085/test/9f0a83b0-0c43-11ea-9752-f77801dab1ba.jpg",
                      "originCode": "cpsdevpb",
                      "copyrightHolder": "BBC"
                    },
                    "position": [
                      4,
                      3
                    ]
                  }
                ]
              },
              "position": [
                4
              ]
            },
            {
              "id": "96e89a4c",
              "type": "video",
              "model": {
                "locator": "urn:bbc:pips:pid:p01k6msm",
                "blocks": [
                  {
                    "id": "1a91f8df",
                    "type": "caption",
                    "model": {
                      "blocks": [
                        {
                          "id": "5e70727f",
                          "type": "text",
                          "model": {
                            "blocks": [
                              {
                                "id": "a7d87ea3",
                                "type": "paragraph",
                                "model": {
                                  "text": "This is a media block caption. It also has an inline block: \n202Bهذا هو كتلة مضمنة\n202C. See, what a lovely inline block.",
                                  "blocks": [
                                    {
                                      "id": "feeb03fa",
                                      "type": "fragment",
                                      "model": {
                                        "text": "This is a media block caption. It also has an inline block: ",
                                        "attributes": []
                                      },
                                      "position": [
                                        5,
                                        1,
                                        1,
                                        1,
                                        1
                                      ]
                                    },
                                    {
                                      "id": "61a241e4",
                                      "type": "inline",
                                      "model": {
                                        "text": "هذا هو كتلة مضمنة",
                                        "blocks": [
                                          {
                                            "id": "742789c7",
                                            "type": "fragment",
                                            "model": {
                                              "text": "هذا هو كتلة مضمنة",
                                              "attributes": []
                                            },
                                            "position": [
                                              5,
                                              1,
                                              1,
                                              1,
                                              2,
                                              1
                                            ]
                                          }
                                        ],
                                        "language": "ar"
                                      },
                                      "position": [
                                        5,
                                        1,
                                        1,
                                        1,
                                        2
                                      ]
                                    },
                                    {
                                      "id": "52545bc8",
                                      "type": "fragment",
                                      "model": {
                                        "text": ". See, what a lovely inline block.",
                                        "attributes": []
                                      },
                                      "position": [
                                        5,
                                        1,
                                        1,
                                        1,
                                        3
                                      ]
                                    }
                                  ]
                                },
                                "position": [
                                  5,
                                  1,
                                  1,
                                  1
                                ]
                              }
                            ]
                          },
                          "position": [
                            5,
                            1,
                            1
                          ]
                        }
                      ]
                    },
                    "position": [
                      5,
                      1
                    ]
                  },
                  {
                    "id": "2613ad48",
                    "type": "aresMedia",
                    "model": {
                      "blocks": [
                        {
                          "id": "3faa9d20",
                          "blockId": "urn:bbc:ares::clip:p01k6msm",
                          "type": "aresMediaMetadata",
                          "model": {
                            "id": "p01k6msm",
                            "subType": "clip",
                            "format": "audio_video",
                            "title": "Five things ants can teach us about management",
                            "synopses": {
                              "short": "They may be tiny, but us humans could learn a thing or two from ants."
                            },
                            "imageUrl": "ichef.test.bbci.co.uk/images/ic/$recipe/p01k6mtv.jpg",
                            "imageCopyright": "BBC",
                            "embedding": true,
                            "advertising": true,
                            "versions": [
                              {
                                "versionId": "p01k6msp",
                                "types": [
                                  "Original"
                                ],
                                "duration": 191,
                                "durationISO8601": "PT3M11S",
                                "warnings": {
                                  "short": "Contains strong language and adult humour.",
                                  "long": "Contains strong language and adult humour."
                                },
                                "availableTerritories": {
                                  "uk": true,
                                  "nonUk": true
                                },
                                "availableFrom": 1540218932000
                              }
                            ],
                            "syndication": {
                              "destinations": []
                            },
                            "smpKind": "programme"
                          },
                          "position": [
                            5,
                            2,
                            1
                          ]
                        },
                        {
                          "id": "33c56f42",
                          "type": "image",
                          "model": {
                            "blocks": [
                              {
                                "id": "6c186c78",
                                "type": "rawImage",
                                "model": {
                                  "width": 1920,
                                  "height": 1080,
                                  "locator": "ichef.test.bbci.co.uk/images/ic/$widthxn/p01k6mtv.jpg",
                                  "originCode": "mpv",
                                  "copyrightHolder": "BBC"
                                },
                                "position": [
                                  5,
                                  2,
                                  2,
                                  1
                                ]
                              },
                              {
                                "id": "9ee9456a",
                                "type": "altText",
                                "model": {
                                  "blocks": [
                                    {
                                      "id": "3d82c353",
                                      "type": "text",
                                      "model": {
                                        "blocks": [
                                          {
                                            "id": "5c0752be",
                                            "type": "paragraph",
                                            "model": {
                                              "text": "Ants",
                                              "blocks": [
                                                {
                                                  "id": "e322149b",
                                                  "type": "fragment",
                                                  "model": {
                                                    "text": "Ants",
                                                    "attributes": []
                                                  },
                                                  "position": [
                                                    5,
                                                    2,
                                                    2,
                                                    2,
                                                    1,
                                                    1,
                                                    1
                                                  ]
                                                }
                                              ]
                                            },
                                            "position": [
                                              5,
                                              2,
                                              2,
                                              2,
                                              1,
                                              1
                                            ]
                                          }
                                        ]
                                      },
                                      "position": [
                                        5,
                                        2,
                                        2,
                                        2,
                                        1
                                      ]
                                    }
                                  ]
                                },
                                "position": [
                                  5,
                                  2,
                                  2,
                                  2
                                ]
                              }
                            ]
                          },
                          "position": [
                            5,
                            2,
                            2
                          ]
                        }
                      ]
                    },
                    "position": [
                      5,
                      2
                    ]
                  }
                ]
              },
              "position": [
                5
              ]
            },
            {
              "id": "6243e4b8",
              "type": "image",
              "model": {
                "blocks": [
                  {
                    "id": "55dbf871",
                    "type": "caption",
                    "model": {
                      "blocks": [
                        {
                          "id": "65705e95",
                          "type": "text",
                          "model": {
                            "blocks": [
                              {
                                "id": "43d95c59",
                                "type": "paragraph",
                                "model": {
                                  "text": "Oh my gosh! Another image caption with an bloc en ligne. In French this time.",
                                  "blocks": [
                                    {
                                      "id": "a5861850",
                                      "type": "fragment",
                                      "model": {
                                        "text": "Oh my gosh! Another image caption with an ",
                                        "attributes": []
                                      },
                                      "position": [
                                        6,
                                        1,
                                        1,
                                        1,
                                        1
                                      ]
                                    },
                                    {
                                      "id": "2b03dac4",
                                      "type": "inline",
                                      "model": {
                                        "text": "bloc en ligne",
                                        "blocks": [
                                          {
                                            "id": "b91d03a0",
                                            "type": "fragment",
                                            "model": {
                                              "text": "bloc en ligne",
                                              "attributes": []
                                            },
                                            "position": [
                                              6,
                                              1,
                                              1,
                                              1,
                                              2,
                                              1
                                            ]
                                          }
                                        ],
                                        "language": "fr"
                                      },
                                      "position": [
                                        6,
                                        1,
                                        1,
                                        1,
                                        2
                                      ]
                                    },
                                    {
                                      "id": "577e33dd",
                                      "type": "fragment",
                                      "model": {
                                        "text": ". In French this time.",
                                        "attributes": []
                                      },
                                      "position": [
                                        6,
                                        1,
                                        1,
                                        1,
                                        3
                                      ]
                                    }
                                  ]
                                },
                                "position": [
                                  6,
                                  1,
                                  1,
                                  1
                                ]
                              }
                            ]
                          },
                          "position": [
                            6,
                            1,
                            1
                          ]
                        }
                      ]
                    },
                    "position": [
                      6,
                      1
                    ]
                  },
                  {
                    "id": "8c7ee8e6",
                    "type": "altText",
                    "model": {
                      "blocks": [
                        {
                          "id": "fba87079",
                          "type": "text",
                          "model": {
                            "blocks": [
                              {
                                "id": "27f7116a",
                                "type": "paragraph",
                                "model": {
                                  "text": "Map",
                                  "blocks": [
                                    {
                                      "id": "d0b788f1",
                                      "type": "fragment",
                                      "model": {
                                        "text": "Map",
                                        "attributes": []
                                      },
                                      "position": [
                                        6,
                                        2,
                                        1,
                                        1,
                                        1
                                      ]
                                    }
                                  ]
                                },
                                "position": [
                                  6,
                                  2,
                                  1,
                                  1
                                ]
                              }
                            ]
                          },
                          "position": [
                            6,
                            2,
                            1
                          ]
                        }
                      ]
                    },
                    "position": [
                      6,
                      2
                    ]
                  },
                  {
                    "id": "650b2b17",
                    "type": "rawImage",
                    "model": {
                      "width": 624,
                      "height": 351,
                      "locator": "1892/test/f9efe990-0c53-11ea-9752-f77801dab1ba.jpg",
                      "originCode": "cpsdevpb",
                      "copyrightHolder": "BBC"
                    },
                    "position": [
                      6,
                      3
                    ]
                  }
                ]
              },
              "position": [
                6
              ]
            },
            {
              "id": "96c499b4",
              "type": "mpu",
              "model": {},
              "position": [
                7
              ]
            },
            {
              "id": "685cf9d1",
              "type": "wsoj",
              "model": {
                "type": "recommendations"
              },
              "position": [
                8
              ]
            }
          ]
        }
      },
      "metadata": {
        "id": "urn:bbc:ares::article:c2054qjjzjdo",
        "locators": {
          "optimoUrn": "urn:bbc:optimo:asset:c2054qjjzjdo",
          "canonicalUrl": "https://www.bbc.com/news/articles/c2054qjjzjdo"
        },
        "type": "article",
        "createdBy": "News",
        "language": "en-gb",
        "firstPublished": 1574263957594,
        "lastPublished": 1574263957594,
        "analyticsLabels": {
          "contentId": "urn:bbc:optimo:asset:c2054qjjzjdo",
          "producer": "News",
          "page": "news.articles.c2054qjjzjdo.page"
        },
        "passport": {
          "language": "en-gb",
          "home": "http://www.bbc.co.uk/ontologies/passport/home/News",
          "taggings": []
        },
        "blockTypes": [
          "headline",
          "text",
          "paragraph",
          "fragment",
          "inline",
          "image",
          "caption",
          "altText",
          "rawImage",
          "video",
          "aresMedia"
        ],
        "allowAdvertising": true
      },
      "promo": {
        "headlines": {
          "seoHeadline": "Test in-line blocks"
        }
      }
    },
    "secondaryData": {
      "topStories": [
        {
          "headlines": {
            "headline": "Truss rewards allies with top cabinet roles"
          },
          "locators": {
            "assetUri": "/news/uk-politics-23524699",
            "curieCpsUrn": "urn:bbc:cps:curie:asset:1ec6da9d-30f6-47ca-922a-159dc8420660",
            "assetId": "23524699",
            "cpsUrn": "urn:bbc:content:assetUri:news/uk-politics-23524699",
            "curie": "http://www.bbc.co.uk/asset/1ec6da9d-30f6-47ca-922a-159dc8420660"
          },
          "summary": "Kwasi Kwarteng is made chancellor and Therese Coffey deputy PM, as Liz Truss unveils her top team.",
          "timestamp": 1662557962000,
          "language": "en-gb",
          "byline": {
            "name": "By Sarah Collerton",
            "title": "BBC News",
            "persons": [
              {
                "name": "Sarah Collerton",
                "function": "BBC News"
              }
            ]
          },
          "cpsType": "STY",
          "indexImage": {
            "id": "63942005",
            "subType": "index",
            "href": "http://b.files.bbci.co.uk/C368/test/_63942005_liztrussbbc.jpg",
            "path": "/cpsdevpb/C368/test/_63942005_liztrussbbc.jpg",
            "height": 549,
            "width": 976,
            "altText": "Liz Truss outside Number 10",
            "copyrightHolder": "Lisa White",
            "originCode": "cpsdevpb",
            "allowSyndication": false,
            "type": "image"
          },
          "options": {
            "isBreakingNews": false,
            "isFactCheck": false,
            "hasShortForm": true
          },
          "prominence": "maximum",
          "section": {
            "subType": "IDX",
            "name": "UK Politics",
            "uri": "/news/politics",
            "type": "simple"
          },
          "id": "urn:bbc:ares::asset:news/uk-politics-23524699",
          "type": "cps"
        },
        {
          "headlines": {
            "headline": "Angela Lansbury 1925 - 2022"
          },
          "locators": {
            "assetUri": "/news/23531477",
            "curieCpsUrn": "urn:bbc:cps:curie:asset:acab4bbb-ff5a-499b-8617-b8fa24d5e088",
            "assetId": "23531477",
            "cpsUrn": "urn:bbc:content:assetUri:news/23531477",
            "curie": "http://www.bbc.co.uk/asset/acab4bbb-ff5a-499b-8617-b8fa24d5e088"
          },
          "summary": "Murder She Wrote will be in our hearts forever",
          "timestamp": 1665569912000,
          "language": "en-gb",
          "cpsType": "STY",
          "indexImage": {
            "id": "63945346",
            "subType": "index",
            "href": "http://b.files.bbci.co.uk/FB62/test/_63945346_r.jpg",
            "path": "/cpsdevpb/FB62/test/_63945346_r.jpg",
            "height": 962,
            "width": 1710,
            "altText": "Ange",
            "caption": "Angela Lansbury",
            "copyrightHolder": "BBC",
            "originCode": "cpsdevpb",
            "allowSyndication": true,
            "type": "image"
          },
          "options": {
            "isBreakingNews": false,
            "isFactCheck": false,
            "hasShortForm": true
          },
          "prominence": "maximum",
          "section": {
            "subType": "IDX",
            "name": "Home",
            "uri": "/news/front_page",
            "type": "simple"
          },
          "id": "urn:bbc:ares::asset:news/23531477",
          "type": "cps"
        },
        {
          "name": "15 homes, three survivors - how the quake wiped out one Turkish apartment block",
          "indexImage": {
            "id": "63977455",
            "subType": "index",
            "href": "http://b.files.bbci.co.uk/D8B5/test/_63977455_mediaitem128597908.jpg",
            "path": "/cpsdevpb/D8B5/test/_63977455_mediaitem128597908.jpg",
            "height": 549,
            "width": 976,
            "altText": "Ceyda",
            "copyrightHolder": "BBC",
            "allowSyndication": true,
            "type": "image"
          },
          "uri": "https://www.bbc.co.uk/news/uk-61593081",
          "aresUrl": "https://ares-api.api.bbci.co.uk/api/asset/news/uk-61593081",
          "contentType": "Feature",
          "assetTypeCode": "PRO",
          "timestamp": 1653376206000,
          "type": "link"
        }
      ],
      "features": [
        {
          "headlines": {
            "headline": "Wales pip Scotland in World Cup thriller"
          },
          "locators": {
            "assetUri": "/sport/rugby-union/23537091",
            "curieCpsUrn": "urn:bbc:cps:curie:asset:eb5cc123-4d94-424e-8dca-61eef4faae24",
            "assetId": "23537091",
            "cpsUrn": "urn:bbc:content:assetUri:sport/rugby-union/23537091",
            "curie": "http://www.bbc.co.uk/asset/eb5cc123-4d94-424e-8dca-61eef4faae24"
          },
          "summary": "Scotland lose to Wales at the death",
          "timestamp": 1667572643000,
          "language": "en-gb",
          "cpsType": "STY",
          "indexImage": {
            "id": "63957823",
            "subType": "index",
            "href": "http://b.files.bbci.co.uk/806B/test/_63957823__127022736_wales_v_scotland_073.jpg",
            "path": "/cpsdevpb/806B/test/_63957823__127022736_wales_v_scotland_073.jpg",
            "height": 351,
            "width": 624,
            "altText": "Keira Bevan",
            "caption": "Bevan kicks wales to win",
            "copyrightHolder": "Huw Evans picture agency",
            "originCode": "cpsdevpb",
            "allowSyndication": true,
            "type": "image"
          },
          "options": {
            "isBreakingNews": false,
            "isFactCheck": false,
            "hasShortForm": true
          },
          "section": {
            "subType": "IDX",
            "name": "Rugby Union",
            "uri": "/sport/rugby-union",
            "type": "simple"
          },
          "site": {
            "subType": "site",
            "name": "BBC Sport",
            "uri": "/sport",
            "type": "simple"
          },
          "id": "urn:bbc:ares::asset:sport/rugby-union/23537091",
          "type": "cps"
        },
        {
          "name": "When Mr Blobby got to Christmas number one",
          "summary": "a test video link promo",
          "indexImage": {
            "id": "63942309",
            "subType": "index",
            "href": "http://b.files.bbci.co.uk/160D4/test/_63942309_hi001100397.jpg",
            "path": "/cpsdevpb/160D4/test/_63942309_hi001100397.jpg",
            "height": 1152,
            "width": 2048,
            "altText": "Mr Blobby",
            "caption": "Mr Blobby",
            "copyrightHolder": "BBC",
            "allowSyndication": true,
            "type": "image"
          },
          "uri": "https://www.test.bbc.co.uk/iplayer/episode/b03srsjl",
          "contentType": "Video",
          "assetTypeCode": "PRO",
          "timestamp": 1662997270000,
          "type": "link"
        },
        {
          "headlines": {
            "headline": "Angela Lansbury: from stage to Cabot Cove"
          },
          "locators": {
            "assetUri": "/news/23384748",
            "curieCpsUrn": "urn:bbc:cps:curie:asset:00d18665-46b6-42fa-87c4-9b382029f73b",
            "assetId": "23384748",
            "cpsUrn": "urn:bbc:content:assetUri:news/23384748",
            "curie": "http://www.bbc.co.uk/asset/00d18665-46b6-42fa-87c4-9b382029f73b"
          },
          "summary": "Test",
          "timestamp": 1643303379000,
          "language": "en-gb",
          "cpsType": "STY",
          "indexImage": {
            "id": "63902259",
            "subType": "index",
            "href": "http://b.files.bbci.co.uk/173F4/test/_63902259_the-lead-up-to-jessica-fletchers-final-case-1616009924.jpg",
            "path": "/cpsdevpb/173F4/test/_63902259_the-lead-up-to-jessica-fletchers-final-case-1616009924.jpg",
            "height": 562,
            "width": 1000,
            "altText": "ange",
            "caption": "ange",
            "copyrightHolder": "Ange",
            "originCode": "cpsdevpb",
            "allowSyndication": false,
            "type": "image"
          },
          "imageThumbnail": {
            "id": "63902263",
            "subType": "index-thumbnail",
            "href": "http://b.files.bbci.co.uk/8D7C/test/_63902263_the-lead-up-to-jessica-fletchers-final-case-1616009924.jpg",
            "path": "/cpsdevpb/8D7C/test/_63902263_the-lead-up-to-jessica-fletchers-final-case-1616009924.jpg",
            "height": 180,
            "width": 320,
            "altText": "Ange",
            "caption": "Ange",
            "copyrightHolder": "ANge",
            "allowSyndication": false,
            "type": "image"
          },
          "options": {
            "isBreakingNews": false,
            "isFactCheck": false,
            "hasShortForm": true
          },
          "section": {
            "subType": "IDX",
            "name": "Home",
            "uri": "/news/front_page",
            "type": "simple"
          },
          "id": "urn:bbc:ares::asset:news/23384748",
          "type": "cps"
        },
        {
          "name": "The 1990s Show",
          "summary": "90s all the way",
          "indexImage": {
            "id": "63958289",
            "subType": "index",
            "href": "http://b.files.bbci.co.uk/17FED/test/_63958289_tv000074844.jpg",
            "path": "/cpsdevpb/17FED/test/_63958289_tv000074844.jpg",
            "height": 432,
            "width": 768,
            "altText": "spice girls",
            "caption": "spice girls",
            "copyrightHolder": "BBC",
            "allowSyndication": true,
            "type": "image"
          },
          "uri": "https://www.test.bbc.co.uk/sounds/play/m001bjpb",
          "contentType": "Audio",
          "assetTypeCode": "PRO",
          "timestamp": 1662998543000,
          "type": "link"
        },
        {
          "headlines": {
            "headline": "Taylor Swift's success"
          },
          "locators": {
            "assetUri": "/news/live/23479940",
            "curieCpsUrn": "urn:bbc:cps:curie:asset:bde9ec0e-a4ca-4802-99c0-5513e67914c7",
            "assetId": "23479940",
            "cpsUrn": "urn:bbc:content:assetUri:news/live/23479940",
            "curie": "http://www.bbc.co.uk/asset/bde9ec0e-a4ca-4802-99c0-5513e67914c7"
          },
          "summary": "this is live",
          "timestamp": 1643273171000,
          "language": "en-gb",
          "cpsType": "LIV",
          "indexImage": {
            "id": "63902238",
            "subType": "index",
            "href": "http://b.files.bbci.co.uk/14514/test/_63902238_4815.jpg",
            "path": "/cpsdevpb/14514/test/_63902238_4815.jpg",
            "height": 394,
            "width": 700,
            "altText": "Taylor",
            "caption": "Taylor",
            "copyrightHolder": "Taylor Swift",
            "allowSyndication": false,
            "type": "image"
          },
          "imageThumbnail": {
            "id": "63902240",
            "subType": "index-thumbnail",
            "href": "http://b.files.bbci.co.uk/107C/test/_63902240_4815.jpg",
            "path": "/cpsdevpb/107C/test/_63902240_4815.jpg",
            "height": 180,
            "width": 320,
            "altText": "tay",
            "caption": "taylor",
            "copyrightHolder": "Taylor",
            "allowSyndication": false,
            "type": "image"
          },
          "options": {
            "isBreakingNews": false,
            "isFactCheck": false
          },
          "section": {
            "subType": "IDX",
            "name": "Home",
            "uri": "/news/front_page",
            "type": "simple"
          },
          "liveStatus": "AUTO",
          "id": "urn:bbc:ares::asset:news/live/23479940",
          "type": "cps"
        },
        {
          "name": "Snoods at the ready as ice grips Cardiff",
          "summary": "whether weather?",
          "indexImage": {
            "id": "63942372",
            "subType": "index",
            "href": "http://b.files.bbci.co.uk/6ABC/test/_63942372_hi000305013.jpg",
            "path": "/cpsdevpb/6ABC/test/_63942372_hi000305013.jpg",
            "height": 1152,
            "width": 2048,
            "altText": "weatherman",
            "caption": "bbc",
            "copyrightHolder": "BBC",
            "allowSyndication": true,
            "type": "image"
          },
          "uri": "http://www.bbc.co.uk/weather/weather_watcher/",
          "aresUrl": "https://ares-api.api.bbci.co.uk/api/asset/weather/weather_watcher/",
          "contentType": "Video",
          "assetTypeCode": "PRO",
          "timestamp": 1663062828000,
          "type": "link"
        },
        {
          "name": "Florence Pugh on her primary school nativity...",
          "summary": "90s all the way",
          "indexImage": {
            "id": "63958321",
            "subType": "index",
            "href": "http://b.files.bbci.co.uk/3061/test/_63958321_p0dd2wvy.jpg",
            "path": "/cpsdevpb/3061/test/_63958321_p0dd2wvy.jpg",
            "height": 360,
            "width": 640,
            "altText": "florence pugh",
            "caption": "florence pugh",
            "copyrightHolder": "BBC",
            "allowSyndication": true,
            "type": "image"
          },
          "uri": "https://www.test.bbc.co.uk/sounds/play/m001dmln",
          "contentType": "Audio",
          "assetTypeCode": "PRO",
          "timestamp": 1668169266000,
          "type": "link"
        },
        {
          "name": "John Cravens Newsround",
          "summary": "The best",
          "indexImage": {
            "id": "63942378",
            "subType": "index",
            "href": "http://b.files.bbci.co.uk/1551C/test/_63942378_tv073499145.jpg",
            "path": "/cpsdevpb/1551C/test/_63942378_tv073499145.jpg",
            "height": 432,
            "width": 768,
            "altText": "newsround",
            "caption": "newsround",
            "copyrightHolder": "BBC",
            "allowSyndication": true,
            "type": "image"
          },
          "uri": "https://www.test.bbc.co.uk/bitesize/subjects/zf48q6f",
          "contentType": "Video",
          "assetTypeCode": "PRO",
          "timestamp": 1663063285000,
          "type": "link"
        },
        {
          "headlines": {
            "headline": "Test MAP C7",
            "overtyped": "An audio link here"
          },
          "locators": {
            "assetUri": "/news/av/entertainment-arts-23520613",
            "curieCpsUrn": "urn:bbc:cps:curie:asset:4ae96ddf-024d-4984-b696-deb7beaff4aa",
            "assetId": "23520613",
            "cpsUrn": "urn:bbc:content:assetUri:news/av/entertainment-arts-23520613",
            "curie": "http://www.bbc.co.uk/asset/4ae96ddf-024d-4984-b696-deb7beaff4aa"
          },
          "summary": "A summary",
          "timestamp": 1660654442000,
          "language": "en-gb",
          "cpsType": "MAP",
          "media": {
            "id": "p01g2pxw",
            "subType": "episode",
            "format": "audio",
            "title": "Test MAP C7",
            "synopses": {
              "short": "Test MAP C7"
            },
            "imageUrl": "ichef.test.bbci.co.uk/images/ic/$recipe/p01g2py6.jpg",
            "embedding": true,
            "advertising": false,
            "caption": "Test MAP C7",
            "versions": [
              {
                "versionId": "p01g2pxh",
                "types": [
                  "Podcast"
                ],
                "duration": 174,
                "durationISO8601": "PT2M54S",
                "warnings": {},
                "availableTerritories": {
                  "uk": true,
                  "nonUk": false
                },
                "availableFrom": 1516795320000
              }
            ],
            "smpKind": "radioProgramme",
            "type": "media"
          },
          "indexImage": {
            "id": "63958326",
            "subType": "index",
            "href": "http://b.files.bbci.co.uk/F3B1/test/_63958326_p01g2py6.jpg",
            "path": "/cpsdevpb/F3B1/test/_63958326_p01g2py6.jpg",
            "height": 1152,
            "width": 2048,
            "altText": "asdfadsf",
            "caption": "sdfsdf",
            "copyrightHolder": "BBC",
            "allowSyndication": true,
            "type": "image"
          },
          "options": {
            "isBreakingNews": false,
            "isFactCheck": false
          },
          "section": {
            "subType": "IDX",
            "name": "Entertainment & Arts",
            "uri": "/news/entertainment_and_arts",
            "type": "simple"
          },
          "id": "urn:bbc:ares::asset:news/av/entertainment-arts-23520613",
          "type": "cps"
        }
      ],
      "mostRead": {
        "generated": "2023-02-18T03:08:59.186Z",
        "lastRecordTimeStamp": "2021-05-04T11:53:00Z",
        "firstRecordTimeStamp": "2021-05-04T11:38:00Z",
        "totalRecords": 20,
        "records": [
          {
            "id": "ff819582-928b-374d-9f99-f9a33e6fdded",
            "rank": 1,
            "count": 17345,
            "urn": "urn:bbc:curie:asset:ff819582-928b-374d-9f99-f9a33e6fdded",
            "promo": {
              "headlines": {
                "shortHeadline": "The rise of the priority queue",
                "headline": "Priority queues: Paying to get to the front of the line"
              },
              "locators": {
                "assetUri": "/news/magazine-19712847",
                "cpsUrn": "urn:bbc:content:assetUri:news/magazine-19712847",
                "curie": "http://www.bbc.co.uk/asset/ff819582-928b-374d-9f99-f9a33e6fdded",
                "assetId": "19712847"
              },
              "summary": "Instead of waiting in line for their turn, Americans are finding themselves in a new kind of queue - where people who can pay get higher priority.",
              "timestamp": 1349307898000,
              "language": "en-GB",
              "byline": {
                "name": "By Benjamen Walker",
                "title": "BBC World Service",
                "persons": [
                  {
                    "name": "Benjamen Walker",
                    "function": "BBC World Service"
                  }
                ]
              },
              "indexImage": {
                "id": "63275669",
                "subType": "index",
                "href": "http://wwwpreview.test.newsonline.tc.nca.bbc.co.uk/media/images/63275000/jpg/_63275669_woman_getty_624.jpg",
                "path": "/tmcs/media/images/63275000/jpg/_63275669_woman_getty_624.jpg",
                "height": 351,
                "width": 624,
                "altText": "Woman in a queue in New York",
                "copyrightHolder": "",
                "originCode": "tmcs",
                "type": "image"
              },
              "id": "urn:bbc:ares::asset:news/magazine-19712847",
              "type": "cps"
            }
          },
          {
            "id": "6255b856-d38e-c745-b121-d727dede72f0",
            "rank": 2,
            "count": 16561,
            "urn": "urn:bbc:curie:asset:6255b856-d38e-c745-b121-d727dede72f0",
            "promo": {
              "headlines": {
                "shortHeadline": "Laura Trott sees off challenge!",
                "headline": "Laura Trott sees off 'late challenge' - long headline"
              },
              "locators": {
                "assetUri": "/sport/cycling/23039307",
                "cpsUrn": "urn:bbc:content:assetUri:sport/cycling/23039307",
                "curie": "http://www.bbc.co.uk/asset/6255b856-d38e-c745-b121-d727dede72f0",
                "assetId": "23039307"
              },
              "summary": "Dynamic Index Tagged Article",
              "timestamp": 1462870832000,
              "language": "en-gb",
              "id": "urn:bbc:ares::asset:sport/cycling/23039307",
              "type": "cps"
            }
          },
          {
            "id": "b5c5324b-5e25-e059-e040-850a02846523",
            "rank": 3,
            "count": 16496,
            "urn": "urn:bbc:curie:asset:b5c5324b-5e25-e059-e040-850a02846523",
            "promo": {
              "headlines": {
                "shortHeadline": "Japan MP drinks Fukushima water",
                "headline": "Japan MP Yasuhiro Sonoda drinks Fukushima water"
              },
              "locators": {
                "assetUri": "/news/world-asia-pacific-15533018",
                "cpsUrn": "urn:bbc:content:assetUri:news/world-asia-pacific-15533018",
                "curie": "http://www.bbc.co.uk/asset/b5c5324b-5e25-e059-e040-850a02846523",
                "assetId": "15533018"
              },
              "summary": "A Japanese government official drinks water from puddles at the Fukushima Daiichi nuclear plant, after journalists challenge him to prove it was safe.",
              "timestamp": 1320140165000,
              "language": "en-gb",
              "indexImage": {
                "id": "56400370",
                "subType": "index",
                "href": "http://wwwpreview.test.newsonline.tc.nca.bbc.co.uk/media/images/56400000/jpg/_56400370_013259855-1.jpg",
                "path": "/tmcs/media/images/56400000/jpg/_56400370_013259855-1.jpg",
                "height": 261,
                "width": 464,
                "altText": "Yasuhiro Sonoda drinking Fukushima water",
                "caption": "Yasuhiro Sonoda said he released his stunt proved nothing",
                "copyrightHolder": "AFP",
                "originCode": "tmcs",
                "type": "image"
              },
              "id": "urn:bbc:ares::asset:news/world-asia-pacific-15533018",
              "type": "cps"
            }
          },
          {
            "id": "032e4a9e-e4bb-a448-8d55-4c2d940f871b",
            "rank": 4,
            "count": 16346,
            "urn": "urn:bbc:curie:asset:032e4a9e-e4bb-a448-8d55-4c2d940f871b",
            "promo": {
              "headlines": {
                "shortHeadline": "Inside the 21st floor of Grenfell Tower",
                "headline": "Inside the 21st floor of Grenfell Tower"
              },
              "locators": {
                "assetUri": "/news/uk-23154961",
                "cpsUrn": "urn:bbc:content:assetUri:news/uk-23154961",
                "curie": "http://www.bbc.co.uk/asset/032e4a9e-e4bb-a448-8d55-4c2d940f871b",
                "assetId": "23154961"
              },
              "summary": "Summary",
              "timestamp": 1525776595000,
              "language": "en-gb",
              "passport": {
                "category": {
                  "categoryId": "http://www.bbc.co.uk/ontologies/applicationlogic-news/Review",
                  "categoryName": "Review"
                },
                "taggings": []
              },
              "indexImage": {
                "id": "63593601",
                "subType": "index",
                "href": "http://b.files.bbci.co.uk/298F/test/_63593601_settee-700.jpg",
                "path": "/cpsdevpb/298F/test/_63593601_settee-700.jpg",
                "height": 394,
                "width": 700,
                "altText": "Sofa",
                "copyrightHolder": "BBC",
                "originCode": "cpsdevpb",
                "type": "image"
              },
              "id": "urn:bbc:ares::asset:news/uk-23154961",
              "type": "cps"
            }
          },
          {
            "id": "b5c5324b-5e23-e059-e040-850a02846523",
            "rank": 5,
            "count": 16130,
            "urn": "urn:bbc:curie:asset:b5c5324b-5e23-e059-e040-850a02846523",
            "promo": {
              "headlines": {
                "shortHeadline": "Ai Weiwei served with tax demand",
                "headline": "China artist Ai Weiwei served with $2m tax demand"
              },
              "locators": {
                "assetUri": "/news/world-asia-pacific-15533014",
                "cpsUrn": "urn:bbc:content:assetUri:news/world-asia-pacific-15533014",
                "curie": "http://www.bbc.co.uk/asset/b5c5324b-5e23-e059-e040-850a02846523",
                "assetId": "15533014"
              },
              "summary": "Chinese authorities serve Ai Weiwei with a demand telling him to pay $2.3m within 15 days, the artist tells journalists.",
              "timestamp": 1320147927000,
              "language": "en-gb",
              "passport": {
                "category": {
                  "categoryId": "http://www.bbc.co.uk/ontologies/applicationlogic-news/Feature",
                  "categoryName": "Feature"
                },
                "taggings": []
              },
              "indexImage": {
                "id": "63529574",
                "subType": "index",
                "href": "http://b.files.bbci.co.uk/B9E8/test/_63529574_012276100-1.jpg",
                "path": "/cpsdevpb/B9E8/test/_63529574_012276100-1.jpg",
                "height": 261,
                "width": 464,
                "altText": "Chinese artist Ai Weiwei under house arrest in the courtyard of his home in Beijing (November 2010)",
                "copyrightHolder": "Reuters",
                "originCode": "cpsdevpb",
                "type": "image"
              },
              "id": "urn:bbc:ares::asset:news/world-asia-pacific-15533014",
              "type": "cps"
            }
          },
          {
            "id": "4ab0674b-4491-d14d-97bc-6e98cef6fd38",
            "rank": 6,
            "count": 16068,
            "urn": "urn:bbc:curie:asset:4ab0674b-4491-d14d-97bc-6e98cef6fd38",
            "promo": {
              "headlines": {
                "shortHeadline": "Two die in Israel hotel shootings",
                "headline": "Israel: US gunman shot dead by police after killing one"
              },
              "locators": {
                "assetUri": "/news/world-middle-east-19841596",
                "cpsUrn": "urn:bbc:content:assetUri:news/world-middle-east-19841596",
                "curie": "http://www.bbc.co.uk/asset/4ab0674b-4491-d14d-97bc-6e98cef6fd38",
                "assetId": "19841596"
              },
              "summary": "An American man who killed one person after opening fire at a hotel in Israel's southern resort city of Eilat is shot dead by Israeli police.",
              "timestamp": 1350298040000,
              "language": "en-gb",
              "indexImage": {
                "id": "63753947",
                "subType": "index",
                "href": "http://b.files.bbci.co.uk/124B7/test/_63753947_p0931ww0.jpg",
                "path": "/cpsdevpb/124B7/test/_63753947_p0931ww0.jpg",
                "height": 549,
                "width": 976,
                "altText": "Johnson",
                "copyrightHolder": "BBC",
                "originCode": "cpsdevpb",
                "type": "image"
              },
              "id": "urn:bbc:ares::asset:news/world-middle-east-19841596",
              "type": "cps"
            }
          },
          {
            "id": "b5c5324b-60a9-e059-e040-850a02846523",
            "rank": 7,
            "count": 15769,
            "urn": "urn:bbc:curie:asset:b5c5324b-60a9-e059-e040-850a02846523",
            "promo": {
              "headlines": {
                "shortHeadline": "Soong enters Taiwan election race",
                "headline": "James Soong enters Taiwan presidential election race"
              },
              "locators": {
                "assetUri": "/news/world-asia-pacific-15538239",
                "cpsUrn": "urn:bbc:content:assetUri:news/world-asia-pacific-15538239",
                "curie": "http://www.bbc.co.uk/asset/b5c5324b-60a9-e059-e040-850a02846523",
                "assetId": "15538239"
              },
              "summary": "James Soong says he will contest Taiwan's presidential polls - potentially splitting support for the ruling Kuomintang party.",
              "timestamp": 1320147661000,
              "language": "en-gb",
              "byline": {
                "name": "By Cindy Sui",
                "title": "BBC News, Taipei",
                "persons": [
                  {
                    "name": "Cindy Sui",
                    "function": "BBC News, Taipei"
                  }
                ]
              },
              "indexImage": {
                "id": "63454620",
                "subType": "index",
                "href": "http://wwwpreview.test.newsonline.tc.nca.bbc.co.uk/media/images/63454000/jpg/_63454620_012962475-1.jpg",
                "path": "/tmcs/media/images/63454000/jpg/_63454620_012962475-1.jpg",
                "height": 261,
                "width": 464,
                "altText": "James Soong, pictured on 21 September 2011",
                "copyrightHolder": "AFP",
                "originCode": "tmcs",
                "type": "image"
              },
              "id": "urn:bbc:ares::asset:news/world-asia-pacific-15538239",
              "type": "cps"
            }
          },
          {
            "id": "c77147d1-1ffb-0a45-9076-f224655f435d",
            "rank": 8,
            "count": 15459,
            "urn": "urn:bbc:curie:asset:c77147d1-1ffb-0a45-9076-f224655f435d",
            "promo": {
              "headlines": {
                "shortHeadline": "Welcome to the UKs peaceful place",
                "headline": "The Norfolk district of Broadland has been named the most \"peaceful\""
              },
              "locators": {
                "assetUri": "/news/business-20070473",
                "cpsUrn": "urn:bbc:content:assetUri:news/business-20070473",
                "curie": "http://www.bbc.co.uk/asset/c77147d1-1ffb-0a45-9076-f224655f435d",
                "assetId": "20070473"
              },
              "summary": "The Norfolk district of Broadland has been named the most \"peaceful\"",
              "timestamp": 1366808565000,
              "language": "en-gb",
              "indexImage": {
                "id": "63526023",
                "subType": "index",
                "href": "http://b.files.bbci.co.uk/7D3E/test/_63526023_e99lg3tf.jpg",
                "path": "/cpsdevpb/7D3E/test/_63526023_e99lg3tf.jpg",
                "height": 351,
                "width": 624,
                "altText": "test",
                "caption": "test",
                "copyrightHolder": "BBC",
                "originCode": "cpsdevpb",
                "type": "image"
              },
              "id": "urn:bbc:ares::asset:news/business-20070473",
              "type": "cps"
            }
          },
          {
            "id": "52e6d851-5eec-7546-9193-5d6ba6ede668",
            "rank": 9,
            "count": 14858,
            "urn": "urn:bbc:curie:asset:52e6d851-5eec-7546-9193-5d6ba6ede668",
            "promo": {
              "headlines": {
                "shortHeadline": "Budget 2018: Everything you need to know",
                "headline": "Budget 2018: Everything you need to know"
              },
              "locators": {
                "assetUri": "/news/uk-23220380",
                "cpsUrn": "urn:bbc:content:assetUri:news/uk-23220380",
                "curie": "http://www.bbc.co.uk/asset/52e6d851-5eec-7546-9193-5d6ba6ede668",
                "assetId": "23220380"
              },
              "summary": "Budget 2018: Everything you need to know",
              "timestamp": 1540213875000,
              "language": "en-gb",
              "id": "urn:bbc:ares::asset:news/uk-23220380",
              "type": "cps"
            }
          },
          {
            "id": "b5c5324b-5e54-e059-e040-850a02846523",
            "rank": 10,
            "count": 14771,
            "urn": "urn:bbc:curie:asset:b5c5324b-5e54-e059-e040-850a02846523",
            "promo": {
              "headlines": {
                "shortHeadline": "Anger grows over Bangkok floods new",
                "headline": "Bangkok floods: Anger grows in deluged districts"
              },
              "locators": {
                "assetUri": "/news/world-asia-pacific-15533579",
                "cpsUrn": "urn:bbc:content:assetUri:news/world-asia-pacific-15533579",
                "curie": "http://www.bbc.co.uk/asset/b5c5324b-5e54-e059-e040-850a02846523",
                "assetId": "15533579"
              },
              "summary": "Flood water continues to pour into Bangkok's outer districts, angering residents who want barriers opened to allow the water to drain.",
              "timestamp": 1320135436000,
              "language": "en-gb",
              "indexImage": {
                "id": "63525979",
                "subType": "index",
                "href": "http://b.files.bbci.co.uk/17EA0/test/_63525979_013258232-1.jpg",
                "path": "/cpsdevpb/17EA0/test/_63525979_013258232-1.jpg",
                "height": 261,
                "width": 464,
                "altText": "Residents wait to be evacuated from a Bangkok suburb on 31 October 2011",
                "copyrightHolder": "Getty Images",
                "originCode": "cpsdevpb",
                "type": "image"
              },
              "id": "urn:bbc:ares::asset:news/world-asia-pacific-15533579",
              "type": "cps"
            }
          },
          {
            "id": "4f5ea6b4-3e4c-f241-9878-41d61e0588c5",
            "rank": 11,
            "count": 14720,
            "urn": "urn:bbc:curie:asset:4f5ea6b4-3e4c-f241-9878-41d61e0588c5",
            "promo": {
              "headlines": {
                "shortHeadline": "Live Page 1",
                "headline": "Live Page 1"
              },
              "locators": {
                "assetUri": "/sport/live/football/23188653",
                "cpsUrn": "urn:bbc:content:assetUri:sport/live/football/23188653",
                "curie": "http://www.bbc.co.uk/asset/4f5ea6b4-3e4c-f241-9878-41d61e0588c5",
                "assetId": "23188653"
              },
              "summary": "test",
              "timestamp": 1519658016000,
              "language": "en-gb",
              "isLive": false,
              "scheduledStartTime": 1538922600000,
              "scheduledEndTime": 1539124200000,
              "liveStatus": "AUTO",
              "id": "urn:bbc:ares::asset:sport/live/football/23188653",
              "type": "cps"
            }
          },
          {
            "id": "afbaa638-a7de-8044-9ce4-13ca8d1db19e",
            "rank": 12,
            "count": 13438,
            "urn": "urn:bbc:curie:asset:afbaa638-a7de-8044-9ce4-13ca8d1db19e",
            "promo": {
              "headlines": {
                "shortHeadline": "Food and drink sales 'on target'",
                "headline": "Scottish food and drink export sales 'on target'"
              },
              "locators": {
                "assetUri": "/news/uk-scotland-scotland-business-19827756",
                "cpsUrn": "urn:bbc:content:assetUri:news/uk-scotland-scotland-business-19827756",
                "curie": "http://www.bbc.co.uk/asset/afbaa638-a7de-8044-9ce4-13ca8d1db19e",
                "assetId": "19827756"
              },
              "summary": "Exports of Scottish food and drink could hit an industry target of £7.1bn in five years' time, according to the Lloyds Banking Group.",
              "timestamp": 1349364722000,
              "language": "en-gb",
              "passport": {
                "category": {
                  "categoryId": "http://www.bbc.co.uk/ontologies/applicationlogic-news/Feature",
                  "categoryName": "Feature"
                },
                "taggings": []
              },
              "indexImage": {
                "id": "63286147",
                "subType": "index",
                "href": "http://wwwpreview.test.newsonline.tc.nca.bbc.co.uk/media/images/63286000/jpg/_63286147_6___selected.jpg",
                "path": "/tmcs/media/images/63286000/jpg/_63286147_6___selected.jpg",
                "height": 261,
                "width": 464,
                "altText": "Selection of fresh fish",
                "copyrightHolder": "Scotland Food and Drink",
                "originCode": "tmcs",
                "type": "image"
              },
              "id": "urn:bbc:ares::asset:news/uk-scotland-scotland-business-19827756",
              "type": "cps"
            }
          },
          {
            "id": "056fbe35-c5ac-2046-8056-cafdfb5801ce",
            "rank": 13,
            "count": 13323,
            "urn": "urn:bbc:curie:asset:056fbe35-c5ac-2046-8056-cafdfb5801ce",
            "promo": {
              "headlines": {
                "shortHeadline": "Spain 'foils college bomb plot'",
                "headline": "Police 'foil plot to bomb Spain's Balearic university'"
              },
              "locators": {
                "assetUri": "/news/world-europe-19830770",
                "cpsUrn": "urn:bbc:content:assetUri:news/world-europe-19830770",
                "curie": "http://www.bbc.co.uk/asset/056fbe35-c5ac-2046-8056-cafdfb5801ce",
                "assetId": "19830770"
              },
              "summary": "Spanish police arrest a 21-year-old man in Palma on the island of Mallorca on suspicion of plotting to bomb the University of the Balearic Islands.",
              "timestamp": 1349354919000,
              "language": "en-gb",
              "indexImage": {
                "id": "63292151",
                "subType": "index",
                "href": "http://wwwpreview.test.newsonline.tc.nca.bbc.co.uk/media/images/63292000/jpg/_63292151_63292150.jpg",
                "path": "/tmcs/media/images/63292000/jpg/_63292151_63292150.jpg",
                "height": 432,
                "width": 768,
                "altText": "Explosives put on display by Spanish police, 4 October",
                "copyrightHolder": "AFP",
                "originCode": "tmcs",
                "type": "image"
              },
              "id": "urn:bbc:ares::asset:news/world-europe-19830770",
              "type": "cps"
            }
          },
          {
            "id": "f11cdf57-873f-6947-a99a-6c5764c96eb3",
            "rank": 14,
            "count": 12611,
            "urn": "urn:bbc:curie:asset:f11cdf57-873f-6947-a99a-6c5764c96eb3",
            "promo": {
              "headlines": {
                "shortHeadline": "Baby 'dropped to safety from tower fire'",
                "headline": "London fire: Baby caught after being 'dropped to safety from tower'"
              },
              "locators": {
                "assetUri": "/news/uk-england-london-23136787",
                "cpsUrn": "urn:bbc:content:assetUri:news/uk-england-london-23136787",
                "curie": "http://www.bbc.co.uk/asset/f11cdf57-873f-6947-a99a-6c5764c96eb3",
                "assetId": "23136787"
              },
              "summary": "A member of the public caught a baby which was dropped from a window, a witness says.",
              "timestamp": 1498736974000,
              "language": "en-gb",
              "indexImage": {
                "id": "63574616",
                "subType": "index",
                "href": "http://b.files.bbci.co.uk/F0CF/test/_63574616_40276194.jpg",
                "path": "/cpsdevpb/F0CF/test/_63574616_40276194.jpg",
                "height": 549,
                "width": 976,
                "altText": "The burned building of Grefell Tower block in north London",
                "copyrightHolder": "EPA",
                "originCode": "cpsdevpb",
                "type": "image"
              },
              "id": "urn:bbc:ares::asset:news/uk-england-london-23136787",
              "type": "cps"
            }
          },
          {
            "id": "36c4a13b-d5e0-9647-8270-dcd749828912",
            "rank": 15,
            "count": 12406,
            "urn": "urn:bbc:curie:asset:36c4a13b-d5e0-9647-8270-dcd749828912",
            "promo": {
              "headlines": {
                "shortHeadline": "N Korea 'ready for another nuclear test'",
                "headline": "N Korea 'ready for another nuclear test'"
              },
              "locators": {
                "assetUri": "/news/world-asia-23073373",
                "cpsUrn": "urn:bbc:content:assetUri:news/world-asia-23073373",
                "curie": "http://www.bbc.co.uk/asset/36c4a13b-d5e0-9647-8270-dcd749828912",
                "assetId": "23073373"
              },
              "summary": "South Korean officials have said North Korea could be ready to conduct another nuclear test at any time, according to the latest news reports.",
              "timestamp": 1473676252000,
              "language": "en-gb",
              "passport": {
                "category": {
                  "categoryId": "http://www.bbc.co.uk/ontologies/applicationlogic-news/Feature",
                  "categoryName": "Feature"
                },
                "taggings": []
              },
              "indexImage": {
                "id": "63507829",
                "subType": "index",
                "href": "http://b.files.bbci.co.uk/16AC6/test/_63507829__91161737_mediaitem91161735.jpg",
                "path": "/cpsdevpb/16AC6/test/_63507829__91161737_mediaitem91161735.jpg",
                "height": 432,
                "width": 768,
                "altText": "N Korea",
                "caption": "N Korea",
                "copyrightHolder": "BBC",
                "originCode": "cpsdevpb",
                "type": "image"
              },
              "id": "urn:bbc:ares::asset:news/world-asia-23073373",
              "type": "cps"
            }
          },
          {
            "id": "b5c5324a-d380-e059-e040-850a02846523",
            "rank": 16,
            "count": 11813,
            "urn": "urn:bbc:curie:asset:b5c5324a-d380-e059-e040-850a02846523",
            "promo": {
              "headlines": {
                "shortHeadline": "Join Brian Taylor's Big Debate audience",
                "headline": "Join Brian Taylor's Big Debate audience"
              },
              "locators": {
                "assetUri": "/news/uk-scotland-scotland-politics-15190428",
                "cpsUrn": "urn:bbc:content:assetUri:news/uk-scotland-scotland-politics-15190428",
                "curie": "http://www.bbc.co.uk/asset/b5c5324a-d380-e059-e040-850a02846523",
                "assetId": "15190428"
              },
              "summary": "BBC Scotland's political editor Brian Taylor chairs his Big Debate on Radio Scotland each Friday - would you like to join his audience?",
              "timestamp": 1349187919000,
              "language": "en-gb",
              "indexImage": {
                "id": "55858928",
                "subType": "index",
                "href": "http://wwwpreview.test.newsonline.tc.nca.bbc.co.uk/media/images/55858000/jpg/_55858928_briantaylor_direct.jpg",
                "path": "/tmcs/media/images/55858000/jpg/_55858928_briantaylor_direct.jpg",
                "height": 261,
                "width": 464,
                "altText": "Brian Taylor",
                "copyrightHolder": "bbc",
                "originCode": "tmcs",
                "type": "image"
              },
              "id": "urn:bbc:ares::asset:news/uk-scotland-scotland-politics-15190428",
              "type": "cps"
            }
          },
          {
            "id": "76fc8eda-7c03-1446-901a-7b198f2cd48d",
            "rank": 17,
            "count": 10978,
            "urn": "urn:bbc:curie:asset:76fc8eda-7c03-1446-901a-7b198f2cd48d",
            "promo": {
              "headlines": {
                "shortHeadline": "Kepler telescope spies 'most Earth-like' worlds to date special",
                "headline": "Kepler telescope spies 'most Earth-like' worlds to date long headline"
              },
              "locators": {
                "assetUri": "/news/business-20067799",
                "cpsUrn": "urn:bbc:content:assetUri:news/business-20067799",
                "curie": "http://www.bbc.co.uk/asset/76fc8eda-7c03-1446-901a-7b198f2cd48d",
                "assetId": "20067799"
              },
              "summary": "Kepler telescope spies 'most Earth-like' worlds to date",
              "timestamp": 1366378778000,
              "language": "en-gb",
              "passport": {
                "category": {
                  "categoryId": "http://www.bbc.co.uk/ontologies/applicationlogic-news/News",
                  "categoryName": "News"
                },
                "taggings": [],
                "predicates": {
                  "about": [
                    {
                      "value": "http://www.bbc.co.uk/things/add89d72-af77-4490-b479-25fd45bb5e72#id",
                      "thingLabel": "Design and Technology",
                      "thingUri": "http://www.bbc.co.uk/things/add89d72-af77-4490-b479-25fd45bb5e72#id",
                      "thingId": "add89d72-af77-4490-b479-25fd45bb5e72",
                      "thingType": [
                        "core:Thing",
                        "tagging:TagConcept"
                      ],
                      "thingSameAs": [
                        "http://www.bbc.co.uk/education/subjects/zykw2hv#field-of-study"
                      ],
                      "thingEnglishLabel": "Design and Technology",
                      "type": "about"
                    }
                  ]
                }
              },
              "indexImage": {
                "id": "63514161",
                "subType": "index",
                "href": "http://b.files.bbci.co.uk/3F0D/test/_63514161_mediaitem63514160.jpg",
                "path": "/cpsdevpb/3F0D/test/_63514161_mediaitem63514160.jpg",
                "height": 675,
                "width": 1200,
                "altText": "Kepler",
                "copyrightHolder": "AP",
                "originCode": "cpsdevpb",
                "type": "image"
              },
              "id": "urn:bbc:ares::asset:news/business-20067799",
              "type": "cps"
            }
          },
          {
            "id": "63f9a41c-d2d4-cf4e-bd2a-91bee6b135b4",
            "rank": 18,
            "count": 10913,
            "urn": "urn:bbc:curie:asset:63f9a41c-d2d4-cf4e-bd2a-91bee6b135b4",
            "promo": {
              "headlines": {
                "shortHeadline": "Five things you need to know about the US election",
                "headline": "Five things you need to know about the US election"
              },
              "locators": {
                "assetUri": "/news/magazine-19729802",
                "cpsUrn": "urn:bbc:content:assetUri:news/magazine-19729802",
                "curie": "http://www.bbc.co.uk/asset/63f9a41c-d2d4-cf4e-bd2a-91bee6b135b4",
                "assetId": "19729802"
              },
              "summary": "The US presidential campaign gets under way in earnest on Tuesday with the first televised debate. Now is the time to catch up on what you might have missed, in five easy bitesized chunks.",
              "timestamp": 1349046607000,
              "language": "en-gb",
              "byline": {
                "name": "By Tom Geoghegan",
                "title": "BBC News Magazine",
                "persons": [
                  {
                    "name": "Tom Geoghegan",
                    "function": "BBC News, Washington"
                  }
                ]
              },
              "indexImage": {
                "id": "63149363",
                "subType": "index",
                "href": "http://wwwpreview.test.newsonline.tc.nca.bbc.co.uk/media/images/63149000/jpg/_63149363_badge_think464.jpg",
                "path": "/tmcs/media/images/63149000/jpg/_63149363_badge_think464.jpg",
                "height": 261,
                "width": 464,
                "altText": "Badges",
                "copyrightHolder": "Getty Images",
                "originCode": "tmcs",
                "type": "image"
              },
              "id": "urn:bbc:ares::asset:news/magazine-19729802",
              "type": "cps"
            }
          },
          {
            "id": "cc1b0314-f39e-b24e-b223-2d844559bd39",
            "rank": 19,
            "count": 10390,
            "urn": "urn:bbc:curie:asset:cc1b0314-f39e-b24e-b223-2d844559bd39",
            "promo": {
              "headlines": {
                "shortHeadline": "Smith fury as top man Winter fails in wild goat chase",
                "headline": "Fuel theft disputes rock Mexico!"
              },
              "locators": {
                "assetUri": "/news/business-19784692",
                "cpsUrn": "urn:bbc:content:assetUri:news/business-19784692",
                "curie": "http://www.bbc.co.uk/asset/cc1b0314-f39e-b24e-b223-2d844559bd39",
                "assetId": "19784692"
              },
              "summary": "Fuel theft in Mexico sparks dispute over who is to blame: Mexican energy firms with lax security, or US energy firms who buy stolen oil and oil derivatives.",
              "timestamp": 1602780622000,
              "language": "en-gb",
              "byline": {
                "name": "By Will Grant",
                "title": "BBC News, Mexico",
                "persons": [
                  {
                    "name": "Will Grant",
                    "function": "BBC News"
                  }
                ]
              },
              "passport": {
                "category": {
                  "categoryId": "http://www.bbc.co.uk/ontologies/applicationlogic-news/News",
                  "categoryName": "News"
                },
                "language": "en-gb",
                "home": "http://www.bbc.co.uk/ontologies/passport/home/News",
                "locator": "urn:bbc:cps:curie:asset:cc1b0314-f39e-b24e-b223-2d844559bd39",
                "availability": "AVAILABLE",
                "taggings": [
                  {
                    "predicate": "http://www.bbc.co.uk/ontologies/bbc/assetType",
                    "value": "http://www.bbc.co.uk/things/22ea958e-2004-4f34-80a7-bf5acad52f6f#id"
                  },
                  {
                    "predicate": "http://www.bbc.co.uk/ontologies/creativework/about",
                    "value": "http://www.bbc.co.uk/things/574d8ac3-fe33-4c67-bf80-d04d38c2df51#id"
                  },
                  {
                    "predicate": "http://www.bbc.co.uk/ontologies/bbc/contributor",
                    "value": "http://www.bbc.co.uk/things/dd516d2e-f5ce-49bf-b374-7fb2d278b242#id"
                  },
                  {
                    "predicate": "http://www.bbc.co.uk/ontologies/creativework/format",
                    "value": "http://www.bbc.co.uk/things/46c0517d-9927-4d1a-9954-8c63a3f7a888#id"
                  },
                  {
                    "predicate": "http://www.bbc.co.uk/ontologies/bbc/primaryMediaType",
                    "value": "http://www.bbc.co.uk/things/5566b81b-8509-44c1-8503-018a0eab317d#id"
                  }
                ],
                "schemaVersion": "1.4.0",
                "publishedState": "PUBLISHED",
                "predicates": {
                  "contributor": [
                    {
                      "value": "http://www.bbc.co.uk/things/dd516d2e-f5ce-49bf-b374-7fb2d278b242#id",
                      "type": "contributor"
                    }
                  ],
                  "assetType": [
                    {
                      "value": "http://www.bbc.co.uk/things/22ea958e-2004-4f34-80a7-bf5acad52f6f#id",
                      "type": "assetType"
                    }
                  ],
                  "primaryMediaType": [
                    {
                      "value": "http://www.bbc.co.uk/things/5566b81b-8509-44c1-8503-018a0eab317d#id",
                      "type": "primaryMediaType"
                    }
                  ],
                  "formats": [
                    {
                      "value": "http://www.bbc.co.uk/things/46c0517d-9927-4d1a-9954-8c63a3f7a888#id",
                      "thingLabel": "Report",
                      "thingUri": "http://www.bbc.co.uk/things/46c0517d-9927-4d1a-9954-8c63a3f7a888#id",
                      "thingId": "46c0517d-9927-4d1a-9954-8c63a3f7a888",
                      "thingType": [
                        "tagging:TagConcept",
                        "tagging:Format"
                      ],
                      "thingSameAs": [],
                      "thingEnglishLabel": "Report",
                      "thingPreferredLabel": "Report",
                      "thingLabelLanguage": "en-gb",
                      "trustProject": "ReportageNewsArticle",
                      "type": "formats"
                    }
                  ],
                  "about": [
                    {
                      "value": "http://www.bbc.co.uk/things/574d8ac3-fe33-4c67-bf80-d04d38c2df51#id",
                      "thingLabel": "Murder Charge",
                      "thingUri": "http://www.bbc.co.uk/things/574d8ac3-fe33-4c67-bf80-d04d38c2df51#id",
                      "thingId": "574d8ac3-fe33-4c67-bf80-d04d38c2df51",
                      "thingType": [
                        "core:Thing",
                        "core:MusicArtist",
                        "core:MusicGroup",
                        "tagging:Agent",
                        "tagging:TagConcept",
                        "tagging:AmbiguousTerm"
                      ],
                      "thingSameAs": [
                        "http://musicbrainz.org/artist/feb82775-c0a4-4aa8-9697-ca014004ec3b#_"
                      ],
                      "thingEnglishLabel": "Murder Charge",
                      "type": "about"
                    }
                  ]
                }
              },
              "indexImage": {
                "id": "63590578",
                "subType": "index",
                "href": "http://b.files.bbci.co.uk/155D5/test/_63590578_salary_calc_promo976.png",
                "path": "/cpsdevpb/155D5/test/_63590578_salary_calc_promo976.png",
                "height": 549,
                "width": 976,
                "altText": "salary 5",
                "copyrightHolder": "BBC",
                "originCode": "cpsdevpb",
                "type": "image"
              },
              "id": "urn:bbc:ares::asset:news/business-19784692",
              "type": "cps"
            }
          },
          {
            "id": "6a1be18f-5326-204f-9a75-7db0204325b4",
            "rank": 20,
            "count": 10263,
            "urn": "urn:bbc:curie:asset:6a1be18f-5326-204f-9a75-7db0204325b4",
            "promo": {
              "headlines": {
                "shortHeadline": "Alonso still on pole to win title",
                "headline": "Jaime Alguersuari column: Fernando Alonso's consistency key"
              },
              "locators": {
                "assetUri": "/sport/formula1/19732939",
                "cpsUrn": "urn:bbc:content:assetUri:sport/formula1/19732939",
                "curie": "http://www.bbc.co.uk/asset/6a1be18f-5326-204f-9a75-7db0204325b4",
                "assetId": "19732939"
              },
              "summary": "Lewis Hamilton is flying and Sebastian Vettel has closed in but Fernando Alonso is still championship favourite, says ex-F1 driver Jaime Alguersuari.",
              "timestamp": 1348667354000,
              "language": "en-gb",
              "byline": {
                "name": "By Jaime Alguersuari ",
                "title": "Former F1 driver and BBC Radio 5 live analyst",
                "persons": [
                  {
                    "name": "Jaime Alguersuari",
                    "function": "BBC Radio 5 live analyst",
                    "thumbnail": "http://wwwpreview.test.newsonline.tc.nca.bbc.co.uk/media/images/60185000/jpg/_60185530_1429295-high_res-formula-1-2012(1).jpg"
                  }
                ]
              },
              "passport": {
                "category": {
                  "categoryId": "http://www.bbc.co.uk/ontologies/applicationlogic-sport/Feature",
                  "categoryName": "Feature"
                },
                "taggings": []
              },
              "indexImage": {
                "id": "63131098",
                "subType": "index",
                "href": "http://wwwpreview.test.newsonline.tc.nca.bbc.co.uk/media/images/63131000/jpg/_63131098_alonsogetty.jpg",
                "path": "/tmcs/media/images/63131000/jpg/_63131098_alonsogetty.jpg",
                "height": 261,
                "width": 464,
                "altText": "Fernando Alonso",
                "caption": "Fernando Alonso",
                "copyrightHolder": "Getty Images",
                "originCode": "tmcs",
                "type": "image"
              },
              "id": "urn:bbc:ares::asset:sport/formula1/19732939",
              "type": "cps"
            }
          }
        ]
      }
    }
  },
  "contentType": "application/json; charset=utf-8"
}