{
  "data": {
    "generated": "2023-06-19T14:57:36.954Z",
    "lastRecordTimeStamp": "2023-06-19T14:54:00Z",
    "firstRecordTimeStamp": "2023-06-19T12:54:00Z",
    "items": [
      {
        "id": "urn:bbc:optimo:asset:cd1zz8dj340o",
        "rank": 1,
        "title": "ગુજરાતમાં ચોમાસું કઈ તારીખે પહોંચશે, કયા વિસ્તારોમાં પડશે ધોધમાર વરસાદ?",
        "href": "https://www.bbc.com/gujarati/articles/cd1zz8dj340o",
        "timestamp": 1687182628302
      },
      {
        "id": "urn:bbc:optimo:asset:cz4pe8nzprpo",
        "rank": 2,
        "title": "સ્વામી શ્રદ્ધાનંદ : જીવતી દાટી દીધેલી પત્નીની કબર પર ડાન્સ પાર્ટીઓની ખોફનાક કહાણી",
        "href": "https://www.bbc.com/gujarati/articles/cz4pe8nzprpo",
        "timestamp": 1685449978373
      },
      {
        "id": "e5c6227a-d279-448f-a526-dc5f6e9f85b2",
        "rank": 3,
        "title": "અમદાવાદ: જ્યારે સરજુ નામના હાથીએ રથયાત્રા અટકાવવા ઊભેલી પોલીસ વાનને સૂંઢથી ફેંકી દીધી",
        "href": "/gujarati/india-61968588",
        "timestamp": 1687157249000
      },
      {
        "id": "urn:bbc:optimo:asset:cd163974lr7o",
        "rank": 4,
        "title": "સ્મિતા પાટીલ : ગુજરાતી ફિલ્મોમાં કામ કરી ચૂકેલાં આ અભિનેત્રી કેમ અકાળે અવસાન પામ્યાં?",
        "href": "https://www.bbc.com/gujarati/articles/cd163974lr7o",
        "timestamp": 1687087569928
      },
      {
        "id": "urn:bbc:optimo:asset:c4nrez1v1gyo",
        "rank": 5,
        "title": "એ બે શબ્દો જેના કારણે અમદાવાદના ડૉન લતીફના અંતનો આરંભ થયો...",
        "href": "https://www.bbc.com/gujarati/articles/c4nrez1v1gyo",
        "timestamp": 1669717749729
      },
      {
        "id": "urn:bbc:optimo:asset:cnlkryrk5kwo",
        "rank": 6,
        "title": "અમેરિકામાં થયેલો એ ભીષણ નરસંહાર, જેમાં 300 લોકોને મારીને દફનાવી દેવાયા હતા",
        "href": "https://www.bbc.com/gujarati/articles/cnlkryrk5kwo",
        "timestamp": 1687152296959
      },
      {
        "id": "urn:bbc:optimo:asset:c4nvegdp347o",
        "rank": 7,
        "title": "માનવ શરીરની રચનામાં પ્રકૃતિએ કેટલી ભૂલો કરી છે?",
        "href": "https://www.bbc.com/gujarati/articles/c4nvegdp347o",
        "timestamp": 1687152839091
      },
      {
        "id": "urn:bbc:optimo:asset:cw0p79qgek0o",
        "rank": 8,
        "title": "શક્તિસિંહ ગોહિલ : ગુજરાત કૉંગ્રેસના નવા પ્રમુખ સામેના પડકારો કેટલાં અઘરા?",
        "href": "https://www.bbc.com/gujarati/articles/cw0p79qgek0o",
        "timestamp": 1687141701044
      },
      {
        "id": "urn:bbc:optimo:asset:c6pv7e931leo",
        "rank": 9,
        "title": "જ્યારે રાજાના ત્રાસથી પ્રજાને બચાવવા 72 'જખ્ખૌ' આવ્યાં - બિપરજોયમાં સૌથી વધુ અસર પામેલા જખૌ બંદરની કહાણી",
        "href": "https://www.bbc.com/gujarati/articles/c6pv7e931leo",
        "timestamp": 1686920940767
      },
      {
        "id": "urn:bbc:optimo:asset:cg3z1m0jk81o",
        "rank": 10,
        "title": "વ્રજવાણી : જ્યારે 140 આયરાણીઓએ દેહત્યાગ કર્યો અને 500 વર્ષ સુધી આહીરોએ અહીંનું પાણી ના પીધું ",
        "href": "https://www.bbc.com/gujarati/articles/cg3z1m0jk81o",
        "timestamp": 1679494080679
      },
      {
        "id": "urn:bbc:optimo:asset:cqvq08vzg99o",
        "rank": 11,
        "title": "આદિપુરુષનાં ડાયલૉગ પર વિવાદની ઝપટે ચડી ગયેલા લેખક મનોજ મુંતશિર કોણ છે?",
        "href": "https://www.bbc.com/gujarati/articles/cqvq08vzg99o",
        "timestamp": 1687093901288
      },
      {
        "id": "urn:bbc:optimo:asset:cydg8v93039o",
        "rank": 12,
        "title": "આદિપુરુષ : હનુમાનના ડાયલૉગ્સ અને ભાષાને લઈને વિવાદ છતાં 200 કરોડની કમાણી કેવી રીતે કરી? ",
        "href": "https://www.bbc.com/gujarati/articles/cydg8v93039o",
        "timestamp": 1687169068348
      },
      {
        "id": "urn:bbc:optimo:asset:cy645qw3pqlo",
        "rank": 13,
        "title": "100થી વધુ છોકરીઓ સાથે શારીરિક સંબંધ બાંધીને વીડિયો રેકૉર્ડિંગ કરનારને આજીવન કેદ, શું છે સમગ્ર મામલો?",
        "href": "https://www.bbc.com/gujarati/articles/cy645qw3pqlo",
        "timestamp": 1687159855447
      },
      {
        "id": "urn:bbc:optimo:asset:cgxzlwd1nz5o",
        "rank": 14,
        "title": "પગ પર પગ ચઢાવીને બેસવું સ્વાસ્થ્ય માટે જોખમી કેમ છે?",
        "href": "https://www.bbc.com/gujarati/articles/cgxzlwd1nz5o",
        "timestamp": 1687166364282
      },
      {
        "id": "urn:bbc:optimo:asset:cjjy9qee9n3o",
        "rank": 15,
        "title": "'બહેનની છેડતીનો વિરોધ કરનાર' દસમાના વિદ્યાર્થીને પેટ્રોલ છાંટી આગ ચાંપી દેવાઈ, મૃત્યુ પહેલાં કહ્યું 'તેમને છોડતા નહીં' ",
        "href": "https://www.bbc.com/gujarati/articles/cjjy9qee9n3o",
        "timestamp": 1687073801394
      },
      {
        "id": "urn:bbc:optimo:asset:c045p2ejyd9o",
        "rank": 16,
        "title": "અમૃતસરઃ ભારતનું એ શહેર, જ્યાં કોઈએ ભૂખ્યા પેટે સૂવું નથી પડતું ",
        "href": "https://www.bbc.com/gujarati/articles/c045p2ejyd9o",
        "timestamp": 1686992600173
      },
      {
        "id": "urn:bbc:optimo:asset:c14xpn0zgy2o",
        "rank": 17,
        "title": "બિપરજોય વાવાઝોડા બાદ ગુજરાતમાં અહીં ‘સાંબેલાધાર વરસાદ’, હવામાન વિભાગે કરી આગાહી",
        "href": "https://www.bbc.com/gujarati/articles/c14xpn0zgy2o",
        "timestamp": 1687077170428
      },
      {
        "id": "urn:bbc:optimo:asset:cp34jexvyyzo",
        "rank": 18,
        "title": "જૂનાગઢમાં થયેલી હિંસા મામલે રાષ્ટ્રીય બાળ અધિકાર સંરક્ષણ આયોગે એસપીને પત્ર લખ્યો",
        "href": "https://www.bbc.com/gujarati/articles/cp34jexvyyzo",
        "timestamp": 1687097702696
      },
      {
        "id": "67d8c693-41f8-4b3f-8bf7-d2ecce69b680",
        "rank": 19,
        "title": "ગુજરાતનું એ ગામ જ્યાં લગ્ન માટે કન્યાઓ બીજાં રાજ્યોમાંથી લાવવી પડે છે",
        "href": "/gujarati/india-61771289",
        "timestamp": 1660874593000
      },
      {
        "id": "aae4f8bf-3240-42b1-b11c-c542eeeceb64",
        "rank": 20,
        "title": "એ સેક્સ સ્કૅન્ડલ જેણે આખા બ્રિટનને હચમચાવી મૂક્યું હતું",
        "href": "/gujarati/international-59827802",
        "timestamp": 1640945470000
      }
    ],
    "metadata": {
      "atiAnalytics": {
        "contentType": "list-datadriven",
        "pageIdentifier": "gujarati.popular.read.page",
        "timePublished": "2023-06-19T12:54:00Z",
        "timeUpdated": "2023-06-19T14:54:00Z"
      }
    }
  }
}
