{
  "generated": "2020-09-22T12:03:00.378Z",
  "lastRecordTimeStamp": "2030-01-01T17:00:00Z",
  "firstRecordTimeStamp": "2019-06-13T10:32:00Z",
  "totalRecords": 7,
  "records": [
    {
      "id": "bd849ac2-1084-eb47-8d77-e5e2f8855451",
      "rank": 1,
      "count": 9193,
      "urn": "urn:bbc:curie:asset:bd849ac2-1084-eb47-8d77-e5e2f8855451",
      "promo": {
        "headlines": {
          "shortHeadline": "Test clip to verify the vertical clip functionality in Vivo",
          "headline": "Test asset"
        },
        "locators": {
          "assetUri": "/news/education-23119419",
          "cpsUrn": "urn:bbc:content:assetUri:news/education-23119419",
          "curie": "http://www.bbc.co.uk/asset/bd849ac2-1084-eb47-8d77-e5e2f8855451",
          "assetId": "23119419"
        },
        "summary": "test asset",
        "timestamp": 1493222071000,
        "language": "en-gb",
        "media": {
          "id": "p019bw91",
          "subType": "clip",
          "format": "video",
          "title": "Test clip to verify the vertical clip functionality in Vivo",
          "synopses": {
            "short": "Test asset"
          },
          "imageUrl": "ichef.test.bbci.co.uk/images/ic/$recipe/p019bw9d.jpg",
          "embedding": false,
          "advertising": true,
          "caption": "Test asset",
          "versions": [
            {
              "versionId": "p019bw93",
              "types": ["Portrait"],
              "duration": 16,
              "durationISO8601": "PT16S",
              "warnings": {},
              "availableTerritories": {
                "uk": true,
                "nonUk": true
              },
              "availableFrom": 1491493332000
            }
          ],
          "type": "media"
        },
        "indexImage": {
          "id": "63533037",
          "subType": "index",
          "href": "http://b.files.bbci.co.uk/11D49/test/_63533037_p019bw9d.jpg",
          "path": "/cpsdevpb/11D49/test/_63533037_p019bw9d.jpg",
          "height": 576,
          "width": 1024,
          "altText": "Keyframe",
          "caption": "1",
          "copyrightHolder": "1",
          "type": "image"
        },
        "id": "urn:bbc:ares::asset:news/education-23119419",
        "type": "cps"
      }
    },
    {
      "id": "c7c30040-1c8e-8844-8c50-9b5f3823e7b4",
      "rank": 2,
      "count": 9135,
      "urn": "urn:bbc:curie:asset:c7c30040-1c8e-8844-8c50-9b5f3823e7b4",
      "promo": {
        "headlines": {
          "shortHeadline": "Gelila, miraculée des eaux 2",
          "headline": "Gelila, miraculée des eaux 2"
        },
        "locators": {
          "assetUri": "/afrique/23053607",
          "cpsUrn": "urn:bbc:content:assetUri:afrique/23053607",
          "curie": "http://www.bbc.co.uk/asset/c7c30040-1c8e-8844-8c50-9b5f3823e7b4",
          "assetId": "23053607"
        },
        "summary": "Gelila, miraculée des eaux",
        "timestamp": 1466173996000,
        "language": "fr",
        "media": {
          "id": "63485393",
          "subType": "primary",
          "format": "audio",
          "externalId": "bbc_world_service_west_africa",
          "duration": "PT0S",
          "caption": "Gelila, miraculée des eaux",
          "image": {
            "id": "63485393",
            "subType": "thumbnail",
            "href": "http://b.files.bbci.co.uk/E1D1/test/_63490875_160617112451_boat_512x288__nocredit.jpg",
            "path": "/cpsdevpb/E1D1/test/_63490875_160617112451_boat_512x288__nocredit.jpg",
            "height": 360,
            "width": 640,
            "altText": "Gelila, miraculée des eaux",
            "copyrightHolder": "BBC",
            "type": "image"
          },
          "embedding": false,
          "available": true,
          "live": true,
          "type": "version"
        },
        "indexImage": {
          "id": "63490877",
          "subType": "index",
          "href": "http://b.files.bbci.co.uk/12FF1/test/_63490877_160617112451_boat_512x288__nocredit.jpg",
          "path": "/cpsdevpb/12FF1/test/_63490877_160617112451_boat_512x288__nocredit.jpg",
          "height": 351,
          "width": 624,
          "altText": "Gelila, miraculée des eaux",
          "caption": "Gelila, miraculée des eaux",
          "copyrightHolder": "BBC",
          "type": "image"
        },
        "id": "urn:bbc:ares::asset:afrique/23053607",
        "type": "cps"
      }
    },
    {
      "id": "00ae411f-2d39-0441-9ed8-8954477bfc95",
      "rank": 3,
      "count": 8784,
      "urn": "urn:bbc:curie:asset:00ae411f-2d39-0441-9ed8-8954477bfc95",
      "promo": {
        "headlines": {
          "shortHeadline": "Gelila, miraculée des eaux",
          "headline": "Gelila, miraculée des eaux"
        },
        "locators": {
          "assetUri": "/afrique/23053606",
          "cpsUrn": "urn:bbc:content:assetUri:afrique/23053606",
          "curie": "http://www.bbc.co.uk/asset/00ae411f-2d39-0441-9ed8-8954477bfc95",
          "assetId": "23053606"
        },
        "summary": "Gelila, miraculée des eaux",
        "timestamp": 1466173587000,
        "language": "fr",
        "media": {
          "id": "63485393",
          "subType": "primary",
          "format": "audio",
          "externalId": "bbc_world_service_west_africa",
          "duration": "PT0S",
          "caption": "Gelila, miraculée des eaux",
          "image": {
            "id": "63485393",
            "subType": "thumbnail",
            "href": "http://b.files.bbci.co.uk/E1D1/test/_63490875_160617112451_boat_512x288__nocredit.jpg",
            "path": "/cpsdevpb/E1D1/test/_63490875_160617112451_boat_512x288__nocredit.jpg",
            "height": 360,
            "width": 640,
            "altText": "Gelila, miraculée des eaux",
            "copyrightHolder": "BBC",
            "type": "image"
          },
          "embedding": false,
          "available": true,
          "live": true,
          "type": "version"
        },
        "indexImage": {
          "id": "63490877",
          "subType": "index",
          "href": "http://b.files.bbci.co.uk/12FF1/test/_63490877_160617112451_boat_512x288__nocredit.jpg",
          "path": "/cpsdevpb/12FF1/test/_63490877_160617112451_boat_512x288__nocredit.jpg",
          "height": 351,
          "width": 624,
          "altText": "Gelila, miraculée des eaux",
          "caption": "Gelila, miraculée des eaux",
          "copyrightHolder": "BBC",
          "type": "image"
        },
        "id": "urn:bbc:ares::asset:afrique/23053606",
        "type": "cps"
      }
    },
    {
      "id": "45baf56a-c9f3-f444-b263-e2e1a1ca5a6c",
      "rank": 4,
      "count": 5135,
      "urn": "urn:bbc:curie:asset:45baf56a-c9f3-f444-b263-e2e1a1ca5a6c",
      "promo": {
        "headlines": {
          "shortHeadline": "Test clip to verify the vertical clip functionality in Vivo- clone",
          "headline": "Test asset"
        },
        "locators": {
          "assetUri": "/news/health-23118996",
          "cpsUrn": "urn:bbc:content:assetUri:news/health-23118996",
          "curie": "http://www.bbc.co.uk/asset/45baf56a-c9f3-f444-b263-e2e1a1ca5a6c",
          "assetId": "23118996"
        },
        "summary": "test asset",
        "timestamp": 1493220094000,
        "language": "en-gb",
        "media": {
          "id": "p019bw91",
          "subType": "clip",
          "format": "video",
          "title": "Test clip to verify the vertical clip functionality in Vivo",
          "synopses": {
            "short": "Test asset"
          },
          "imageUrl": "ichef.test.bbci.co.uk/images/ic/$recipe/p019bw9d.jpg",
          "embedding": false,
          "advertising": true,
          "caption": "Test asset",
          "versions": [
            {
              "versionId": "p019bw93",
              "types": ["Portrait"],
              "duration": 16,
              "durationISO8601": "PT16S",
              "warnings": {},
              "availableTerritories": {
                "uk": true,
                "nonUk": true
              },
              "availableFrom": 1491493332000
            }
          ],
          "type": "media"
        },
        "indexImage": {
          "id": "63533037",
          "subType": "index",
          "href": "http://b.files.bbci.co.uk/11D49/test/_63533037_p019bw9d.jpg",
          "path": "/cpsdevpb/11D49/test/_63533037_p019bw9d.jpg",
          "height": 576,
          "width": 1024,
          "altText": "Keyframe",
          "caption": "1",
          "copyrightHolder": "1",
          "type": "image"
        },
        "id": "urn:bbc:ares::asset:news/health-23118996",
        "type": "cps"
      }
    },
    {
      "id": "9e176c72-d83a-9344-9bd5-e0d4fee04e73",
      "rank": 5,
      "count": 2929,
      "urn": "urn:bbc:curie:asset:9e176c72-d83a-9344-9bd5-e0d4fee04e73",
      "promo": {
        "headlines": {
          "shortHeadline": "Test 1 - Magari yasiyotumia mafuta yaanza kazi Kenya",
          "headline": "Test 2 - Magari yasiyotumia mafuta yaanza kazi Kenya"
        },
        "locators": {
          "assetUri": "/somali/cayaaraha-23066582",
          "cpsUrn": "urn:bbc:content:assetUri:somali/cayaaraha-23066582",
          "curie": "http://www.bbc.co.uk/asset/9e176c72-d83a-9344-9bd5-e0d4fee04e73",
          "assetId": "23066582"
        },
        "summary": "Test 3 - Magari yasiyotumia mafuta yaanza kazi Kenya",
        "timestamp": 1470741174000,
        "language": "so",
        "passport": {
          "category": {
            "categoryId": "http://www.bbc.co.uk/ontologies/applicationlogic-news/Feature",
            "categoryName": "Feature"
          },
          "taggings": []
        },
        "media": {
          "id": "23062547",
          "subType": "primary",
          "format": "video",
          "externalId": "p014t04t",
          "entityType": "Clip",
          "caption": "Test 2 - Magari yasiyotumia mafuta yaanza kazi Kenya",
          "statusCode": 404,
          "statusMessage": "Asset could not be found. Perhaps it was withdrawn.",
          "type": "external_vpid"
        },
        "indexImage": {
          "id": "63502568",
          "subType": "index",
          "href": "http://b.files.bbci.co.uk/151F8/test/_63502568_p012zl0f.jpg",
          "path": "/cpsdevpb/151F8/test/_63502568_p012zl0f.jpg",
          "height": 576,
          "width": 1024,
          "altText": "BBC",
          "copyrightHolder": "BBC",
          "type": "image"
        },
        "id": "urn:bbc:ares::asset:somali/cayaaraha-23066582",
        "type": "cps"
      }
    },
    {
      "id": "76619b13-28fa-a449-8f79-f0d33f792b14",
      "rank": 6,
      "count": 2483,
      "urn": "urn:bbc:curie:asset:76619b13-28fa-a449-8f79-f0d33f792b14",
      "promo": {
        "headlines": {
          "shortHeadline": "L’invité BBC Afrique 21/06/2016 : Ibrahim Maïga audio",
          "headline": "L’invité BBC Afrique 21/06/2016 : Ibrahim Maïga short"
        },
        "locators": {
          "assetUri": "/afrique/sports-23055672",
          "cpsUrn": "urn:bbc:content:assetUri:afrique/sports-23055672",
          "curie": "http://www.bbc.co.uk/asset/76619b13-28fa-a449-8f79-f0d33f792b14",
          "assetId": "23055672"
        },
        "summary": "Au Mali, cela fait un an jour pour jour que les accords de paix d'Alger ont été signes. Mais où en est le pays dans la mise en œuvre de ces accords?",
        "timestamp": 1466767754000,
        "language": "fr",
        "passport": {
          "category": {
            "categoryId": "http://www.bbc.co.uk/ontologies/applicationlogic-news/News",
            "categoryName": "News"
          },
          "taggings": []
        },
        "media": {
          "id": "23055673",
          "subType": "primary",
          "format": "audio",
          "externalId": "p01458cf",
          "entityType": "Clip",
          "caption": "L’invité BBC Afrique 21/06/2016 : Ibrahim Maïga short",
          "statusCode": 404,
          "statusMessage": "Asset could not be found. Perhaps it was withdrawn.",
          "type": "external_vpid"
        },
        "indexImage": {
          "id": "63492699",
          "subType": "index",
          "href": "http://b.files.bbci.co.uk/1852D/test/_63492699_p01458jl.jpg",
          "path": "/cpsdevpb/1852D/test/_63492699_p01458jl.jpg",
          "height": 576,
          "width": 1024,
          "altText": "L’invité BBC Afrique 21/06/2016 : Ibrahim Maïga",
          "caption": "audío",
          "copyrightHolder": "Alamy",
          "type": "image"
        },
        "id": "urn:bbc:ares::asset:afrique/sports-23055672",
        "type": "cps"
      }
    },
    {
      "id": "602b87eb-2b23-6948-b5c3-c0e9cc5aa513",
      "rank": 7,
      "count": 174,
      "urn": "urn:bbc:curie:asset:602b87eb-2b23-6948-b5c3-c0e9cc5aa513",
      "promo": {
        "headlines": {
          "shortHeadline": "Brexit : les immigrés face au référendum minora change",
          "headline": "Brexit : les immigrés face au référendum short minora change"
        },
        "locators": {
          "assetUri": "/afrique/monde-23055670",
          "cpsUrn": "urn:bbc:content:assetUri:afrique/monde-23055670",
          "curie": "http://www.bbc.co.uk/asset/602b87eb-2b23-6948-b5c3-c0e9cc5aa513",
          "assetId": "23055670"
        },
        "summary": "Brexit : les immigrés face au référendum medium",
        "timestamp": 1466767510000,
        "language": "fr",
        "passport": {
          "category": {
            "categoryId": "http://www.bbc.co.uk/ontologies/applicationlogic-news/News",
            "categoryName": "News"
          },
          "taggings": []
        },
        "media": {
          "id": "23055671",
          "subType": "primary",
          "format": "video",
          "externalId": "p0145893",
          "entityType": "Clip",
          "caption": "Brexit : les immigrés face au référendum short",
          "statusCode": 404,
          "statusMessage": "Asset could not be found. Perhaps it was withdrawn.",
          "type": "external_vpid"
        },
        "indexImage": {
          "id": "63493119",
          "subType": "index",
          "href": "http://b.files.bbci.co.uk/16403/test/_63493119_89aa6162-e8af-4aa8-ba99-93359b855bf5.jpg",
          "path": "/cpsdevpb/16403/test/_63493119_89aa6162-e8af-4aa8-ba99-93359b855bf5.jpg",
          "height": 576,
          "width": 1024,
          "altText": "Brexit : les immigrés face au référendum minora change",
          "caption": "brexit au référendum minora change",
          "copyrightHolder": "BBC Sport",
          "type": "image"
        },
        "id": "urn:bbc:ares::asset:afrique/monde-23055670",
        "type": "cps"
      }
    }
  ]
}
