{
  "data": {
    "article": {
      "content": {
        "model": {
          "blocks": [
            {
              "id": "c2e072c7",
              "type": "headline",
              "model": {
                "blocks": [
                  {
                    "id": "db9051f9",
                    "type": "text",
                    "model": {
                      "blocks": [
                        {
                          "id": "aa292b2e",
                          "type": "paragraph",
                          "model": {
                            "text": "यो यस परीक्षण लेखको शिर्षक हो",
                            "blocks": [
                              {
                                "id": "554e8602",
                                "type": "fragment",
                                "model": {
                                  "text": "यो यस परीक्षण लेखको शिर्षक हो",
                                  "attributes": []
                                },
                                "position": [
                                  1,
                                  1,
                                  1,
                                  1
                                ]
                              }
                            ]
                          },
                          "position": [
                            1,
                            1,
                            1
                          ]
                        }
                      ]
                    },
                    "position": [
                      1,
                      1
                    ]
                  }
                ]
              },
              "position": [
                1
              ]
            },
            {
              "id": "a88af170",
              "type": "image",
              "model": {
                "blocks": [
                  {
                    "id": "4fd51e51",
                    "type": "caption",
                    "model": {
                      "blocks": [
                        {
                          "id": "1324a1d3",
                          "type": "text",
                          "model": {
                            "blocks": [
                              {
                                "id": "1bd22d54",
                                "type": "paragraph",
                                "model": {
                                  "text": "यस परीक्षण छवि, प्रतिलिपि अधिकार बीबीसी, फ्रान्स को नक्शा देखाउँदछ। छवि पहिलो तीन ब्लकमा छ र यो क्याप्शन छ।",
                                  "blocks": [
                                    {
                                      "id": "27883c85",
                                      "type": "fragment",
                                      "model": {
                                        "text": "यस परीक्षण छवि, प्रतिलिपि अधिकार बीबीसी, फ्रान्स को नक्शा देखाउँदछ। छवि पहिलो तीन ब्लकमा छ र यो क्याप्शन छ।",
                                        "attributes": []
                                      },
                                      "position": [
                                        2,
                                        1,
                                        1,
                                        1,
                                        1
                                      ]
                                    }
                                  ]
                                },
                                "position": [
                                  2,
                                  1,
                                  1,
                                  1
                                ]
                              }
                            ]
                          },
                          "position": [
                            2,
                            1,
                            1
                          ]
                        }
                      ]
                    },
                    "position": [
                      2,
                      1
                    ]
                  },
                  {
                    "id": "5c66fc17",
                    "type": "altText",
                    "model": {
                      "blocks": [
                        {
                          "id": "49ea8cff",
                          "type": "text",
                          "model": {
                            "blocks": [
                              {
                                "id": "40665b36",
                                "type": "paragraph",
                                "model": {
                                  "text": "यस परीक्षण छवि, प्रतिलिपि अधिकार बीबीसी, फ्रान्स को नक्शा देखाउँदछ। छवि पहिलो तीन ब्लकमा छ र यो क्याप्शन छ।",
                                  "blocks": [
                                    {
                                      "id": "9d1d7890",
                                      "type": "fragment",
                                      "model": {
                                        "text": "यस परीक्षण छवि, प्रतिलिपि अधिकार बीबीसी, फ्रान्स को नक्शा देखाउँदछ। छवि पहिलो तीन ब्लकमा छ र यो क्याप्शन छ।",
                                        "attributes": []
                                      },
                                      "position": [
                                        2,
                                        2,
                                        1,
                                        1,
                                        1
                                      ]
                                    }
                                  ]
                                },
                                "position": [
                                  2,
                                  2,
                                  1,
                                  1
                                ]
                              }
                            ]
                          },
                          "position": [
                            2,
                            2,
                            1
                          ]
                        }
                      ]
                    },
                    "position": [
                      2,
                      2
                    ]
                  },
                  {
                    "id": "3d08538a",
                    "type": "rawImage",
                    "model": {
                      "width": 624,
                      "height": 351,
                      "locator": "56ed/test/d63b8370-fcb7-11e9-9afe-1371928331c5.jpg",
                      "originCode": "cpsdevpb",
                      "copyrightHolder": "BBC"
                    },
                    "position": [
                      2,
                      3
                    ]
                  }
                ]
              },
              "position": [
                2
              ]
            },
            {
              "id": "a3347e66",
              "type": "timestamp",
              "model": {
                "firstPublished": 1562942363761,
                "lastPublished": 1562942363761
              },
              "position": [
                3
              ]
            },
            {
              "id": "6670972e",
              "type": "text",
              "model": {
                "blocks": [
                  {
                    "id": "1cd133a0",
                    "type": "paragraph",
                    "model": {
                      "text": "यो एक पाठ ब्लक हो, जसले बीबीसी मौसम होमपेजमा url लिंक समावेश गर्दछ।",
                      "blocks": [
                        {
                          "id": "d723918b",
                          "type": "fragment",
                          "model": {
                            "text": "यो एक पाठ ब्लक हो, जसले बीबीसी मौसम होमपेजमा url लिंक ",
                            "attributes": []
                          },
                          "position": [
                            4,
                            1,
                            1
                          ]
                        },
                        {
                          "id": "d575d7d2",
                          "type": "urlLink",
                          "model": {
                            "text": "समावेश गर्दछ।",
                            "blocks": [
                              {
                                "id": "59736282",
                                "type": "fragment",
                                "model": {
                                  "text": "समावेश गर्दछ।",
                                  "attributes": []
                                },
                                "position": [
                                  4,
                                  1,
                                  2,
                                  1
                                ]
                              }
                            ],
                            "locator": "https://www.bbc.co.uk/weather",
                            "isExternal": false
                          },
                          "position": [
                            4,
                            1,
                            2
                          ]
                        }
                      ]
                    },
                    "position": [
                      4,
                      1
                    ]
                  }
                ]
              },
              "position": [
                4
              ]
            },
            {
              "id": "d827503f",
              "type": "video",
              "model": {
                "locator": "urn:bbc:pips:pid:p019qd7g",
                "blocks": [
                  {
                    "id": "3ea9ec68",
                    "type": "caption",
                    "model": {
                      "blocks": [
                        {
                          "id": "74bad3b9",
                          "type": "text",
                          "model": {
                            "blocks": [
                              {
                                "id": "f5be9110",
                                "type": "paragraph",
                                "model": {
                                  "text": " भिडियो समावेश गर्ने एक भिडियो ब्लक हो",
                                  "blocks": [
                                    {
                                      "id": "8c309e8e",
                                      "type": "fragment",
                                      "model": {
                                        "text": " भिडियो समावेश गर्ने एक भिडियो ब्लक हो",
                                        "attributes": []
                                      },
                                      "position": [
                                        5,
                                        1,
                                        1,
                                        1,
                                        1
                                      ]
                                    }
                                  ]
                                },
                                "position": [
                                  5,
                                  1,
                                  1,
                                  1
                                ]
                              }
                            ]
                          },
                          "position": [
                            5,
                            1,
                            1
                          ]
                        }
                      ]
                    },
                    "position": [
                      5,
                      1
                    ]
                  },
                  {
                    "id": "3770acf4",
                    "type": "aresMedia",
                    "model": {
                      "blocks": [
                        {
                          "id": "14de4af3",
                          "blockId": "urn:bbc:ares::clip:p019qd7g",
                          "type": "aresMediaMetadata",
                          "model": {
                            "id": "p019qd7g",
                            "subType": "clip",
                            "format": "audio_video",
                            "title": "Test asset with square image",
                            "synopses": {
                              "short": "test asset"
                            },
                            "imageUrl": "ichef.test.bbci.co.uk/images/ic/$recipe/p019qd93.jpg",
                            "embedding": false,
                            "advertising": true,
                            "versions": [
                              {
                                "versionId": "p019qd7k",
                                "types": [
                                  "Original"
                                ],
                                "duration": 16,
                                "durationISO8601": "PT16S",
                                "warnings": {},
                                "availableTerritories": {
                                  "uk": true,
                                  "nonUk": true
                                },
                                "availableFrom": 1493293493000
                              }
                            ],
                            "syndication": {
                              "destinations": []
                            },
                            "smpKind": "programme"
                          },
                          "position": [
                            5,
                            2,
                            1
                          ]
                        },
                        {
                          "id": "3268cdc2",
                          "type": "image",
                          "model": {
                            "blocks": [
                              {
                                "id": "e12f3874",
                                "type": "rawImage",
                                "model": {
                                  "locator": "ichef.test.bbci.co.uk/images/ic/$widthxn/p019qd93.jpg",
                                  "originCode": "mpv"
                                },
                                "position": [
                                  5,
                                  2,
                                  2,
                                  1
                                ]
                              }
                            ]
                          },
                          "position": [
                            5,
                            2,
                            2
                          ]
                        }
                      ]
                    },
                    "position": [
                      5,
                      2
                    ]
                  }
                ]
              },
              "position": [
                5
              ]
            },
            {
              "id": "6f501c20",
              "type": "subheadline",
              "model": {
                "blocks": [
                  {
                    "id": "6fb8dc89",
                    "type": "text",
                    "model": {
                      "blocks": [
                        {
                          "id": "f52142cc",
                          "type": "paragraph",
                          "model": {
                            "text": "यो उपशीर्षक हो",
                            "blocks": [
                              {
                                "id": "9d826bf4",
                                "type": "fragment",
                                "model": {
                                  "text": "यो उपशीर्षक हो",
                                  "attributes": []
                                },
                                "position": [
                                  6,
                                  1,
                                  1,
                                  1
                                ]
                              }
                            ]
                          },
                          "position": [
                            6,
                            1,
                            1
                          ]
                        }
                      ]
                    },
                    "position": [
                      6,
                      1
                    ]
                  }
                ]
              },
              "position": [
                6
              ]
            },
            {
              "id": "d31c46ba",
              "type": "image",
              "model": {
                "blocks": [
                  {
                    "id": "084727cb",
                    "type": "caption",
                    "model": {
                      "blocks": [
                        {
                          "id": "43b69e0c",
                          "type": "text",
                          "model": {
                            "blocks": [
                              {
                                "id": "806669fa",
                                "type": "paragraph",
                                "model": {
                                  "text": "यो उपशीर्षक हो",
                                  "blocks": [
                                    {
                                      "id": "803df957",
                                      "type": "fragment",
                                      "model": {
                                        "text": "यो उपशीर्षक हो",
                                        "attributes": []
                                      },
                                      "position": [
                                        7,
                                        1,
                                        1,
                                        1,
                                        1
                                      ]
                                    }
                                  ]
                                },
                                "position": [
                                  7,
                                  1,
                                  1,
                                  1
                                ]
                              }
                            ]
                          },
                          "position": [
                            7,
                            1,
                            1
                          ]
                        }
                      ]
                    },
                    "position": [
                      7,
                      1
                    ]
                  },
                  {
                    "id": "81503f45",
                    "type": "altText",
                    "model": {
                      "blocks": [
                        {
                          "id": "3c4ea615",
                          "type": "text",
                          "model": {
                            "blocks": [
                              {
                                "id": "79957f18",
                                "type": "paragraph",
                                "model": {
                                  "text": "यो उपशीर्षक हो",
                                  "blocks": [
                                    {
                                      "id": "f6e8ee32",
                                      "type": "fragment",
                                      "model": {
                                        "text": "यो उपशीर्षक हो",
                                        "attributes": []
                                      },
                                      "position": [
                                        7,
                                        2,
                                        1,
                                        1,
                                        1
                                      ]
                                    }
                                  ]
                                },
                                "position": [
                                  7,
                                  2,
                                  1,
                                  1
                                ]
                              }
                            ]
                          },
                          "position": [
                            7,
                            2,
                            1
                          ]
                        }
                      ]
                    },
                    "position": [
                      7,
                      2
                    ]
                  },
                  {
                    "id": "8f68e42d",
                    "type": "rawImage",
                    "model": {
                      "width": 800,
                      "height": 450,
                      "locator": "9147/test/52a72ae0-fcb8-11e9-9afe-1371928331c5.jpg",
                      "originCode": "cpsdevpb",
                      "copyrightHolder": "Getty Images"
                    },
                    "position": [
                      7,
                      3
                    ]
                  }
                ]
              },
              "position": [
                7
              ]
            },
            {
              "id": "f9cadc06",
              "type": "text",
              "model": {
                "blocks": [
                  {
                    "id": "54f1c4df",
                    "type": "paragraph",
                    "model": {
                      "text": "यो परीक्षण लेख सिर्जना गरिएको छ ताकि हामी हाम्रो वेबसाइटमा परीक्षणहरू चलाउन सक्दछौं।",
                      "blocks": [
                        {
                          "id": "910b447f",
                          "type": "fragment",
                          "model": {
                            "text": "यो परीक्षण लेख सिर्जना गरिएको छ ताकि हामी हाम्रो वेबसाइटमा परीक्षणहरू चलाउन सक्दछौं।",
                            "attributes": []
                          },
                          "position": [
                            8,
                            1,
                            1
                          ]
                        }
                      ]
                    },
                    "position": [
                      8,
                      1
                    ]
                  }
                ]
              },
              "position": [
                8
              ]
            },
            {
              "id": "66c281c0",
              "type": "mpu",
              "model": {},
              "position": [
                9
              ]
            },
            {
              "id": "a4da0732",
              "type": "wsoj",
              "model": {
                "type": "recommendations"
              },
              "position": [
                10
              ]
            }
          ]
        }
      },
      "metadata": {
        "id": "urn:bbc:ares::article:cl90j9m3mn6o",
        "locators": {
          "optimoUrn": "urn:bbc:optimo:asset:cl90j9m3mn6o",
          "canonicalUrl": "https://www.bbc.com/nepali/articles/cl90j9m3mn6o"
        },
        "type": "article",
        "createdBy": "Nepali",
        "language": "ne",
        "firstPublished": 1562942363761,
        "lastPublished": 1562942363761,
        "analyticsLabels": {
          "producer": "Nepali",
          "page": "nepali.articles.cl90j9m3mn6o.page"
        },
        "passport": {
          "language": "ne",
          "home": "http://www.bbc.co.uk/ontologies/passport/home/Nepali",
          "taggings": []
        },
        "blockTypes": [
          "headline",
          "text",
          "paragraph",
          "fragment",
          "image",
          "caption",
          "altText",
          "rawImage",
          "urlLink",
          "video",
          "subheadline",
          "aresMedia"
        ],
        "allowAdvertising": true
      },
      "promo": {
        "headlines": {
          "seoHeadline": "नेपालकी प्रथम महिला प्रहरी चैतमाया डङ्‌गोलको सेवा अनुभव कस्तो"
        }
      }
    },
    "secondaryData": {
      "topStories": [
        {
          "headlines": {
            "headline": "How a traffic accident stopped a city of 18 million"
          },
          "locators": {
            "assetUri": "/nepali/23210854",
            "cpsUrn": "urn:bbc:content:assetUri:nepali/23210854",
            "curie": "http://www.bbc.co.uk/asset/16b1db1d-7363-0540-83e6-a05315222d68",
            "assetId": "23210854"
          },
          "summary": "For more than a week, Bangladesh has been gripped by mass protests triggered by the death of two children in a traffic accident.",
          "timestamp": 1533554275000,
          "language": "ne",
          "passport": {
            "category": {
              "categoryId": "http://www.bbc.co.uk/ontologies/applicationlogic-news/News",
              "categoryName": "News"
            },
            "taggings": []
          },
          "cpsType": "STY",
          "indexImage": {
            "id": "63685460",
            "subType": "index",
            "href": "http://b.files.bbci.co.uk/193A/test/_63685460_abd9adbd-894c-4616-826b-0327af7f0e35.jpg",
            "path": "/cpsdevpb/193A/test/_63685460_abd9adbd-894c-4616-826b-0327af7f0e35.jpg",
            "height": 549,
            "width": 976,
            "altText": "Students protesting",
            "copyrightHolder": "AFP Getty images",
            "originCode": "cpsdevpb",
            "type": "image"
          },
          "options": {
            "isBreakingNews": false,
            "isFactCheck": false
          },
          "prominence": "standard",
          "section": {
            "subType": "IDX",
            "name": "समाचार, भर्खरै प्राप्त समाचार, भिडिओ, विश्लेषण, प्रतिक्रिया |  बीबीसी नेपाली",
            "uri": "/nepali/front_page",
            "type": "simple"
          },
          "id": "urn:bbc:ares::asset:nepali/23210854",
          "type": "cps"
        }
      ],
      "features": [
        {
          "headlines": {
            "headline": "राष्ट्रिय परिचयपत्र वितरण योजनामा प्रगति 23"
          },
          "locators": {
            "assetUri": "/nepali/23061540",
            "cpsUrn": "urn:bbc:content:assetUri:nepali/23061540",
            "curie": "http://www.bbc.co.uk/asset/dd48a967-9dfa-244c-b9da-da99f1d227ea",
            "assetId": "23061540"
          },
          "summary": "राष्ट्रिय परिचयपत्र वितरण योजनामा प्रगति",
          "timestamp": 1468931090000,
          "language": "ne",
          "cpsType": "STY",
          "indexImage": {
            "id": "63496717",
            "subType": "index",
            "href": "http://b.files.bbci.co.uk/11859/test/_63496717_160718193413_police640.gif",
            "path": "/cpsdevpb/11859/test/_63496717_160718193413_police640.gif",
            "height": 526,
            "width": 936,
            "altText": "बताएका छन्।",
            "caption": "बताएका छन्।",
            "copyrightHolder": "BBC",
            "originCode": "cpsdevpb",
            "type": "image"
          },
          "imageThumbnail": {
            "id": "63496721",
            "subType": "index-thumbnail",
            "href": "http://b.files.bbci.co.uk/31E1/test/_63496721_160718193413_police640.gif",
            "path": "/cpsdevpb/31E1/test/_63496721_160718193413_police640.gif",
            "height": 180,
            "width": 320,
            "altText": "बताएका छन्।",
            "caption": "बताएका छन्।",
            "copyrightHolder": "BBC Sport",
            "type": "image"
          },
          "options": {
            "isBreakingNews": false,
            "isFactCheck": false
          },
          "section": {
            "subType": "IDX",
            "name": "समाचार, भर्खरै प्राप्त समाचार, भिडिओ, विश्लेषण, प्रतिक्रिया |  बीबीसी नेपाली",
            "uri": "/nepali/front_page",
            "type": "simple"
          },
          "id": "urn:bbc:ares::asset:nepali/23061540",
          "type": "cps"
        },
        {
          "headlines": {
            "headline": "राष्ट्रिय परिचयपत्र वितरण योजनामा प्रगति 24"
          },
          "locators": {
            "assetUri": "/nepali/23061541",
            "cpsUrn": "urn:bbc:content:assetUri:nepali/23061541",
            "curie": "http://www.bbc.co.uk/asset/4e50375b-e638-e54d-8609-caf2cf53438f",
            "assetId": "23061541"
          },
          "summary": "राष्ट्रिय परिचयपत्र वितरण योजनामा प्रगति",
          "timestamp": 1468931102000,
          "language": "ne",
          "cpsType": "STY",
          "indexImage": {
            "id": "63496717",
            "subType": "index",
            "href": "http://b.files.bbci.co.uk/11859/test/_63496717_160718193413_police640.gif",
            "path": "/cpsdevpb/11859/test/_63496717_160718193413_police640.gif",
            "height": 526,
            "width": 936,
            "altText": "बताएका छन्।",
            "caption": "बताएका छन्।",
            "copyrightHolder": "BBC",
            "originCode": "cpsdevpb",
            "type": "image"
          },
          "imageThumbnail": {
            "id": "63496721",
            "subType": "index-thumbnail",
            "href": "http://b.files.bbci.co.uk/31E1/test/_63496721_160718193413_police640.gif",
            "path": "/cpsdevpb/31E1/test/_63496721_160718193413_police640.gif",
            "height": 180,
            "width": 320,
            "altText": "बताएका छन्।",
            "caption": "बताएका छन्।",
            "copyrightHolder": "BBC Sport",
            "type": "image"
          },
          "options": {
            "isBreakingNews": false,
            "isFactCheck": false
          },
          "section": {
            "subType": "IDX",
            "name": "समाचार, भर्खरै प्राप्त समाचार, भिडिओ, विश्लेषण, प्रतिक्रिया |  बीबीसी नेपाली",
            "uri": "/nepali/front_page",
            "type": "simple"
          },
          "id": "urn:bbc:ares::asset:nepali/23061541",
          "type": "cps"
        },
        {
          "headlines": {
            "headline": "पछिल्लो प्रसारण audio"
          },
          "locators": {
            "assetUri": "/nepali/media-23064562",
            "cpsUrn": "urn:bbc:content:assetUri:nepali/media-23064562",
            "curie": "http://www.bbc.co.uk/asset/ebe1e99a-f217-2241-9532-d3d13935b5b8",
            "assetId": "23064562"
          },
          "summary": "यो खण्डमा पछिल्लो प्रसारण सुन्न सकिन्छ भने तलको खण्डमा तपाईं गत एक हप्ताका कार्यक्रमहरू सुन्न सक्नुहुन्छ।",
          "timestamp": 1470151129000,
          "language": "ne",
          "passport": {
            "category": {
              "categoryId": "http://www.bbc.co.uk/ontologies/applicationlogic-news/News",
              "categoryName": "News"
            },
            "taggings": []
          },
          "cpsType": "MAP",
          "media": {
            "id": "23064787",
            "subType": "index",
            "format": "audio",
            "externalId": "p014xpxg",
            "entityType": "Clip",
            "caption": "पछिल्लो प्रसारण २०१६",
            "statusCode": 404,
            "statusMessage": "Asset could not be found. Perhaps it was withdrawn.",
            "type": "external_vpid"
          },
          "indexImage": {
            "id": "63500897",
            "subType": "index",
            "href": "http://b.files.bbci.co.uk/137B8/test/_63500897_p012zl0f.jpg",
            "path": "/cpsdevpb/137B8/test/_63500897_p012zl0f.jpg",
            "height": 576,
            "width": 1024,
            "altText": "विष्फोटपछि निकैबेर गोली हानाहान भएको थियो।",
            "caption": "विष्फोटपछि निकैबेर गोली हानाहान भएको थियो।",
            "copyrightHolder": "BBC Sport",
            "type": "image"
          },
          "imageThumbnail": {
            "id": "63501031",
            "subType": "index-thumbnail",
            "href": "http://b.files.bbci.co.uk/32D2/test/_63501031_p012zl0f.jpg",
            "path": "/cpsdevpb/32D2/test/_63501031_p012zl0f.jpg",
            "height": 180,
            "width": 320,
            "altText": "विष्फोटपछि निकैबेर गोली हानाहान भएको थियो।",
            "caption": "विष्फोटपछि निकैबेर गोली हानाहान भएको थियो।",
            "copyrightHolder": "BBC Sport",
            "type": "image"
          },
          "options": {
            "isBreakingNews": false,
            "isFactCheck": false
          },
          "id": "urn:bbc:ares::asset:nepali/media-23064562",
          "type": "cps"
        },
        {
          "headlines": {
            "headline": "राष्ट्रिय परिचयपत्र वितरण योजनामा प्रगति 13"
          },
          "locators": {
            "assetUri": "/nepali/23061525",
            "cpsUrn": "urn:bbc:content:assetUri:nepali/23061525",
            "curie": "http://www.bbc.co.uk/asset/611a9672-6f6a-aa4b-9f46-f75982c7abb0",
            "assetId": "23061525"
          },
          "summary": "राष्ट्रिय परिचयपत्र वितरण योजनामा प्रगति",
          "timestamp": 1468930525000,
          "language": "ne",
          "cpsType": "STY",
          "indexImage": {
            "id": "63496717",
            "subType": "index",
            "href": "http://b.files.bbci.co.uk/11859/test/_63496717_160718193413_police640.gif",
            "path": "/cpsdevpb/11859/test/_63496717_160718193413_police640.gif",
            "height": 526,
            "width": 936,
            "altText": "बताएका छन्।",
            "caption": "बताएका छन्।",
            "copyrightHolder": "BBC",
            "originCode": "cpsdevpb",
            "type": "image"
          },
          "imageThumbnail": {
            "id": "63496721",
            "subType": "index-thumbnail",
            "href": "http://b.files.bbci.co.uk/31E1/test/_63496721_160718193413_police640.gif",
            "path": "/cpsdevpb/31E1/test/_63496721_160718193413_police640.gif",
            "height": 180,
            "width": 320,
            "altText": "बताएका छन्।",
            "caption": "बताएका छन्।",
            "copyrightHolder": "BBC Sport",
            "type": "image"
          },
          "options": {
            "isBreakingNews": false,
            "isFactCheck": false
          },
          "section": {
            "subType": "IDX",
            "name": "समाचार, भर्खरै प्राप्त समाचार, भिडिओ, विश्लेषण, प्रतिक्रिया |  बीबीसी नेपाली",
            "uri": "/nepali/front_page",
            "type": "simple"
          },
          "id": "urn:bbc:ares::asset:nepali/23061525",
          "type": "cps"
        },
        {
          "headlines": {
            "headline": "राष्ट्रिय परिचयपत्र वितरण योजनामा प्रगति 15"
          },
          "locators": {
            "assetUri": "/nepali/23061532",
            "cpsUrn": "urn:bbc:content:assetUri:nepali/23061532",
            "curie": "http://www.bbc.co.uk/asset/05d732ac-f356-714e-8365-7a0b4d3a17e8",
            "assetId": "23061532"
          },
          "summary": "राष्ट्रिय परिचयपत्र वितरण योजनामा प्रगति",
          "timestamp": 1468930823000,
          "language": "ne",
          "cpsType": "STY",
          "indexImage": {
            "id": "63496717",
            "subType": "index",
            "href": "http://b.files.bbci.co.uk/11859/test/_63496717_160718193413_police640.gif",
            "path": "/cpsdevpb/11859/test/_63496717_160718193413_police640.gif",
            "height": 526,
            "width": 936,
            "altText": "बताएका छन्।",
            "caption": "बताएका छन्।",
            "copyrightHolder": "BBC",
            "originCode": "cpsdevpb",
            "type": "image"
          },
          "imageThumbnail": {
            "id": "63496721",
            "subType": "index-thumbnail",
            "href": "http://b.files.bbci.co.uk/31E1/test/_63496721_160718193413_police640.gif",
            "path": "/cpsdevpb/31E1/test/_63496721_160718193413_police640.gif",
            "height": 180,
            "width": 320,
            "altText": "बताएका छन्।",
            "caption": "बताएका छन्।",
            "copyrightHolder": "BBC Sport",
            "type": "image"
          },
          "options": {
            "isBreakingNews": false,
            "isFactCheck": false
          },
          "section": {
            "subType": "IDX",
            "name": "समाचार, भर्खरै प्राप्त समाचार, भिडिओ, विश्लेषण, प्रतिक्रिया |  बीबीसी नेपाली",
            "uri": "/nepali/front_page",
            "type": "simple"
          },
          "id": "urn:bbc:ares::asset:nepali/23061532",
          "type": "cps"
        }
      ],
      "mostRead": {
        "generated": "2023-02-18T02:59:56.861Z",
        "lastRecordTimeStamp": "2021-05-04T11:53:00Z",
        "firstRecordTimeStamp": "2021-05-04T11:38:00Z",
        "totalRecords": 20,
        "records": [
          {
            "id": "59415e4b-b15a-b54e-a957-f2b05e45f06f",
            "rank": 1,
            "count": 9725,
            "urn": "urn:bbc:curie:asset:59415e4b-b15a-b54e-a957-f2b05e45f06f",
            "promo": {
              "headlines": {
                "shortHeadline": "राष्ट्रिय परिचयपत्र वितरण योजनामा प्रगति 10",
                "headline": "राष्ट्रिय परिचयपत्र वितरण योजनामा प्रगति 10"
              },
              "locators": {
                "assetUri": "/nepali/23061522",
                "curieCpsUrn": "urn:bbc:cps:curie:asset:59415e4b-b15a-b54e-a957-f2b05e45f06f",
                "assetId": "23061522",
                "cpsUrn": "urn:bbc:content:assetUri:nepali/23061522",
                "curie": "http://www.bbc.co.uk/asset/59415e4b-b15a-b54e-a957-f2b05e45f06f"
              },
              "summary": "राष्ट्रिय परिचयपत्र वितरण योजनामा प्रगति",
              "timestamp": 1468930376000,
              "language": "ne",
              "passport": {
                "home": "http://www.bbc.co.uk/ontologies/passport/home/Nepali",
                "taggings": []
              },
              "indexImage": {
                "id": "63496717",
                "subType": "index",
                "href": "http://b.files.bbci.co.uk/11859/test/_63496717_160718193413_police640.gif",
                "path": "/cpsdevpb/11859/test/_63496717_160718193413_police640.gif",
                "height": 526,
                "width": 936,
                "altText": "बताएका छन्।",
                "caption": "बताएका छन्।",
                "copyrightHolder": "BBC",
                "originCode": "cpsdevpb",
                "type": "image"
              },
              "id": "urn:bbc:ares::asset:nepali/23061522",
              "type": "cps"
            }
          },
          {
            "id": "b0574c01-2cf7-f544-962d-dbbfcd89d407",
            "rank": 2,
            "count": 9671,
            "urn": "urn:bbc:curie:asset:b0574c01-2cf7-f544-962d-dbbfcd89d407",
            "promo": {
              "headlines": {
                "shortHeadline": "Nepali keyboard test नेपाली।",
                "headline": "Nepali keyboard test नेपाली।"
              },
              "locators": {
                "assetUri": "/nepali/23062606",
                "curieCpsUrn": "urn:bbc:cps:curie:asset:b0574c01-2cf7-f544-962d-dbbfcd89d407",
                "assetId": "23062606",
                "cpsUrn": "urn:bbc:content:assetUri:nepali/23062606",
                "curie": "http://www.bbc.co.uk/asset/b0574c01-2cf7-f544-962d-dbbfcd89d407"
              },
              "summary": "this is nepali keyboard test 'मुख पृष्ठ' देशका विभिन्न स्थानमा बाढीपहिरोका कारण कम्तीमा १५ जनाको ज्यान गएको अधिकारीहरुले बताएका छन्।",
              "timestamp": 1469528901000,
              "language": "ne",
              "passport": {
                "home": "http://www.bbc.co.uk/ontologies/passport/home/Nepali",
                "taggings": []
              },
              "indexImage": {
                "id": "63497495",
                "subType": "index",
                "href": "http://b.files.bbci.co.uk/E857/test/_63497495_151010165731_poklonskaya_crimea_640x360_reuters_nocredit.jpg",
                "path": "/cpsdevpb/E857/test/_63497495_151010165731_poklonskaya_crimea_640x360_reuters_nocredit.jpg",
                "height": 371,
                "width": 660,
                "altText": "नेपाली",
                "caption": "नेपाली",
                "copyrightHolder": "नेपाली",
                "originCode": "cpsdevpb",
                "type": "image"
              },
              "id": "urn:bbc:ares::asset:nepali/23062606",
              "type": "cps"
            }
          },
          {
            "id": "33de889a-0230-2148-a780-3719711bd816",
            "rank": 3,
            "count": 9374,
            "urn": "urn:bbc:curie:asset:33de889a-0230-2148-a780-3719711bd816",
            "promo": {
              "headlines": {
                "shortHeadline": "राष्ट्रिय परिचयपत्र वितरण योजनामा प्रगति",
                "headline": "राष्ट्रिय परिचयपत्र वितरण योजनामा प्रगति"
              },
              "locators": {
                "assetUri": "/nepali/23061452",
                "curieCpsUrn": "urn:bbc:cps:curie:asset:33de889a-0230-2148-a780-3719711bd816",
                "assetId": "23061452",
                "cpsUrn": "urn:bbc:content:assetUri:nepali/23061452",
                "curie": "http://www.bbc.co.uk/asset/33de889a-0230-2148-a780-3719711bd816"
              },
              "summary": "राष्ट्रिय परिचयपत्र वितरण योजनामा प्रगति",
              "timestamp": 1468926266000,
              "language": "ne",
              "passport": {
                "home": "http://www.bbc.co.uk/ontologies/passport/home/Nepali",
                "taggings": []
              },
              "indexImage": {
                "id": "63496717",
                "subType": "index",
                "href": "http://b.files.bbci.co.uk/11859/test/_63496717_160718193413_police640.gif",
                "path": "/cpsdevpb/11859/test/_63496717_160718193413_police640.gif",
                "height": 526,
                "width": 936,
                "altText": "बताएका छन्।",
                "caption": "बताएका छन्।",
                "copyrightHolder": "BBC",
                "originCode": "cpsdevpb",
                "type": "image"
              },
              "id": "urn:bbc:ares::asset:nepali/23061452",
              "type": "cps"
            }
          },
          {
            "id": "dd48a967-9dfa-244c-b9da-da99f1d227ea",
            "rank": 4,
            "count": 9054,
            "urn": "urn:bbc:curie:asset:dd48a967-9dfa-244c-b9da-da99f1d227ea",
            "promo": {
              "headlines": {
                "shortHeadline": "राष्ट्रिय परिचयपत्र वितरण योजनामा प्रगति 23",
                "headline": "राष्ट्रिय परिचयपत्र वितरण योजनामा प्रगति 23"
              },
              "locators": {
                "assetUri": "/nepali/23061540",
                "curieCpsUrn": "urn:bbc:cps:curie:asset:dd48a967-9dfa-244c-b9da-da99f1d227ea",
                "assetId": "23061540",
                "cpsUrn": "urn:bbc:content:assetUri:nepali/23061540",
                "curie": "http://www.bbc.co.uk/asset/dd48a967-9dfa-244c-b9da-da99f1d227ea"
              },
              "summary": "राष्ट्रिय परिचयपत्र वितरण योजनामा प्रगति",
              "timestamp": 1468931090000,
              "language": "ne",
              "passport": {
                "home": "http://www.bbc.co.uk/ontologies/passport/home/Nepali",
                "taggings": []
              },
              "indexImage": {
                "id": "63496717",
                "subType": "index",
                "href": "http://b.files.bbci.co.uk/11859/test/_63496717_160718193413_police640.gif",
                "path": "/cpsdevpb/11859/test/_63496717_160718193413_police640.gif",
                "height": 526,
                "width": 936,
                "altText": "बताएका छन्।",
                "caption": "बताएका छन्।",
                "copyrightHolder": "BBC",
                "originCode": "cpsdevpb",
                "type": "image"
              },
              "id": "urn:bbc:ares::asset:nepali/23061540",
              "type": "cps"
            }
          },
          {
            "id": "096851c8-5ad7-e443-b8a7-84edd9896ea8",
            "rank": 5,
            "count": 8967,
            "urn": "urn:bbc:curie:asset:096851c8-5ad7-e443-b8a7-84edd9896ea8",
            "promo": {
              "headlines": {
                "shortHeadline": "चट्याङबाट कसरी बच्ने? english text",
                "headline": "चट्याङबाट कसरी बच्ने? english text जवजनवज"
              },
              "locators": {
                "assetUri": "/nepali/in-depth-23062854",
                "curieCpsUrn": "urn:bbc:cps:curie:asset:096851c8-5ad7-e443-b8a7-84edd9896ea8",
                "assetId": "23062854",
                "cpsUrn": "urn:bbc:content:assetUri:nepali/in-depth-23062854",
                "curie": "http://www.bbc.co.uk/asset/096851c8-5ad7-e443-b8a7-84edd9896ea8"
              },
              "summary": "हरेक वर्ष चट्याङ परेर कैयौं मानिसको ज्यान जाने गरेको छ। तर केही सतर्कता अपनाए चट्याङबाट बच्न सकिन्छ। सचित्र वण english",
              "timestamp": 1469625783000,
              "language": "ne",
              "passport": {
                "home": "http://www.bbc.co.uk/ontologies/passport/home/Nepali",
                "taggings": []
              },
              "indexImage": {
                "id": "63497631",
                "subType": "index",
                "href": "http://b.files.bbci.co.uk/356F/test/_63497631_150515135615_metro_elektra_detail_976.jpg",
                "path": "/cpsdevpb/356F/test/_63497631_150515135615_metro_elektra_detail_976.jpg",
                "height": 371,
                "width": 660,
                "altText": "थचक्क बस्नुपर्छ, हातलाई घुँडामा टेकाएर टाउको तिनको बीचमा राख्नु बेश हुन्छ। रुख, तारबार र खम्बाहरुबाट टाढा भुईँसतह मा बस्नु राम्रो हुन्छ।",
                "caption": "थचक्क बस्नुपर्छ, हातलाई घुँडामा टेकाएर टाउको तिनको बीचमा राख्नु बेश हुन्छ। रुख, तारबार र खम्बाहरुबाट टाढा भुईँसतह मा बस्नु राम्रो हुन्छ।",
                "copyrightHolder": "चट्याङबाट",
                "originCode": "cpsdevpb",
                "type": "image"
              },
              "id": "urn:bbc:ares::asset:nepali/in-depth-23062854",
              "type": "cps"
            }
          },
          {
            "id": "660ac9c2-058e-3543-8b32-568b6d75b607",
            "rank": 6,
            "count": 8892,
            "urn": "urn:bbc:curie:asset:660ac9c2-058e-3543-8b32-568b6d75b607",
            "promo": {
              "headlines": {
                "shortHeadline": "राष्ट्रिय परिचयपत्र वितरण योजनामा प्रगति 3",
                "headline": "राष्ट्रिय परिचयपत्र वितरण योजनामा प्रगति 3"
              },
              "locators": {
                "assetUri": "/nepali/23061514",
                "cpsUrn": "urn:bbc:content:assetUri:nepali/23061514",
                "curie": "http://www.bbc.co.uk/asset/660ac9c2-058e-3543-8b32-568b6d75b607",
                "assetId": "23061514"
              },
              "summary": "राष्ट्रिय परिचयपत्र वितरण योजनामा प्रगति",
              "timestamp": 1468929911000,
              "language": "ne",
              "indexImage": {
                "id": "63496717",
                "subType": "index",
                "href": "http://b.files.bbci.co.uk/11859/test/_63496717_160718193413_police640.gif",
                "path": "/cpsdevpb/11859/test/_63496717_160718193413_police640.gif",
                "height": 526,
                "width": 936,
                "altText": "बताएका छन्।",
                "caption": "बताएका छन्।",
                "copyrightHolder": "BBC",
                "originCode": "cpsdevpb",
                "type": "image"
              },
              "id": "urn:bbc:ares::asset:nepali/23061514",
              "type": "cps"
            }
          },
          {
            "id": "6d885108-ba2c-8743-8e27-1437331c19df",
            "rank": 7,
            "count": 8434,
            "urn": "urn:bbc:curie:asset:6d885108-ba2c-8743-8e27-1437331c19df",
            "promo": {
              "headlines": {
                "shortHeadline": "राष्ट्रिय परिचयपत्र वितरण योजनामा प्रगति 11",
                "headline": "राष्ट्रिय परिचयपत्र वितरण योजनामा प्रगति 11"
              },
              "locators": {
                "assetUri": "/nepali/23061523",
                "curieCpsUrn": "urn:bbc:cps:curie:asset:6d885108-ba2c-8743-8e27-1437331c19df",
                "assetId": "23061523",
                "cpsUrn": "urn:bbc:content:assetUri:nepali/23061523",
                "curie": "http://www.bbc.co.uk/asset/6d885108-ba2c-8743-8e27-1437331c19df"
              },
              "summary": "राष्ट्रिय परिचयपत्र वितरण योजनामा प्रगति",
              "timestamp": 1468930397000,
              "language": "ne",
              "passport": {
                "home": "http://www.bbc.co.uk/ontologies/passport/home/Nepali",
                "taggings": []
              },
              "indexImage": {
                "id": "63496717",
                "subType": "index",
                "href": "http://b.files.bbci.co.uk/11859/test/_63496717_160718193413_police640.gif",
                "path": "/cpsdevpb/11859/test/_63496717_160718193413_police640.gif",
                "height": 526,
                "width": 936,
                "altText": "बताएका छन्।",
                "caption": "बताएका छन्।",
                "copyrightHolder": "BBC",
                "originCode": "cpsdevpb",
                "type": "image"
              },
              "id": "urn:bbc:ares::asset:nepali/23061523",
              "type": "cps"
            }
          },
          {
            "id": "d97b8b2b-9310-5548-9460-0159dbb0cd4c",
            "rank": 8,
            "count": 8391,
            "urn": "urn:bbc:curie:asset:d97b8b2b-9310-5548-9460-0159dbb0cd4c",
            "promo": {
              "headlines": {
                "shortHeadline": "Indonesia: Lombok quake kills dozens while thousands evacuated",
                "headline": "Indonesia: Lombok quake kills dozens while thousands evacuated"
              },
              "locators": {
                "assetUri": "/nepali/23210795",
                "curieCpsUrn": "urn:bbc:cps:curie:asset:d97b8b2b-9310-5548-9460-0159dbb0cd4c",
                "assetId": "23210795",
                "cpsUrn": "urn:bbc:content:assetUri:nepali/23210795",
                "curie": "http://www.bbc.co.uk/asset/d97b8b2b-9310-5548-9460-0159dbb0cd4c"
              },
              "summary": "Withness speak of choas and terror, as more than 90 people die on the island of Lombok",
              "timestamp": 1533554137000,
              "language": "ne",
              "passport": {
                "category": {
                  "categoryId": "http://www.bbc.co.uk/ontologies/applicationlogic-news/News",
                  "categoryName": "News"
                },
                "home": "http://www.bbc.co.uk/ontologies/passport/home/Nepali",
                "taggings": []
              },
              "indexImage": {
                "id": "63685357",
                "subType": "index",
                "href": "http://b.files.bbci.co.uk/1265E/test/_63685357_048519321-1.jpg",
                "path": "/cpsdevpb/1265E/test/_63685357_048519321-1.jpg",
                "height": 549,
                "width": 976,
                "altText": "Lombok quake",
                "caption": "People receive medical assistance at a makeshift ward set up outside the Moh. Ruslan hospital in Mataram on the Indonesian island of Lombok.",
                "copyrightHolder": "AFP",
                "originCode": "cpsdevpb",
                "type": "image"
              },
              "id": "urn:bbc:ares::asset:nepali/23210795",
              "type": "cps"
            }
          },
          {
            "id": "732cca9a-eb6f-ad41-8256-269ac7dca58e",
            "rank": 9,
            "count": 8187,
            "urn": "urn:bbc:curie:asset:732cca9a-eb6f-ad41-8256-269ac7dca58e",
            "promo": {
              "headlines": {
                "shortHeadline": "राष्ट्रिय परिचयपत्र वितरण योजनामा प्रगति 26",
                "headline": "राष्ट्रिय परिचयपत्र वितरण योजनामा प्रगति 26"
              },
              "locators": {
                "assetUri": "/nepali/23061549",
                "curieCpsUrn": "urn:bbc:cps:curie:asset:732cca9a-eb6f-ad41-8256-269ac7dca58e",
                "assetId": "23061549",
                "cpsUrn": "urn:bbc:content:assetUri:nepali/23061549",
                "curie": "http://www.bbc.co.uk/asset/732cca9a-eb6f-ad41-8256-269ac7dca58e"
              },
              "summary": "राष्ट्रिय परिचयपत्र वितरण योजनामा प्रगति",
              "timestamp": 1468931392000,
              "language": "ne",
              "passport": {
                "home": "http://www.bbc.co.uk/ontologies/passport/home/Nepali",
                "taggings": []
              },
              "indexImage": {
                "id": "63496717",
                "subType": "index",
                "href": "http://b.files.bbci.co.uk/11859/test/_63496717_160718193413_police640.gif",
                "path": "/cpsdevpb/11859/test/_63496717_160718193413_police640.gif",
                "height": 526,
                "width": 936,
                "altText": "बताएका छन्।",
                "caption": "बताएका छन्।",
                "copyrightHolder": "BBC",
                "originCode": "cpsdevpb",
                "type": "image"
              },
              "id": "urn:bbc:ares::asset:nepali/23061549",
              "type": "cps"
            }
          },
          {
            "id": "c80b2e0e-c463-3146-bd62-421bce4a4bc2",
            "rank": 10,
            "count": 7977,
            "urn": "urn:bbc:curie:asset:c80b2e0e-c463-3146-bd62-421bce4a4bc2",
            "promo": {
              "headlines": {
                "shortHeadline": "राष्ट्रिय परिचयपत्र वितरण योजनामा प्रगति 7",
                "headline": "राष्ट्रिय परिचयपत्र वितरण योजनामा प्रगति 7"
              },
              "locators": {
                "assetUri": "/nepali/23061519",
                "curieCpsUrn": "urn:bbc:cps:curie:asset:c80b2e0e-c463-3146-bd62-421bce4a4bc2",
                "assetId": "23061519",
                "cpsUrn": "urn:bbc:content:assetUri:nepali/23061519",
                "curie": "http://www.bbc.co.uk/asset/c80b2e0e-c463-3146-bd62-421bce4a4bc2"
              },
              "summary": "राष्ट्रिय परिचयपत्र वितरण योजनामा प्रगति",
              "timestamp": 1468930247000,
              "language": "ne",
              "passport": {
                "home": "http://www.bbc.co.uk/ontologies/passport/home/Nepali",
                "taggings": []
              },
              "indexImage": {
                "id": "63496717",
                "subType": "index",
                "href": "http://b.files.bbci.co.uk/11859/test/_63496717_160718193413_police640.gif",
                "path": "/cpsdevpb/11859/test/_63496717_160718193413_police640.gif",
                "height": 526,
                "width": 936,
                "altText": "बताएका छन्।",
                "caption": "बताएका छन्।",
                "copyrightHolder": "BBC",
                "originCode": "cpsdevpb",
                "type": "image"
              },
              "id": "urn:bbc:ares::asset:nepali/23061519",
              "type": "cps"
            }
          },
          {
            "id": "963f5b3e-1904-264a-b735-503de162d644",
            "rank": 11,
            "count": 7905,
            "urn": "urn:bbc:curie:asset:963f5b3e-1904-264a-b735-503de162d644",
            "promo": {
              "headlines": {
                "shortHeadline": "राष्ट्रिय परिचयपत्र वितरण योजनामा प्रगति 8",
                "headline": "राष्ट्रिय परिचयपत्र वितरण योजनामा प्रगति 8"
              },
              "locators": {
                "assetUri": "/nepali/23061520",
                "cpsUrn": "urn:bbc:content:assetUri:nepali/23061520",
                "curie": "http://www.bbc.co.uk/asset/963f5b3e-1904-264a-b735-503de162d644",
                "assetId": "23061520"
              },
              "summary": "राष्ट्रिय परिचयपत्र वितरण योजनामा प्रगति",
              "timestamp": 1468930335000,
              "language": "ne",
              "indexImage": {
                "id": "63496717",
                "subType": "index",
                "href": "http://b.files.bbci.co.uk/11859/test/_63496717_160718193413_police640.gif",
                "path": "/cpsdevpb/11859/test/_63496717_160718193413_police640.gif",
                "height": 526,
                "width": 936,
                "altText": "बताएका छन्।",
                "caption": "बताएका छन्।",
                "copyrightHolder": "BBC",
                "originCode": "cpsdevpb",
                "type": "image"
              },
              "id": "urn:bbc:ares::asset:nepali/23061520",
              "type": "cps"
            }
          },
          {
            "id": "56ffc86b-7507-b34a-8a3f-239044f1b86a",
            "rank": 12,
            "count": 7612,
            "urn": "urn:bbc:curie:asset:56ffc86b-7507-b34a-8a3f-239044f1b86a",
            "promo": {
              "headlines": {
                "shortHeadline": "राष्ट्रिय परिचयपत्र वितरण योजनामा प्रगति 18",
                "headline": "राष्ट्रिय परिचयपत्र वितरण योजनामा प्रगति 18"
              },
              "locators": {
                "assetUri": "/nepali/23061535",
                "curieCpsUrn": "urn:bbc:cps:curie:asset:56ffc86b-7507-b34a-8a3f-239044f1b86a",
                "assetId": "23061535",
                "cpsUrn": "urn:bbc:content:assetUri:nepali/23061535",
                "curie": "http://www.bbc.co.uk/asset/56ffc86b-7507-b34a-8a3f-239044f1b86a"
              },
              "summary": "राष्ट्रिय परिचयपत्र वितरण योजनामा प्रगति",
              "timestamp": 1468930943000,
              "language": "ne",
              "passport": {
                "home": "http://www.bbc.co.uk/ontologies/passport/home/Nepali",
                "taggings": []
              },
              "indexImage": {
                "id": "63496717",
                "subType": "index",
                "href": "http://b.files.bbci.co.uk/11859/test/_63496717_160718193413_police640.gif",
                "path": "/cpsdevpb/11859/test/_63496717_160718193413_police640.gif",
                "height": 526,
                "width": 936,
                "altText": "बताएका छन्।",
                "caption": "बताएका छन्।",
                "copyrightHolder": "BBC",
                "originCode": "cpsdevpb",
                "type": "image"
              },
              "id": "urn:bbc:ares::asset:nepali/23061535",
              "type": "cps"
            }
          },
          {
            "id": "5faca720-aec8-334c-aba3-85f160fe3595",
            "rank": 13,
            "count": 7096,
            "urn": "urn:bbc:curie:asset:5faca720-aec8-334c-aba3-85f160fe3595",
            "promo": {
              "headlines": {
                "shortHeadline": "राष्ट्रिय परिचयपत्र वितरण योजनामा प्रगति 14",
                "headline": "राष्ट्रिय परिचयपत्र वितरण योजनामा प्रगति 14"
              },
              "locators": {
                "assetUri": "/nepali/23061526",
                "curieCpsUrn": "urn:bbc:cps:curie:asset:5faca720-aec8-334c-aba3-85f160fe3595",
                "assetId": "23061526",
                "cpsUrn": "urn:bbc:content:assetUri:nepali/23061526",
                "curie": "http://www.bbc.co.uk/asset/5faca720-aec8-334c-aba3-85f160fe3595"
              },
              "summary": "राष्ट्रिय परिचयपत्र वितरण योजनामा प्रगति",
              "timestamp": 1468930554000,
              "language": "ne",
              "passport": {
                "home": "http://www.bbc.co.uk/ontologies/passport/home/Nepali",
                "taggings": []
              },
              "indexImage": {
                "id": "63496717",
                "subType": "index",
                "href": "http://b.files.bbci.co.uk/11859/test/_63496717_160718193413_police640.gif",
                "path": "/cpsdevpb/11859/test/_63496717_160718193413_police640.gif",
                "height": 526,
                "width": 936,
                "altText": "बताएका छन्।",
                "caption": "बताएका छन्।",
                "copyrightHolder": "BBC",
                "originCode": "cpsdevpb",
                "type": "image"
              },
              "id": "urn:bbc:ares::asset:nepali/23061526",
              "type": "cps"
            }
          },
          {
            "id": "c5556353-1f05-3f48-8388-05fb653e6349",
            "rank": 14,
            "count": 6794,
            "urn": "urn:bbc:curie:asset:c5556353-1f05-3f48-8388-05fb653e6349",
            "promo": {
              "headlines": {
                "shortHeadline": "मर्केल फेरी चुनाव लड्ने",
                "headline": "मर्केल फेरी चुनाव लड्ने"
              },
              "locators": {
                "assetUri": "/nepali/news-23093394",
                "curieCpsUrn": "urn:bbc:cps:curie:asset:c5556353-1f05-3f48-8388-05fb653e6349",
                "assetId": "23093394",
                "cpsUrn": "urn:bbc:content:assetUri:nepali/news-23093394",
                "curie": "http://www.bbc.co.uk/asset/c5556353-1f05-3f48-8388-05fb653e6349"
              },
              "summary": "जर्मन चान्सलर एंगेला मर्केलले चौथो कार्यकालका लागि चुनाव लड्ने उनको पार्टीका सदस्यले बताएकी छन्।",
              "timestamp": 1568038442000,
              "language": "ne",
              "passport": {
                "category": {
                  "categoryId": "http://www.bbc.co.uk/ontologies/applicationlogic-news/News",
                  "categoryName": "News"
                },
                "home": "http://www.bbc.co.uk/ontologies/passport/home/Nepali",
                "taggings": []
              },
              "indexImage": {
                "id": "63524521",
                "subType": "index",
                "href": "http://b.files.bbci.co.uk/30FE/test/_63524521_lighthouse.jpg",
                "path": "/cpsdevpb/30FE/test/_63524521_lighthouse.jpg",
                "height": 549,
                "width": 976,
                "altText": "लाईटहाउस",
                "copyrightHolder": "Tom Alphin",
                "originCode": "cpsdevpb",
                "type": "image"
              },
              "id": "urn:bbc:ares::asset:nepali/news-23093394",
              "type": "cps"
            }
          },
          {
            "id": "b4486493-8ef9-2b4b-a8bd-514ee830e041",
            "rank": 15,
            "count": 6655,
            "urn": "urn:bbc:curie:asset:b4486493-8ef9-2b4b-a8bd-514ee830e041",
            "promo": {
              "headlines": {
                "shortHeadline": "राष्ट्रिय परिचयपत्र वितरण योजनामा प्रगति 6",
                "headline": "राष्ट्रिय परिचयपत्र वितरण योजनामा प्रगति 6"
              },
              "locators": {
                "assetUri": "/nepali/23061518",
                "cpsUrn": "urn:bbc:content:assetUri:nepali/23061518",
                "curie": "http://www.bbc.co.uk/asset/b4486493-8ef9-2b4b-a8bd-514ee830e041",
                "assetId": "23061518"
              },
              "summary": "राष्ट्रिय परिचयपत्र वितरण योजनामा प्रगति",
              "timestamp": 1468930044000,
              "language": "ne",
              "indexImage": {
                "id": "63496717",
                "subType": "index",
                "href": "http://b.files.bbci.co.uk/11859/test/_63496717_160718193413_police640.gif",
                "path": "/cpsdevpb/11859/test/_63496717_160718193413_police640.gif",
                "height": 526,
                "width": 936,
                "altText": "बताएका छन्।",
                "caption": "बताएका छन्।",
                "copyrightHolder": "BBC",
                "originCode": "cpsdevpb",
                "type": "image"
              },
              "id": "urn:bbc:ares::asset:nepali/23061518",
              "type": "cps"
            }
          },
          {
            "id": "c1be7b50-f930-f249-99ab-80d05a17a53a",
            "rank": 16,
            "count": 6484,
            "urn": "urn:bbc:curie:asset:c1be7b50-f930-f249-99ab-80d05a17a53a",
            "promo": {
              "headlines": {
                "shortHeadline": "राष्ट्रिय परिचयपत्र वितरण योजनामा प्रगति 21",
                "headline": "राष्ट्रिय परिचयपत्र वितरण योजनामा प्रगति 21"
              },
              "locators": {
                "assetUri": "/nepali/23061538",
                "cpsUrn": "urn:bbc:content:assetUri:nepali/23061538",
                "curie": "http://www.bbc.co.uk/asset/c1be7b50-f930-f249-99ab-80d05a17a53a",
                "assetId": "23061538"
              },
              "summary": "राष्ट्रिय परिचयपत्र वितरण योजनामा प्रगति",
              "timestamp": 1468931033000,
              "language": "ne",
              "indexImage": {
                "id": "63496717",
                "subType": "index",
                "href": "http://b.files.bbci.co.uk/11859/test/_63496717_160718193413_police640.gif",
                "path": "/cpsdevpb/11859/test/_63496717_160718193413_police640.gif",
                "height": 526,
                "width": 936,
                "altText": "बताएका छन्।",
                "caption": "बताएका छन्।",
                "copyrightHolder": "BBC",
                "originCode": "cpsdevpb",
                "type": "image"
              },
              "id": "urn:bbc:ares::asset:nepali/23061538",
              "type": "cps"
            }
          },
          {
            "id": "7fc58af8-05ce-d642-a24d-35e961444882",
            "rank": 17,
            "count": 6293,
            "urn": "urn:bbc:curie:asset:7fc58af8-05ce-d642-a24d-35e961444882",
            "promo": {
              "headlines": {
                "shortHeadline": "'बाढीपहिरोले ज्यान गुमाउनेको संख्या ६६’ BBC Nepali",
                "headline": "'बाढीपहिरोले ज्यान गुमाउनेको संख्या ६६’ BBC Nepali"
              },
              "locators": {
                "assetUri": "/nepali/23062855",
                "curieCpsUrn": "urn:bbc:cps:curie:asset:7fc58af8-05ce-d642-a24d-35e961444882",
                "assetId": "23062855",
                "cpsUrn": "urn:bbc:content:assetUri:nepali/23062855",
                "curie": "http://www.bbc.co.uk/asset/7fc58af8-05ce-d642-a24d-35e961444882"
              },
              "summary": "विगत तीन दिनदेखिको बाढीपहिरोका कारण देशका विभिन्न भागमा ज्यान गुमाउने मानिसहरुको संख्या ६६ पुगेको गृह मन्त्रालयले जनाएको छ BBC Nepali।",
              "timestamp": 1470152043000,
              "language": "ne",
              "byline": {
                "name": "उमा कानता रौत",
                "title": "बीबीसी नेपाली",
                "persons": [
                  {
                    "name": "उमा कानता रौत",
                    "function": "बीबीसी नेपाली",
                    "thumbnail": "http://b.files.bbci.co.uk/3D3F/test/_63497651_151010165731_poklonskaya_crimea_640x360_reuters_nocredit.jpg",
                    "twitterName": "उमा.रौत"
                  }
                ]
              },
              "passport": {
                "category": {
                  "categoryId": "http://www.bbc.co.uk/ontologies/applicationlogic-news/News",
                  "categoryName": "News"
                },
                "home": "http://www.bbc.co.uk/ontologies/passport/home/Nepali",
                "taggings": []
              },
              "indexImage": {
                "id": "63497653",
                "subType": "index",
                "href": "http://b.files.bbci.co.uk/8B5F/test/_63497653_160427044646_sp_bernie_sanders_amongst_youngsters_624x351_getty_nocredit.jpg",
                "path": "/cpsdevpb/8B5F/test/_63497653_160427044646_sp_bernie_sanders_amongst_youngsters_624x351_getty_nocredit.jpg",
                "height": 351,
                "width": 624,
                "altText": "गृह मन्त्रालयका अनुसार बाढीपहिरोका कारण प्यूठान जिल्लामा सबैभन्दा बढी ३१ जनाको ज्यान गएको छ BBC।",
                "caption": "गृह मन्त्रालयका अनुसार बाढीपहिरोका कारण प्यूठान जिल्लामा सबैभन्दा बढी ३१ जनाको ज्यान गएको छ BBC।",
                "copyrightHolder": "मामा",
                "originCode": "cpsdevpb",
                "type": "image"
              },
              "id": "urn:bbc:ares::asset:nepali/23062855",
              "type": "cps"
            }
          },
          {
            "id": "9ad8c3c5-37d4-f74e-9125-1355b2903640",
            "rank": 18,
            "count": 6273,
            "urn": "urn:bbc:curie:asset:9ad8c3c5-37d4-f74e-9125-1355b2903640",
            "promo": {
              "headlines": {
                "shortHeadline": "राष्ट्रिय परिचयपत्र वितरण योजनामा प्रगति 4",
                "headline": "राष्ट्रिय परिचयपत्र वितरण योजनामा प्रगति 4"
              },
              "locators": {
                "assetUri": "/nepali/23061516",
                "cpsUrn": "urn:bbc:content:assetUri:nepali/23061516",
                "curie": "http://www.bbc.co.uk/asset/9ad8c3c5-37d4-f74e-9125-1355b2903640",
                "assetId": "23061516"
              },
              "summary": "राष्ट्रिय परिचयपत्र वितरण योजनामा प्रगति",
              "timestamp": 1468930017000,
              "language": "ne",
              "indexImage": {
                "id": "63496717",
                "subType": "index",
                "href": "http://b.files.bbci.co.uk/11859/test/_63496717_160718193413_police640.gif",
                "path": "/cpsdevpb/11859/test/_63496717_160718193413_police640.gif",
                "height": 526,
                "width": 936,
                "altText": "बताएका छन्।",
                "caption": "बताएका छन्।",
                "copyrightHolder": "BBC",
                "originCode": "cpsdevpb",
                "type": "image"
              },
              "id": "urn:bbc:ares::asset:nepali/23061516",
              "type": "cps"
            }
          },
          {
            "id": "4e50375b-e638-e54d-8609-caf2cf53438f",
            "rank": 19,
            "count": 6258,
            "urn": "urn:bbc:curie:asset:4e50375b-e638-e54d-8609-caf2cf53438f",
            "promo": {
              "headlines": {
                "shortHeadline": "राष्ट्रिय परिचयपत्र वितरण योजनामा प्रगति 24",
                "headline": "राष्ट्रिय परिचयपत्र वितरण योजनामा प्रगति 24"
              },
              "locators": {
                "assetUri": "/nepali/23061541",
                "curieCpsUrn": "urn:bbc:cps:curie:asset:4e50375b-e638-e54d-8609-caf2cf53438f",
                "assetId": "23061541",
                "cpsUrn": "urn:bbc:content:assetUri:nepali/23061541",
                "curie": "http://www.bbc.co.uk/asset/4e50375b-e638-e54d-8609-caf2cf53438f"
              },
              "summary": "राष्ट्रिय परिचयपत्र वितरण योजनामा प्रगति",
              "timestamp": 1468931102000,
              "language": "ne",
              "passport": {
                "home": "http://www.bbc.co.uk/ontologies/passport/home/Nepali",
                "taggings": []
              },
              "indexImage": {
                "id": "63496717",
                "subType": "index",
                "href": "http://b.files.bbci.co.uk/11859/test/_63496717_160718193413_police640.gif",
                "path": "/cpsdevpb/11859/test/_63496717_160718193413_police640.gif",
                "height": 526,
                "width": 936,
                "altText": "बताएका छन्।",
                "caption": "बताएका छन्।",
                "copyrightHolder": "BBC",
                "originCode": "cpsdevpb",
                "type": "image"
              },
              "id": "urn:bbc:ares::asset:nepali/23061541",
              "type": "cps"
            }
          },
          {
            "id": "afdc9d1a-6b00-cc4f-9601-20c774d93955",
            "rank": 20,
            "count": 5920,
            "urn": "urn:bbc:curie:asset:afdc9d1a-6b00-cc4f-9601-20c774d93955",
            "promo": {
              "headlines": {
                "shortHeadline": "लभउबषि कतयचथ तभकत test वजवपजवप news update",
                "headline": "लभउबषि कतयचथ तभकत test वजवपजवप news update"
              },
              "locators": {
                "assetUri": "/nepali/news-23062436",
                "cpsUrn": "urn:bbc:content:assetUri:nepali/news-23062436",
                "curie": "http://www.bbc.co.uk/asset/afdc9d1a-6b00-cc4f-9601-20c774d93955",
                "assetId": "23062436"
              },
              "summary": "कतयचथ कगफफबचथ test",
              "timestamp": 1470156017000,
              "language": "ne",
              "id": "urn:bbc:ares::asset:nepali/news-23062436",
              "type": "cps"
            }
          }
        ]
      }
    }
  },
  "contentType": "application/json; charset=utf-8"
}