{
    "metadata": {
      "id": "urn:bbc:ares::index:korean/features-44652556/desktop/domestic",
      "locators": {
        "assetUri": "/korean/features-44652556",
        "cpsUrn": "urn:bbc:content:assetUri:korean/features-44652556",
        "curie": "http://www.bbc.co.uk/asset/a480a058-16d5-dc47-8295-dc212c7f48df/desktop/domestic",
        "assetId": "44652556"
      },
      "type": "FIX",
      "createdBy": "korean-v6",
      "language": "ko",
      "lastUpdated": 1600182526991,
      "firstPublished": 1530237234000,
      "lastPublished": 1564087652000,
      "timestamp": 1530237504000,
      "options": {
        "allowAdvertising": true
      },
      "analyticsLabels": {
        "cps_asset_type": "fix",
        "counterName": "korean.features.feature_index.44652556.page",
        "cps_asset_id": "44652556"
      },
      "tags": {},
      "version": "v1.3.6",
      "blockTypes": [
        "lead-feature-now",
        "container-top-stories",
        "av-stories-now",
        "container-guides",
        "feature-main"
      ],
      "title": "당신을 위해 엄선한 BBC 코리아 뉴스",
      "summary": "당신을 위해 엄선한 BBC 코리아 뉴스",
      "atiAnalytics": {
        "producerName": "KOREAN",
        "producerId": "57"
      }
    },
    "content": {
      "groups": [
        {
          "type": "lead-feature-now",
          "title": "Lead Feature",
          "items": [
            {
              "headlines": {
                "headline": "엠버가 악플에 대처하는 방법"
              },
              "locators": {
                "assetUri": "/korean/news-42148031",
                "cpsUrn": "urn:bbc:content:assetUri:korean/news-42148031",
                "assetId": "42148031"
              },
              "summary": "걸그룹 f(x)의 엠버가 그녀만의 방식으로 악플 반격에 나섰다.",
              "timestamp": 1512722484000,
              "language": "ko",
              "byline": {
                "name": "이민지, 최정민  ",
                "title": "BBC 코리아",
                "persons": [
                  {
                    "name": "이민지",
                    "function": "BBC 코리아"
                  }
                ]
              },
              "passport": {
                "category": {
                  "categoryId": "http://www.bbc.co.uk/ontologies/applicationlogic-news/News",
                  "categoryName": "News"
                },
                "taggings": []
              },
              "cpsType": "STY",
              "indexImage": {
                "id": "99119450",
                "subType": "index",
                "href": "http://c.files.bbci.co.uk/1573/production/_99119450_amber_interview.jpg",
                "path": "/cpsprodpb/1573/production/_99119450_amber_interview.jpg",
                "height": 549,
                "width": 976,
                "altText": "f(x) 엠버가 BBC 코리아와 인터뷰하고 있다",
                "caption": "f(x) 엠버가 BBC 코리아와 인터뷰하고 있다",
                "copyrightHolder": "BBC",
                "type": "image"
              },
              "options": {
                "isBreakingNews": false,
                "isFactCheck": false
              },
              "id": "urn:bbc:ares::asset:korean/news-42148031",
              "type": "cps"
            }
          ],
          "semanticGroupName": "Lead Feature"
        },
        {
          "type": "container-top-stories",
          "title": "Container Top Stories",
          "items": [
            {
              "headlines": {
                "headline": "한국에서 '검은 피부'로 살아가기"
              },
              "locators": {
                "assetUri": "/korean/news-42192353",
                "cpsUrn": "urn:bbc:content:assetUri:korean/news-42192353",
                "assetId": "42192353"
              },
              "summary": "모델 한현민과 '콩고 왕자'로 더 잘 알려진 라비와 조나단이 한국에서 검은 피부로 살아가는 것에 대해 얘기한다.",
              "timestamp": 1512120056000,
              "language": "ko",
              "passport": {
                "category": {
                  "categoryId": "http://www.bbc.co.uk/ontologies/applicationlogic-news/News",
                  "categoryName": "News"
                },
                "taggings": []
              },
              "cpsType": "STY",
              "indexImage": {
                "id": "99013234",
                "subType": "index",
                "href": "http://c.files.bbci.co.uk/A8DF/production/_99013234_mediaitem99013233.jpg",
                "path": "/cpsprodpb/A8DF/production/_99013234_mediaitem99013233.jpg",
                "height": 549,
                "width": 976,
                "altText": "\"저희는 섞이면 바로 섞고 하는거니까. 부모님은 말을 하는게 어려워요. 9년동안 살면서 한국어를 저희만큼 못하세요\"",
                "caption": "\"저희는 섞이면 바로 섞고 하는거니까. 부모님은 말을 하는게 어려워요. 9년동안 살면서 한국어를 저희만큼 못하세요\"",
                "copyrightHolder": "BBC",
                "type": "image"
              },
              "imageThumbnail": {
                "id": "99013261",
                "subType": "index-thumbnail",
                "href": "http://c.files.bbci.co.uk/3F67/production/_99013261_mediaitem99013233.jpg",
                "path": "/cpsprodpb/3F67/production/_99013261_mediaitem99013233.jpg",
                "height": 180,
                "width": 320,
                "altText": "\"저희는 섞이면 바로 섞고 하는거니까. 부모님은 말을 하는게 어려워요. 9년동안 살면서 한국어를 저희만큼 못하세요\"",
                "caption": "\"저희는 섞이면 바로 섞고 하는거니까. 부모님은 말을 하는게 어려워요. 9년동안 살면서 한국어를 저희만큼 못하세요\"",
                "copyrightHolder": "BBC",
                "type": "image"
              },
              "options": {
                "isBreakingNews": false,
                "isFactCheck": false
              },
              "id": "urn:bbc:ares::asset:korean/news-42192353",
              "type": "cps"
            },
            {
              "headlines": {
                "headline": "나는 '플러스 사이즈'다"
              },
              "locators": {
                "assetUri": "/korean/news-42956825",
                "cpsUrn": "urn:bbc:content:assetUri:korean/news-42956825",
                "assetId": "42956825"
              },
              "summary": "'플러스 사이즈'라는 이유로 '외모 품평'을 당하는 이들. 하지만 이들은 지금의 모습이 좋다고 한다. 그 이야기를 들어보자.",
              "timestamp": 1517907039000,
              "language": "ko",
              "passport": {
                "category": {
                  "categoryId": "http://www.bbc.co.uk/ontologies/applicationlogic-news/News",
                  "categoryName": "News"
                },
                "taggings": []
              },
              "cpsType": "MAP",
              "media": {
                "id": "p05x7ckf",
                "subType": "clip",
                "format": "video",
                "title": "당당하고 아름다운 '플러스 친구들'",
                "synopses": {
                  "short": "이들은 '플러스 사이즈'라는 이유로 모르는 사람들로부터 '외모 품평'을 당한다. 하지만 이들은 지금 있는 모습 그대로가 좋다고 한다. 그들의 이야기를 들어봤다."
                },
                "imageUrl": "ichef.bbci.co.uk/images/ic/$recipe/p05x7rhx.jpg",
                "embedding": true,
                "advertising": true,
                "caption": "이들은 '플러스 사이즈'라는 이유로 모르는 사람들로부터 '외모 품평'을 당한다. 하지만 이들은 지금 있는 모습 그대로가 좋다고 한다. 그들의 이야기를 들어봤다.",
                "versions": [
                  {
                    "versionId": "p05x7cl9",
                    "types": [
                      "Original"
                    ],
                    "duration": 323,
                    "durationISO8601": "PT5M23S",
                    "warnings": {},
                    "availableTerritories": {
                      "uk": true,
                      "nonUk": true
                    },
                    "availableFrom": 1517899157000
                  }
                ],
                "smpKind": "programme",
                "type": "media"
              },
              "indexImage": {
                "id": "99900848",
                "subType": "index",
                "href": "http://c.files.bbci.co.uk/14B40/production/_99900848_p05x7rhx.jpg",
                "path": "/cpsprodpb/14B40/production/_99900848_p05x7rhx.jpg",
                "height": 549,
                "width": 976,
                "altText": "\"'빅(Big)'한 분들을 '플러스 사이즈'라고 불러요\"",
                "caption": "\"'빅(Big)'한 분들을 '플러스 사이즈'라고 불러요\"",
                "copyrightHolder": "BBC",
                "type": "image"
              },
              "options": {
                "isBreakingNews": false,
                "isFactCheck": false
              },
              "id": "urn:bbc:ares::asset:korean/news-42956825",
              "type": "cps"
            }
          ],
          "semanticGroupName": "Container Top Stories"
        },
        {
          "type": "av-stories-now",
          "title": "Watch/Listen",
          "items": [
            {
              "headlines": {
                "headline": "바다 속 촬영중이던 BBC 촬영진이 깜짝 놀란 이유"
              },
              "locators": {
                "assetUri": "/korean/news-41967183",
                "cpsUrn": "urn:bbc:content:assetUri:korean/news-41967183",
                "assetId": "41967183"
              },
              "summary": "바다 속 고래를 촬영하던 BBC 블루 플래닛 제작진이 뜻밖의 손님을 만났다",
              "timestamp": 1510561874000,
              "language": "ko",
              "passport": {
                "category": {
                  "categoryId": "http://www.bbc.co.uk/ontologies/applicationlogic-news/News",
                  "categoryName": "News"
                },
                "taggings": []
              },
              "cpsType": "MAP",
              "media": {
                "id": "p05mvr3d",
                "subType": "clip",
                "format": "video",
                "title": "BBC 블루 플래닛 제작진이 뜻밖의 손님을 만났다",
                "synopses": {
                  "short": "BBC 블루 플래닛 제작진이 뜻밖의 손님을 만났다"
                },
                "imageUrl": "ichef.bbci.co.uk/images/ic/$recipe/p05mvrb2.jpg",
                "embedding": false,
                "advertising": true,
                "caption": "BBC 블루 플래닛 제작진이 뜻밖의 손님을 만났다",
                "versions": [
                  {
                    "versionId": "p05mvr3j",
                    "types": [
                      "Original"
                    ],
                    "duration": 130,
                    "durationISO8601": "PT2M10S",
                    "warnings": {},
                    "availableTerritories": {
                      "uk": true,
                      "nonUk": true
                    },
                    "availableFrom": 1510561371000
                  }
                ],
                "smpKind": "programme",
                "type": "media"
              },
              "indexImage": {
                "id": "98724030",
                "subType": "index",
                "href": "http://c.files.bbci.co.uk/0BE2/production/_98724030_p05mvrb2.jpg",
                "path": "/cpsprodpb/0BE2/production/_98724030_p05mvrb2.jpg",
                "height": 549,
                "width": 976,
                "altText": "BBC 블루 플래닛 제작진이 뜻밖의 손님을 만났다",
                "caption": "BBC 블루 플래닛 제작진이 뜻밖의 손님을 만났다",
                "copyrightHolder": "BBC",
                "type": "image"
              },
              "options": {
                "isBreakingNews": false,
                "isFactCheck": false
              },
              "id": "urn:bbc:ares::asset:korean/news-41967183",
              "type": "cps"
            },
            {
              "headlines": {
                "headline": "'서강잡스'로 불리는 탈북자 사업가"
              },
              "locators": {
                "assetUri": "/korean/news-43209285",
                "cpsUrn": "urn:bbc:content:assetUri:korean/news-43209285",
                "assetId": "43209285"
              },
              "summary": "북한에서 엔지니어였던 김학민씨는 7년 전 탈북해 한국에서의 삶을 시작했다.",
              "timestamp": 1519716425000,
              "language": "ko",
              "passport": {
                "category": {
                  "categoryId": "http://www.bbc.co.uk/ontologies/applicationlogic-news/News",
                  "categoryName": "News"
                },
                "taggings": []
              },
              "cpsType": "MAP",
              "media": {
                "id": "p05zhdyf",
                "subType": "clip",
                "format": "video",
                "title": "'서강잡스'로 불리는 탈북자 사업가",
                "synopses": {
                  "short": "'서강잡스'로 불리는 탈북자 사업가"
                },
                "imageUrl": "ichef.bbci.co.uk/images/ic/$recipe/p05zhgr7.jpg",
                "embedding": true,
                "advertising": true,
                "caption": "'서강잡스'로 불리는 탈북자 사업가",
                "versions": [
                  {
                    "versionId": "p05zhdyh",
                    "types": [
                      "Original"
                    ],
                    "duration": 226,
                    "durationISO8601": "PT3M46S",
                    "warnings": {},
                    "availableTerritories": {
                      "uk": true,
                      "nonUk": true
                    },
                    "availableFrom": 1519715932000
                  }
                ],
                "smpKind": "programme",
                "type": "media"
              },
              "indexImage": {
                "id": "100193332",
                "subType": "index",
                "href": "http://c.files.bbci.co.uk/5B2B/production/_100193332_p05zhgr7.jpg",
                "path": "/cpsprodpb/5B2B/production/_100193332_p05zhgr7.jpg",
                "height": 549,
                "width": 976,
                "altText": "'서강잡스'로 불리는 탈북자 사업가",
                "caption": "'서강잡스'로 불리는 탈북자 사업가",
                "copyrightHolder": "BBC",
                "type": "image"
              },
              "options": {
                "isBreakingNews": false,
                "isFactCheck": false
              },
              "id": "urn:bbc:ares::asset:korean/news-43209285",
              "type": "cps"
            },
            {
              "headlines": {
                "headline": "탈북자들에게 묻는 엉뚱하지만 궁금한 질문들"
              },
              "locators": {
                "assetUri": "/korean/news-41731919",
                "cpsUrn": "urn:bbc:content:assetUri:korean/news-41731919",
                "assetId": "41731919"
              },
              "summary": "북한엔 축구공이 없어 돌을 찬다? 북한도 멜로 드라마를 만들까?",
              "timestamp": 1508821336000,
              "language": "ko",
              "passport": {
                "category": {
                  "categoryId": "http://www.bbc.co.uk/ontologies/applicationlogic-news/News",
                  "categoryName": "News"
                },
                "taggings": []
              },
              "cpsType": "MAP",
              "media": {
                "id": "p05ks7xm",
                "subType": "clip",
                "format": "video",
                "title": "탈북자들에게 묻는 엉뚱하지만 궁금한 질문들",
                "synopses": {
                  "short": "탈북자들에게 묻는 엉뚱하지만 궁금한 질문들"
                },
                "imageUrl": "ichef.bbci.co.uk/images/ic/$recipe/p05ksbc2.jpg",
                "embedding": false,
                "advertising": true,
                "caption": "탈북자들에게 묻는 엉뚱하지만 궁금한 질문들",
                "versions": [
                  {
                    "versionId": "p05ks7xp",
                    "types": [
                      "Original"
                    ],
                    "duration": 224,
                    "durationISO8601": "PT3M44S",
                    "warnings": {},
                    "availableTerritories": {
                      "uk": true,
                      "nonUk": true
                    },
                    "availableFrom": 1508820525000
                  }
                ],
                "smpKind": "programme",
                "type": "media"
              },
              "indexImage": {
                "id": "98451401",
                "subType": "index",
                "href": "http://c.files.bbci.co.uk/28AF/production/_98451401_p05ksbc2.jpg",
                "path": "/cpsprodpb/28AF/production/_98451401_p05ksbc2.jpg",
                "height": 549,
                "width": 976,
                "altText": "탈북자들에게 묻는 엉뚱하지만 궁금한 질문들을 물어봤다",
                "caption": "탈북자들에게 묻는 엉뚱하지만 궁금한 질문들을 물어봤다",
                "copyrightHolder": "BBC",
                "type": "image"
              },
              "imageThumbnail": {
                "id": "98451403",
                "subType": "index-thumbnail",
                "href": "http://c.files.bbci.co.uk/76CF/production/_98451403_p05ksbc2.jpg",
                "path": "/cpsprodpb/76CF/production/_98451403_p05ksbc2.jpg",
                "height": 180,
                "width": 320,
                "altText": "탈북자들에게 묻는 엉뚱하지만 궁금한 질문들을 물어봤다",
                "caption": "탈북자들에게 묻는 엉뚱하지만 궁금한 질문들을 물어봤다",
                "copyrightHolder": "BBC",
                "type": "image"
              },
              "options": {
                "isBreakingNews": false,
                "isFactCheck": false
              },
              "id": "urn:bbc:ares::asset:korean/news-41731919",
              "type": "cps"
            }
          ],
          "semanticGroupName": "Watch/Listen"
        },
        {
          "type": "container-guides",
          "title": "Guides 1",
          "items": [
            {
              "headlines": {
                "headline": "제주 예멘 사례로 드러난 한국 난민정책의 문제"
              },
              "locators": {
                "assetUri": "/korean/news-44632261",
                "cpsUrn": "urn:bbc:content:assetUri:korean/news-44632261",
                "assetId": "44632261"
              },
              "summary": "현재 제주도에는 480여 명의 예멘인 난민신청자가 난민심사를 기다리고 있다.",
              "timestamp": 1530183631000,
              "language": "ko",
              "byline": {
                "name": "오규욱  ",
                "title": "BBC 코리아",
                "persons": [
                  {
                    "name": "오규욱",
                    "function": "BBC 코리아"
                  }
                ]
              },
              "passport": {
                "category": {
                  "categoryId": "http://www.bbc.co.uk/ontologies/applicationlogic-news/News",
                  "categoryName": "News"
                },
                "taggings": []
              },
              "cpsType": "STY",
              "indexImage": {
                "id": "102242591",
                "subType": "index",
                "href": "http://c.files.bbci.co.uk/4C44/production/_102242591_yemen_refugee_2.png",
                "path": "/cpsprodpb/4C44/production/_102242591_yemen_refugee_2.png",
                "height": 549,
                "width": 976,
                "altText": "예멘 난민신청자들이 제주의 한 양식장에서 숙식하며 일하고 있다",
                "caption": "예멘 난민신청자들이 제주의 한 양식장에서 숙식하며 일하고 있다",
                "copyrightHolder": "BBC",
                "type": "image"
              },
              "options": {
                "isBreakingNews": false,
                "isFactCheck": false
              },
              "id": "urn:bbc:ares::asset:korean/news-44632261",
              "type": "cps"
            },
            {
              "headlines": {
                "headline": "북한에 스타트업 설립 꿈꾸는 제프리 시"
              },
              "locators": {
                "assetUri": "/korean/news-44429003",
                "cpsUrn": "urn:bbc:content:assetUri:korean/news-44429003",
                "assetId": "44429003"
              },
              "summary": "'북한 사람들이 혁신적이라는 것을 지난 10년간 깨달았다'",
              "timestamp": 1528611543000,
              "language": "ko",
              "byline": {
                "name": "[싱가포르] 기사 김형은, 촬영 최정민",
                "title": "BBC 코리아",
                "persons": [
                  {
                    "name": "Aamir Peerzada",
                    "function": "BBC News, India"
                  }
                ]
              },
              "passport": {
                "category": {
                  "categoryId": "http://www.bbc.co.uk/ontologies/applicationlogic-news/Feature",
                  "categoryName": "Feature"
                },
                "taggings": []
              },
              "cpsType": "STY",
              "indexImage": {
                "id": "101957680",
                "subType": "index",
                "href": "http://c.files.bbci.co.uk/21E3/production/_101957680_--2.jpg",
                "path": "/cpsprodpb/21E3/production/_101957680_--2.jpg",
                "height": 549,
                "width": 976,
                "altText": "BBC 코리아와 인터뷰 하는 제프리 시 (인터뷰 영상 캡쳐)",
                "caption": "BBC 코리아와 인터뷰 하는 제프리 시 (인터뷰 영상 캡쳐)",
                "copyrightHolder": "BBC",
                "type": "image"
              },
              "options": {
                "isBreakingNews": false,
                "isFactCheck": false
              },
              "id": "urn:bbc:ares::asset:korean/news-44429003",
              "type": "cps"
            },
            {
              "headlines": {
                "headline": "난민 복서 이흑산 통해 본 한국의 난민심사제도 문제"
              },
              "locators": {
                "assetUri": "/korean/news-42129405",
                "cpsUrn": "urn:bbc:content:assetUri:korean/news-42129405",
                "assetId": "42129405"
              },
              "summary": "2013년 부터 난민법이 시행되면서 한국을 찾는 난민의 수가 크게 늘었다. 하지만 신청자의 1% 정도만이 난민 자격을 인정받고 있다.",
              "timestamp": 1511700149000,
              "language": "ko",
              "byline": {
                "name": "오규욱  ",
                "title": "BBC 코리아",
                "persons": [
                  {
                    "name": "오규욱",
                    "function": "BBC 코리아"
                  }
                ]
              },
              "passport": {
                "category": {
                  "categoryId": "http://www.bbc.co.uk/ontologies/applicationlogic-news/News",
                  "categoryName": "News"
                },
                "taggings": []
              },
              "cpsType": "STY",
              "indexImage": {
                "id": "98941554",
                "subType": "index",
                "href": "http://c.files.bbci.co.uk/B1CA/production/_98941554_mediaitem98941553.jpg",
                "path": "/cpsprodpb/B1CA/production/_98941554_mediaitem98941553.jpg",
                "height": 549,
                "width": 976,
                "altText": "난민출신 복서 이흑산",
                "caption": "카메룬 출신의 난민 복서 이흑산",
                "copyrightHolder": "BBC",
                "type": "image"
              },
              "options": {
                "isBreakingNews": false,
                "isFactCheck": false
              },
              "id": "urn:bbc:ares::asset:korean/news-42129405",
              "type": "cps"
            }
          ],
          "semanticGroupName": "Guides 1"
        },
        {
          "type": "container-guides",
          "title": "Guides 2",
          "items": [
            {
              "headlines": {
                "headline": "[BBC 라디오] '구찌' 패션쇼에 비난 쏟아진 까닭"
              },
              "locators": {
                "assetUri": "/korean/news-44525750",
                "cpsUrn": "urn:bbc:content:assetUri:korean/news-44525750",
                "assetId": "44525750"
              },
              "summary": "구찌의 패션쇼 런웨이에 등장한 터번은 시크(Sikh)교의 상징이다.",
              "timestamp": 1529338525000,
              "language": "ko",
              "cpsType": "MAP",
              "media": {
                "id": "p06bfxlt",
                "subType": "clip",
                "format": "video",
                "title": "[BBC 라디오] '구찌' 패션쇼에 비난 쏟아진 까닭",
                "synopses": {
                  "short": "[BBC 라디오] '구찌' 패션쇼에 비난 쏟아진 까닭",
                  "long": "아래는 영국 공영방송 BBC 뉴스의 한국어 라디오, BBC 코리아 방송의 2018년 6월 18일 보도입니다.\n[앵커] '시크교'라고 들어보셨나요. 인도에서 파생된 종교인데요.\n시크교의 남성 신자들은 천으로 머리를 칭칭 감는 형태의 모자, '터번'을 반드시 쓰고 다닙니다.\n그런데 얼마 전 이탈리아의 한 유명 패션 업체가 새 옷을 소개하는 패션쇼 무대에 이 터번을 등장시켰다가 거센 비난에 휩싸였습니다.\n어떻게 된 일인지, 김효정 기자가 전해드립니다.",
                  "medium": "구찌의 패션쇼 런웨이에 등장한 터번은 시크(Sikh)교의 상징이다."
                },
                "imageUrl": "ichef.bbci.co.uk/images/ic/$recipe/p06bfxs6.jpg",
                "embedding": true,
                "advertising": true,
                "caption": "2018년 6월 18일 BBC 코리아 방송 - '구찌' 패션쇼에 비난 쏟아진 까닭",
                "versions": [
                  {
                    "versionId": "p06bfxm3",
                    "types": [
                      "Original"
                    ],
                    "duration": 114,
                    "durationISO8601": "PT1M54S",
                    "warnings": {},
                    "availableTerritories": {
                      "uk": true,
                      "nonUk": true
                    },
                    "availableFrom": 1529332843000
                  }
                ],
                "imageCopyright": "BBC",
                "smpKind": "programme",
                "type": "media"
              },
              "indexImage": {
                "id": "102098650",
                "subType": "index",
                "href": "http://c.files.bbci.co.uk/1639/production/_102098650_p06bfxs6.jpg",
                "path": "/cpsprodpb/1639/production/_102098650_p06bfxs6.jpg",
                "height": 576,
                "width": 1024,
                "altText": "Keyframe #1",
                "copyrightHolder": "BBC",
                "type": "image"
              },
              "imageThumbnail": {
                "id": "102098762",
                "subType": "index-thumbnail",
                "href": "http://c.files.bbci.co.uk/68A5/production/_102098762_p06bfxs6.jpg",
                "path": "/cpsprodpb/68A5/production/_102098762_p06bfxs6.jpg",
                "height": 180,
                "width": 320,
                "altText": "Keyframe #1",
                "copyrightHolder": "BBC",
                "type": "image"
              },
              "options": {
                "isBreakingNews": false,
                "isFactCheck": false
              },
              "id": "urn:bbc:ares::asset:korean/news-44525750",
              "type": "cps"
            },
            {
              "headlines": {
                "headline": "[BBC 라디오] 브라질, 낙태금지법 속 번지는 '자가 낙태' 시도"
              },
              "locators": {
                "assetUri": "/korean/international-44636064",
                "cpsUrn": "urn:bbc:content:assetUri:korean/international-44636064",
                "assetId": "44636064"
              },
              "summary": "BBC 취재진이 자가 낙태 방법을 공유하는 '비밀 대화방'에 잠입 취재를 시도했다.",
              "timestamp": 1530194938000,
              "language": "ko",
              "passport": {
                "category": {
                  "categoryId": "http://www.bbc.co.uk/ontologies/applicationlogic-news/News",
                  "categoryName": "News"
                },
                "taggings": []
              },
              "cpsType": "STY",
              "indexImage": {
                "id": "102232996",
                "subType": "index",
                "href": "http://c.files.bbci.co.uk/11123/production/_102232996_de27.jpg",
                "path": "/cpsprodpb/11123/production/_102232996_de27.jpg",
                "height": 1080,
                "width": 1920,
                "altText": "대화방 운영자가 BBC 취재진(노란옷)과 인터뷰를 하며 스마트폰 대화방을 확인하고 있다",
                "caption": "대화방 운영자가 BBC 취재진(노란옷)과 인터뷰를 하며 스마트폰 대화방을 확인하고 있다",
                "copyrightHolder": "BBC",
                "type": "image"
              },
              "imageThumbnail": {
                "id": "102233105",
                "subType": "index-thumbnail",
                "href": "http://c.files.bbci.co.uk/C3D5/production/_102233105_de27.jpg",
                "path": "/cpsprodpb/C3D5/production/_102233105_de27.jpg",
                "height": 180,
                "width": 320,
                "altText": "대화방 운영자가 BBC 취재진(노란옷)과 인터뷰를 하며 스마트폰 대화방을 확인하고 있다",
                "caption": "대화방 운영자가 BBC 취재진(노란옷)과 인터뷰를 하며 스마트폰 대화방을 확인하고 있다",
                "copyrightHolder": "BBC",
                "type": "image"
              },
              "options": {
                "isBreakingNews": false,
                "isFactCheck": false
              },
              "id": "urn:bbc:ares::asset:korean/international-44636064",
              "type": "cps"
            }
          ],
          "semanticGroupName": "Guides 2"
        },
        {
          "type": "container-guides",
          "title": "Guides 3",
          "items": [
            {
              "headlines": {
                "headline": "사람 죽이는 '오진과 편견'"
              },
              "locators": {
                "assetUri": "/korean/news-44353992",
                "cpsUrn": "urn:bbc:content:assetUri:korean/news-44353992",
                "assetId": "44353992"
              },
              "summary": "의료진의 ‘무의식적인’ 편견으로 환자의 초기 증상을 무시하거나 과소평가 하는 경우가 발생하기도 한다.",
              "timestamp": 1528250445000,
              "language": "ko",
              "passport": {
                "category": {
                  "categoryId": "http://www.bbc.co.uk/ontologies/applicationlogic-news/News",
                  "categoryName": "News"
                },
                "taggings": []
              },
              "cpsType": "STY",
              "indexImage": {
                "id": "101866247",
                "subType": "index",
                "href": "http://c.files.bbci.co.uk/1221A/production/_101866247_p067xnjl.jpg",
                "path": "/cpsprodpb/1221A/production/_101866247_p067xnjl.jpg",
                "height": 549,
                "width": 976,
                "altText": "연구진은 많은 의사가 환자를 진료하는 과정에서 무의식적으로 편향된 판단을 내리고, 그 판단으로 인해 초기 증상을 무시하거나 과소평가하게 된다고 설명한다",
                "caption": "연구진은 많은 의사가 환자를 진료하는 과정에서 무의식적으로 편향된 판단을 내리고, 그 판단으로 인해 초기 증상을 무시하거나 과소평가하게 된다고 설명한다",
                "copyrightHolder": "Paul Campbell",
                "type": "image"
              },
              "options": {
                "isBreakingNews": false,
                "isFactCheck": false
              },
              "id": "urn:bbc:ares::asset:korean/news-44353992",
              "type": "cps"
            },
            {
              "headlines": {
                "headline": "외국어 사용 업무, 모국어보다 더 좋은 결과 낼까"
              },
              "locators": {
                "assetUri": "/korean/news-44353994",
                "cpsUrn": "urn:bbc:content:assetUri:korean/news-44353994",
                "assetId": "44353994"
              },
              "summary": "'알아듣지 못한 척' 전략을 통해 시간을 벌어주는 장점도 있다.",
              "timestamp": 1528513553000,
              "language": "ko",
              "passport": {
                "category": {
                  "categoryId": "http://www.bbc.co.uk/ontologies/applicationlogic-news/News",
                  "categoryName": "News"
                },
                "taggings": []
              },
              "cpsType": "STY",
              "indexImage": {
                "id": "101881177",
                "subType": "index",
                "href": "http://c.files.bbci.co.uk/12D3E/production/_101881177_p0684hyz.jpg",
                "path": "/cpsprodpb/12D3E/production/_101881177_p0684hyz.jpg",
                "height": 549,
                "width": 976,
                "altText": ".",
                "copyrightHolder": "Alexander Demianchuk",
                "type": "image"
              },
              "options": {
                "isBreakingNews": false,
                "isFactCheck": false
              },
              "id": "urn:bbc:ares::asset:korean/news-44353994",
              "type": "cps"
            },
            {
              "headlines": {
                "headline": "만일 여성이 남성보다 힘이 세진다면 어떻게 될까?"
              },
              "locators": {
                "assetUri": "/korean/news-42220332",
                "cpsUrn": "urn:bbc:content:assetUri:korean/news-42220332",
                "assetId": "42220332"
              },
              "summary": "여성의 체력이 남성보다 우월했다면 사회는 어떻게 변했을지 전문가들에게 물었다.",
              "timestamp": 1512441522000,
              "language": "ko",
              "byline": {
                "name": "레이첼 누어",
                "title": "BBC Future",
                "persons": [
                  {
                    "name": "Rachel Nuwer",
                    "function": "BBC Future"
                  }
                ]
              },
              "passport": {
                "category": {
                  "categoryId": "http://www.bbc.co.uk/ontologies/applicationlogic-news/News",
                  "categoryName": "News"
                },
                "taggings": []
              },
              "cpsType": "STY",
              "indexImage": {
                "id": "99044868",
                "subType": "index",
                "href": "http://c.files.bbci.co.uk/1533C/production/_99044868_gettyimages-588934774.jpg",
                "path": "/cpsprodpb/1533C/production/_99044868_gettyimages-588934774.jpg",
                "height": 1152,
                "width": 2048,
                "altText": "weightlifter",
                "copyrightHolder": "Mike Ehrmann/Getty Images",
                "type": "image"
              },
              "options": {
                "isBreakingNews": false,
                "isFactCheck": false
              },
              "id": "urn:bbc:ares::asset:korean/news-42220332",
              "type": "cps"
            }
          ],
          "semanticGroupName": "Guides 3"
        },
        {
          "type": "feature-main",
          "title": "Features and Analysis",
          "items": [
            {
              "headlines": {
                "headline": "남.북.일에서 뛴 ‘조선 국적’ 축구선수 안영학"
              },
              "locators": {
                "assetUri": "/korean/features-44624816",
                "cpsUrn": "urn:bbc:content:assetUri:korean/features-44624816",
                "assetId": "44624816"
              },
              "summary": "\"이제까지 우리가 일본에서 살며 계속 참고, 지켜오고, 믿고 원하던 시대가 이제 다가오고 있다\"",
              "timestamp": 1530069853000,
              "language": "ko",
              "passport": {
                "category": {
                  "categoryId": "http://www.bbc.co.uk/ontologies/applicationlogic-news/Feature",
                  "categoryName": "Feature"
                },
                "campaigns": [
                  {
                    "campaignId": "5a988e2139461b000e9dabf7",
                    "campaignName": "Inspire me"
                  }
                ],
                "taggings": []
              },
              "cpsType": "MAP",
              "media": {
                "id": "p06c5xsh",
                "subType": "clip",
                "format": "video",
                "title": "남.북.일에서 뛴 ‘조선 국적’ 축구선수 안영학, '하나의 코리아로 월드컵 나가는 날 오길'",
                "synopses": {
                  "short": "\"이제까지 우리가 일본에서 살며 계속 참고, 지켜오고, 믿고 원하던 시대가 이제 다가오고 있다”"
                },
                "imageUrl": "ichef.bbci.co.uk/images/ic/$recipe/p06c5xtb.jpg",
                "embedding": true,
                "advertising": true,
                "caption": "\"이제까지 우리가 일본에서 살며 계속 참고, 지켜오고, 믿고 원하던 시대가 이제 다가오고 있다”",
                "versions": [
                  {
                    "versionId": "p06c5xsl",
                    "types": [
                      "Original"
                    ],
                    "duration": 644,
                    "durationISO8601": "PT10M44S",
                    "warnings": {},
                    "availableTerritories": {
                      "uk": true,
                      "nonUk": true
                    },
                    "availableFrom": 1530067830000
                  }
                ],
                "smpKind": "programme",
                "type": "media"
              },
              "indexImage": {
                "id": "102219881",
                "subType": "index",
                "href": "http://c.files.bbci.co.uk/49CB/production/_102219881_p06c5xtb.jpg",
                "path": "/cpsprodpb/49CB/production/_102219881_p06c5xtb.jpg",
                "height": 549,
                "width": 976,
                "altText": "남-북-일 그라운드를 누볐던 안영학 선수",
                "caption": "남-북-일 그라운드를 누볐던 안영학 선수",
                "copyrightHolder": "BBC",
                "type": "image"
              },
              "options": {
                "isBreakingNews": false,
                "isFactCheck": false
              },
              "id": "urn:bbc:ares::asset:korean/features-44624816",
              "type": "cps"
            },
            {
              "headlines": {
                "headline": "왜 가장 유능한 젊은이들이 회사를 그만두는 걸까?"
              },
              "locators": {
                "assetUri": "/korean/news-41627403",
                "cpsUrn": "urn:bbc:content:assetUri:korean/news-41627403",
                "assetId": "41627403"
              },
              "summary": "최고의 리더는 젊고 유능한 직원들을 계속 밑에 두려고 노력하지 않으며 그것이 오히려 장기적으로 성공하는 전략이다.",
              "timestamp": 1508062485000,
              "language": "ko",
              "passport": {
                "category": {
                  "categoryId": "http://www.bbc.co.uk/ontologies/applicationlogic-news/News",
                  "categoryName": "News"
                },
                "taggings": []
              },
              "cpsType": "STY",
              "indexImage": {
                "id": "98321994",
                "subType": "index",
                "href": "http://c.files.bbci.co.uk/C2F8/production/_98321994_gettyimages-697484674.jpg",
                "path": "/cpsprodpb/C2F8/production/_98321994_gettyimages-697484674.jpg",
                "height": 549,
                "width": 976,
                "altText": "상하이의 전자상거래 스타트업 '고고앤드'의 직원들이 일하는 모습",
                "caption": "상하이의 전자상거래 스타트업 '고고앤드'의 직원들이 일하는 모습",
                "copyrightHolder": "JOHANNES EISELE/AFP/Getty Images",
                "type": "image"
              },
              "imageThumbnail": {
                "id": "98322531",
                "subType": "index-thumbnail",
                "href": "http://c.files.bbci.co.uk/34D2/production/_98322531_gettyimages-697484674.jpg",
                "path": "/cpsprodpb/34D2/production/_98322531_gettyimages-697484674.jpg",
                "height": 180,
                "width": 320,
                "altText": "상하이의 전자상거래 스타트업 '고고앤드'의 직원들이 일하는 모습",
                "caption": "상하이의 전자상거래 스타트업 '고고앤드'의 직원들이 일하는 모습",
                "copyrightHolder": "JOHANNES EISELE/AFP/Getty Images",
                "type": "image"
              },
              "options": {
                "isBreakingNews": false,
                "isFactCheck": false
              },
              "id": "urn:bbc:ares::asset:korean/news-41627403",
              "type": "cps"
            },
            {
              "headlines": {
                "headline": "자녀의 커밍아웃에 대처하는 부모의 자세"
              },
              "locators": {
                "assetUri": "/korean/news-42575107",
                "cpsUrn": "urn:bbc:content:assetUri:korean/news-42575107",
                "assetId": "42575107"
              },
              "summary": "성소수자 자녀를 둔 부모들이 자녀의 커밍아웃과 그 이후의 상황에 대해 솔직하게 털어놓았다.",
              "timestamp": 1515135641000,
              "language": "ko",
              "passport": {
                "category": {
                  "categoryId": "http://www.bbc.co.uk/ontologies/applicationlogic-news/News",
                  "categoryName": "News"
                },
                "taggings": []
              },
              "cpsType": "MAP",
              "media": {
                "id": "p05swqw5",
                "subType": "clip",
                "format": "video",
                "title": "자녀의 커밍아웃에 대처하는 부모의 자세",
                "synopses": {
                  "short": "성소수자 자녀를 둔 부모들이 자녀의 커밍아웃과 그 이후의 상황에 대해 솔직하게 털어놓았다."
                },
                "imageUrl": "ichef.bbci.co.uk/images/ic/$recipe/p05sws72.jpg",
                "embedding": true,
                "advertising": true,
                "caption": "성소수자 자녀를 둔 부모들이 자녀의 커밍아웃과 그 이후의 상황에 대해 솔직하게 털어놓았다.",
                "versions": [
                  {
                    "versionId": "p05swqw7",
                    "types": [
                      "Original"
                    ],
                    "duration": 345,
                    "durationISO8601": "PT5M45S",
                    "warnings": {},
                    "availableTerritories": {
                      "uk": true,
                      "nonUk": true
                    },
                    "availableFrom": 1515132587000
                  }
                ],
                "smpKind": "programme",
                "type": "media"
              },
              "indexImage": {
                "id": "99473520",
                "subType": "index",
                "href": "http://c.files.bbci.co.uk/09E9/production/_99473520_p05sws72.jpg",
                "path": "/cpsprodpb/09E9/production/_99473520_p05sws72.jpg",
                "height": 549,
                "width": 976,
                "altText": "아버지와 자녀",
                "caption": "아버지는 커밍아웃한 자녀를 우려하는 아내에게 \"여보 이건 바꿀 수 없는 거예요\"라고 말했다",
                "copyrightHolder": "BBC",
                "type": "image"
              },
              "options": {
                "isBreakingNews": false,
                "isFactCheck": false
              },
              "id": "urn:bbc:ares::asset:korean/news-42575107",
              "type": "cps"
            },
            {
              "headlines": {
                "headline": "승무원에게 풀메이크업과 하이힐이 꼭 필요할까?"
              },
              "locators": {
                "assetUri": "/korean/news-43637994",
                "cpsUrn": "urn:bbc:content:assetUri:korean/news-43637994",
                "assetId": "43637994"
              },
              "summary": "엄격하지만 실용성이 떨어지는 복장 규정에 승무원들이 목소리를 높이고 있다.",
              "timestamp": 1522827981000,
              "language": "ko",
              "passport": {
                "category": {
                  "categoryId": "http://www.bbc.co.uk/ontologies/applicationlogic-news/News",
                  "categoryName": "News"
                },
                "taggings": []
              },
              "cpsType": "STY",
              "indexImage": {
                "id": "100693004",
                "subType": "index",
                "href": "http://c.files.bbci.co.uk/9C67/production/_100693004_p05yp56z.jpg",
                "path": "/cpsprodpb/9C67/production/_100693004_p05yp56z.jpg",
                "height": 549,
                "width": 976,
                "altText": "일하고 있는 승무원들",
                "caption": "승무원들은 전 운항에 걸쳐 야간 비행 중에도 풀 메이크업과 깔끔한 헤어스타일을 유지할 것을 요구받는다",
                "copyrightHolder": "Getty Images",
                "type": "image"
              },
              "options": {
                "isBreakingNews": false,
                "isFactCheck": false
              },
              "id": "urn:bbc:ares::asset:korean/news-43637994",
              "type": "cps"
            },
            {
              "headlines": {
                "headline": "'남은 시간 얼마 없어... 한 분이라도 더 찍고 싶어'"
              },
              "locators": {
                "assetUri": "/korean/news-44581550",
                "cpsUrn": "urn:bbc:content:assetUri:korean/news-44581550",
                "assetId": "44581550"
              },
              "summary": "한국인 사진작가 라미 현 씨는 영국과 한국을 오가며 참전용사들의 초상을 남긴다.",
              "timestamp": 1529888770000,
              "language": "ko",
              "passport": {
                "category": {
                  "categoryId": "http://www.bbc.co.uk/ontologies/applicationlogic-news/News",
                  "categoryName": "News"
                },
                "campaigns": [
                  {
                    "campaignId": "5a988e2139461b000e9dabf7",
                    "campaignName": "Inspire me"
                  }
                ],
                "taggings": []
              },
              "cpsType": "STY",
              "indexImage": {
                "id": "102278127",
                "subType": "index",
                "href": "http://c.files.bbci.co.uk/119FB/production/_102278127_rami4.jpg",
                "path": "/cpsprodpb/119FB/production/_102278127_rami4.jpg",
                "height": 346,
                "width": 615,
                "altText": "현 씨가 찍은 영국군 참전용사의 초상",
                "caption": "현 씨가 찍은 영국군 참전용사의 초상",
                "copyrightHolder": "Rami Hyun",
                "type": "image"
              },
              "imageThumbnail": {
                "id": "102165219",
                "subType": "index-thumbnail",
                "href": "http://c.files.bbci.co.uk/16478/production/_102165219_q23q23q.jpg",
                "path": "/cpsprodpb/16478/production/_102165219_q23q23q.jpg",
                "height": 180,
                "width": 320,
                "altText": "2018년 2월 한 자리에 모인 영국군 6.25 전쟁 참전용사들",
                "caption": "2018년 2월 한 자리에 모인 영국군 6.25 전쟁 참전용사들",
                "copyrightHolder": "Rami Hyun",
                "type": "image"
              },
              "options": {
                "isBreakingNews": false,
                "isFactCheck": false
              },
              "id": "urn:bbc:ares::asset:korean/news-44581550",
              "type": "cps"
            },
            {
              "headlines": {
                "headline": "'북한 이야기, 자기홍보나 돈벌이 수단 아냐'"
              },
              "locators": {
                "assetUri": "/korean/news-44426776",
                "cpsUrn": "urn:bbc:content:assetUri:korean/news-44426776",
                "assetId": "44426776"
              },
              "summary": "북한 출신이 아닌 작가가 북한을 주제로 한 소설을 발간한 경우는 드물다. 크리스 리가 첫 작품부터 주목받은 이유다.",
              "timestamp": 1528590608000,
              "language": "ko",
              "passport": {
                "category": {
                  "categoryId": "http://www.bbc.co.uk/ontologies/applicationlogic-news/News",
                  "categoryName": "News"
                },
                "taggings": []
              },
              "cpsType": "STY",
              "indexImage": {
                "id": "101954821",
                "subType": "index",
                "href": "http://c.files.bbci.co.uk/322D/production/_101954821_krysleeprofilepic.jpg",
                "path": "/cpsprodpb/322D/production/_101954821_krysleeprofilepic.jpg",
                "height": 288,
                "width": 512,
                "altText": "크리스 리는 목사 아버지를 따라 4살 때 미국으로 이주했다",
                "caption": "크리스 리는 목사 아버지를 따라 4살 때 미국으로 이주했다",
                "copyrightHolder": "Krys Lee",
                "type": "image"
              },
              "options": {
                "isBreakingNews": false,
                "isFactCheck": false
              },
              "id": "urn:bbc:ares::asset:korean/news-44426776",
              "type": "cps"
            }
          ],
          "semanticGroupName": "Features and Analysis"
        }
      ]
    },
    "promo": {
      "subType": "IDX",
      "name": "당신을 위해 엄선한 BBC 코리아 뉴스",
      "uri": "/korean/features-44652556",
      "id": "urn:bbc:ares::index:korean/features-44652556/desktop/domestic",
      "type": "simple"
    },
    "relatedContent": {
      "section": {
        "subType": "index",
        "name": "매거진",
        "uri": "/korean/features",
        "type": "simple"
      },
      "site": {
        "subType": "site",
        "name": "BBC 코리아",
        "uri": "/korean",
        "type": "simple"
      },
      "groups": []
    }
  }