{
  "metadata": {
    "id": "urn:bbc:ares::index:hindi/india-53901953/desktop/domestic",
    "locators": {
      "assetUri": "/hindi/india-53901953",
      "cpsUrn": "urn:bbc:content:assetUri:hindi/india-53901953",
      "curie": "http://www.bbc.co.uk/asset/1552737f-300f-4fe4-9e67-9e246752fc98/desktop/domestic",
      "assetId": "53901953"
    },
    "type": "FIX",
    "createdBy": "hindi-v6",
    "language": "hi",
    "lastUpdated": 1600150997566,
    "firstPublished": 1598340920000,
    "lastPublished": 1600150991000,
    "timestamp": 1600150991000,
    "options": {
      "allowAdvertising": true
    },
    "analyticsLabels": {
      "cps_asset_type": "fix",
      "counterName": "hindi.india.feature_index.53901953.page",
      "cps_asset_id": "53901953"
    },
    "tags": {},
    "version": "v1.3.6",
    "blockTypes": [
      "lead-feature-now",
      "container-top-stories",
      "av-stories-now",
      "other-top-stories",
      "container-guides"
    ],
    "title": "हमारी पुरखिन",
    "summary": "हमारी पुरखिनः भारत की वो महिलाएं जिन्होंने देश की महिलाओं की ज़िंदगी आसान की.",
    "atiAnalytics": {
      "producerName": "HINDI",
      "producerId": "52"
    }
  },
  "content": {
    "groups": [
      {
        "type": "lead-feature-now",
        "title": "Lead Feature",
        "items": [
          {
            "headlines": {
              "headline": "देवदासी प्रथा का अंत करने वाली डॉक्टर मुथुलक्ष्मी रेड्डी"
            },
            "locators": {
              "assetUri": "/hindi/india-53842300",
              "cpsUrn": "urn:bbc:content:assetUri:hindi/india-53842300",
              "curie": "http://www.bbc.co.uk/asset/7842c15f-e2fe-4c6e-85a7-d6504fb12992",
              "assetId": "53842300"
            },
            "summary": "मुथुलक्ष्मी रेड्डी को लड़की होने के कारण स्कूल में दाखिला देने से इनकार कर दिया गया था.",
            "timestamp": 1597893571000,
            "language": "hi",
            "byline": {
              "name": "पद्मा मीनाक्षी ",
              "title": "बीबीसी तेलुगू ",
              "persons": [
                {
                  "name": "Flora Carmichael & Marianna Spring",
                  "function": "BBC Trending"
                }
              ]
            },
            "passport": {
              "category": {
                "categoryId": "http://www.bbc.co.uk/ontologies/applicationlogic-news/Feature",
                "categoryName": "Feature"
              },
              "campaigns": [
                {
                  "campaignId": "5a988e2939461b000e9dabf8",
                  "campaignName": "WS - Educate me"
                },
                {
                  "campaignId": "5a988e3739461b000e9dabfa",
                  "campaignName": "WS - Give me perspective"
                }
              ],
              "taggings": []
            },
            "cpsType": "STY",
            "indexImage": {
              "id": "114032177",
              "subType": "index",
              "href": "http://c.files.bbci.co.uk/12D43/production/_114032177_6fd79c70-7f8b-4191-80fa-9e984f655819.jpg",
              "path": "/cpsprodpb/12D43/production/_114032177_6fd79c70-7f8b-4191-80fa-9e984f655819.jpg",
              "height": 549,
              "width": 976,
              "altText": "मुथुलक्ष्मी रेड्डी का चित्र",
              "copyrightHolder": "BBC",
              "type": "image"
            },
            "options": {
              "isBreakingNews": false,
              "isFactCheck": false
            },
            "id": "urn:bbc:ares::asset:hindi/india-53842300",
            "type": "cps"
          }
        ],
        "semanticGroupName": "Lead Feature"
      },
      {
        "type": "container-top-stories",
        "title": "Container Top Stories",
        "items": [
          {
            "headlines": {
              "headline": "अन्ना चांडी: भारत में हाईकोर्ट की पहली महिला जज"
            },
            "locators": {
              "assetUri": "/hindi/india-54030046",
              "cpsUrn": "urn:bbc:content:assetUri:hindi/india-54030046",
              "curie": "http://www.bbc.co.uk/asset/c9afad5a-c188-4d9d-aca8-b7222f7b9f00",
              "assetId": "54030046"
            },
            "summary": "हमारी पुरखिन सीरिज़ में कहानी अन्ना चांडी की. महिला आरक्षण की मांग की शुरुआत करने वाली मलयाली महिलाओं में अन्ना चांडी अग्रणी मानी जाती हैं.",
            "timestamp": 1599270495000,
            "language": "hi",
            "byline": {
              "name": "हरिता कांडपाल",
              "title": "संवाददाता, बीबीसी गुजराती",
              "persons": [
                {
                  "name": "সেলিম মিয়া",
                  "function": "বিবিসি বাংলা, ঢাকা"
                }
              ]
            },
            "passport": {
              "category": {
                "categoryId": "http://www.bbc.co.uk/ontologies/applicationlogic-news/News",
                "categoryName": "News"
              },
              "campaigns": [
                {
                  "campaignId": "5a988e2939461b000e9dabf8",
                  "campaignName": "WS - Educate me"
                }
              ],
              "taggings": []
            },
            "cpsType": "STY",
            "indexImage": {
              "id": "114252138",
              "subType": "index",
              "href": "http://c.files.bbci.co.uk/144B5/production/_114252138_d7c7f0b2-5a65-4e95-bebe-746dba31276b.png",
              "path": "/cpsprodpb/144B5/production/_114252138_d7c7f0b2-5a65-4e95-bebe-746dba31276b.png",
              "height": 549,
              "width": 976,
              "altText": "अन्ना चांडी",
              "copyrightHolder": "BBC",
              "type": "image"
            },
            "options": {
              "isBreakingNews": false,
              "isFactCheck": false
            },
            "id": "urn:bbc:ares::asset:hindi/india-54030046",
            "type": "cps"
          },
          {
            "headlines": {
              "headline": "सुग़रा हुमायूँ मिर्ज़ा: जिन्होंने पर्दे की रुकावट को ख़त्म किया और स्त्रियों की आवाज़ बनीं",
              "overtyped": "सुग़रा हुमायूँ मिर्ज़ा: जिन्होंने पर्दे की रुकावट को ख़त्म किया"
            },
            "locators": {
              "assetUri": "/hindi/india-53959690",
              "cpsUrn": "urn:bbc:content:assetUri:hindi/india-53959690",
              "curie": "http://www.bbc.co.uk/asset/9b279d84-8f8c-4139-abec-53fbbb7ecf9c",
              "assetId": "53959690"
            },
            "summary": "मुसलमान महिलाओं की ज़िंदगी बेहतर बनाने में सुग़रा हुमायूँ मिर्ज़ा ने अहम भूमिका निभाई थी.",
            "timestamp": 1598758308000,
            "language": "hi",
            "byline": {
              "name": "नासिरूद्दीन",
              "title": "वरिष्ठ पत्रकार",
              "persons": [
                {
                  "name": "Ivonne Toro Agurto",
                  "function": "La Tercera"
                }
              ]
            },
            "passport": {
              "category": {
                "categoryId": "http://www.bbc.co.uk/ontologies/applicationlogic-news/Feature",
                "categoryName": "Feature"
              },
              "campaigns": [
                {
                  "campaignId": "5a988e2139461b000e9dabf7",
                  "campaignName": "WS - Inspire me"
                }
              ],
              "taggings": []
            },
            "cpsType": "STY",
            "indexImage": {
              "id": "114172576",
              "subType": "index",
              "href": "http://c.files.bbci.co.uk/107C7/production/_114172576_sugra.jpg",
              "path": "/cpsprodpb/107C7/production/_114172576_sugra.jpg",
              "height": 549,
              "width": 976,
              "altText": "सुग़रा हुमायूँ मिर्ज़ा",
              "copyrightHolder": "BBC",
              "type": "image"
            },
            "options": {
              "isBreakingNews": false,
              "isFactCheck": false
            },
            "id": "urn:bbc:ares::asset:hindi/india-53959690",
            "type": "cps"
          }
        ],
        "semanticGroupName": "Container Top Stories"
      },
      {
        "type": "av-stories-now",
        "title": "Watch/Listen",
        "items": [
          {
            "headlines": {
              "headline": "अनसूया साराभाईः गुजरात में श्रम आंदोलन की शुरुआत करने वाली पहली महिला"
            },
            "locators": {
              "assetUri": "/hindi/media-54028035",
              "cpsUrn": "urn:bbc:content:assetUri:hindi/media-54028035",
              "curie": "http://www.bbc.co.uk/asset/81f86eb9-e0be-48aa-9d09-41f89746703d",
              "assetId": "54028035"
            },
            "summary": "भारत की दस ऐसी महिलाएं जो औरतों की आवाज़ बनी और लोकतंत्र को मज़बूत करने में मदद की.",
            "timestamp": 1599358861000,
            "language": "hi",
            "passport": {
              "category": {
                "categoryId": "http://www.bbc.co.uk/ontologies/applicationlogic-news/Feature",
                "categoryName": "Feature"
              },
              "campaigns": [
                {
                  "campaignId": "5a988e2139461b000e9dabf7",
                  "campaignName": "WS - Inspire me"
                }
              ],
              "taggings": []
            },
            "cpsType": "MAP",
            "media": {
              "id": "p08qj31h",
              "subType": "clip",
              "format": "video",
              "title": "अनसूया साराभाईः गुजरात में श्रम आंदोलन की शुरुआत करने वाली पहली महिला",
              "synopses": {
                "short": "अनसूया साराभाईः गुजरात में श्रम आंदोलन की शुरुआत करने वाली पहली महिला",
                "long": "अनसूया साराभाई गुजरात में श्रम आंदोलन की शुरुआत करने वाली पहली महिला मानी जाती हैं.\nउन्होंने गुजरात में कपड़ा मिल में काम करने वाले मज़दूरों के लिए काम के घंटे घटाने और बेहतर माहौल देने की मांग की. \nसाथ ही जब राज्य में प्लेग फैला तो मिल मालिकों ने मज़दूरों का पलायन रोकने के लिए उनके वेतम में 50 फ़ीसद का इज़ाफा कर दिया\nलेकिन स्थिति सुधरते ही मिल मालिकों ने वापस उसे घटा दिया.\nइसके विरोध में सन् 1918 में अनसूया ने मज़दूरों का वेतन 50 फ़ीसद बढ़ाने की मांग की लेकिन मिल मालिक केवल 20 प्रतिशत बढ़ोतरी के लिए राज़ी थे.\nइसके ख़िलाफ़ अनसूया ने हड़ताल की और बाद में इस हड़ताल का समर्थन महात्मा गांधी ने किया जिसके बाद मिल मालिक 35 फ़ीसद बढ़ोतरी के लिए तैयार हो गए.\nअनसूया ने सन् 1920 में मज़दूर महाजन संघ का गठन किया, ये भारत के सबसे पहले मज़दूर संघों में से एक माना जाता हैं. \nबीबीसी हिंदी दस ऐसी महिलाओं की कहानी ला रहा है जिन्होंने लोकतंत्र की नींव मज़बूत की इसकी छठीं कड़ी में देखिए सुग़रा हुमायूं मिर्ज़ा की कहानी. (प्लीज़ इस लाल वाले वाक्य में लिंक्स एमबेड कर दें)\n \nफ़ेसबुक पर देखने के लिए क्लिक करें-\nयूट्यूब पर देखने के लिए क्लिक करें-",
                "medium": "भारत की दस ऐसी महिलाएं जो औरतों की आवाज़ बनी और लोकतंत्र को मज़बूत करने में मदद की."
              },
              "imageUrl": "ichef.bbci.co.uk/images/ic/$recipe/p08qj3pt.jpg",
              "embedding": true,
              "advertising": true,
              "caption": "अनसूया साराभाईः गुजरात में श्रम आंदोलन की शुरुआत करने वाली पहली महिला",
              "versions": [
                {
                  "versionId": "p08qj31p",
                  "types": [
                    "Original"
                  ],
                  "duration": 147,
                  "durationISO8601": "PT2M27S",
                  "warnings": {},
                  "availableTerritories": {
                    "uk": true,
                    "nonUk": true
                  },
                  "availableFrom": 1599216668000
                }
              ],
              "imageCopyright": "BBC",
              "smpKind": "programme",
              "type": "media"
            },
            "indexImage": {
              "id": "114243056",
              "subType": "index",
              "href": "http://c.files.bbci.co.uk/FE0A/production/_114243056_p08qj3pt.jpg",
              "path": "/cpsprodpb/FE0A/production/_114243056_p08qj3pt.jpg",
              "height": 576,
              "width": 1024,
              "altText": "अनसूया साराभाई",
              "copyrightHolder": "BBC",
              "type": "image"
            },
            "options": {
              "isBreakingNews": false,
              "isFactCheck": false
            },
            "id": "urn:bbc:ares::asset:hindi/media-54028035",
            "type": "cps"
          },
          {
            "headlines": {
              "headline": "अन्ना चांडी: भारत में हाईकोर्ट की जज बनने वालीं पहली महिला"
            },
            "locators": {
              "assetUri": "/hindi/media-54027641",
              "cpsUrn": "urn:bbc:content:assetUri:hindi/media-54027641",
              "curie": "http://www.bbc.co.uk/asset/7acc2a66-7f33-4ed4-9309-44ebe255c84f",
              "assetId": "54027641"
            },
            "summary": "भारत की दस ऐसी महिलाएं जो औरतों की आवाज़ बनी और लोकतंत्र को मज़बूत करने में मदद की.",
            "timestamp": 1599270480000,
            "language": "hi",
            "passport": {
              "category": {
                "categoryId": "http://www.bbc.co.uk/ontologies/applicationlogic-news/Feature",
                "categoryName": "Feature"
              },
              "campaigns": [
                {
                  "campaignId": "5a988e2139461b000e9dabf7",
                  "campaignName": "WS - Inspire me"
                },
                {
                  "campaignId": "5a988e4739461b000e9dabfc",
                  "campaignName": "WS - Update me"
                }
              ],
              "taggings": []
            },
            "cpsType": "MAP",
            "media": {
              "id": "p08qj0vn",
              "subType": "clip",
              "format": "video",
              "title": "अन्ना  चांडी :भारत में हाईकोर्ट की जज बनने वालीं पहली महिला",
              "synopses": {
                "short": "अन्ना  चांडी :भारत में हाईकोर्ट की जज बनने वालीं पहली महिला",
                "long": "अन्ना चंडी केरल राज्य में क़ानून की डिग्री हासिल करने वाली पहली मलयाली महिला मानी जाती हैं और सन् 1959 में वे केरल हाईकोर्ट की पहली महिला जज बनीं.\n नारीवादी सोच वाली अन्ना चांडी ने महिलाओं के अधिकारों के लिए आवाज़ उठाई और पारंपरिक तौर पर जिन ज़िम्मेदारियों से महिलाओं को जोड़ा गया था, उसमें भी बदलाव पर ज़ोर दिया.\nअन्ना चांडी ने महिलाओं के लिए सरकारी नौकरियों में आरक्षण की मांग उठाई और उनकी आरक्षण देने की मांग का असर दिखा और केरल में महिलाओं की नौकरी का रास्ता आसान हुआ.\nबीबीसी हिंदी दस ऐसी महिलाओं की कहानी ला रहा है जिन्होंने लोकतंत्र की नींव मज़बूत की इसकी पांचवी कड़ी में देखिए पंजाब की इंद्रजीत कौर कहानी (प्लीज़ इस लाल वाले वाक्य में लिंक्स एमबेड कर दें)\n \nफ़ेसबुक पर देखने के लिए क्लिक करें-\nयूट्यूब पर देखने के लिए क्लिक करें-",
                "medium": "भारत की दस ऐसी महिलाएं जो औरतों की आवाज़ बनी और लोकतंत्र को मज़बूत करने में मदद की."
              },
              "imageUrl": "ichef.bbci.co.uk/images/ic/$recipe/p08qj14z.jpg",
              "embedding": true,
              "advertising": true,
              "caption": "अन्ना चांडी :भारत में हाईकोर्ट की जज बनने वालीं पहली महिला",
              "versions": [
                {
                  "versionId": "p08qj0vq",
                  "types": [
                    "Original"
                  ],
                  "duration": 156,
                  "durationISO8601": "PT2M36S",
                  "warnings": {},
                  "availableTerritories": {
                    "uk": true,
                    "nonUk": true
                  },
                  "availableFrom": 1599215016000
                }
              ],
              "imageCopyright": "BBC",
              "smpKind": "programme",
              "type": "media"
            },
            "indexImage": {
              "id": "114243053",
              "subType": "index",
              "href": "http://c.files.bbci.co.uk/88DA/production/_114243053_p08qj14z.jpg",
              "path": "/cpsprodpb/88DA/production/_114243053_p08qj14z.jpg",
              "height": 576,
              "width": 1024,
              "altText": "अन्ना चांडी",
              "copyrightHolder": "BBC",
              "type": "image"
            },
            "options": {
              "isBreakingNews": false,
              "isFactCheck": false
            },
            "id": "urn:bbc:ares::asset:hindi/media-54027641",
            "type": "cps"
          },
          {
            "headlines": {
              "headline": "सुग़रा हुमायूँ मिर्ज़ा: हैदराबाद दक़न की पहली महिला संपादक"
            },
            "locators": {
              "assetUri": "/hindi/media-53945982",
              "cpsUrn": "urn:bbc:content:assetUri:hindi/media-53945982",
              "curie": "http://www.bbc.co.uk/asset/e3c09647-74e1-4751-8809-0075ec803e14",
              "assetId": "53945982"
            },
            "summary": "भारत की दस ऐसी महिलाएं जो औरतों की आवाज़ बनी. सुग़रा हुमायूँ मिर्ज़ा ने एक लेखिका, सम्पादक, समाज सुधारक और शिक्षाविद के रूप में महिलाओं की ज़िंदगी को बदला.",
            "timestamp": 1598751756000,
            "language": "hi",
            "passport": {
              "category": {
                "categoryId": "http://www.bbc.co.uk/ontologies/applicationlogic-news/Feature",
                "categoryName": "Feature"
              },
              "campaigns": [
                {
                  "campaignId": "5a988e2139461b000e9dabf7",
                  "campaignName": "WS - Inspire me"
                }
              ],
              "taggings": []
            },
            "cpsType": "MAP",
            "media": {
              "id": "p08pwbwp",
              "subType": "clip",
              "format": "video",
              "title": "सुग़रा हुमायूँ मिर्ज़ा: हैदराबाद दक़न की पहली महिला सम्पादक",
              "synopses": {
                "short": "सुग़रा हुमायूँ मिर्ज़ा: हैदराबाद दक़न की पहली महिला सम्पादक",
                "long": "बीबीसी हिंदी दस ऐसी महिलाओं की कहानी ला रहा है जिन्होंने लोकतंत्र की नींव मज़बूत की. उन्होंने महिला के अधिकारों को अपनी आवाज़ दी. वे समाज सुधारक थी और कई महत्वपूर्ण पदों पर पहुंचने वाली वे पहली महिला बनी. \n\nउन्हें हैदराबाद दक़न की पहली महिला सम्पादक माना जाता है. उन्होंने स्त्रियों के लिए पत्रिका निकाली. उन्होंने ‘अन-निसा’ और ‘ज़ेब-उन-निसा’ पत्रिकाओं का संपादन किया.\n उन्होंने पर्दे में क़ैद ज़िंदगी से ख़ुद को आज़ाद किया. घर से बाहर बिना पर्दे के निकलने वाली वे हैदराबाद दकन इलाक़े की पहली महिला मानी जाती हैं.\n \n सन् 1934 में उन्होंने हैदराबाद में लड़कियों के लिए ‘मदरसा सफदरिया’ शुरू किया. आज भी वह स्कूल 'सफ़दरिया गर्ल्स हाईस्कूल' के नाम से चल रहा है.\n\n \nबीबीसी हिंदी दस ऐसी महिलाओं की कहानी ला रहा है जिन्होंने लोकतंत्र की नींव मज़बूत की इसकी चौथी कड़ी में देखिए महाराष्ट्र की रखमाबाई राउत की कहानी (प्लीज़ इस लाल वाले वाक्य में लिंक्स एमबेड कर दें)\n \nफ़ेसबुक पर देखने के लिए क्लिक करें-\nयूट्यूब पर देखने के लिए क्लिक करें-",
                "medium": "भारत की दस ऐसी महिलाएं जो औरतों की आवाज़ बनी. सुग़रा हुमायूँ मिर्ज़ा ने एक लेखिका, सम्पादक, समाज सुधारक और शिक्षाविद के रूप में महिलाओं की ज़िंदगी को बदला."
              },
              "imageUrl": "ichef.bbci.co.uk/images/ic/$recipe/p08pwc7d.jpg",
              "embedding": true,
              "advertising": true,
              "caption": "सुग़रा हुमायूँ मिर्ज़ा: हैदराबाद दक़न की पहली महिला सम्पादक",
              "versions": [
                {
                  "versionId": "p08pwbx1",
                  "types": [
                    "Original"
                  ],
                  "duration": 169,
                  "durationISO8601": "PT2M49S",
                  "warnings": {},
                  "availableTerritories": {
                    "uk": true,
                    "nonUk": true
                  },
                  "availableFrom": 1598604304000
                }
              ],
              "imageCopyright": "BBC",
              "smpKind": "programme",
              "type": "media"
            },
            "indexImage": {
              "id": "114154035",
              "subType": "index",
              "href": "http://c.files.bbci.co.uk/CF35/production/_114154035_p08pwc7d.jpg",
              "path": "/cpsprodpb/CF35/production/_114154035_p08pwc7d.jpg",
              "height": 576,
              "width": 1024,
              "altText": "सुग़रा हुमायूँ मिर्ज़ा",
              "copyrightHolder": "BBC",
              "type": "image"
            },
            "options": {
              "isBreakingNews": false,
              "isFactCheck": false
            },
            "id": "urn:bbc:ares::asset:hindi/media-53945982",
            "type": "cps"
          },
          {
            "headlines": {
              "headline": "इंदरजीत कौर: एसएससी की पहली महिला अध्यक्ष"
            },
            "locators": {
              "assetUri": "/hindi/media-53947428",
              "cpsUrn": "urn:bbc:content:assetUri:hindi/media-53947428",
              "curie": "http://www.bbc.co.uk/asset/4ddc4d24-1ce7-4db5-8947-c1b9566682bb",
              "assetId": "53947428"
            },
            "summary": "भारत की दस ऐसी महिलाएं जो औरतों की आवाज़ बनी और लोकतंत्र को मज़बूत करने में मदद की. पंजाब की इंदरजीत कौर ने महिलाओं के लिए शिक्षा की दिशा में कई रास्ते खोले.",
            "timestamp": 1598671908000,
            "language": "hi",
            "passport": {
              "category": {
                "categoryId": "http://www.bbc.co.uk/ontologies/applicationlogic-news/Feature",
                "categoryName": "Feature"
              },
              "campaigns": [
                {
                  "campaignId": "5a988e2139461b000e9dabf7",
                  "campaignName": "WS - Inspire me"
                }
              ],
              "taggings": []
            },
            "cpsType": "MAP",
            "media": {
              "id": "p08pwnlm",
              "subType": "clip",
              "format": "video",
              "title": "इंदरजीत कौर: एसएससी की पहली महिला अध्यक्ष बनीं",
              "synopses": {
                "short": "इंदरजीत कौर: एसएससी की पहली महिला अध्यक्ष बनीं",
                "long": "बीबीसी हिंदी दस ऐसी महिलाओं की कहानी ला रहा है जिन्होंने लोकतंत्र की नींव मज़बूत की. उन्होंने महिलाओं के अधिकारों को अपनी आवाज़ दी. वे समाज सुधारक थी और कई महत्वपूर्ण पदों पर पहुंचने वाली वे पहली महिला बनी. \n\nइंदरजीत कौर पंजाबी यूनिवर्सिटी, पटियाला की पहली वाइस चांसलर और केंद्र सरकार की नौकरियों के लिए भर्ती करने वाली रिक्रूटमेंट एजेंसी स्टाफ सेलेक्शन कमीशन की पहली महिला अध्यक्ष भी बनीं.\n\nभारत-पाकिस्तान विभाजन के दौरान उन्होंने माता साहिब कौर दल की स्थापना करने में मदद की.\nउन्होंने माता साहिब कौर दल की सचिव रहते हुए भारत-पाकिस्तान विभाजन के दौरान आए शरणार्थियों की मदद की.\nइंदरजीत कौर ने शरणार्थी बच्चों के लिए माता साहिब कौर दल स्कूल खोलने में भी सहायता की और शरणार्थी महिलाओं को आत्म रक्षा का प्रशिक्षण भी दिलवाया.\nउन्होंने गवर्नमेंट कॉलेज फॉर विमेन की प्रिंसिपल बनने के बाद कॉलेज में विज्ञान विभाग भी खुलवाया और उसके बाद कॉलेज में छात्राओं की संख्या भी बढ़ी\n \nबीबीसी हिंदी दस ऐसी महिलाओं की कहानी ला रहा है जिन्होंने लोकतंत्र की नींव मज़बूत की इसकी तीसरी कड़ी में देखिए असम की चंद्रप्रभा सैकियानी की कहानी (प्लीज़ इस लाल वाले वाक्य में लिंक्स एमबेड कर दें)\n \nफ़ेसबुक पर देखने के लिए क्लिक करें-\nयूट्यूब पर देखने के लिए क्लिक करें-",
                "medium": "भारत की दस ऐसी महिलाएं जो औरतों की आवाज़ बनी और लोकतंत्र को मज़बूत करने में मदद की. पंजाब की इंदरजीत कौर ने महिलाओं के लिए शिक्षा की दिशा में कई रास्ते खोले."
              },
              "imageUrl": "ichef.bbci.co.uk/images/ic/$recipe/p08pwnwj.jpg",
              "embedding": true,
              "advertising": true,
              "caption": "इंदरजीत कौर: एसएससी की पहली महिला अध्यक्ष बनीं",
              "versions": [
                {
                  "versionId": "p08pwnlt",
                  "types": [
                    "Original"
                  ],
                  "duration": 125,
                  "durationISO8601": "PT2M5S",
                  "warnings": {},
                  "availableTerritories": {
                    "uk": true,
                    "nonUk": true
                  },
                  "availableFrom": 1598609429000
                }
              ],
              "imageCopyright": "BBC",
              "smpKind": "programme",
              "type": "media"
            },
            "indexImage": {
              "id": "114154037",
              "subType": "index",
              "href": "http://c.files.bbci.co.uk/11D55/production/_114154037_p08pwnwj.jpg",
              "path": "/cpsprodpb/11D55/production/_114154037_p08pwnwj.jpg",
              "height": 576,
              "width": 1024,
              "altText": "इंदरजीत कौर",
              "copyrightHolder": "BBC",
              "type": "image"
            },
            "options": {
              "isBreakingNews": false,
              "isFactCheck": false
            },
            "id": "urn:bbc:ares::asset:hindi/media-53947428",
            "type": "cps"
          },
          {
            "headlines": {
              "headline": "देवदासी प्रथा हटाने में अहम भूमिका निभाने वाली मुथुलक्ष्मी रेड्डी"
            },
            "locators": {
              "assetUri": "/hindi/media-53813662",
              "cpsUrn": "urn:bbc:content:assetUri:hindi/media-53813662",
              "curie": "http://www.bbc.co.uk/asset/28d8877b-6735-4d81-8519-53529e25ea1b",
              "assetId": "53813662"
            },
            "summary": "लोकतंत्र की नींव मज़बूत करने वाली महिलाओं की कहानी.",
            "timestamp": 1597732899000,
            "language": "hi",
            "passport": {
              "category": {
                "categoryId": "http://www.bbc.co.uk/ontologies/applicationlogic-news/News",
                "categoryName": "News"
              },
              "campaigns": [
                {
                  "campaignId": "5a988e3739461b000e9dabfa",
                  "campaignName": "WS - Give me perspective"
                },
                {
                  "campaignId": "5a988e3e39461b000e9dabfb",
                  "campaignName": "WS - Keep me on trend"
                },
                {
                  "campaignId": "5a988e4739461b000e9dabfc",
                  "campaignName": "WS - Update me"
                }
              ],
              "taggings": []
            },
            "cpsType": "MAP",
            "media": {
              "id": "p08nwq3m",
              "subType": "clip",
              "format": "video",
              "title": "देवदासी प्रथा हटाने में अहम भूमिका निभाने वाली मुथुलक्ष्मी रेड्डी",
              "synopses": {
                "short": "लोकतंत्र की नींव मज़बूत करने वाली महिलाओं की कहानी.",
                "long": "बीबीसी ला रहा है उन महिलाओं की कहानियां, जिन्होंने लोकतंत्र की नींव मज़बूत की और महिलाओं के अधिकारों को अपनी आवाज़ दी. ये समाजसुधारक और कई अहम पदों पर पहुंचने वाली महिलाएं थीं. आज मुथुलक्ष्मी रेड्डी की कहानी.",
                "medium": "मुथुलक्ष्मी का जन्म तमिलनाडु में हुआ था."
              },
              "imageUrl": "ichef.bbci.co.uk/images/ic/$recipe/p08nwq9q.jpg",
              "embedding": true,
              "advertising": true,
              "caption": "लोकतंत्र की नींव मज़बूत करने वाली महिलाओं की कहानी.",
              "versions": [
                {
                  "versionId": "p08nwq3p",
                  "types": [
                    "Original"
                  ],
                  "duration": 112,
                  "durationISO8601": "PT1M52S",
                  "warnings": {},
                  "availableTerritories": {
                    "uk": true,
                    "nonUk": true
                  },
                  "availableFrom": 1597683406000
                }
              ],
              "imageCopyright": "BBC",
              "smpKind": "programme",
              "type": "media"
            },
            "indexImage": {
              "id": "113978380",
              "subType": "index",
              "href": "http://c.files.bbci.co.uk/20C3/production/_113978380_p08nwq9q.jpg",
              "path": "/cpsprodpb/20C3/production/_113978380_p08nwq9q.jpg",
              "height": 549,
              "width": 976,
              "altText": "Devdasi",
              "caption": "मुथुलक्ष्मी का जन्म तमिलनाडु में हुआ था.",
              "copyrightHolder": "BBC",
              "type": "image"
            },
            "options": {
              "isBreakingNews": false,
              "isFactCheck": false
            },
            "id": "urn:bbc:ares::asset:hindi/media-53813662",
            "type": "cps"
          },
          {
            "headlines": {
              "headline": "रुक़ैया सख़ावत के लिए लड़कियाँ बोलती हैं, 'वो न होतीं तो हम न होते'"
            },
            "locators": {
              "assetUri": "/hindi/media-53779229",
              "cpsUrn": "urn:bbc:content:assetUri:hindi/media-53779229",
              "curie": "http://www.bbc.co.uk/asset/47701954-0f23-40bf-847f-e4c9541fa1db",
              "assetId": "53779229"
            },
            "summary": "रुक़ैया सख़ावत हुसैन एक नारीवादी विचारक, कथाकार, उपन्यासकार और कवि थीं.",
            "timestamp": 1597554269000,
            "language": "hi",
            "passport": {
              "category": {
                "categoryId": "http://www.bbc.co.uk/ontologies/applicationlogic-news/Feature",
                "categoryName": "Feature"
              },
              "campaigns": [
                {
                  "campaignId": "5a988e2139461b000e9dabf7",
                  "campaignName": "WS - Inspire me"
                }
              ],
              "taggings": []
            },
            "cpsType": "MAP",
            "media": {
              "id": "p08nmd69",
              "subType": "clip",
              "format": "video",
              "title": "रुक़ैया सख़ावत जिनके बारे में लड़कियां क्यों कहती हैं",
              "synopses": {
                "short": "रुक़ैया सख़ावत जिनके बारे में लड़कियां क्यों कहती हैं",
                "long": "बीबीसी हिंदी दस ऐसी महिलाओं की कहानी ला रहा है जिन्होंने लोकतंत्र की नींव मज़बूत की. उन्होंने महिलाओं के हक़ हुक़ूक़ को अपनी आवाज़ दी. वे समाज सुधारक थी और कई महत्वपूर्ण पदों पर पहुंचने वाली वे पहली महिला बनी.   \n\nरुक़ैया सख़ावत हुसैन एक नारीवादी विचारक, कथाकार, उपन्यासकार और कवि थी.\n\nउन्होंने कई रचनाए लिखी जिसमें से एक महत्वपूर्ण रचना मानी जाती है सुलतानाज़ ड्रीम्स. उनके एक लेख {स्त्री जातिर अबोनति}कान लगा देना की नहीं चल रही  ने उस ज़मीने में काफी हलचल पैदा कर दी थी.  \n\nरुक़ैया हुसैन ने मुसलमान महिलाओं के लिए कई संगठन भी खोले.\n\nउन्होंने बंगाल में मुसलमान लड़कियों की पढ़ाई के लिए मुहिम चलाई और लोगों के विरोध के बावजूद स्कूल खोले. \n\nसख़ावत मेमोरियल गवर्नमेंट गर्लस हाई स्कूल आज भी कोलकाता में चल रहा है. आज भी वहां मुसलमान लड़कियां ये कहती हैं कि {अगर वो न होती तो हम भी न होते.",
                "medium": "भारत की दस ऐसी महिलाओं में से एक रुक़ैया हुसैन जिन्होंने विरोध के बावजूद स्कूल खोले और मुसलमान लड़कियों को आगे बढ़ाने में महत्वपूर्ण रोल अदा किया."
              },
              "imageUrl": "ichef.bbci.co.uk/images/ic/$recipe/p08nmdmt.jpg",
              "embedding": true,
              "advertising": true,
              "caption": "रुक़ैया सख़ावत जिनके बारे में लड़कियां क्यों कहती हैं",
              "versions": [
                {
                  "versionId": "p08nmd6c",
                  "types": [
                    "Original"
                  ],
                  "duration": 103,
                  "durationISO8601": "PT1M43S",
                  "warnings": {},
                  "availableTerritories": {
                    "uk": true,
                    "nonUk": true
                  },
                  "availableFrom": 1597395621000
                }
              ],
              "imageCopyright": "BBC",
              "smpKind": "programme",
              "type": "media"
            },
            "indexImage": {
              "id": "113937356",
              "subType": "index",
              "href": "http://c.files.bbci.co.uk/FF5D/production/_113937356_p08nmdmt.jpg",
              "path": "/cpsprodpb/FF5D/production/_113937356_p08nmdmt.jpg",
              "height": 360,
              "width": 640,
              "altText": "रुक़ैया सख़ावत हुसैन",
              "copyrightHolder": "BBC",
              "type": "image"
            },
            "options": {
              "isBreakingNews": false,
              "isFactCheck": false
            },
            "id": "urn:bbc:ares::asset:hindi/media-53779229",
            "type": "cps"
          },
          {
            "headlines": {
              "headline": "चंद्रप्रभा सैकियानी: असम से पर्दा प्रथा हटाने में अहम भूमिका निभाने वाली महिला"
            },
            "locators": {
              "assetUri": "/hindi/media-53864604",
              "cpsUrn": "urn:bbc:content:assetUri:hindi/media-53864604",
              "curie": "http://www.bbc.co.uk/asset/90d28c3d-d2d9-4b03-854b-c904f3b98cd1",
              "assetId": "53864604"
            },
            "summary": "असम की चंद्रप्रभा सैकियानी ने 13 साल की उम्र में लड़कियों के लिए स्कूल खोला और फिर असहयोग आंदोलन में भी भाग लिया.",
            "timestamp": 1598064882000,
            "language": "hi",
            "passport": {
              "category": {
                "categoryId": "http://www.bbc.co.uk/ontologies/applicationlogic-news/Feature",
                "categoryName": "Feature"
              },
              "campaigns": [
                {
                  "campaignId": "5a988e2139461b000e9dabf7",
                  "campaignName": "WS - Inspire me"
                }
              ],
              "taggings": []
            },
            "cpsType": "MAP",
            "media": {
              "id": "p08p830w",
              "subType": "clip",
              "format": "video",
              "title": "चंद्रप्रभा सैकियानी: असम में पर्दा प्रथा को हटाने की मुख्य किरदार बनीं",
              "synopses": {
                "short": "चंद्रप्रभा सैकियानी: असम में पर्दा प्रथा को हटाने की मुख्य किरदार बनीं",
                "long": "बीबीसी हिंदी दस ऐसी महिलाओं की कहानी ला रहा है जिन्होंने लोकतंत्र की नींव मज़बूत की. उन्होंने महिलाओं के अधिकारों को अपनी आवाज़ दी. वे समाज सुधारक थी और कई महत्वपूर्ण पदों पर पहुंचने वाली वे पहली महिला बनी. \n\nचंद्रप्रभा सैकियानी ने असम में चली आ रही पर्दा प्रथा को ख़त्म करने में मदद की वहीं उन्होंने महिलाओं की शिक्षा पर ज़ोर दिया और 13 साल की उम्र में प्राइमरी स्कूल खोला. \nचंद्रप्रभा सन् 1930 में सहयोग आंदोलन का हिस्सा बनीं और जेल भी गईं. \nवे सन् 1947 तक कांग्रेस पार्टी के कार्यकर्ता के तौर पर काम करती रहीं. उन्हें अपने काम के लिए सन् 1972 में पद्मश्री से भी नवाज़ा गया.\n\nबीबीसी हिंदी दस ऐसी महिलाओं की कहानी ला रहा है जिन्होंने लोकतंत्र की नींव मज़बूत की इसकी दूसरी कड़ी में देखिए नारीवादी विचारक रुक़ैया सख़ावत हुसैन की कहानी.\n\nफ़ेसबुक पर देखने के लिए क्लिक करें-\nयूट्यूब पर देखने के लिए क्लिक करें-",
                "medium": "भारत की दस ऐसी महिलाएं जो औरतों की आवाज़ बनी और लोकतंत्र को मज़बूत करने में मदद की. असम की चंद्रप्रभा सैकियानी जिन्होंने असहयोग आंदोलन में भी भाग लिया."
              },
              "imageUrl": "ichef.bbci.co.uk/images/ic/$recipe/p08p83b7.jpg",
              "embedding": true,
              "advertising": true,
              "caption": "चंद्रप्रभा सैकियानी: असम में पर्दा प्रथा को हटाने की मुख्य किरदार बनीं",
              "versions": [
                {
                  "versionId": "p08p830y",
                  "types": [
                    "Original"
                  ],
                  "duration": 141,
                  "durationISO8601": "PT2M21S",
                  "warnings": {},
                  "availableTerritories": {
                    "uk": true,
                    "nonUk": true
                  },
                  "availableFrom": 1598010779000
                }
              ],
              "imageCopyright": "BBC",
              "smpKind": "programme",
              "type": "media"
            },
            "indexImage": {
              "id": "114053802",
              "subType": "index",
              "href": "http://c.files.bbci.co.uk/5163/production/_114053802_p08p83b7.jpg",
              "path": "/cpsprodpb/5163/production/_114053802_p08p83b7.jpg",
              "height": 576,
              "width": 1024,
              "altText": "चंद्र प्रभा",
              "copyrightHolder": "BBC",
              "type": "image"
            },
            "options": {
              "isBreakingNews": false,
              "isFactCheck": false
            },
            "id": "urn:bbc:ares::asset:hindi/media-53864604",
            "type": "cps"
          },
          {
            "headlines": {
              "headline": "रखमाबाई राउत: 'सहमति की उम्र' का क़ानून बनाने में अहम भूमिका"
            },
            "locators": {
              "assetUri": "/hindi/media-53864864",
              "cpsUrn": "urn:bbc:content:assetUri:hindi/media-53864864",
              "curie": "http://www.bbc.co.uk/asset/415a9889-1ac1-474c-9410-6b4ab99aff24",
              "assetId": "53864864"
            },
            "summary": "भारत की दस ऐसी महिलाएं जो औरतों की आवाज़ बनी और लोकतंत्र को मज़बूत करने में मदद की.",
            "timestamp": 1598157946000,
            "language": "hi",
            "passport": {
              "category": {
                "categoryId": "http://www.bbc.co.uk/ontologies/applicationlogic-news/Feature",
                "categoryName": "Feature"
              },
              "campaigns": [
                {
                  "campaignId": "5a988e2139461b000e9dabf7",
                  "campaignName": "WS - Inspire me"
                },
                {
                  "campaignId": "5a988e2939461b000e9dabf8",
                  "campaignName": "WS - Educate me"
                }
              ],
              "taggings": []
            },
            "cpsType": "MAP",
            "media": {
              "id": "p08p833g",
              "subType": "clip",
              "format": "video",
              "title": "रखमाबाई राउत: शादी की 'उम्र की सहमति' का क़ानून बनाने में अहम भूमिका",
              "synopses": {
                "short": "रखमाबाई राउत: शादी की 'उम्र की सहमति' का क़ानून बनाने में अहम भूमिका",
                "long": "बीबीसी हिंदी दस ऐसी महिलाओं की कहानी ला रहा है जिन्होंने लोकतंत्र की नींव मज़बूत की. उन्होंने महिला के अधिकारों को अपनी आवाज़ दी. वे समाज सुधारक थी और कई महत्वपूर्ण पदों पर पहुंचने वाली वे पहली महिला बनी. \nरखमाबाई की मुहिम के बाद शादी के लिए 'उम्र की सहमति का क़ानून 1891' बना. \nवो ब्रिटिश राज में प्रैक्टिस करने वालीं भारत की पहली महिला डॉक्टर भी बनीं. \nउन्होंने अपना बाकी का जीवन महिलाओं के स्वास्थ्य के काम में लगा दिया.\n \nबीबीसी हिंदी दस ऐसी महिलाओं की कहानी ला रहा है जिन्होंने लोकतंत्र की नींव मज़बूत की इसकी तीसरी कड़ी में देखिए असम की चंद्रप्रभा सैकियानी की कहानी.\n\nफ़ेसबुक पर देखने के लिए क्लिक करें-\nयूट्यूब पर देखने के लिए क्लिक करें-",
                "medium": "भारत की दस ऐसी महिलाएं जो औरतों की आवाज़ बनी और लोकतंत्र को मज़बूत करने में मदद की. रखमाबाई राउत ने शादी के उम्र की सहमति का क़ानून बनाने में अहम भूमिका मानी जाती है."
              },
              "imageUrl": "ichef.bbci.co.uk/images/ic/$recipe/p08p83f3.jpg",
              "embedding": true,
              "advertising": true,
              "caption": "रखमाबाई राउत: शादी की 'उम्र की सहमति' का क़ानून बनाने में अहम भूमिका",
              "versions": [
                {
                  "versionId": "p08p833j",
                  "types": [
                    "Original"
                  ],
                  "duration": 142,
                  "durationISO8601": "PT2M22S",
                  "warnings": {},
                  "availableTerritories": {
                    "uk": true,
                    "nonUk": true
                  },
                  "availableFrom": 1598010848000
                }
              ],
              "imageCopyright": "BBC",
              "smpKind": "programme",
              "type": "media"
            },
            "indexImage": {
              "id": "114053804",
              "subType": "index",
              "href": "http://c.files.bbci.co.uk/9F83/production/_114053804_p08p83f3.jpg",
              "path": "/cpsprodpb/9F83/production/_114053804_p08p83f3.jpg",
              "height": 576,
              "width": 1024,
              "altText": "रखमा",
              "copyrightHolder": "BBC",
              "type": "image"
            },
            "options": {
              "isBreakingNews": false,
              "isFactCheck": false
            },
            "id": "urn:bbc:ares::asset:hindi/media-53864864",
            "type": "cps"
          }
        ],
        "semanticGroupName": "Watch/Listen"
      },
      {
        "type": "other-top-stories",
        "title": "Standalone Other Top Stories",
        "items": [
          {
            "headlines": {
              "headline": "इंदरजीत कौर: भारत-पाकिस्तान विभाजन में सहारा बनने वाली महिला"
            },
            "locators": {
              "assetUri": "/hindi/india-53822973",
              "cpsUrn": "urn:bbc:content:assetUri:hindi/india-53822973",
              "curie": "http://www.bbc.co.uk/asset/fb66a537-f7a1-41d2-8434-32b4ca2242ec",
              "assetId": "53822973"
            },
            "summary": "इंदरजीत कौर ने लड़कियों की शिक्षा के अलावा भारत-पाकिस्तान विभाजन के दौरान शणार्थियों की भी मदद की.",
            "timestamp": 1598682693000,
            "language": "hi",
            "byline": {
              "name": "सुशीला सिंह",
              "title": "बीबीसी संवाददाता",
              "persons": [
                {
                  "name": "सुनीता पांडेय",
                  "function": "बीबीसी हिंदी के लिए"
                }
              ]
            },
            "passport": {
              "category": {
                "categoryId": "http://www.bbc.co.uk/ontologies/applicationlogic-news/Feature",
                "categoryName": "Feature"
              },
              "campaigns": [
                {
                  "campaignId": "5a988e2139461b000e9dabf7",
                  "campaignName": "WS - Inspire me"
                },
                {
                  "campaignId": "5a988e2939461b000e9dabf8",
                  "campaignName": "WS - Educate me"
                }
              ],
              "taggings": []
            },
            "cpsType": "STY",
            "indexImage": {
              "id": "114169117",
              "subType": "index",
              "href": "http://c.files.bbci.co.uk/1161C/production/_114169117_.png",
              "path": "/cpsprodpb/1161C/production/_114169117_.png",
              "height": 549,
              "width": 976,
              "altText": "इंदरजीत कौर",
              "copyrightHolder": "BBC",
              "type": "image"
            },
            "options": {
              "isBreakingNews": false,
              "isFactCheck": false
            },
            "id": "urn:bbc:ares::asset:hindi/india-53822973",
            "type": "cps"
          },
          {
            "headlines": {
              "headline": "रखमाबाई राउत: बचपन में हुई शादी के ख़िलाफ़ संघर्ष करने वाली लड़की"
            },
            "locators": {
              "assetUri": "/hindi/india-53874270",
              "cpsUrn": "urn:bbc:content:assetUri:hindi/india-53874270",
              "curie": "http://www.bbc.co.uk/asset/6ff88e8f-ae55-4baa-957c-fc2bdefe6eca",
              "assetId": "53874270"
            },
            "summary": "रखमाबाई भारत की पहली महिला एमडी और प्रैक्टिस करने वाली डॉक्टर बनीं. उन्हीं के कारण 'सहमति की उम्र' का क़ानून बना था.",
            "timestamp": 1598158629000,
            "language": "hi",
            "byline": {
              "name": "अनघा पाठक ",
              "title": "संवाददाता, बीबीसी मराठी ",
              "persons": [
                {
                  "name": "Flora Carmichael & Marianna Spring",
                  "function": "BBC Trending"
                }
              ]
            },
            "passport": {
              "category": {
                "categoryId": "http://www.bbc.co.uk/ontologies/applicationlogic-news/News",
                "categoryName": "News"
              },
              "campaigns": [
                {
                  "campaignId": "5a988e2139461b000e9dabf7",
                  "campaignName": "WS - Inspire me"
                },
                {
                  "campaignId": "5a988e4739461b000e9dabfc",
                  "campaignName": "WS - Update me"
                }
              ],
              "taggings": []
            },
            "cpsType": "STY",
            "indexImage": {
              "id": "114073772",
              "subType": "index",
              "href": "http://c.files.bbci.co.uk/6C59/production/_114073772_img_0336-fcp1.png",
              "path": "/cpsprodpb/6C59/production/_114073772_img_0336-fcp1.png",
              "height": 549,
              "width": 976,
              "altText": "रखमाबाई",
              "copyrightHolder": "Gopal Shoonya",
              "type": "image"
            },
            "options": {
              "isBreakingNews": false,
              "isFactCheck": false
            },
            "id": "urn:bbc:ares::asset:hindi/india-53874270",
            "type": "cps"
          },
          {
            "headlines": {
              "headline": "चंद्रप्रभा सैकियानी: असम से पर्दा प्रथा हटाने में अहम भूमिका निभाने वाली महिला"
            },
            "locators": {
              "assetUri": "/hindi/india-53816841",
              "cpsUrn": "urn:bbc:content:assetUri:hindi/india-53816841",
              "curie": "http://www.bbc.co.uk/asset/a6c7579c-cc64-456a-8338-40107be8bced",
              "assetId": "53816841"
            },
            "summary": "असम की चंद्रप्रभा सैकियानी ने 13 साल की उम्र में लड़कियों के लिए स्कूल खोला और फिर असहयोग आंदोलन में भी भाग लिया.",
            "timestamp": 1598066644000,
            "language": "hi",
            "byline": {
              "name": "  सुशीला सिंह ",
              "title": " बीबीसी संवाददाता",
              "persons": [
                {
                  "name": "Dan Egan",
                  "function": ""
                }
              ]
            },
            "passport": {
              "category": {
                "categoryId": "http://www.bbc.co.uk/ontologies/applicationlogic-news/Feature",
                "categoryName": "Feature"
              },
              "campaigns": [
                {
                  "campaignId": "5a988e2139461b000e9dabf7",
                  "campaignName": "WS - Inspire me"
                },
                {
                  "campaignId": "5a988e2939461b000e9dabf8",
                  "campaignName": "WS - Educate me"
                }
              ],
              "taggings": []
            },
            "cpsType": "STY",
            "indexImage": {
              "id": "114004952",
              "subType": "index",
              "href": "http://c.files.bbci.co.uk/6554/production/_114004952_channdraprabha.png",
              "path": "/cpsprodpb/6554/production/_114004952_channdraprabha.png",
              "height": 549,
              "width": 976,
              "altText": "चंद्रप्रभा सैकियानी",
              "caption": "चंद्रप्रभा सैकियानी",
              "copyrightHolder": "BBC",
              "type": "image"
            },
            "options": {
              "isBreakingNews": false,
              "isFactCheck": false
            },
            "id": "urn:bbc:ares::asset:hindi/india-53816841",
            "type": "cps"
          },
          {
            "headlines": {
              "headline": "अनसूया साराभाईः मज़दूरों के हक़ के लिए परिवार के ख़िलाफ़ गईं"
            },
            "locators": {
              "assetUri": "/hindi/india-54040850",
              "cpsUrn": "urn:bbc:content:assetUri:hindi/india-54040850",
              "curie": "http://www.bbc.co.uk/asset/431d50fe-778c-4e0a-86e7-2d73b92ac704",
              "assetId": "54040850"
            },
            "summary": "अनसूया को प्यार से लोग मोटा बहन यानी बड़ी बहन कहते थे. वो दूसरों के अधिकारों के लिए खड़ी हुईं और अपने नाम को सार्थक साबित किया.",
            "timestamp": 1599360962000,
            "language": "hi",
            "byline": {
              "name": "अनघा पाठक",
              "title": "संवाददाता, बीबीसी मराठी",
              "persons": [
                {
                  "name": "क्लेयर एशर",
                  "function": "बीबीसी अर्थ"
                }
              ]
            },
            "passport": {
              "category": {
                "categoryId": "http://www.bbc.co.uk/ontologies/applicationlogic-news/News",
                "categoryName": "News"
              },
              "campaigns": [
                {
                  "campaignId": "5a988e2939461b000e9dabf8",
                  "campaignName": "WS - Educate me"
                }
              ],
              "taggings": []
            },
            "cpsType": "STY",
            "indexImage": {
              "id": "114255008",
              "subType": "index",
              "href": "http://c.files.bbci.co.uk/138B7/production/_114255008_30766fdb-ef39-421e-8351-31885ef5d2c4.png",
              "path": "/cpsprodpb/138B7/production/_114255008_30766fdb-ef39-421e-8351-31885ef5d2c4.png",
              "height": 549,
              "width": 976,
              "altText": "अनसूया साराभाई",
              "copyrightHolder": "BBC",
              "type": "image"
            },
            "options": {
              "isBreakingNews": false,
              "isFactCheck": false
            },
            "id": "urn:bbc:ares::asset:hindi/india-54040850",
            "type": "cps"
          },
          {
            "headlines": {
              "headline": "फ़ातिमा शेख़: सावित्री बाई फुले के मिशन की सबसे मज़बूत सहयोगी और साथी शिक्षिका"
            },
            "locators": {
              "assetUri": "/hindi/media-54119410",
              "cpsUrn": "urn:bbc:content:assetUri:hindi/media-54119410",
              "curie": "http://www.bbc.co.uk/asset/067f5715-1645-462e-9a3e-1f7b322f67f5",
              "assetId": "54119410"
            },
            "summary": "भारत की दस ऐसी महिलाएं जो औरतों की आवाज़ बनी और लोकतंत्र को मज़बूत करने में मदद की.",
            "timestamp": 1599974250000,
            "language": "hi",
            "passport": {
              "category": {
                "categoryId": "http://www.bbc.co.uk/ontologies/applicationlogic-news/Feature",
                "categoryName": "Feature"
              },
              "campaigns": [
                {
                  "campaignId": "5a988e2139461b000e9dabf7",
                  "campaignName": "WS - Inspire me"
                },
                {
                  "campaignId": "5a988e2939461b000e9dabf8",
                  "campaignName": "WS - Educate me"
                }
              ],
              "taggings": []
            },
            "cpsType": "MAP",
            "media": {
              "id": "p08r5myx",
              "subType": "clip",
              "format": "video",
              "title": "फ़ातिमा शेख़: सावित्री बाई फुले के मिशन की सबसे मज़बूत सहयोगी और साथी शिक्षिका",
              "synopses": {
                "short": "फ़ातिमा शेख़: सावित्री बाई फुले के मिशन की सबसे मज़बूत सहयोगी और साथी शिक्षिका",
                "long": "इतिहास में जहां पहला स्कूल खोलने का श्रेय ज्योतिबा फुले को दिया जाता है तो पहली शिक्षिका में नाम सावित्री बाई फुले और उनकी सहयोगी फ़ातिमा शेख़ को भी याद किया जाता है \n \nफ़ातिमा शेख़ ने तकरीबन 175 साल पहले समाज के सबसे दबे-कुचले लोगों और ख़ासकर स्त्रियों की तालीम के लिए सावित्री बाई फुले  के साथ कंधे से कंधा मिलाकर काम किया. \n \nएक जनवरी सन् 1848  में पुणे के बुधवार पेठ में जब पहला स्कूल खोला गया तो सावित्री बाई के साथ फ़ातिमा शेख़ भी वहाँ पढ़ाती थीं हालांकि फ़ातिमा शेख़ के बारे में लोग कम ही जानते हैं. \n\nबीबीसी हिंदी दस ऐसी महिलाओं की कहानी ला रहा है जिन्होंने लोकतंत्र की नींव मज़बूत की इसकी आठवीं कड़ी में देखिए अनसूया सारभाई की कहानी (प्लीज़ इस लाल वाले वाक्य में लिंक्स एमबेड कर दें)\n \nफ़ेसबुक पर देखने के लिए क्लिक करें-\nयूट्यूब पर देखने के लिए क्लिक करें-",
                "medium": "भारत की दस ऐसी महिलाएं जो औरतों की आवाज़ बनी और लोकतंत्र को मज़बूत करने में मदद की."
              },
              "imageUrl": "ichef.bbci.co.uk/images/ic/$recipe/p08r5n7m.jpg",
              "embedding": true,
              "advertising": true,
              "caption": "फ़ातिमा शेख़: सावित्री बाई फुले के मिशन की सबसे मज़बूत सहयोगी और साथी शिक्षिका",
              "versions": [
                {
                  "versionId": "p08r5myz",
                  "types": [
                    "Original"
                  ],
                  "duration": 137,
                  "durationISO8601": "PT2M17S",
                  "warnings": {},
                  "availableTerritories": {
                    "uk": true,
                    "nonUk": true
                  },
                  "availableFrom": 1599823169000
                }
              ],
              "imageCopyright": "BBC",
              "smpKind": "programme",
              "type": "media"
            },
            "indexImage": {
              "id": "114323982",
              "subType": "index",
              "href": "http://c.files.bbci.co.uk/7104/production/_114323982_p08r5n7m.jpg",
              "path": "/cpsprodpb/7104/production/_114323982_p08r5n7m.jpg",
              "height": 576,
              "width": 1024,
              "altText": "फ़ातिमा शेख़",
              "copyrightHolder": "BBC",
              "type": "image"
            },
            "options": {
              "isBreakingNews": false,
              "isFactCheck": false
            },
            "id": "urn:bbc:ares::asset:hindi/media-54119410",
            "type": "cps"
          },
          {
            "headlines": {
              "headline": "मुसलमान लड़कियों की ज़िंदगी बदलने वालीं रुक़ैया सख़ावत"
            },
            "locators": {
              "assetUri": "/hindi/india-53826437",
              "cpsUrn": "urn:bbc:content:assetUri:hindi/india-53826437",
              "curie": "http://www.bbc.co.uk/asset/08306bde-b153-4bb1-8b6f-1359d372fe1e",
              "assetId": "53826437"
            },
            "summary": "बंगाल में आज भी रुक़ैया सख़ावत को याद करके लड़कियाँ कहती हैं कि अगर वो न होतीं तो हम भी न होते.",
            "timestamp": 1597806200000,
            "language": "hi",
            "byline": {
              "name": "नासिरूद्दीन ",
              "title": "वरिष्ठ पत्रकार, बीबीसी हिंदी के लिए",
              "persons": [
                {
                  "name": "Flora Carmichael & Marianna Spring",
                  "function": "BBC Trending"
                }
              ]
            },
            "passport": {
              "category": {
                "categoryId": "http://www.bbc.co.uk/ontologies/applicationlogic-news/Feature",
                "categoryName": "Feature"
              },
              "campaigns": [
                {
                  "campaignId": "5a988e2139461b000e9dabf7",
                  "campaignName": "WS - Inspire me"
                },
                {
                  "campaignId": "5a988e2939461b000e9dabf8",
                  "campaignName": "WS - Educate me"
                }
              ],
              "taggings": []
            },
            "cpsType": "STY",
            "indexImage": {
              "id": "114008686",
              "subType": "index",
              "href": "http://c.files.bbci.co.uk/10C48/production/_114008686_b35e3164-cc72-4363-9300-4abccb09f5c6.png",
              "path": "/cpsprodpb/10C48/production/_114008686_b35e3164-cc72-4363-9300-4abccb09f5c6.png",
              "height": 549,
              "width": 976,
              "altText": "रुक़ैया सख़ावत का चित्र",
              "copyrightHolder": "BBC",
              "type": "image"
            },
            "options": {
              "isBreakingNews": false,
              "isFactCheck": false
            },
            "id": "urn:bbc:ares::asset:hindi/india-53826437",
            "type": "cps"
          }
        ],
        "semanticGroupName": "Standalone Other Top Stories"
      },
      {
        "type": "container-guides",
        "title": "Guides 1",
        "items": [
          {
            "headlines": {
              "headline": "फ़ातिमा शेख़, सावित्री बाई के साथ वंचितों को शिक्षित करने वाली महिला"
            },
            "locators": {
              "assetUri": "/hindi/india-54069860",
              "cpsUrn": "urn:bbc:content:assetUri:hindi/india-54069860",
              "curie": "http://www.bbc.co.uk/asset/578b9ff7-e952-466f-8b10-15881b40c37d",
              "assetId": "54069860"
            },
            "summary": "फ़ातिमा शेख़ ने भारत की पहली महिला शिक्षिका मानी जाने वाली सावित्री बाई के साथ वंचितों को अधिकार दिलाने का काम किया.",
            "timestamp": 1599975142000,
            "language": "hi",
            "byline": {
              "name": "नासिरूद्दीन",
              "title": "बीबीसी हिंदी के लिए",
              "persons": [
                {
                  "name": "Dan Egan",
                  "function": ""
                }
              ]
            },
            "passport": {
              "category": {
                "categoryId": "http://www.bbc.co.uk/ontologies/applicationlogic-news/Feature",
                "categoryName": "Feature"
              },
              "campaigns": [
                {
                  "campaignId": "5a988e2139461b000e9dabf7",
                  "campaignName": "WS - Inspire me"
                }
              ],
              "taggings": []
            },
            "cpsType": "STY",
            "indexImage": {
              "id": "114337408",
              "subType": "index",
              "href": "http://c.files.bbci.co.uk/13A59/production/_114337408_74d24797-b8c0-4ab1-978a-0340de93d8af.png",
              "path": "/cpsprodpb/13A59/production/_114337408_74d24797-b8c0-4ab1-978a-0340de93d8af.png",
              "height": 549,
              "width": 976,
              "altText": "फ़ातिमा शेख़",
              "copyrightHolder": "BBC",
              "type": "image"
            },
            "options": {
              "isBreakingNews": false,
              "isFactCheck": false
            },
            "id": "urn:bbc:ares::asset:hindi/india-54069860",
            "type": "cps"
          },
          {
            "headlines": {
              "headline": "कमलादेवी चट्टोपाध्याय: भारत में चुनाव लड़ने वाली पहली महिला"
            },
            "locators": {
              "assetUri": "/hindi/india-54069861",
              "cpsUrn": "urn:bbc:content:assetUri:hindi/india-54069861",
              "curie": "http://www.bbc.co.uk/asset/af9a0221-613f-4aa0-95e3-2d04d286bdc9",
              "assetId": "54069861"
            },
            "summary": "आज़ादी के बाद कमलादेवी चट्टोपाध्याय ने कोई भी राजनीतिक पद लेने से साफ़ इनकार कर दिया था.",
            "timestamp": 1599881761000,
            "language": "hi",
            "byline": {
              "name": " सुशीला सिंह",
              "title": " बीबीसी संवाददाता",
              "persons": [
                {
                  "name": "Dan Egan",
                  "function": ""
                }
              ]
            },
            "passport": {
              "category": {
                "categoryId": "http://www.bbc.co.uk/ontologies/applicationlogic-news/Feature",
                "categoryName": "Feature"
              },
              "campaigns": [
                {
                  "campaignId": "5a988e2139461b000e9dabf7",
                  "campaignName": "WS - Inspire me"
                }
              ],
              "taggings": []
            },
            "cpsType": "STY",
            "indexImage": {
              "id": "114280792",
              "subType": "index",
              "href": "http://c.files.bbci.co.uk/740C/production/_114280792_kamladevi.png",
              "path": "/cpsprodpb/740C/production/_114280792_kamladevi.png",
              "height": 549,
              "width": 976,
              "altText": "कमलादेवी चट्टोपाध्याय",
              "copyrightHolder": "BBC",
              "type": "image"
            },
            "options": {
              "isBreakingNews": false,
              "isFactCheck": false
            },
            "id": "urn:bbc:ares::asset:hindi/india-54069861",
            "type": "cps"
          },
          {
            "headlines": {
              "headline": "कमलादेवी चट्टोपाध्याय: जिन्होंने औरतों की राजनीतिक राह खोली"
            },
            "locators": {
              "assetUri": "/hindi/media-54117202",
              "cpsUrn": "urn:bbc:content:assetUri:hindi/media-54117202",
              "curie": "http://www.bbc.co.uk/asset/8f79fd02-1dd7-456a-b243-69a57ae46ff7",
              "assetId": "54117202"
            },
            "summary": "भारत की चुनावी राजनीति में पुरुषों का शुरू से ही बोलबाला रहा है लेकिन महिलाओं की राह आसान करने में कमला देवी की अहम भूमिका रही.",
            "timestamp": 1599881013000,
            "language": "hi",
            "passport": {
              "category": {
                "categoryId": "http://www.bbc.co.uk/ontologies/applicationlogic-news/Feature",
                "categoryName": "Feature"
              },
              "campaigns": [
                {
                  "campaignId": "5a988e2139461b000e9dabf7",
                  "campaignName": "WS - Inspire me"
                }
              ],
              "taggings": []
            },
            "cpsType": "MAP",
            "media": {
              "id": "p08r540d",
              "subType": "clip",
              "format": "video",
              "title": "कमलादेवी चट्टोपाध्याय : भारत में चुनाव लड़ने वाली पहली महिला",
              "synopses": {
                "short": "कमलादेवी चट्टोपाध्याय : भारत में चुनाव लड़ने वाली पहली महिला",
                "long": "कमलादेवी चट्टोपाध्याय भारत में प्रांतीय विधानसभा के लिए चुनाव लड़ने वाली पहली महिला बनीं और महात्मा गांधी को नमक सत्याग्रह में महिलाओं की भागीदारी बढ़ाने के लिए मनाया.\nउन्होंने आयरलैंड की महिलावादी नेता मार्ग्रेट कजन्स के प्रोत्साहन से कमलादेवी ने चुनाव लड़ा लेकिन वो बहुत कम मतों से हार गईं लेकिन इस क़दम से महिलाओं के लिए राजनीतिक पदों का दरवाज़ा कमलादेवी खुल गया.\n उन्होंने आज़ादी के बाद भारतीय दस्तकारी परंपराएं स्थापित करने में बड़ी भूमिका निभाई. कमलादेवी ने यह काम सेंट्रल कॉटेज इंडस्ट्रीज़ एंपोरियम और क्राफ़्टस काउंसिल ऑफ इंडिया का गठन करके किया.\nभारतीय नाट्य परंपरा और दूसरी परफ़ॉर्मिंग आर्ट्स को बढ़ाने के लिए कमलादेवी ने इंडियन नेशनल थिएटर की स्थापना की. यही संस्थान आगे चलकर भारत का प्रसिद्ध नेशनल स्कूल ऑफ़ ड्रामा बना.\nकमलादेवी की कोशिशों से संगीत नाटक अकादमी की स्थापना हुई, जो भारतीय गायन एवं नृत्य परंपराओं को आगे बढ़ाने वाला अग्रणी संस्थान है.\nकमलादेवी को भारत के उच्च नागरिक सम्मान पद्म भूषण और पद्म विभूषण से सम्मानित किया गया. इसके अलावा कमलादेवी को रेमन मैगसेसे पुरस्कार भी मिल चुका है.\nबीबीसी हिंदी दस ऐसी महिलाओं की कहानी ला रहा है जिन्होंने लोकतंत्र की नींव मज़बूत की इसकी छठीं कड़ी में देखिए अन्ना चांडी कहानी (प्लीज़ इस लाल वाले वाक्य में लिंक्स एमबेड कर दें)\n \nफ़ेसबुक पर देखने के लिए क्लिक करें-\nयूट्यूब पर देखने के लिए क्लिक करें-",
                "medium": "भारत की दस ऐसी महिलाएं जो औरतों की आवाज़ बनी और लोकतंत्र को मज़बूत करने में मदद की."
              },
              "imageUrl": "ichef.bbci.co.uk/images/ic/$recipe/p08r54c1.jpg",
              "embedding": true,
              "advertising": true,
              "caption": "कमलादेवी चट्टोपाध्याय : भारत में चुनाव लड़ने वाली पहली महिला",
              "versions": [
                {
                  "versionId": "p08r540g",
                  "types": [
                    "Original"
                  ],
                  "duration": 186,
                  "durationISO8601": "PT3M6S",
                  "warnings": {},
                  "availableTerritories": {
                    "uk": true,
                    "nonUk": true
                  },
                  "availableFrom": 1599814683000
                }
              ],
              "imageCopyright": "BBC",
              "smpKind": "programme",
              "type": "media"
            },
            "indexImage": {
              "id": "114323980",
              "subType": "index",
              "href": "http://c.files.bbci.co.uk/22E4/production/_114323980_p08r54c1.jpg",
              "path": "/cpsprodpb/22E4/production/_114323980_p08r54c1.jpg",
              "height": 576,
              "width": 1024,
              "altText": "कमलादेवी चट्टोपाध्याय",
              "copyrightHolder": "BBC",
              "type": "image"
            },
            "options": {
              "isBreakingNews": false,
              "isFactCheck": false
            },
            "id": "urn:bbc:ares::asset:hindi/media-54117202",
            "type": "cps"
          }
        ],
        "semanticGroupName": "Guides 1"
      }
    ]
  },
  "promo": {
    "subType": "IDX",
    "name": "हमारी पुरखिन",
    "uri": "/hindi/india-53901953",
    "id": "urn:bbc:ares::index:hindi/india-53901953/desktop/domestic",
    "type": "simple"
  },
  "relatedContent": {
    "section": {
      "subType": "index",
      "name": "भारत",
      "uri": "/hindi/india",
      "type": "simple"
    },
    "site": {
      "subType": "site",
      "name": "BBC Hindi",
      "uri": "/hindi",
      "type": "simple"
    },
    "groups": []
  }
}