{
  "metadata": {
    "id": "urn:bbc:ares::index:marathi/43599597/desktop/domestic",
    "locators": {
      "assetUri": "/marathi/43599597",
      "cpsUrn": "urn:bbc:content:assetUri:marathi/43599597",
      "curie": "http://www.bbc.co.uk/asset/f101123d-e693-4540-bb88-1fef59bc361f/desktop/domestic"
    },
    "type": "FIX",
    "createdBy": "marathi-v6",
    "language": "mr",
    "lastUpdated": 1569225981320,
    "firstPublished": 1522430357000,
    "lastPublished": 1523268694000,
    "options": {
      "allowAdvertising": true
    },
    "analyticsLabels": {
      "counterName": "marathi.feature_index.43599597.page",
      "cps_asset_id": "43599597",
      "cps_asset_type": "fix"
    },
    "tags": {},
    "version": "v1.1.1",
    "blockTypes": [
      "lead-feature-now",
      "container-top-stories",
      "container-guides"
    ],
    "title": "'पाळीची रजा म्हणजे मला कमकुवतपणा वाटत नाही'",
    "summary": "मासिक पाळीच्या काळात रजा असावी का? काही कॉर्पोरेट कंपन्यांनी याची अंमलबजावणी केली आहे. त्यांनी हे कसं केलं आणि त्यांना कसा प्रतिसाद मिळाला?"
  },
  "content": {
    "groups": [
      {
        "type": "lead-feature-now",
        "title": "Lead Feature",
        "items": [
          {
            "headlines": {
              "headline": "#पाळीविषयीबोलूया : 'पाळीची रजा म्हणजे मला कमकुवतपणा वाटत नाही'"
            },
            "locators": {
              "assetUri": "/marathi/india-43344960",
              "cpsUrn": "urn:bbc:content:assetUri:marathi/india-43344960"
            },
            "summary": "मासिक पाळीच्या काळात रजा असावी का? काही कॉर्पोरेट कंपन्यांनी याची अंमलबजावणी केली आहे. त्यांनी हे कसं केलं आणि त्यांना कसा प्रतिसाद मिळाला?",
            "timestamp": 1520784512000,
            "byline": {
              "name": "आरती कुलकर्णी",
              "title": "बीबीसी मराठी प्रतिनिधी",
              "persons": [
                {
                  "name": "संजय मिश्रा",
                  "function": "बीबीसी हिंदी के लिए"
                }
              ]
            },
            "passport": {
              "category": {
                "categoryId": "http://www.bbc.co.uk/ontologies/applicationlogic-news/News",
                "categoryName": "News"
              }
            },
            "cpsType": "STY",
            "indexImage": {
              "id": "100369456",
              "subType": "index",
              "href": "http://c.files.bbci.co.uk/FFD8/production/_100369456_hemambika.jpg",
              "path": "/cpsprodpb/FFD8/production/_100369456_hemambika.jpg",
              "height": 549,
              "width": 976,
              "altText": "हेमांबिका केटी",
              "caption": "हेमांबिकाला मासिक पाळीत रजा घेणं हा कमकुवतपणा वाटत नाही.",
              "copyrightHolder": "हेमांबिका केटी"
            },
            "imageThumbnail": {
              "id": "100369455",
              "subType": "index-thumbnail",
              "href": "http://c.files.bbci.co.uk/D8C8/production/_100369455_hemambika.jpg",
              "path": "/cpsprodpb/D8C8/production/_100369455_hemambika.jpg",
              "height": 180,
              "width": 320,
              "altText": "हेमांबिका केटी",
              "caption": "हेमांबिकाला मासिक पाळीत रजा घेणं हा कमकुवतपणा वाटत नाही.",
              "copyrightHolder": "हेमांबिका केटी"
            },
            "options": {
              "isBreakingNews": false,
              "isFactCheck": false
            },
            "id": "urn:bbc:ares::asset:marathi/india-43344960",
            "type": "cps"
          },
          {
            "headlines": {
              "headline": "#पाळीविषयीबोलूया : सर्वांत पवित्र काय असेल तर ती पाळी..."
            },
            "locators": {
              "assetUri": "/marathi/india-43446428",
              "cpsUrn": "urn:bbc:content:assetUri:marathi/india-43446428"
            },
            "summary": "वेश्या व्यवसाय करणाऱ्या स्त्रियांचे पाळीचे दिवस कसे असतील? ... एका सेक्स वर्करचे अनुभव तिच्या शब्दांत",
            "timestamp": 1521819899000,
            "byline": {
              "name": "किरण देशमुख",
              "title": "सेक्स वर्कर आणि सामाजिक कार्यकर्त्या",
              "persons": [
                {
                  "name": "संजय मिश्रा",
                  "function": "बीबीसी हिंदी के लिए"
                }
              ]
            },
            "passport": {
              "category": {
                "categoryId": "http://www.bbc.co.uk/ontologies/applicationlogic-news/News",
                "categoryName": "News"
              }
            },
            "cpsType": "STY",
            "indexImage": {
              "id": "100469592",
              "subType": "index",
              "href": "http://c.files.bbci.co.uk/739C/production/_100469592_05.jpg",
              "path": "/cpsprodpb/739C/production/_100469592_05.jpg",
              "height": 549,
              "width": 976,
              "altText": "किरण देशमुख",
              "copyrightHolder": "Prahjakta Dhulap/BBC"
            },
            "options": {
              "isBreakingNews": false,
              "isFactCheck": false
            },
            "id": "urn:bbc:ares::asset:marathi/india-43446428",
            "type": "cps"
          }
        ],
        "semanticGroupName": "Lead Feature"
      },
      {
        "type": "container-top-stories",
        "title": "Container Top Stories",
        "items": [
          {
            "headlines": {
              "headline": "#पाळीविषयीबोलूया : 'पाळी सुरू झाली अन् आजीची शेवटची आठवण हुकली...'"
            },
            "locators": {
              "assetUri": "/marathi/international-43340644",
              "cpsUrn": "urn:bbc:content:assetUri:marathi/international-43340644"
            },
            "summary": "आजीच्या श्राद्धकार्यासाठी पवित्र असं रामेश्वर गाठलं. मात्र पाळी सुरू झाल्यामुळे श्राद्धकार्य सुरू असलेल्या देवळात मला प्रवेशच करता आला नाही.",
            "timestamp": 1520694453000,
            "byline": {
              "name": "मेघा मोहन ",
              "title": "बीबीसी स्टोरीज ",
              "persons": [
                {
                  "name": "संजय मिश्रा",
                  "function": "बीबीसी हिंदी के लिए"
                }
              ]
            },
            "passport": {
              "category": {
                "categoryId": "http://www.bbc.co.uk/ontologies/applicationlogic-news/News",
                "categoryName": "News"
              }
            },
            "cpsType": "STY",
            "indexImage": {
              "id": "100359509",
              "subType": "index",
              "href": "http://c.files.bbci.co.uk/161E3/production/_100359509_55b77ceb-e8e9-4a8f-9aa3-ee7a75e3b831.jpg",
              "path": "/cpsprodpb/161E3/production/_100359509_55b77ceb-e8e9-4a8f-9aa3-ee7a75e3b831.jpg",
              "height": 549,
              "width": 976,
              "altText": "मासिक पाळी, महिला आरोग्य, धर्म, रुढी, परंपरा, गैरसमज",
              "caption": "आजी आमच्या कुटुंबीयांसाठी आधारवड होती असं मेघा मोहन सांगतात.",
              "copyrightHolder": "BBC"
            },
            "options": {
              "isBreakingNews": false,
              "isFactCheck": false
            },
            "id": "urn:bbc:ares::asset:marathi/international-43340644",
            "type": "cps"
          },
          {
            "headlines": {
              "headline": "#पाळीविषयीबोलूया : 'मासिक पाळीदरम्यान सेक्स? योग्य की अयोग्य?"
            },
            "locators": {
              "assetUri": "/marathi/international-42908463",
              "cpsUrn": "urn:bbc:content:assetUri:marathi/international-42908463"
            },
            "summary": "मासिक पाळीदरम्यान शरीरसुखाचा आनंद घ्यावा की नाही यासंदर्भात अनेक प्रवाद आहेत. शास्त्रीयदृष्ट्या यात काहीच वावगं नसल्याचं स्पष्ट होतंय. काय आहे हा विषय?",
            "timestamp": 1521114244000,
            "byline": {
              "name": "एल. ग्रिफिथ",
              "title": "बीबीसी थ्री",
              "persons": [
                {
                  "name": "Aaron Strutt",
                  "function": "Trinity Financial Group"
                }
              ]
            },
            "passport": {
              "category": {
                "categoryId": "http://www.bbc.co.uk/ontologies/applicationlogic-news/News",
                "categoryName": "News"
              }
            },
            "cpsType": "STY",
            "indexImage": {
              "id": "100431634",
              "subType": "index",
              "href": "http://c.files.bbci.co.uk/AA5D/production/_100431634_79de5792-1887-40b6-9054-b8707f4b7346.jpg",
              "path": "/cpsprodpb/AA5D/production/_100431634_79de5792-1887-40b6-9054-b8707f4b7346.jpg",
              "height": 549,
              "width": 976,
              "altText": "मासिक पाळी, शरीरसुख, शास्त्र, गैरसमजुती.",
              "caption": "पाळीदरम्यान सेक्स यात अशास्त्रीय काहीच नाही.",
              "copyrightHolder": "LAURENE BOGLIO"
            },
            "options": {
              "isBreakingNews": false,
              "isFactCheck": false
            },
            "id": "urn:bbc:ares::asset:marathi/international-42908463",
            "type": "cps"
          }
        ],
        "semanticGroupName": "Container Top Stories"
      },
      {
        "type": "container-guides",
        "title": "Guides 1",
        "items": [
          {
            "headlines": {
              "headline": "#पाळीविषयीबोलूया : पाळीत कधी 'पीरियड पॅंटी' वापरून पाहिलीये?"
            },
            "locators": {
              "assetUri": "/marathi/india-43368491",
              "cpsUrn": "urn:bbc:content:assetUri:marathi/india-43368491"
            },
            "summary": "पाळीतलं आरोग्य म्हणजे सॅनिटरी नॅपकिन पाहिजेच, असं काहीसं समीकरण रूढ होऊ पाहतंय. बाजारात मिळणारे पॅड्स वगळता दुसरे काहीच पर्याय नाहीत का?",
            "timestamp": 1520851153000,
            "byline": {
              "name": " अनघा पाठक",
              "title": "बीबीसी मराठी",
              "persons": [
                {
                  "name": "संजय मिश्रा",
                  "function": "बीबीसी हिंदी के लिए"
                }
              ]
            },
            "passport": {
              "category": {
                "categoryId": "http://www.bbc.co.uk/ontologies/applicationlogic-news/News",
                "categoryName": "News"
              }
            },
            "cpsType": "STY",
            "indexImage": {
              "id": "100372789",
              "subType": "index",
              "href": "http://c.files.bbci.co.uk/181A7/production/_100372789_979a85bc-abc6-4b1c-9530-91ea929a61dd.jpg",
              "path": "/cpsprodpb/181A7/production/_100372789_979a85bc-abc6-4b1c-9530-91ea929a61dd.jpg",
              "height": 549,
              "width": 976,
              "altText": "मासिक पाळी",
              "copyrightHolder": "Getty Images"
            },
            "options": {
              "isBreakingNews": false,
              "isFactCheck": false
            },
            "id": "urn:bbc:ares::asset:marathi/india-43368491",
            "type": "cps"
          },
          {
            "headlines": {
              "headline": "#पाळीविषयीबोलूया - 'पुरुषांना मासिक पाळी विषयी सज्ञान करण्याची गरज'"
            },
            "locators": {
              "assetUri": "/marathi/india-43335488",
              "cpsUrn": "urn:bbc:content:assetUri:marathi/india-43335488"
            },
            "summary": "महाराष्ट्रातला एक तरुण पाळीविषयी पुरुषांशी बोलतोय... शाळा-शाळांमध्ये जाऊन जनजागृती करतोय. महाराष्ट्राचा 'पीरिअड मॅन' प्रवीण निकम यांचा हा प्रवास त्यांच्याच शब्दांत.",
            "timestamp": 1520644445000,
            "byline": {
              "name": "प्रवीण निकम",
              "title": "सामाजिक कार्यकर्ते ",
              "persons": [
                {
                  "name": "संजय मिश्रा",
                  "function": "बीबीसी हिंदी के लिए"
                }
              ]
            },
            "passport": {
              "category": {
                "categoryId": "http://www.bbc.co.uk/ontologies/applicationlogic-news/News",
                "categoryName": "News"
              }
            },
            "cpsType": "STY",
            "indexImage": {
              "id": "100351745",
              "subType": "index",
              "href": "http://c.files.bbci.co.uk/D5BB/production/_100351745_pravin.jpg",
              "path": "/cpsprodpb/D5BB/production/_100351745_pravin.jpg",
              "height": 549,
              "width": 976,
              "altText": "प्रवीण निकम",
              "copyrightHolder": "Praveen Nikam"
            },
            "imageThumbnail": {
              "id": "100351747",
              "subType": "index-thumbnail",
              "href": "http://c.files.bbci.co.uk/123DB/production/_100351747_pravin.jpg",
              "path": "/cpsprodpb/123DB/production/_100351747_pravin.jpg",
              "height": 180,
              "width": 320,
              "altText": "प्रवीण निकम",
              "copyrightHolder": "Praveen Nikam"
            },
            "options": {
              "isBreakingNews": false,
              "isFactCheck": false
            },
            "id": "urn:bbc:ares::asset:marathi/india-43335488",
            "type": "cps"
          },
          {
            "headlines": {
              "headline": "#पाळीविषयीबोलूया : ती 'शहाणी' झाली आणि तिची शाळा सुटली..."
            },
            "locators": {
              "assetUri": "/marathi/india-43390489",
              "cpsUrn": "urn:bbc:content:assetUri:marathi/india-43390489"
            },
            "summary": "संयुक्त राष्ट्रसंघाच्या आकडेवारीनुसार ग्रामीण भारतात 20 टक्के मुली पाळी आल्यानंतर शाळा सोडतात.",
            "timestamp": 1521193452000,
            "byline": {
              "name": "निरंजन छानवाल आणि प्राजक्ता धुळप",
              "title": "बीबीसी मराठी",
              "persons": [
                {
                  "name": "संजय मिश्रा",
                  "function": "बीबीसी हिंदी के लिए"
                }
              ]
            },
            "passport": {
              "category": {
                "categoryId": "http://www.bbc.co.uk/ontologies/applicationlogic-news/News",
                "categoryName": "News"
              }
            },
            "cpsType": "STY",
            "indexImage": {
              "id": "100445201",
              "subType": "index",
              "href": "http://c.files.bbci.co.uk/280E/production/_100445201_girl.jpg",
              "path": "/cpsprodpb/280E/production/_100445201_girl.jpg",
              "height": 406,
              "width": 722,
              "altText": "एका मुलीचे पाण्यात होडी सोडतानाचे दृश्य",
              "caption": "प्रातिनिधिक छायाचित्र",
              "copyrightHolder": "Getty Images"
            },
            "options": {
              "isBreakingNews": false,
              "isFactCheck": false
            },
            "id": "urn:bbc:ares::asset:marathi/india-43390489",
            "type": "cps"
          }
        ],
        "semanticGroupName": "Guides 1"
      },
      {
        "type": "container-guides",
        "title": "Guides 2",
        "items": [
          {
            "headlines": {
              "headline": "#पाळीविषयीबोलूया : 'त्या चार दिवसांत मी कधीच वेगळी नव्हते...'"
            },
            "locators": {
              "assetUri": "/marathi/india-43332612",
              "cpsUrn": "urn:bbc:content:assetUri:marathi/india-43332612"
            },
            "summary": "ट्रेनिंगदरम्यान सफेद युनिफॉर्म असल्याने पाळीचं एक प्रकारचं दडपण असायचं. डाग पडले तर? कोणी पाहिलं तर? त्यातून 1981च्या बॅचमध्ये मी एकमेव महिला अधिकारी होते...",
            "timestamp": 1520927048000,
            "byline": {
              "name": "डॉ. मीरा चढ्ढा बोरवणकर",
              "title": "माजी आयपीएस अधिकारी",
              "persons": [
                {
                  "name": "संजय मिश्रा",
                  "function": "बीबीसी हिंदी के लिए"
                }
              ]
            },
            "passport": {
              "category": {
                "categoryId": "http://www.bbc.co.uk/ontologies/applicationlogic-news/News",
                "categoryName": "News"
              }
            },
            "cpsType": "STY",
            "indexImage": {
              "id": "100333439",
              "subType": "index",
              "href": "http://c.files.bbci.co.uk/16CF9/production/_100333439_meeran.jpg",
              "path": "/cpsprodpb/16CF9/production/_100333439_meeran.jpg",
              "height": 549,
              "width": 976,
              "altText": "डॉ. मीरा चढ्ढा-बोरवणकर",
              "caption": "डॉ. मीरा चढ्ढा-बोरवणकर महाराष्ट्राच्या पोलीस महासंचालक पदावरून गेल्या वर्षी निवृत्त झाल्या.",
              "copyrightHolder": "Meeran Borwankar"
            },
            "options": {
              "isBreakingNews": false,
              "isFactCheck": false
            },
            "id": "urn:bbc:ares::asset:marathi/india-43332612",
            "type": "cps"
          },
          {
            "headlines": {
              "headline": "क्विझ : पाळीविषयी तुम्हाला किती माहितीये?"
            },
            "locators": {
              "assetUri": "/marathi/india-43454009",
              "cpsUrn": "urn:bbc:content:assetUri:marathi/india-43454009"
            },
            "summary": "पाळीविषयी समाजात सहसा कुणी बोलताना दिसत नाही. नेहेमी झाकून ठेवलेल्या या विषयावर यामुळेच अनेक समज-गैरसमज निर्माण झाले आहेत. तुम्हाला पाळीविषयीच्या किती गोष्टी माहिती आहेत? घ्या ही क्विझ आणि जाणून घ्या.",
            "timestamp": 1521435943000,
            "passport": {
              "category": {
                "categoryId": "http://www.bbc.co.uk/ontologies/applicationlogic-news/News",
                "categoryName": "News"
              }
            },
            "cpsType": "STY",
            "indexImage": {
              "id": "100473828",
              "subType": "index",
              "href": "http://c.files.bbci.co.uk/14395/production/_100473828_gettyimages-534034652.jpg",
              "path": "/cpsprodpb/14395/production/_100473828_gettyimages-534034652.jpg",
              "height": 549,
              "width": 976,
              "altText": "मासिक पाळी",
              "copyrightHolder": "Eziutka/Getty Images"
            },
            "imageThumbnail": {
              "id": "100473827",
              "subType": "index-thumbnail",
              "href": "http://c.files.bbci.co.uk/11C85/production/_100473827_gettyimages-534034652.jpg",
              "path": "/cpsprodpb/11C85/production/_100473827_gettyimages-534034652.jpg",
              "height": 180,
              "width": 320,
              "altText": "मासिक पाळी",
              "copyrightHolder": "Eziutka/Getty Images"
            },
            "options": {
              "isBreakingNews": false,
              "isFactCheck": false
            },
            "id": "urn:bbc:ares::asset:marathi/india-43454009",
            "type": "cps"
          }
        ],
        "semanticGroupName": "Guides 2"
      },
      {
        "type": "container-guides",
        "title": "Guides 3",
        "items": [
          {
            "headlines": {
              "headline": "एकत्र राहणाऱ्या महिलांची मासिक पाळीही एकत्रच?"
            },
            "locators": {
              "assetUri": "/marathi/india-41333817",
              "cpsUrn": "urn:bbc:content:assetUri:marathi/india-41333817"
            },
            "summary": "एकत्र राहाणाऱ्या स्त्रियांचे फेरमॉन्स एकाच वेळेस स्त्रवतात. यामुळेच कदाचित एकत्र राहणाऱ्या स्त्रियांची मासिक पाळी एकाच वेळी येऊ शकते.",
            "timestamp": 1507112512000,
            "byline": {
              "name": "शार्लट मॅकडोनल्ड ",
              "title": " बीबीसी रेडिओ 4",
              "persons": [
                {
                  "name": "Charlotte McDonald",
                  "function": "More or Less, BBC Radio"
                }
              ]
            },
            "passport": {
              "category": {
                "categoryId": "http://www.bbc.co.uk/ontologies/applicationlogic-news/News",
                "categoryName": "News"
              }
            },
            "cpsType": "STY",
            "indexImage": {
              "id": "97960994",
              "subType": "index",
              "href": "http://c.files.bbci.co.uk/C2F2/production/_97960994_69f7c701-65a0-4ef6-a3b5-952aa8bfac0f.jpg",
              "path": "/cpsprodpb/C2F2/production/_97960994_69f7c701-65a0-4ef6-a3b5-952aa8bfac0f.jpg",
              "height": 549,
              "width": 976,
              "altText": "अनेकींना आपली पाळी इतर जणींच्या बरोबरच येते असं वाटत, पण ते कितपत खरं आहे?",
              "caption": "अनेकींना आपली पाळी इतर जणींच्या बरोबरच येते असं वाटत, पण ते कितपत खरं आहे?",
              "copyrightHolder": "Science Photo Library"
            },
            "options": {
              "isBreakingNews": false,
              "isFactCheck": false
            },
            "id": "urn:bbc:ares::asset:marathi/india-41333817",
            "type": "cps"
          },
          {
            "headlines": {
              "headline": "'मासिक पाळीदरम्यान नदी ओलांडायची नाही!'"
            },
            "locators": {
              "assetUri": "/marathi/international-42657910",
              "cpsUrn": "urn:bbc:content:assetUri:marathi/international-42657910"
            },
            "summary": "पाळीदरम्यान नदी ओलांडायची नाही, हा अजब निर्बंध घालण्यात आला आहे घानामध्ये. पण मग मुलींनी त्या दिवसात शाळेत जायचं कसं हा प्रश्न निर्माण झाला आहे.",
            "timestamp": 1515754002000,
            "passport": {
              "category": {
                "categoryId": "http://www.bbc.co.uk/ontologies/applicationlogic-news/News",
                "categoryName": "News"
              }
            },
            "cpsType": "STY",
            "indexImage": {
              "id": "99569960",
              "subType": "index",
              "href": "http://c.files.bbci.co.uk/1B54/production/_99569960_647300160.jpg",
              "path": "/cpsprodpb/1B54/production/_99569960_647300160.jpg",
              "height": 334,
              "width": 594,
              "altText": "पाळीदरम्यान महिलांवर अनेक बंधनं लादले जातात",
              "caption": "पाळीदरम्यान महिलांवर अनेक बंधनं लादले जातात",
              "copyrightHolder": "Getty Images"
            },
            "imageThumbnail": {
              "id": "99569962",
              "subType": "index-thumbnail",
              "href": "http://c.files.bbci.co.uk/6974/production/_99569962_647300160.jpg",
              "path": "/cpsprodpb/6974/production/_99569962_647300160.jpg",
              "height": 180,
              "width": 320,
              "altText": "पाळीदरम्यान महिलांवर अनेक बंधनं लादले जातात",
              "caption": "पाळीदरम्यान महिलांवर अनेक बंधनं लादले जातात",
              "copyrightHolder": "Getty Images"
            },
            "options": {
              "isBreakingNews": false,
              "isFactCheck": false
            },
            "id": "urn:bbc:ares::asset:marathi/international-42657910",
            "type": "cps"
          },
          {
            "headlines": {
              "headline": "'मासिक पाळीमुळं मला आत्महत्या करायची होती'"
            },
            "locators": {
              "assetUri": "/marathi/international-43384387",
              "cpsUrn": "urn:bbc:content:assetUri:marathi/international-43384387"
            },
            "summary": "मासिक पाळीमुळं तिला PMDDचा भयंकर त्रास होत होता. तिच्या मनात आत्महत्येचा विचार सतत येत होता. यावर उपाय म्हणून तिचं गर्भाशय काढावं लागलं.",
            "timestamp": 1521044500000,
            "byline": {
              "name": "नताशा लिंपमन",
              "title": "बीबीसी स्टोरीज",
              "persons": [
                {
                  "name": "संजय मिश्रा",
                  "function": "बीबीसी हिंदी के लिए"
                }
              ]
            },
            "passport": {
              "category": {
                "categoryId": "http://www.bbc.co.uk/ontologies/applicationlogic-news/News",
                "categoryName": "News"
              }
            },
            "cpsType": "STY",
            "indexImage": {
              "id": "100394905",
              "subType": "index",
              "href": "http://c.files.bbci.co.uk/C705/production/_100394905_a37efc1b-c21a-4ec9-826e-4afcfa7655d1.jpg",
              "path": "/cpsprodpb/C705/production/_100394905_a37efc1b-c21a-4ec9-826e-4afcfa7655d1.jpg",
              "height": 549,
              "width": 976,
              "altText": "ल्युसी",
              "copyrightHolder": "BBC"
            },
            "imageThumbnail": {
              "id": "100414250",
              "subType": "index-thumbnail",
              "href": "http://c.files.bbci.co.uk/1479/production/_100414250_a37efc1b-c21a-4ec9-826e-4afcfa7655d1.jpg",
              "path": "/cpsprodpb/1479/production/_100414250_a37efc1b-c21a-4ec9-826e-4afcfa7655d1.jpg",
              "height": 180,
              "width": 320,
              "altText": "ल्युसी",
              "copyrightHolder": "BBC"
            },
            "options": {
              "isBreakingNews": false,
              "isFactCheck": false
            },
            "id": "urn:bbc:ares::asset:marathi/international-43384387",
            "type": "cps"
          }
        ],
        "semanticGroupName": "Guides 3"
      }
    ]
  },
  "promo": {
    "subType": "IDX",
    "name": "'पाळीची रजा म्हणजे मला कमकुवतपणा वाटत नाही'",
    "uri": "/marathi/43599597",
    "id": "urn:bbc:ares::index:marathi/43599597/desktop/domestic",
    "type": "simple"
  },
  "relatedContent": {
    "section": {
      "subType": "index",
      "name": "बातम्या",
      "uri": "/marathi/front_page",
      "type": "simple"
    },
    "site": {
      "subType": "site",
      "name": "BBC मराठी",
      "uri": "/marathi",
      "type": "simple"
    },
    "groups": []
  }
}
