{
    "metadata": {
      "id": "urn:bbc:ares::index:marathi/india-53901688/desktop/domestic",
      "locators": {
        "assetUri": "/marathi/india-53901688",
        "cpsUrn": "urn:bbc:content:assetUri:marathi/india-53901688",
        "curie": "http://www.bbc.co.uk/asset/c014602e-2790-4643-b221-25f861dbf4c4/desktop/domestic",
        "assetId": "53901688"
      },
      "type": "FIX",
      "createdBy": "marathi-v6",
      "language": "mr",
      "lastUpdated": 1600160786889,
      "firstPublished": 1598338726000,
      "lastPublished": 1600160781000,
      "timestamp": 1600160593000,
      "options": {
        "allowAdvertising": true
      },
      "analyticsLabels": {
        "cps_asset_type": "fix",
        "counterName": "marathi.india.feature_index.53901688.page",
        "cps_asset_id": "53901688"
      },
      "tags": {},
      "version": "v1.3.6",
      "blockTypes": [
        "lead-feature-now",
        "container-top-stories",
        "av-stories-now",
        "other-top-stories"
      ],
      "title": "सावित्रीच्या सोबतिणी: महिलांसाठी लढणाऱ्या रणरागिणी",
      "summary": "महिलांच्या हक्कांसाठी लढा देणाऱ्या महिलांची कथा",
      "atiAnalytics": {
        "producerName": "MARATHI",
        "producerId": "59"
      }
    },
    "content": {
      "groups": [
        {
          "type": "lead-feature-now",
          "title": "Lead Feature",
          "items": [
            {
              "headlines": {
                "headline": "सावित्रीबाईंच्या जोडीने स्त्रीशिक्षणाची ज्योत पुढे नेणाऱ्या फातिमा शेख"
              },
              "locators": {
                "assetUri": "/marathi/india-54129278",
                "cpsUrn": "urn:bbc:content:assetUri:marathi/india-54129278",
                "curie": "http://www.bbc.co.uk/asset/0d5cf281-fc1c-4738-af60-9bcad7434c85",
                "assetId": "54129278"
              },
              "summary": "फातिमा कोणी साधीसुधी महिला नव्हती. फातिमा सावित्रीबाईंची मैत्रीण आणि सहकारी होत्या.",
              "timestamp": 1599965683000,
              "language": "mr",
              "byline": {
                "name": "नासिरूद्दीन ",
                "title": "बीबीसी हिंदीसाठी ",
                "persons": [
                  {
                    "name": "Dan Egan",
                    "function": ""
                  }
                ]
              },
              "passport": {
                "category": {
                  "categoryId": "http://www.bbc.co.uk/ontologies/applicationlogic-news/News",
                  "categoryName": "News"
                },
                "campaigns": [
                  {
                    "campaignId": "5a988e2139461b000e9dabf7",
                    "campaignName": "WS - Inspire me"
                  }
                ],
                "taggings": []
              },
              "cpsType": "STY",
              "indexImage": {
                "id": "114336425",
                "subType": "index",
                "href": "http://c.files.bbci.co.uk/CCEF/production/_114336425_74d24797-b8c0-4ab1-978a-0340de93d8af-2.png",
                "path": "/cpsprodpb/CCEF/production/_114336425_74d24797-b8c0-4ab1-978a-0340de93d8af-2.png",
                "height": 549,
                "width": 976,
                "altText": "सावित्रीबाईंच्या जोडीने स्त्रीशिक्षणाची ज्योत पुढे नेणाऱ्या फातिमा शेख",
                "copyrightHolder": "BBC",
                "type": "image"
              },
              "options": {
                "isBreakingNews": false,
                "isFactCheck": false
              },
              "id": "urn:bbc:ares::asset:marathi/india-54129278",
              "type": "cps"
            }
          ],
          "semanticGroupName": "Lead Feature"
        },
        {
          "type": "container-top-stories",
          "title": "Container Top Stories",
          "items": [
            {
              "headlines": {
                "headline": "भारत-पाकिस्तान फाळणीच्या निर्वासितांसाठी शहर वसवणाऱ्या कमलादेवी"
              },
              "locators": {
                "assetUri": "/marathi/india-54113616",
                "cpsUrn": "urn:bbc:content:assetUri:marathi/india-54113616",
                "curie": "http://www.bbc.co.uk/asset/6b1cd1d6-66d9-41f4-9fb6-7bb3a95c8e80",
                "assetId": "54113616"
              },
              "summary": "बीबीसी घेऊन आलंय एक खास सीरिज 'सावित्रीच्या सोबतिणी'. त्या महिलांच्या आयुष्यावर प्रकाश टाकायला ज्यांनी लोकशाही, मानवी हक्क आणि महिला सबलीकरण यासाठी मोठं काम केलं.",
              "timestamp": 1599878836000,
              "language": "mr",
              "byline": {
                "name": "सुशीला सिंह",
                "title": "बीबीसी हिंदी प्रतिनिधी ",
                "persons": [
                  {
                    "name": "Dan Egan",
                    "function": ""
                  }
                ]
              },
              "passport": {
                "category": {
                  "categoryId": "http://www.bbc.co.uk/ontologies/applicationlogic-news/News",
                  "categoryName": "News"
                },
                "campaigns": [
                  {
                    "campaignId": "5a988e2139461b000e9dabf7",
                    "campaignName": "WS - Inspire me"
                  }
                ],
                "taggings": []
              },
              "cpsType": "STY",
              "indexImage": {
                "id": "114320764",
                "subType": "index",
                "href": "http://c.files.bbci.co.uk/B66E/production/_114320764_57836fb3-0f0a-4842-ae64-aaea6cecdc8b.png",
                "path": "/cpsprodpb/B66E/production/_114320764_57836fb3-0f0a-4842-ae64-aaea6cecdc8b.png",
                "height": 549,
                "width": 976,
                "altText": "कमलादेवी",
                "copyrightHolder": "BBC/GOPALSHUNYA",
                "type": "image"
              },
              "options": {
                "isBreakingNews": false,
                "isFactCheck": false
              },
              "id": "urn:bbc:ares::asset:marathi/india-54113616",
              "type": "cps"
            },
            {
              "headlines": {
                "headline": "सरकारी नोकरीत महिलांना आरक्षण मिळण्यासाठी लढा देणाऱ्या पहिल्या महिला न्यायाधीश"
              },
              "locators": {
                "assetUri": "/marathi/india-54028559",
                "cpsUrn": "urn:bbc:content:assetUri:marathi/india-54028559",
                "curie": "http://www.bbc.co.uk/asset/5c985cd1-b60c-48cf-9503-c3d776ddc805",
                "assetId": "54028559"
              },
              "summary": "महिला आरक्षणासाठी आवाज उठवणाऱ्या अॅना चंडी यांनी समाजातील तसंच राजकारणातील महिलांचं स्थान याविषयी नेहमीच आपली भूमिका मांडली.",
              "timestamp": 1599274090000,
              "language": "mr",
              "byline": {
                "name": "हरिता कांडपाल",
                "title": "बीबीसी गुजराती प्रतिनिधी",
                "persons": [
                  {
                    "name": "Dan Egan",
                    "function": ""
                  }
                ]
              },
              "passport": {
                "category": {
                  "categoryId": "http://www.bbc.co.uk/ontologies/applicationlogic-news/News",
                  "categoryName": "News"
                },
                "campaigns": [
                  {
                    "campaignId": "5a988e2139461b000e9dabf7",
                    "campaignName": "WS - Inspire me"
                  }
                ],
                "taggings": []
              },
              "cpsType": "STY",
              "indexImage": {
                "id": "114248019",
                "subType": "index",
                "href": "http://c.files.bbci.co.uk/163CC/production/_114248019_d7c7f0b2-5a65-4e95-bebe-746dba31276b.png",
                "path": "/cpsprodpb/163CC/production/_114248019_d7c7f0b2-5a65-4e95-bebe-746dba31276b.png",
                "height": 549,
                "width": 976,
                "altText": "अॅना चंडी",
                "copyrightHolder": "BBC/GOPALSHUNYA",
                "type": "image"
              },
              "options": {
                "isBreakingNews": false,
                "isFactCheck": false
              },
              "id": "urn:bbc:ares::asset:marathi/india-54028559",
              "type": "cps"
            }
          ],
          "semanticGroupName": "Container Top Stories"
        },
        {
          "type": "av-stories-now",
          "title": "Watch/Listen",
          "items": [
            {
              "headlines": {
                "headline": "कमलादेवी चट्टोपाध्याय : भारतात निवडणूक लढवणारी पहिली महिला"
              },
              "locators": {
                "assetUri": "/marathi/media-54118674",
                "cpsUrn": "urn:bbc:content:assetUri:marathi/media-54118674",
                "curie": "http://www.bbc.co.uk/asset/16940632-b3d2-44c1-8e51-b98a02921a87",
                "assetId": "54118674"
              },
              "summary": "कमलादेवी भारतात निवडणूक लढवणाऱ्या पहिल्या महिला ठरल्या आणि त्यांनी मिठाच्या सत्याग्रहात महिलांना सहभागी होऊ देण्यासाठी गांधींजीचं मन वळवलं.",
              "timestamp": 1599877986000,
              "language": "mr",
              "passport": {
                "category": {
                  "categoryId": "http://www.bbc.co.uk/ontologies/applicationlogic-news/Feature",
                  "categoryName": "Feature"
                },
                "campaigns": [
                  {
                    "campaignId": "5a988e2139461b000e9dabf7",
                    "campaignName": "WS - Inspire me"
                  }
                ],
                "taggings": []
              },
              "cpsType": "MAP",
              "media": {
                "id": "p08r6hmm",
                "subType": "clip",
                "format": "video",
                "title": "भारतात निवडणूक लढवणारी पहिली महिला",
                "synopses": {
                  "short": "कमलादेवी चट्टोपाध्याय : भारतात निवडणूक लढवणारी पहिली महिला",
                  "long": "कमलादेवी भारतात निवडणूक लढवणाऱ्या पहिल्या महिला ठरल्या आणि त्यांनी मिठाच्या सत्याग्रहात महिलांना सहभागी होऊ देण्यासाठी गांधींजीचं मन वळवलं.\n1926मध्ये मद्रास विधानपरिषद निवडणुकांमध्ये महिलांना उमेदवारीची संधी मिळाली.आर्यलँडच्या नेत्या मार्गरेट कमिन्स यांनी कमलादेवींना उमेदवारीसाठी प्रोत्साहन दिलं.\nकमलादेवी ती निवडणूक कमी मतांच्या फरकाने हरल्या पण त्यांनी महिलांच्या राजकीय पदांमधल्या भागीदारीचा मार्ग सुकर केला.\nकमलादेवींनी सहकार चळवळ मजबूत केली आणि इंडियन को-ऑपरेटिव्ह युनियनची स्थापना केली. या संस्थेने भारत-पाकिस्तान फाळणी दरम्यान आलेल्या निर्वासितांचं फरीदाबादमध्ये पुनर्वसन केलं. \nस्वातंत्र्यानंतर त्यांनी स्थानिक कलाकारांना प्रोत्साहन देण्यासाठी सेंट्रल कॉटेज इंडस्ट्रीज एम्पोरियम आणि क्राफ्ट्स काउन्सिल ऑफ इंडियाची स्थापना केली. लोककलांना प्रोत्साहन देण्यासाठी इंडियन नॅशनल थिएटरची स्थापना केली. हीच संस्था पुढे जाऊन प्रसिद्ध नॅशनल स्कूल ऑफ ड्रामा बनली. कमलादेवींच्या प्रयत्नांनी संगीत नाटक अकादमीची स्थापना झाली. \nकमलादेवींना आपल्या कार्यासाठी पद्मभूषण, पद्मविभूषण तसंच रेमन मॅगसेसे पुरस्कारांनी सन्मानित करण्यात आलं.",
                  "medium": "कमलादेवी भारतात निवडणूक लढवणाऱ्या पहिल्या महिला ठरल्या आणि त्यांनी मिठाच्या सत्याग्रहात महिलांना सहभागी होऊ देण्यासाठी गांधींजीचं मन वळवलं."
                },
                "imageUrl": "ichef.bbci.co.uk/images/ic/$recipe/p08r6js8.jpg",
                "embedding": true,
                "advertising": true,
                "caption": "भारतात निवडणूक लढवणारी पहिली महिला",
                "versions": [
                  {
                    "versionId": "p08r6hmq",
                    "types": [
                      "Original"
                    ],
                    "duration": 178,
                    "durationISO8601": "PT2M58S",
                    "warnings": {},
                    "availableTerritories": {
                      "uk": true,
                      "nonUk": true
                    },
                    "availableFrom": 1599836814000
                  }
                ],
                "smpKind": "programme",
                "type": "media"
              },
              "indexImage": {
                "id": "114329278",
                "subType": "index",
                "href": "http://c.files.bbci.co.uk/154FC/production/_114329278_p08r6js8.jpg",
                "path": "/cpsprodpb/154FC/production/_114329278_p08r6js8.jpg",
                "height": 549,
                "width": 976,
                "altText": "कमलादेवी चट्टोपाध्याय",
                "caption": "कमलादेवी चट्टोपाध्याय",
                "copyrightHolder": "BBC",
                "type": "image"
              },
              "options": {
                "isBreakingNews": false,
                "isFactCheck": false
              },
              "id": "urn:bbc:ares::asset:marathi/media-54118674",
              "type": "cps"
            },
            {
              "headlines": {
                "headline": "सुगरा हुमायूँ मिर्झा : बुरखा प्रथेचा अडसर दूर करत स्त्रियांचा आवाज बुलंद करणारी रणरागिणी"
              },
              "locators": {
                "assetUri": "/marathi/india-53961432",
                "cpsUrn": "urn:bbc:content:assetUri:marathi/india-53961432",
                "curie": "http://www.bbc.co.uk/asset/bd6c9749-962e-4692-be28-480b5c685a47",
                "assetId": "53961432"
              },
              "summary": "सुगरा हुमायूँ मिर्झा यांच्या संघर्षाने स्त्रियांच्या भविष्यातल्या पिढ्यांसाठी एक मजबूत पाया रचला.",
              "timestamp": 1598752460000,
              "language": "mr",
              "passport": {
                "category": {
                  "categoryId": "http://www.bbc.co.uk/ontologies/applicationlogic-news/News",
                  "categoryName": "News"
                },
                "campaigns": [
                  {
                    "campaignId": "5a988e2139461b000e9dabf7",
                    "campaignName": "WS - Inspire me"
                  }
                ],
                "taggings": []
              },
              "cpsType": "MAP",
              "media": {
                "id": "p08q0k6f",
                "subType": "clip",
                "format": "video",
                "title": "सुगरा हुमायूँ मिर्झा : बुरखा प्रथेचा अडसर दूर करत स्त्रियांचा आवाज बुलंद करणारी रणरागिणी",
                "synopses": {
                  "short": "सुगरा हुमायूँ मिर्झा यांच्या संघर्षाने स्त्रियांच्या भविष्यातल्या पिढ्यांसाठी पाया रचला.",
                  "long": "महिला, विशेषतः मुस्लीम महिलांचं आयुष्य सुधारण्यासाठी आवाज उठवणाऱ्या लेखिका, संपादिका, संघटनकर्त्या, समाजसुधारक, साहित्यिका आणि शिक्षणतज्ज्ञ म्हणून सुगरा हुमायूँ मिर्झा यांच्याकडे बघितलं जातं. \n\nसर्वात आधी त्यांनी स्वतःला बुरख्याच्या जोखडातून मुक्त केलं. बुरखा न घालता घराबाहेर पडणाऱ्या हैदराबादच्या दख्खन भागातल्या त्या पहिल्या मुस्लीम महिला असल्याचं मानलं जातं. बुरख्याशिवाय घराबाहेर पडणं त्यांच्यासाठी नक्कीच सोपं नव्हतं. त्यासाठी त्यांना बराच संघर्ष करावा लागला. \n\nबीबीसी घेऊन आलंय एक खास सीरिज 'सावित्रीच्या सोबतिणी'त्या महिलांच्या आयुष्यावर प्रकाश टाकायला ज्यांनी लोकशाही, मानवी हक्क आणि महिला सबलीकरण यासाठी मोठं काम केलं, पण ज्यांच्याविषयी आजही फारशी माहिती नाही.\n'सावित्रीच्या सोबतिणी'हे खास नाव यासाठी कारण जसं सावित्रीबाई फुलेंनी महिलांना शिक्षणाची दारं उघडी करून दिली तसंच या सगळ्या स्त्रियांनी भारतातल्या महिलांच्या हक्कांसाठी प्रयत्न केले,लढा दिला. म्हणूनच या महिला, काही सावित्रीबाईंच्या काळाच्या आधीच्या तर काही नंतरच्या पण सर्वार्थाने 'सावित्रीच्या सोबतिणी'.",
                  "medium": "सुगरा हुमायूँ मिर्झा यांच्या संघर्षाने स्त्रियांच्या भविष्यातल्या पिढ्यांसाठी एक मजबूत पाया रचला."
                },
                "imageUrl": "ichef.bbci.co.uk/images/ic/$recipe/p08q0k8n.jpg",
                "embedding": true,
                "advertising": true,
                "caption": "सुगरा हुमायूँ मिर्झा यांच्या संघर्षाने स्त्रियांच्या भविष्यातल्या पिढ्यांसाठी पाया रचला.",
                "versions": [
                  {
                    "versionId": "p08q0k6h",
                    "types": [
                      "Original"
                    ],
                    "duration": 161,
                    "durationISO8601": "PT2M41S",
                    "warnings": {},
                    "availableTerritories": {
                      "uk": true,
                      "nonUk": true
                    },
                    "availableFrom": 1598718250000
                  }
                ],
                "imageCopyright": "BBC",
                "smpKind": "programme",
                "type": "media"
              },
              "indexImage": {
                "id": "114174610",
                "subType": "index",
                "href": "http://c.files.bbci.co.uk/066F/production/_114174610_p08q0k8n.jpg",
                "path": "/cpsprodpb/066F/production/_114174610_p08q0k8n.jpg",
                "height": 549,
                "width": 976,
                "altText": "सुगरा मिर्झा",
                "copyrightHolder": "BBC",
                "type": "image"
              },
              "options": {
                "isBreakingNews": false,
                "isFactCheck": false
              },
              "id": "urn:bbc:ares::asset:marathi/india-53961432",
              "type": "cps"
            },
            {
              "headlines": {
                "headline": "सावित्रीबाईंच्या जोडीने स्त्रीशिक्षणाची ज्योत पुढे नेणाऱ्या फातिमा शेख"
              },
              "locators": {
                "assetUri": "/marathi/india-54129890",
                "cpsUrn": "urn:bbc:content:assetUri:marathi/india-54129890",
                "curie": "http://www.bbc.co.uk/asset/b2142a1d-4ee5-4ec9-a206-1414e5b44246",
                "assetId": "54129890"
              },
              "summary": "सावित्रीबाई आणि ज्योतिबा फुलेंच्या कार्याबद्दल समग्रमपणे लिहिणाऱ्या लोकांकडेही फातिमा शेख यांच्याबद्दल फारशी माहिती उपलब्ध नाही.",
              "timestamp": 1599965573000,
              "language": "mr",
              "passport": {
                "category": {
                  "categoryId": "http://www.bbc.co.uk/ontologies/applicationlogic-news/News",
                  "categoryName": "News"
                },
                "campaigns": [
                  {
                    "campaignId": "5a988e2139461b000e9dabf7",
                    "campaignName": "WS - Inspire me"
                  }
                ],
                "taggings": []
              },
              "cpsType": "MAP",
              "media": {
                "id": "p08r8gxg",
                "subType": "clip",
                "format": "video",
                "title": "सावित्रीबाईंच्या जोडीने स्त्रीशिक्षणाची ज्योत पुढे नेणाऱ्या फातिमा शेख",
                "synopses": {
                  "short": "सावित्रीबाईंच्या जोडीने स्त्रीशिक्षणाची ज्योत पुढे नेणाऱ्या फातिमा शेख",
                  "long": "सावित्रीबाईंच्या या सहशिक्षिकेविषयी फारशी माहिती उपलब्ध नाही. सावित्रीबाई आणि ज्योतिबा फुलेंच्या कार्याबद्दल समग्रमपणे लिहिणाऱ्या लोकांकडेही फातिमा शेख यांच्याबद्दल फारशी माहिती उपलब्ध नाही. अर्थात त्यांच्याविषयीच्या अनेक गोष्टी सांगितल्या जातात पण त्यातली नक्की तथ्यं काय आणि कल्पित गोष्टी काय असा फरक करणं अवघड होऊन बसतं. \n त्या उस्मान शेख यांची बहीण होत्या असंही म्हटलं जातं. एका कथेनुसार जेव्हा महात्मा फुलेंनी मुलींसाठी शाळा सुरू केली तेव्हा त्यांचा वडिलांनी त्यांना घराबाहेर काढलं. त्यावेळेस उस्मान शेख यांनी त्यांना आपल्याकडे जागा दिली. पण उस्मान शेख यांच्याविषयीही फारशी माहिती मिळत नाही. \n फातिमा शेख यांच्याविषयी एक धागा सापडतो 'सावित्रीबाई फुले समग्र वांङ्मय' या पुस्तकात. त्या पुस्तकात एक फोटो आहे, ज्यात सावित्रीबाईंच्या शेजारी आणखी एक महिला बसली आहे. ही महिला दुसरी-तिसरी कोणी नसून फातिमा शेख आहेत.",
                  "medium": "सावित्रीबाई आणि ज्योतिबा फुलेंच्या कार्याबद्दल समग्रमपणे लिहिणाऱ्या लोकांकडेही फातिमा शेख यांच्याबद्दल फारशी माहिती उपलब्ध नाही."
                },
                "imageUrl": "ichef.bbci.co.uk/images/ic/$recipe/p08r8h55.jpg",
                "embedding": true,
                "advertising": true,
                "caption": "सावित्रीबाईंच्या जोडीने स्त्रीशिक्षणाची ज्योत पुढे नेणाऱ्या फातिमा शेख",
                "versions": [
                  {
                    "versionId": "p08r8gxk",
                    "types": [
                      "Original"
                    ],
                    "duration": 134,
                    "durationISO8601": "PT2M14S",
                    "warnings": {},
                    "availableTerritories": {
                      "uk": true,
                      "nonUk": true
                    },
                    "availableFrom": 1599900715000
                  }
                ],
                "imageCopyright": "BBC",
                "smpKind": "programme",
                "type": "media"
              },
              "indexImage": {
                "id": "114336417",
                "subType": "index",
                "href": "http://c.files.bbci.co.uk/11727/production/_114336417_p08r8h55.jpg",
                "path": "/cpsprodpb/11727/production/_114336417_p08r8h55.jpg",
                "height": 576,
                "width": 1024,
                "altText": "Keyframe #1",
                "copyrightHolder": "BBC",
                "type": "image"
              },
              "options": {
                "isBreakingNews": false,
                "isFactCheck": false
              },
              "id": "urn:bbc:ares::asset:marathi/india-54129890",
              "type": "cps"
            },
            {
              "headlines": {
                "headline": "अॅना चंडी : हायकोर्टाची पहिली महिला न्यायाधीश"
              },
              "locators": {
                "assetUri": "/marathi/media-54031983",
                "cpsUrn": "urn:bbc:content:assetUri:marathi/media-54031983",
                "curie": "http://www.bbc.co.uk/asset/d96f6d0c-7c5b-469d-9492-34030f996dda",
                "assetId": "54031983"
              },
              "summary": "अॅना चंडी केरळ राज्यात कायद्याची पदवी घेणाऱ्या पहिल्या मल्याळी महिला मानल्या जातात. सन 1959 मध्ये त्या केरळ हायकोर्टाच्या पहिल्या महिला न्यायधीश बनल्या.",
              "timestamp": 1599273628000,
              "language": "mr",
              "passport": {
                "category": {
                  "categoryId": "http://www.bbc.co.uk/ontologies/applicationlogic-news/Feature",
                  "categoryName": "Feature"
                },
                "campaigns": [
                  {
                    "campaignId": "5a988e2139461b000e9dabf7",
                    "campaignName": "WS - Inspire me"
                  }
                ],
                "taggings": []
              },
              "cpsType": "MAP",
              "media": {
                "id": "p08qjlgy",
                "subType": "clip",
                "format": "video",
                "title": "अॅना चंडी : हायकोर्टाची पहिली महिला न्यायाधीश",
                "synopses": {
                  "short": "अॅना चंडी : हायकोर्टाची पहिली महिला न्यायाधीश",
                  "long": "अॅना चंडी केरळ राज्यात कायद्याची पदवी घेणाऱ्या पहिल्या मल्याळी महिला मानल्या जातात.\nसन 1959 मध्ये त्या केरळ हायकोर्टाच्या पहिल्या महिला न्यायधीश बनल्या. \n \nस्त्रीवादी विचारांच्या अॅना चंडी यांनी महिलांच्या अधिकारांसाठी आवाज उठवला. \nकाही काम फक्त बायकांचीच आहेत या पारंपारिक विचारसरणीला बदलण्यासाठीही त्यांनी प्रयत्न केले. पत्नीच्या कमाईने पतीच्या आत्मसन्मानाला धक्का लागेल या विचारांचं त्यांनी खंडन केलं. \n \nत्यांनी आपल्या 'श्रीमती' या मासिकाव्दारे महिलांसाठी आरक्षणाची मागणी केली. \n \nकेरळात 1920-30 या काळात महिलांचं शिक्षण आणि आर्थिक अधिकार या विषयांवर काम होत होतं.\nपण अॅना यांनी महिलांचा आपल्या शरीरावर पूर्णतः अधिकार असावा आणि महिलांना आपण कधी आई बनावं हे ठरवण्याचा अधिकार मिळावा अशी मागणी केली.",
                  "medium": "अॅना चंडी केरळ राज्यात कायद्याची पदवी घेणाऱ्या पहिल्या मल्याळी महिला मानल्या जातात.\nसन 1959 मध्ये त्या केरळ हायकोर्टाच्या पहिल्या महिला न्यायधीश बनल्या."
                },
                "imageUrl": "ichef.bbci.co.uk/images/ic/$recipe/p08qjpsd.jpg",
                "embedding": true,
                "advertising": true,
                "caption": "अॅना चंडी : हायकोर्टाची पहिली महिला न्यायाधीश",
                "versions": [
                  {
                    "versionId": "p08qjlh0",
                    "types": [
                      "Original"
                    ],
                    "duration": 157,
                    "durationISO8601": "PT2M37S",
                    "warnings": {},
                    "availableTerritories": {
                      "uk": true,
                      "nonUk": true
                    },
                    "availableFrom": 1599228536000
                  }
                ],
                "smpKind": "programme",
                "type": "media"
              },
              "indexImage": {
                "id": "114246115",
                "subType": "index",
                "href": "http://c.files.bbci.co.uk/C7DC/production/_114246115_p08qjpsd.jpg",
                "path": "/cpsprodpb/C7DC/production/_114246115_p08qjpsd.jpg",
                "height": 549,
                "width": 976,
                "altText": "अॅना चंडी",
                "copyrightHolder": "BBC",
                "type": "image"
              },
              "options": {
                "isBreakingNews": false,
                "isFactCheck": false
              },
              "id": "urn:bbc:ares::asset:marathi/media-54031983",
              "type": "cps"
            },
            {
              "headlines": {
                "headline": "रखमाबाई राऊत: मर्जीविरूद्ध झालेलं लग्न धुडकावून लावणारी महिला"
              },
              "locators": {
                "assetUri": "/marathi/media-53875482",
                "cpsUrn": "urn:bbc:content:assetUri:marathi/media-53875482",
                "curie": "http://www.bbc.co.uk/asset/843fe35b-2738-4be9-8ddc-31b1167e6919",
                "assetId": "53875482"
              },
              "summary": "रखमाबाई राऊत ओळखल्या जातात त्या 1884-90 या काळात गाजलेल्या एका खटल्यासाठी. त्यांच्याच खटल्यामुळे ब्रिटीशकालीन भारतात 'संमतीवयाचा कायदा 1891’ लागू झाला.",
              "timestamp": 1598145769000,
              "language": "mr",
              "passport": {
                "category": {
                  "categoryId": "http://www.bbc.co.uk/ontologies/applicationlogic-news/Feature",
                  "categoryName": "Feature"
                },
                "campaigns": [
                  {
                    "campaignId": "5a988e2139461b000e9dabf7",
                    "campaignName": "WS - Inspire me"
                  }
                ],
                "taggings": []
              },
              "cpsType": "MAP",
              "media": {
                "id": "p08pcc8h",
                "subType": "clip",
                "format": "video",
                "title": "रखमाबाई राऊत : मर्जीविरूद्ध झालेलं लग्न धुडकावून लावणारी महिला",
                "synopses": {
                  "short": "रखमाबाई राऊत : मर्जीविरूद्ध झालेलं लग्न धुडकावून लावणारी महिला",
                  "long": "रखमाबाई राऊत ओळखल्या जातात त्या 1884-90 या काळात गाजलेल्या एका खटल्यासाठी आणि त्याहूनही त्यांच्या 'माझ्या संमतीशिवाय झालेल्या लग्नात मी नांदणार नाही, मला तुरुंगवासाची शिक्षा झाली तरी चालेल' या ठाम वक्तव्याविषयी. \n\nपुढे त्यांच्याच खटल्यामुळे ब्रिटीशकालीन भारतात 'संमतीवयाचा कायदा 1891’ लागू झाला. \n\nबीबीसी घेऊन आलंय एक खास सीरिज 'सावित्रीच्या सोबतिणी'त्या महिलांच्या आयुष्यावर प्रकाश टाकायला ज्यांनी लोकशाही, मानवी हक्क आणि महिला सबलीकरण यासाठी मोठं काम केलं पण ज्यांच्याविषयी आजही फारशी माहिती नाही. \n\nया दहा महिला जर भारतीय इतिहासात नसत्या तर आज आपल्याला वेगळंच चित्र दिसलं असतं.",
                  "medium": "रखमाबाई राऊत ओळखल्या जातात त्या 1884-90 या काळात गाजलेल्या एका खटल्यासाठी. त्यांच्याच खटल्यामुळे ब्रिटीशकालीन भारतात 'संमतीवयाचा कायदा 1891’ लागू झाला."
                },
                "imageUrl": "ichef.bbci.co.uk/images/ic/$recipe/p08pcj3n.jpg",
                "embedding": true,
                "advertising": true,
                "caption": "रखमाबाई राऊत: मर्जीविरूद्ध झालेलं लग्न धुडकावून लावणारी महिला",
                "versions": [
                  {
                    "versionId": "p08pcc8l",
                    "types": [
                      "Original"
                    ],
                    "duration": 138,
                    "durationISO8601": "PT2M18S",
                    "warnings": {},
                    "availableTerritories": {
                      "uk": true,
                      "nonUk": true
                    },
                    "availableFrom": 1598102264000
                  }
                ],
                "smpKind": "programme",
                "type": "media"
              },
              "indexImage": {
                "id": "114063824",
                "subType": "index",
                "href": "http://c.files.bbci.co.uk/A754/production/_114063824_p08pcj3n.jpg",
                "path": "/cpsprodpb/A754/production/_114063824_p08pcj3n.jpg",
                "height": 549,
                "width": 976,
                "altText": "रखमाबाई राऊत ओळखल्या जातात त्या 1884-90 या काळात गाजलेल्या एका खटल्यासाठी. त्यांच्याच खटल्यामुळे ब्रिटीशकालीन भारतात 'संमतीवयाचा कायदा 1891’ लागू झाला.",
                "copyrightHolder": "BBC",
                "type": "image"
              },
              "options": {
                "isBreakingNews": false,
                "isFactCheck": false
              },
              "id": "urn:bbc:ares::asset:marathi/media-53875482",
              "type": "cps"
            },
            {
              "headlines": {
                "headline": "चंद्रप्रभा सैकयानी: अविवाहित माता जिने आसाममधली पडदापद्धत संपवली"
              },
              "locators": {
                "assetUri": "/marathi/media-53872057",
                "cpsUrn": "urn:bbc:content:assetUri:marathi/media-53872057",
                "curie": "http://www.bbc.co.uk/asset/dedbf471-249f-4c89-8946-f5512c1a4edb",
                "assetId": "53872057"
              },
              "summary": "महिलांना त्यांच्या हक्कांबद्दल जागृत करण्यासाठी चंद्रप्रभा यांनी सायकल यात्रा केली. 1972 मध्ये त्यांचा पद्मश्री पुरस्काराने सन्मान करण्यात आला.",
              "timestamp": 1598069740000,
              "language": "mr",
              "passport": {
                "category": {
                  "categoryId": "http://www.bbc.co.uk/ontologies/applicationlogic-news/News",
                  "categoryName": "News"
                },
                "campaigns": [
                  {
                    "campaignId": "5a988e2139461b000e9dabf7",
                    "campaignName": "WS - Inspire me"
                  }
                ],
                "taggings": []
              },
              "cpsType": "MAP",
              "media": {
                "id": "p08pbjq5",
                "subType": "clip",
                "format": "video",
                "title": "चंद्रप्रभा सैकयानी: अविवाहित माता जिने आसाममधली पडदापद्धत संपवली",
                "synopses": {
                  "short": "चंद्रप्रभा सैकयानी: अविवाहित माता जिने आसाममधली पडदापद्धत संपवली",
                  "long": "आसाममधली पडदापद्धत दूर करण्यात चंद्रप्रभा यांचं मोठं योगदान आहे. त्यांनी महिलांच्या शिक्षणावर भर दिला आणि वयाच्या13 वर्षी प्राथमिक शाळा सुरू केली.\n \nमहिलांना त्यांच्या हक्कांबद्दल जागृत करण्यासाठी चंद्रप्रभा यांनी संपूर्ण राज्यात सायकल यात्रा केली.असं करणाऱ्या त्या राज्यातल्या पहिल्या महिला समजल्या जातात.त्यांच्या गावात मागासवर्गीयांना तलावाचं पाणी पिण्याची परवानगी नव्हती.त्यांनी याविरुद्ध लढा देऊन लोकांना तलावाचं पाणी खुलं करून दिलं.",
                  "medium": "महिलांना त्यांच्या हक्कांबद्दल जागृत करण्यासाठी चंद्रप्रभा यांनी संपूर्ण राज्यात सायकल यात्रा केली."
                },
                "imageUrl": "ichef.bbci.co.uk/images/ic/$recipe/p08pbkrb.jpg",
                "embedding": true,
                "advertising": true,
                "caption": "चंद्रप्रभा सैकयानी: अविवाहित माता जिने आसाममधली पडदापद्धत संपवली",
                "versions": [
                  {
                    "versionId": "p08pbjq8",
                    "types": [
                      "Original"
                    ],
                    "duration": 142,
                    "durationISO8601": "PT2M22S",
                    "warnings": {},
                    "availableTerritories": {
                      "uk": true,
                      "nonUk": true
                    },
                    "availableFrom": 1598068088000
                  }
                ],
                "imageCopyright": "BBC",
                "smpKind": "programme",
                "type": "media"
              },
              "indexImage": {
                "id": "114061331",
                "subType": "index",
                "href": "http://c.files.bbci.co.uk/3404/production/_114061331_p08pbkrb.jpg",
                "path": "/cpsprodpb/3404/production/_114061331_p08pbkrb.jpg",
                "height": 549,
                "width": 976,
                "altText": "चंद्रप्रभा सैकयानी",
                "copyrightHolder": "BBC",
                "type": "image"
              },
              "options": {
                "isBreakingNews": false,
                "isFactCheck": false
              },
              "id": "urn:bbc:ares::asset:marathi/media-53872057",
              "type": "cps"
            },
            {
              "headlines": {
                "headline": "मुस्लीम मुलींच्या शिक्षणासाठी संघर्ष करणाऱ्या रुकैया हुसेन"
              },
              "locators": {
                "assetUri": "/marathi/media-53793307",
                "cpsUrn": "urn:bbc:content:assetUri:marathi/media-53793307",
                "curie": "http://www.bbc.co.uk/asset/0f5bca7d-0285-4ac7-98e0-9c5ba6333a07",
                "assetId": "53793307"
              },
              "summary": "रुकैया सखावत हुसेन यांनी ‘स्त्री जातिर अबोनोति’ या लेखात महिलांच्या स्थितीबद्दल प्रश्न उपस्थित केले होते.",
              "timestamp": 1597559026000,
              "language": "mr",
              "passport": {
                "category": {
                  "categoryId": "http://www.bbc.co.uk/ontologies/applicationlogic-news/Feature",
                  "categoryName": "Feature"
                },
                "campaigns": [
                  {
                    "campaignId": "5a988e2139461b000e9dabf7",
                    "campaignName": "WS - Inspire me"
                  }
                ],
                "taggings": []
              },
              "cpsType": "MAP",
              "media": {
                "id": "p08nqw4c",
                "subType": "clip",
                "format": "video",
                "title": "स्त्रीशिक्षणासाठी लढणाऱ्या रुकैया हुसेन",
                "synopses": {
                  "short": "मुस्लीम मुलींच्या शिक्षणासाठी लढणाऱ्या रुकैया हुसेन",
                  "long": "साधारण120 वर्षांपूर्वी रुकैया सखावत हुसेन यांच्या एका लेखाने खळबळ माजवली होती.\n‘स्त्री जातिर अबोनोति’ या लेखात त्यांनी महिलांच्या स्थितीबद्दल प्रश्न उपस्थित केले होते.1910मध्ये भागलपूर आणि 1911मध्ये कलकत्त्यात त्यांनी शाळा उघडल्या. लोकांचा विरोध असतानाही त्यांनी या शाळा सुरू ठेवल्या.\n\nबीबीसी घेऊन आलंय एक खास सीरिज 'सावित्रीच्या सोबतिणी'त्या महिलांच्या आयुष्यावर प्रकाश टाकायला ज्यांनी लोकशाही, मानवी हक्क आणि महिला सबलीकरण यासाठी मोठं काम केलं पण ज्यांच्याविषयी आजही फारशी माहिती नाही.या दहा महिला जर भारतीय इतिहासात नसत्या तर आज आपल्याला वेगळंच चित्र दिसलं असतं.\n\n'सावित्रीच्या सोबतिणी'हे खास नाव यासाठी कारण जसं सावित्रीबाई फुलेंनी महिलांना शिक्षणाची दारं उघडी करून दिली तसंच या सगळ्या स्त्रियांनी भारतातल्या महिलांच्या हक्कांसाठी प्रयत्न केले,लढा दिला. म्हणूनच या महिला, काही सावित्रीबाईंच्या काळाच्या आधीच्या तर काही नंतरच्या पण सर्वार्थाने 'सावित्रीच्या सोबतिणी’.",
                  "medium": "साधारण120 वर्षांपूर्वी रुकैया सखावत हुसेन यांच्या एका लेखाने खळबळ माजवली होती.\n‘स्त्री जातिर अबोनोति’ या लेखात त्यांनी महिलांच्या स्थितीबद्दल प्रश्न उपस्थित केले होते."
                },
                "imageUrl": "ichef.bbci.co.uk/images/ic/$recipe/p08nqw8g.jpg",
                "embedding": true,
                "advertising": true,
                "caption": "मुस्लीम मुलींच्या शिक्षणासाठी लढणाऱ्या रुकैया हुसेन",
                "versions": [
                  {
                    "versionId": "p08nqw4f",
                    "types": [
                      "Original"
                    ],
                    "duration": 110,
                    "durationISO8601": "PT1M50S",
                    "warnings": {},
                    "availableTerritories": {
                      "uk": true,
                      "nonUk": true
                    },
                    "availableFrom": 1597499427000
                  }
                ],
                "imageCopyright": "BBC",
                "smpKind": "programme",
                "type": "media"
              },
              "indexImage": {
                "id": "113953804",
                "subType": "index",
                "href": "http://c.files.bbci.co.uk/9F83/production/_113953804_p08nqw8g.jpg",
                "path": "/cpsprodpb/9F83/production/_113953804_p08nqw8g.jpg",
                "height": 549,
                "width": 976,
                "altText": "स्त्रीशिक्षणासाठी लढणाऱ्या रुकैया हुसेन",
                "copyrightHolder": "BBC",
                "type": "image"
              },
              "options": {
                "isBreakingNews": false,
                "isFactCheck": false
              },
              "id": "urn:bbc:ares::asset:marathi/media-53793307",
              "type": "cps"
            },
            {
              "headlines": {
                "headline": "मुथुलक्ष्मी रेड्डी : देवदासीच्या अनिष्ट प्रथेविरुद्ध कायदा संमत करून घेणारी महिला"
              },
              "locators": {
                "assetUri": "/marathi/media-53783349",
                "cpsUrn": "urn:bbc:content:assetUri:marathi/media-53783349",
                "curie": "http://www.bbc.co.uk/asset/92cdd02a-f277-4543-b624-4bdee39a9c1a",
                "assetId": "53783349"
              },
              "summary": "मुथुलक्ष्मी यांनी मद्रास विधिमंडळात अनेक कायदे पारित करायला मदत केली. देवदासी प्रथेवर बंदी घालणारा सगळ्यांत महत्त्वाचा कायदा यात येतो.",
              "timestamp": 1597473765000,
              "language": "mr",
              "passport": {
                "category": {
                  "categoryId": "http://www.bbc.co.uk/ontologies/applicationlogic-news/Feature",
                  "categoryName": "Feature"
                },
                "campaigns": [
                  {
                    "campaignId": "5a988e2939461b000e9dabf8",
                    "campaignName": "WS - Educate me"
                  }
                ],
                "taggings": []
              },
              "cpsType": "MAP",
              "media": {
                "id": "p08nntdf",
                "subType": "clip",
                "format": "video",
                "title": "देवदासी प्रथेविरुद्ध लढणाऱ्या मुथुलक्ष्मी",
                "synopses": {
                  "short": "मुथुलक्ष्मी रेड्डी : देवदासीच्या अनिष्ट प्रथेविरुद्ध कायदा संमत करून घेणारी महिला",
                  "long": "मुथुलक्ष्मी यांनी मद्रास विधिमंडळात अनेक कायदे पारित करायला मदत केली. देवदासी प्रथेवर बंदी घालणारा सगळ्यांत महत्त्वाचा कायदा यात येतो. या कायद्यामुळे देवदासी प्रथा संपवण्यात मदत झाली. देवदासी प्रथेमुळे अनेक मुलींचं, महिलांचं शोषण व्हायचं.\nबीबीसी घेऊन आलंय एक खास सीरिज 'सावित्रीच्या सोबतिणी'त्या महिलांच्या आयुष्यावर प्रकाश टाकायला ज्यांनी लोकशाही, मानवी हक्क आणि महिला सबलीकरण यासाठी मोठं काम केलं पण ज्यांच्याविषयी आजही फारशी माहिती नाही.या दहा महिला जर भारतीय इतिहासात नसत्या तर आज आपल्याला वेगळंच चित्र दिसलं असतं.\n'सावित्रीच्या सोबतिणी'हे खास नाव यासाठी कारण जसं सावित्रीबाई फुलेंनी महिलांना शिक्षणाची दारं उघडी करून दिली तसंच या सगळ्या स्त्रियांनी भारतातल्या महिलांच्या हक्कांसाठी प्रयत्न केले,लढा दिला. म्हणूनच या महिला, काही सावित्रीबाईंच्या काळाच्या आधीच्या तर काही नंतरच्या पण सर्वार्थाने 'सावित्रीच्या सोबतिणी’.",
                  "medium": "मुथुलक्ष्मी यांनी मद्रास विधिमंडळात अनेक कायदे पारित करायला मदत केली. देवदासी प्रथेवर बंदी घालणारा सगळ्यांत महत्त्वाचा कायदा यात येतो."
                },
                "imageUrl": "ichef.bbci.co.uk/images/ic/$recipe/p08nntqt.jpg",
                "embedding": true,
                "advertising": true,
                "caption": "देवदासी प्रथेविरुद्ध लढणाऱ्या मुथुलक्ष्मी",
                "versions": [
                  {
                    "versionId": "p08nntdk",
                    "types": [
                      "Original"
                    ],
                    "duration": 126,
                    "durationISO8601": "PT2M6S",
                    "warnings": {},
                    "availableTerritories": {
                      "uk": true,
                      "nonUk": true
                    },
                    "availableFrom": 1597421650000
                  }
                ],
                "smpKind": "programme",
                "type": "media"
              },
              "indexImage": {
                "id": "113939147",
                "subType": "index",
                "href": "http://c.files.bbci.co.uk/121D1/production/_113939147_p08nntqt.jpg",
                "path": "/cpsprodpb/121D1/production/_113939147_p08nntqt.jpg",
                "height": 549,
                "width": 976,
                "altText": "Keyframe #2",
                "copyrightHolder": "BBC",
                "type": "image"
              },
              "options": {
                "isBreakingNews": false,
                "isFactCheck": false
              },
              "id": "urn:bbc:ares::asset:marathi/media-53783349",
              "type": "cps"
            }
          ],
          "semanticGroupName": "Watch/Listen"
        },
        {
          "type": "other-top-stories",
          "title": "Standalone Other Top Stories",
          "items": [
            {
              "headlines": {
                "headline": "सुगरा हुमायूँ मिर्झा यांनी बुरखा न वापरण्याचा निर्णय का घेतला?"
              },
              "locators": {
                "assetUri": "/marathi/india-53949559",
                "cpsUrn": "urn:bbc:content:assetUri:marathi/india-53949559",
                "curie": "http://www.bbc.co.uk/asset/a5c19c63-1b5f-4e8b-a454-1a62f85696da",
                "assetId": "53949559"
              },
              "summary": "सुगरा हुमायूँ मिर्झा यांच्या संघर्षाने स्त्रियांच्या भविष्यातल्या पिढ्यांसाठी एक मजबूत पाया रचला.",
              "timestamp": 1598753100000,
              "language": "mr",
              "byline": {
                "name": "नासिरुद्दीन ",
                "title": "बीबीसी हिंदीसाठी",
                "persons": [
                  {
                    "name": "Jane Wakefield",
                    "function": "Corresponsal de Tecnología, BBC"
                  }
                ]
              },
              "passport": {
                "category": {
                  "categoryId": "http://www.bbc.co.uk/ontologies/applicationlogic-news/News",
                  "categoryName": "News"
                },
                "campaigns": [
                  {
                    "campaignId": "5a988e2139461b000e9dabf7",
                    "campaignName": "WS - Inspire me"
                  },
                  {
                    "campaignId": "5a988e4739461b000e9dabfc",
                    "campaignName": "WS - Update me"
                  }
                ],
                "taggings": []
              },
              "cpsType": "STY",
              "indexImage": {
                "id": "114160130",
                "subType": "index",
                "href": "http://c.files.bbci.co.uk/0C22/production/_114160130_27fd0fe6-a0b1-4111-9e5b-ff30c9327873.jpg",
                "path": "/cpsprodpb/0C22/production/_114160130_27fd0fe6-a0b1-4111-9e5b-ff30c9327873.jpg",
                "height": 549,
                "width": 976,
                "altText": "सुगरा हुमायूँ मिर्झा",
                "copyrightHolder": "BBC",
                "type": "image"
              },
              "options": {
                "isBreakingNews": false,
                "isFactCheck": false
              },
              "id": "urn:bbc:ares::asset:marathi/india-53949559",
              "type": "cps"
            },
            {
              "headlines": {
                "headline": "रुकैया हुसैन : मुस्लीम मुलींच्या शिक्षणासाठी संघर्ष करणारी महिला"
              },
              "locators": {
                "assetUri": "/marathi/india-53836522",
                "cpsUrn": "urn:bbc:content:assetUri:marathi/india-53836522",
                "curie": "http://www.bbc.co.uk/asset/3ec741f9-ae3a-4cb9-8e68-87020491c286",
                "assetId": "53836522"
              },
              "summary": "शाळा चालवणे आणि मुस्लीम मुलींना आधुनिक शिक्षण देणे, यामुळे रुकैया यांना बराच विरोध झाला. त्यांच्या कामात अडथळे आणण्यात आले.",
              "timestamp": 1597889092000,
              "language": "mr",
              "byline": {
                "name": "नासिरुद्दीन ",
                "title": "बीबीसी हिंदीसाठी",
                "persons": [
                  {
                    "name": "Jane Wakefield",
                    "function": "Corresponsal de Tecnología, BBC"
                  }
                ]
              },
              "passport": {
                "category": {
                  "categoryId": "http://www.bbc.co.uk/ontologies/applicationlogic-news/Feature",
                  "categoryName": "Feature"
                },
                "campaigns": [
                  {
                    "campaignId": "5a988e2139461b000e9dabf7",
                    "campaignName": "WS - Inspire me"
                  },
                  {
                    "campaignId": "5a988e2939461b000e9dabf8",
                    "campaignName": "WS - Educate me"
                  }
                ],
                "taggings": []
              },
              "cpsType": "STY",
              "indexImage": {
                "id": "114029418",
                "subType": "index",
                "href": "http://c.files.bbci.co.uk/13E54/production/_114029418_65082de1-058f-4586-a5e2-cd940947d255.jpg",
                "path": "/cpsprodpb/13E54/production/_114029418_65082de1-058f-4586-a5e2-cd940947d255.jpg",
                "height": 549,
                "width": 976,
                "altText": "रुकैया हुसैन",
                "copyrightHolder": "BBC",
                "type": "image"
              },
              "options": {
                "isBreakingNews": false,
                "isFactCheck": false
              },
              "id": "urn:bbc:ares::asset:marathi/india-53836522",
              "type": "cps"
            },
            {
              "headlines": {
                "headline": "आसाममधील पडद्याची प्रथा मोडून काढणारी रणरागिणी चंद्रप्रभा सैकियानी"
              },
              "locators": {
                "assetUri": "/marathi/india-53864049",
                "cpsUrn": "urn:bbc:content:assetUri:marathi/india-53864049",
                "curie": "http://www.bbc.co.uk/asset/5b8e24e9-9d1a-4c42-9f4d-c288fbb2abbc",
                "assetId": "53864049"
              },
              "summary": "आसाममध्ये त्या काळी प्रचलित असणारी पडद्याची प्रथा मोडून काढण्यामध्ये चंद्रप्रभा सैकियानींची भूमिका महत्त्वाची मानली जाते.",
              "timestamp": 1598071702000,
              "language": "mr",
              "byline": {
                "name": "सुशीला सिंह",
                "title": "बीबीसी प्रतिनिधी",
                "persons": [
                  {
                    "name": "Jenny Hill",
                    "function": "Corresponsal en Berlín"
                  }
                ]
              },
              "passport": {
                "category": {
                  "categoryId": "http://www.bbc.co.uk/ontologies/applicationlogic-news/News",
                  "categoryName": "News"
                },
                "campaigns": [
                  {
                    "campaignId": "5a988e2139461b000e9dabf7",
                    "campaignName": "WS - Inspire me"
                  },
                  {
                    "campaignId": "5a988e2939461b000e9dabf8",
                    "campaignName": "WS - Educate me"
                  }
                ],
                "taggings": []
              },
              "cpsType": "STY",
              "indexImage": {
                "id": "114061613",
                "subType": "index",
                "href": "http://c.files.bbci.co.uk/7B80/production/_114061613_chandraold.jpg",
                "path": "/cpsprodpb/7B80/production/_114061613_chandraold.jpg",
                "height": 549,
                "width": 976,
                "altText": "1972मध्ये चंद्रप्रभांचा पद्मश्री पुरस्काराने सन्मान करण्यात आला.",
                "copyrightHolder": "BBC",
                "type": "image"
              },
              "options": {
                "isBreakingNews": false,
                "isFactCheck": false
              },
              "id": "urn:bbc:ares::asset:marathi/india-53864049",
              "type": "cps"
            },
            {
              "headlines": {
                "headline": "भारत-पाकिस्तान फाळणीनंतर शेकडो जणांचे पुनर्वसन करणाऱ्या इंदरजीत कौर"
              },
              "locators": {
                "assetUri": "/marathi/india-53942790",
                "cpsUrn": "urn:bbc:content:assetUri:marathi/india-53942790",
                "curie": "http://www.bbc.co.uk/asset/c363ea4e-63c7-4871-8b6b-74abe4080c3e",
                "assetId": "53942790"
              },
              "summary": "इंदरजीत कौर पतियाळाच्या पंजाबी विद्यापीठाच्या पहिल्या महिला कुलगुरू तसंच स्टाफ सर्व्हिस कमिशनच्या पहिल्या महिला अध्यक्ष ठरल्या.",
              "timestamp": 1598665963000,
              "language": "mr",
              "byline": {
                "name": "सुशिला सिंह",
                "title": "बीबीसी प्रतिनिधी",
                "persons": [
                  {
                    "name": "Jane Wakefield",
                    "function": "Corresponsal de Tecnología, BBC"
                  }
                ]
              },
              "passport": {
                "category": {
                  "categoryId": "http://www.bbc.co.uk/ontologies/applicationlogic-news/Feature",
                  "categoryName": "Feature"
                },
                "campaigns": [
                  {
                    "campaignId": "5a988e2139461b000e9dabf7",
                    "campaignName": "WS - Inspire me"
                  }
                ],
                "taggings": []
              },
              "cpsType": "STY",
              "indexImage": {
                "id": "114169044",
                "subType": "index",
                "href": "http://c.files.bbci.co.uk/AC40/production/_114169044_e2e19e87-74a3-401b-9bdd-7ee5db6faf1c.png",
                "path": "/cpsprodpb/AC40/production/_114169044_e2e19e87-74a3-401b-9bdd-7ee5db6faf1c.png",
                "height": 549,
                "width": 976,
                "altText": "इंदरजीत कौर",
                "copyrightHolder": "BBC/gopalshunya",
                "type": "image"
              },
              "options": {
                "isBreakingNews": false,
                "isFactCheck": false
              },
              "id": "urn:bbc:ares::asset:marathi/india-53942790",
              "type": "cps"
            },
            {
              "headlines": {
                "headline": "'मर्जीविरूद्ध झालेलं लग्न मला मान्य नाही, वाटल्यास जेलमध्ये जाईन'"
              },
              "locators": {
                "assetUri": "/marathi/india-53866033",
                "cpsUrn": "urn:bbc:content:assetUri:marathi/india-53866033",
                "curie": "http://www.bbc.co.uk/asset/3daba3fc-0a1f-4d4e-bb3d-8f82fdf235b4",
                "assetId": "53866033"
              },
              "summary": "कायदेशीर घटस्फोट घेणारी पहिली महिला इतकीच रखमाबाईंची ओळख नाही. त्या भारतातल्या पहिल्या महिला प्रॅक्टिसिंग डॉक्टर आणि पहिल्या महिला MD होत्या.",
              "timestamp": 1598148988000,
              "language": "mr",
              "byline": {
                "name": "अनघा पाठक ",
                "title": "बीबीसी मराठी ",
                "persons": [
                  {
                    "name": "Jenny Hill",
                    "function": "Corresponsal en Berlín"
                  }
                ]
              },
              "passport": {
                "category": {
                  "categoryId": "http://www.bbc.co.uk/ontologies/applicationlogic-news/News",
                  "categoryName": "News"
                },
                "campaigns": [
                  {
                    "campaignId": "5a988e2139461b000e9dabf7",
                    "campaignName": "WS - Inspire me"
                  }
                ],
                "taggings": []
              },
              "cpsType": "STY",
              "indexImage": {
                "id": "114054225",
                "subType": "index",
                "href": "http://c.files.bbci.co.uk/CC15/production/_114054225_rakhma1.jpg",
                "path": "/cpsprodpb/CC15/production/_114054225_rakhma1.jpg",
                "height": 549,
                "width": 976,
                "altText": "डॉ. रखमाबाई राऊत",
                "copyrightHolder": "BBC",
                "type": "image"
              },
              "options": {
                "isBreakingNews": false,
                "isFactCheck": false
              },
              "id": "urn:bbc:ares::asset:marathi/india-53866033",
              "type": "cps"
            },
            {
              "headlines": {
                "headline": "मुथुलक्ष्मी रेड्डी - बालविवाह, देवदासी प्रथेविरोधात लढा देणारी पहिली महिला"
              },
              "locators": {
                "assetUri": "/marathi/india-53825588",
                "cpsUrn": "urn:bbc:content:assetUri:marathi/india-53825588",
                "curie": "http://www.bbc.co.uk/asset/43535d14-ffb3-4d14-b11d-4b34c0031c29",
                "assetId": "53825588"
              },
              "summary": "मद्रास मेडिकल कॉलेजच्या सर्जरी डिपार्टमेंटमध्ये प्रवेश मिळवणारी पहिली भारतीय महिला म्हणजे मुथुलक्ष्मी रेड्डी.",
              "timestamp": 1597803132000,
              "language": "mr",
              "byline": {
                "name": "पद्मा मीनाक्षी",
                "title": "बीबीसी तेलुगू",
                "persons": [
                  {
                    "name": "Jane Wakefield",
                    "function": "Corresponsal de Tecnología, BBC"
                  }
                ]
              },
              "passport": {
                "category": {
                  "categoryId": "http://www.bbc.co.uk/ontologies/applicationlogic-news/Feature",
                  "categoryName": "Feature"
                },
                "campaigns": [
                  {
                    "campaignId": "5a988e2139461b000e9dabf7",
                    "campaignName": "WS - Inspire me"
                  },
                  {
                    "campaignId": "5a988e2939461b000e9dabf8",
                    "campaignName": "WS - Educate me"
                  }
                ],
                "taggings": []
              },
              "cpsType": "STY",
              "indexImage": {
                "id": "114010446",
                "subType": "index",
                "href": "http://c.files.bbci.co.uk/FB91/production/_114010446_4654a6f8-433f-4f47-8885-8a39dc0d3a23.jpg",
                "path": "/cpsprodpb/FB91/production/_114010446_4654a6f8-433f-4f47-8885-8a39dc0d3a23.jpg",
                "height": 549,
                "width": 976,
                "altText": "मुथुलक्ष्मी रेड्डी",
                "copyrightHolder": "INDIA INTERNATIONAL CENTRE",
                "type": "image"
              },
              "options": {
                "isBreakingNews": false,
                "isFactCheck": false
              },
              "id": "urn:bbc:ares::asset:marathi/india-53825588",
              "type": "cps"
            }
          ],
          "semanticGroupName": "Standalone Other Top Stories"
        }
      ]
    },
    "promo": {
      "subType": "IDX",
      "name": "सावित्रीच्या सोबतिणी: महिलांसाठी लढणाऱ्या रणरागिणी",
      "uri": "/marathi/india-53901688",
      "id": "urn:bbc:ares::index:marathi/india-53901688/desktop/domestic",
      "type": "simple"
    },
    "relatedContent": {
      "section": {
        "subType": "index",
        "name": "भारत",
        "uri": "/marathi/india",
        "type": "simple"
      },
      "site": {
        "subType": "site",
        "name": "BBC मराठी",
        "uri": "/marathi",
        "type": "simple"
      },
      "groups": []
    }
  }