{
  "data": {
    "article": {
      "content": {
        "model": {
          "blocks": [
            {
              "id": "bb0fa15f",
              "type": "headline",
              "model": {
                "blocks": [
                  {
                    "id": "edb5a9a1",
                    "type": "text",
                    "model": {
                      "blocks": [
                        {
                          "id": "87823770",
                          "type": "paragraph",
                          "model": {
                            "text": "Islam en México: los indígenas chamulas que viven en Chiapas con tradiciones musulmanas",
                            "blocks": [
                              {
                                "id": "227ada13",
                                "type": "fragment",
                                "model": {
                                  "text": "Islam en México: los indígenas chamulas que viven en Chiapas con tradiciones musulmanas",
                                  "attributes": []
                                },
                                "position": [
                                  1,
                                  1,
                                  1,
                                  1
                                ]
                              }
                            ]
                          },
                          "position": [
                            1,
                            1,
                            1
                          ]
                        }
                      ]
                    },
                    "position": [
                      1,
                      1
                    ]
                  }
                ]
              },
              "position": [
                1
              ]
            },
            {
              "id": "c3d0ae84",
              "type": "timestamp",
              "model": {
                "firstPublished": 1562941654757,
                "lastPublished": 1562941654757
              },
              "position": [
                2
              ]
            },
            {
              "id": "7d880688",
              "type": "text",
              "model": {
                "blocks": [
                  {
                    "id": "12469de7",
                    "type": "paragraph",
                    "model": {
                      "text": "El islam llegó en San Cristobal de las Casas en la década de los 90 de la mano de unos españoles que querían unirse a la lucha zapatista.",
                      "blocks": [
                        {
                          "id": "ed920ae3",
                          "type": "fragment",
                          "model": {
                            "text": "El islam llegó en San Cristobal de las Casas en la década de los 90 de la mano de unos españoles que querían unirse a la lucha zapatista.",
                            "attributes": []
                          },
                          "position": [
                            3,
                            1,
                            1
                          ]
                        }
                      ]
                    },
                    "position": [
                      3,
                      1
                    ]
                  },
                  {
                    "id": "37f11f11",
                    "type": "paragraph",
                    "model": {
                      "text": "Su mensaje se asentó entre los chamulas y fue pasando entre las familias a lo largo de los años.",
                      "blocks": [
                        {
                          "id": "0865faed",
                          "type": "fragment",
                          "model": {
                            "text": "Su mensaje se asentó entre los chamulas y fue pasando entre las familias a lo largo de los años.",
                            "attributes": []
                          },
                          "position": [
                            3,
                            2,
                            1
                          ]
                        }
                      ]
                    },
                    "position": [
                      3,
                      2
                    ]
                  },
                  {
                    "id": "0db79ea1",
                    "type": "paragraph",
                    "model": {
                      "text": "Hoy hay al menos 300 personas que profesan su fe en Alá, ayunan durante el Ramadán y se niegan a beber alcohol.",
                      "blocks": [
                        {
                          "id": "fab65f2c",
                          "type": "fragment",
                          "model": {
                            "text": "Hoy hay al menos 300 personas que profesan su fe en Alá, ayunan durante el Ramadán y se niegan a beber alcohol.",
                            "attributes": []
                          },
                          "position": [
                            3,
                            3,
                            1
                          ]
                        }
                      ]
                    },
                    "position": [
                      3,
                      3
                    ]
                  },
                  {
                    "id": "3b9b3b2d",
                    "type": "paragraph",
                    "model": {
                      "text": "Ana Gabriela Rojas, corresponsal de BBC Mundo, estuvo en esa comunidad para conocer su historia.",
                      "blocks": [
                        {
                          "id": "e2d9e28e",
                          "type": "fragment",
                          "model": {
                            "text": "Ana Gabriela Rojas, corresponsal de BBC Mundo, estuvo en esa comunidad para conocer su historia.",
                            "attributes": []
                          },
                          "position": [
                            3,
                            4,
                            1
                          ]
                        }
                      ]
                    },
                    "position": [
                      3,
                      4
                    ]
                  }
                ]
              },
              "position": [
                3
              ]
            },
            {
              "id": "981ffe93",
              "type": "mpu",
              "model": {},
              "position": [
                4
              ]
            },
            {
              "id": "053657c9",
              "type": "wsoj",
              "model": {
                "type": "recommendations"
              },
              "position": [
                5
              ]
            }
          ]
        }
      },
      "metadata": {
        "id": "urn:bbc:ares::article:c45965g63xno",
        "locators": {
          "optimoUrn": "urn:bbc:optimo:asset:c45965g63xno",
          "canonicalUrl": "https://www.bbc.com/mundo/articles/c45965g63xno"
        },
        "type": "article",
        "createdBy": "Mundo",
        "language": "es",
        "firstPublished": 1562941654757,
        "lastPublished": 1562941654757,
        "analyticsLabels": {
          "contentId": "urn:bbc:optimo:asset:c45965g63xno",
          "producer": "Mundo",
          "page": "mundo.articles.c45965g63xno.page"
        },
        "passport": {
          "language": "es",
          "home": "http://www.bbc.co.uk/ontologies/passport/home/Mundo",
          "taggings": []
        },
        "blockTypes": [
          "headline",
          "text",
          "paragraph",
          "fragment"
        ],
        "allowAdvertising": true
      },
      "promo": {
        "headlines": {
          "seoHeadline": "Islam en México: los indígenas chamulas que viven en Chiapas con tradiciones musulmanas"
        }
      }
    },
    "secondaryData": {
      "topStories": [
        {
          "headlines": {
            "headline": "Headline",
            "overtyped": "Ukraine crisis - Headline"
          },
          "locators": {
            "assetUri": "/mundo/23244196",
            "curieCpsUrn": "urn:bbc:cps:curie:asset:7749dd1a-a80d-e646-8b1c-74611e425917",
            "assetId": "23244196",
            "cpsUrn": "urn:bbc:content:assetUri:mundo/23244196",
            "curie": "http://www.bbc.co.uk/asset/7749dd1a-a80d-e646-8b1c-74611e425917"
          },
          "summary": "Summary",
          "timestamp": 1563370009000,
          "language": "es",
          "cpsType": "STY",
          "indexImage": {
            "id": "63919161",
            "subType": "index",
            "href": "http://b.files.bbci.co.uk/3F3F/test/_63919161__123721038_mediaitem123721037.jpg",
            "path": "/cpsdevpb/3F3F/test/_63919161__123721038_mediaitem123721037.jpg",
            "height": 549,
            "width": 976,
            "altText": "Ukraine crisis",
            "copyrightHolder": "Reuters",
            "originCode": "cpsdevpb",
            "type": "image"
          },
          "options": {
            "isBreakingNews": false,
            "isFactCheck": false
          },
          "prominence": "standard",
          "section": {
            "subType": "IDX",
            "name": "Noticias",
            "uri": "/mundo/front_page",
            "type": "simple"
          },
          "overtypedSummary": "Ukraine crisis - Summary",
          "id": "urn:bbc:ares::asset:mundo/23244196",
          "type": "cps"
        },
        {
          "name": "Ukraine crisis - item 2",
          "summary": "Ukraine crisis - item 2 - summary",
          "indexImage": {
            "id": "63711781",
            "subType": "index",
            "href": "http://b.files.bbci.co.uk/4917/test/_63711781_clinton.jpg",
            "path": "/cpsdevpb/4917/test/_63711781_clinton.jpg",
            "height": 371,
            "width": 660,
            "altText": "Clinton",
            "caption": "Clinton",
            "copyrightHolder": "BBC",
            "type": "image"
          },
          "uri": "https://www.bbc.co.uk/news",
          "contentType": "RadioBulletin",
          "assetTypeCode": "PRO",
          "timestamp": 1571655919000,
          "isLive": true,
          "type": "link"
        },
        {
          "headlines": {
            "headline": "CPS Audio clip",
            "overtyped": "Ukraine crisis - item 3"
          },
          "locators": {
            "assetUri": "/news/health-23201480",
            "curieCpsUrn": "urn:bbc:cps:curie:asset:2b5b5210-f49f-5a4e-a901-a6fed5d30447",
            "assetId": "23201480",
            "cpsUrn": "urn:bbc:content:assetUri:news/health-23201480",
            "curie": "http://www.bbc.co.uk/asset/2b5b5210-f49f-5a4e-a901-a6fed5d30447"
          },
          "summary": "summary",
          "timestamp": 1526918547000,
          "language": "en-gb",
          "cpsType": "MAP",
          "media": {
            "id": "p01hnn2b",
            "subType": "clip",
            "format": "audio",
            "title": "CPS Audio clip",
            "synopses": {
              "short": "Please do not edit this asset"
            },
            "imageUrl": "ichef.test.bbci.co.uk/images/ic/$recipe/p01hnn31.jpg",
            "embedding": true,
            "advertising": true,
            "caption": "Please do not edit this asset",
            "versions": [
              {
                "versionId": "p01hnn2d",
                "types": [
                  "Original"
                ],
                "duration": 16,
                "durationISO8601": "PT16S",
                "warnings": {},
                "availableTerritories": {
                  "uk": true,
                  "nonUk": true
                },
                "availableFrom": 1526050744000
              }
            ],
            "smpKind": "radioProgramme",
            "type": "media"
          },
          "indexImage": {
            "id": "63679746",
            "subType": "index",
            "href": "http://b.files.bbci.co.uk/FD1D/test/_63679746_p01hnn31.jpg",
            "path": "/cpsdevpb/FD1D/test/_63679746_p01hnn31.jpg",
            "height": 576,
            "width": 1024,
            "altText": "alt tag",
            "caption": "cpation",
            "copyrightHolder": "Alamy",
            "type": "image"
          },
          "options": {
            "isBreakingNews": false,
            "isFactCheck": false
          },
          "prominence": "standard",
          "section": {
            "subType": "IDX",
            "name": "Health",
            "uri": "/news/health",
            "type": "simple"
          },
          "overtypedSummary": "Ukraine crisis - item 3 - summary",
          "site": {
            "subType": "site",
            "name": "BBC News",
            "uri": "/news",
            "type": "simple"
          },
          "id": "urn:bbc:ares::asset:news/health-23201480",
          "type": "cps"
        }
      ],
      "features": [
        {
          "headlines": {
            "headline": "El colorido encanto del arte callejero chilango 17"
          },
          "locators": {
            "assetUri": "/mundo/internacional-23038380",
            "curieCpsUrn": "urn:bbc:cps:curie:asset:83c170e8-da52-ec43-a01d-7543153e49cb",
            "assetId": "23038380",
            "cpsUrn": "urn:bbc:content:assetUri:mundo/internacional-23038380",
            "curie": "http://www.bbc.co.uk/asset/83c170e8-da52-ec43-a01d-7543153e49cb"
          },
          "summary": "Además de sus decenas de museos tradicionales, Ciudad de México es una galería al aire libre de arte callejero, en la que exponen artistas nacionales y extranjeros. Lo invitamos a un recorrido.",
          "timestamp": 1462445134000,
          "language": "es",
          "byline": {
            "name": "Aled Scourfield",
            "title": "BBC News, Wales",
            "persons": [
              {
                "name": "Aled Scourfield",
                "function": "BBC News, Wales"
              }
            ]
          },
          "cpsType": "STY",
          "indexImage": {
            "id": "63482865",
            "subType": "index",
            "href": "http://b.files.bbci.co.uk/DDFC/test/_63482865_orange2.jpg",
            "path": "/cpsdevpb/DDFC/test/_63482865_orange2.jpg",
            "height": 549,
            "width": 976,
            "altText": "Orange 2",
            "caption": "Orange 2",
            "copyrightHolder": "BBC",
            "originCode": "cpsdevpb",
            "type": "image"
          },
          "options": {
            "isBreakingNews": false,
            "isFactCheck": false
          },
          "id": "urn:bbc:ares::asset:mundo/internacional-23038380",
          "type": "cps"
        },
        {
          "headlines": {
            "headline": "5 proyectos descomunales con los que China quiere mostrar su poderío científico",
            "overtyped": "Mas noticias"
          },
          "locators": {
            "assetUri": "/mundo/vert-cap-23038373",
            "curieCpsUrn": "urn:bbc:cps:curie:asset:76489790-280a-2349-8824-46ae5b17bf88",
            "assetId": "23038373",
            "cpsUrn": "urn:bbc:content:assetUri:mundo/vert-cap-23038373",
            "curie": "http://www.bbc.co.uk/asset/76489790-280a-2349-8824-46ae5b17bf88"
          },
          "summary": "Además de sus decenas de museos tradicionales, Ciudad de México es una galería al aire libre de arte callejero, en la que exponen artistas nacionales y extranjeros. Lo invitamos a un recorrido.",
          "timestamp": 1462433623000,
          "language": "es",
          "byline": {
            "name": "Aled Scourfield",
            "title": "BBC News, Wales",
            "persons": [
              {
                "name": "Aled Scourfield",
                "function": "BBC News, Wales"
              }
            ]
          },
          "cpsType": "STY",
          "indexImage": {
            "id": "63486494",
            "subType": "index",
            "href": "http://b.files.bbci.co.uk/C13C/test/_63486494_a77a56ca-be96-4113-84d0-d9be7f8ee6f9.jpg",
            "path": "/cpsdevpb/C13C/test/_63486494_a77a56ca-be96-4113-84d0-d9be7f8ee6f9.jpg",
            "height": 371,
            "width": 660,
            "altText": "bbc",
            "copyrightHolder": "BBC",
            "originCode": "cpsdevpb",
            "type": "image"
          },
          "options": {
            "isBreakingNews": false,
            "isFactCheck": false
          },
          "id": "urn:bbc:ares::asset:mundo/vert-cap-23038373",
          "type": "cps"
        }
      ],
      "mostRead": {
        "generated": "2023-02-18T02:58:56.86Z",
        "lastRecordTimeStamp": "2021-05-04T11:53:00Z",
        "firstRecordTimeStamp": "2021-05-04T11:38:00Z",
        "totalRecords": 20,
        "records": [
          {
            "id": "02316a67-f610-544a-a3d7-77e9d6f81b82",
            "rank": 1,
            "count": 9978,
            "urn": "urn:bbc:curie:asset:02316a67-f610-544a-a3d7-77e9d6f81b82",
            "promo": {
              "headlines": {
                "shortHeadline": "¿Cuán viable es que el petro, la criptomoneda de Venezuela, sirva para aliviar la crisis en el país?",
                "headline": "¿Cuán viable es que el petro, la criptomoneda de Venezuela, sirva para aliviar la crisis en el país?"
              },
              "locators": {
                "assetUri": "/mundo/23169857",
                "cpsUrn": "urn:bbc:content:assetUri:mundo/23169857",
                "curie": "http://www.bbc.co.uk/asset/02316a67-f610-544a-a3d7-77e9d6f81b82",
                "assetId": "23169857"
              },
              "summary": "El presidente de Venezuela anuncia la creación del petro, una criptomoneda respaldada en \"petróleo, oro, gas y diamantes\"",
              "timestamp": 1512473429000,
              "language": "es",
              "passport": {
                "category": {
                  "categoryId": "http://www.bbc.co.uk/ontologies/applicationlogic-news/News",
                  "categoryName": "News"
                },
                "taggings": []
              },
              "indexImage": {
                "id": "63604076",
                "subType": "index",
                "href": "http://b.files.bbci.co.uk/105E0/test/_63604076_000233729-1.jpg",
                "path": "/cpsdevpb/105E0/test/_63604076_000233729-1.jpg",
                "height": 549,
                "width": 976,
                "altText": "A group of venezuelan protesters with banners",
                "caption": "Protesters demonstrate against Roger Ayala",
                "copyrightHolder": "BBC",
                "originCode": "cpsdevpb",
                "type": "image"
              },
              "id": "urn:bbc:ares::asset:mundo/23169857",
              "type": "cps"
            }
          },
          {
            "id": "221c1b5a-311e-2e4a-935e-de643ead95f4",
            "rank": 2,
            "count": 9566,
            "urn": "urn:bbc:curie:asset:221c1b5a-311e-2e4a-935e-de643ead95f4",
            "promo": {
              "headlines": {
                "shortHeadline": "Cómo usar Google Maps sin conexión a internet",
                "headline": "Cómo usar Google Maps sin conexión a internet"
              },
              "locators": {
                "assetUri": "/mundo/blog-de-los-editores-23038590",
                "curieCpsUrn": "urn:bbc:cps:curie:asset:221c1b5a-311e-2e4a-935e-de643ead95f4",
                "assetId": "23038590",
                "cpsUrn": "urn:bbc:content:assetUri:mundo/blog-de-los-editores-23038590",
                "curie": "http://www.bbc.co.uk/asset/221c1b5a-311e-2e4a-935e-de643ead95f4"
              },
              "summary": "á ä à â ¿Por qué algunas personas conservan su aspecto juvenil más que otras? ñ ç €",
              "timestamp": 1462463595000,
              "language": "es",
              "byline": {
                "name": "José Antonio-Domínguez",
                "title": "BBC Mundo Reporter",
                "persons": [
                  {
                    "name": "José Antonio-Domínguez",
                    "function": "BBC Mundo Reporter",
                    "thumbnail": "http://b.files.bbci.co.uk/8F14/test/_63482663_tv000088736.jpg"
                  }
                ]
              },
              "passport": {
                "category": {
                  "categoryId": "http://www.bbc.co.uk/ontologies/applicationlogic-news/News",
                  "categoryName": "News"
                },
                "language": "es",
                "home": "http://www.bbc.co.uk/ontologies/passport/home/Mundo",
                "locator": "urn:bbc:cps:curie:asset:221c1b5a-311e-2e4a-935e-de643ead95f4",
                "availability": "AVAILABLE",
                "taggings": [
                  {
                    "predicate": "http://www.bbc.co.uk/ontologies/bbc/assetType",
                    "value": "http://www.bbc.co.uk/things/22ea958e-2004-4f34-80a7-bf5acad52f6f#id"
                  },
                  {
                    "predicate": "http://www.bbc.co.uk/ontologies/creativework/about",
                    "value": "http://www.bbc.co.uk/things/c4794229-7f87-43ce-ac0a-6cfcd6d3cef2#id"
                  },
                  {
                    "predicate": "http://www.bbc.co.uk/ontologies/bbc/contributor",
                    "value": "http://www.bbc.co.uk/things/fdeece8d-b243-45ed-b4b6-3ad34532dc4a#id"
                  },
                  {
                    "predicate": "http://www.bbc.co.uk/ontologies/creativework/format",
                    "value": "http://www.bbc.co.uk/things/46c0517d-9927-4d1a-9954-8c63a3f7a888#id"
                  },
                  {
                    "predicate": "http://www.bbc.co.uk/ontologies/bbc/primaryMediaType",
                    "value": "http://www.bbc.co.uk/things/5566b81b-8509-44c1-8503-018a0eab317d#id"
                  }
                ],
                "schemaVersion": "1.4.0",
                "publishedState": "PUBLISHED",
                "predicates": {
                  "contributor": [
                    {
                      "value": "http://www.bbc.co.uk/things/fdeece8d-b243-45ed-b4b6-3ad34532dc4a#id",
                      "type": "contributor"
                    }
                  ],
                  "assetType": [
                    {
                      "value": "http://www.bbc.co.uk/things/22ea958e-2004-4f34-80a7-bf5acad52f6f#id",
                      "type": "assetType"
                    }
                  ],
                  "primaryMediaType": [
                    {
                      "value": "http://www.bbc.co.uk/things/5566b81b-8509-44c1-8503-018a0eab317d#id",
                      "type": "primaryMediaType"
                    }
                  ],
                  "formats": [
                    {
                      "value": "http://www.bbc.co.uk/things/46c0517d-9927-4d1a-9954-8c63a3f7a888#id",
                      "thingLabel": "News report",
                      "thingUri": "http://www.bbc.co.uk/things/46c0517d-9927-4d1a-9954-8c63a3f7a888#id",
                      "thingId": "46c0517d-9927-4d1a-9954-8c63a3f7a888",
                      "thingType": [
                        "tagging:TagConcept",
                        "tagging:Format"
                      ],
                      "thingSameAs": [],
                      "thingEnglishLabel": "Report",
                      "thingPreferredLabel": "Report",
                      "thingLabelLanguage": "es",
                      "type": "formats"
                    }
                  ],
                  "about": [
                    {
                      "value": "http://www.bbc.co.uk/things/c4794229-7f87-43ce-ac0a-6cfcd6d3cef2#id",
                      "thingLabel": "Salud",
                      "thingUri": "http://www.bbc.co.uk/things/c4794229-7f87-43ce-ac0a-6cfcd6d3cef2#id",
                      "thingId": "c4794229-7f87-43ce-ac0a-6cfcd6d3cef2",
                      "thingType": [
                        "core:Thing",
                        "core:Theme",
                        "tagging:AmbiguousTerm",
                        "tagging:TagConcept",
                        "tagging:Genre"
                      ],
                      "thingSameAs": [
                        "http://dbpedia.org/resource/Health"
                      ],
                      "thingEnglishLabel": "Health",
                      "type": "about"
                    }
                  ]
                }
              },
              "indexImage": {
                "id": "63919172",
                "subType": "index",
                "href": "http://b.files.bbci.co.uk/6A37/test/_63919172_black.jpg",
                "path": "/cpsdevpb/6A37/test/_63919172_black.jpg",
                "height": 549,
                "width": 976,
                "altText": "Black",
                "copyrightHolder": "BBC",
                "originCode": "cpsdevpb",
                "type": "image"
              },
              "id": "urn:bbc:ares::asset:mundo/blog-de-los-editores-23038590",
              "type": "cps"
            }
          },
          {
            "id": "3b9873cb-30b6-ca47-b05a-3a7b2e62ca93",
            "rank": 3,
            "count": 9460,
            "urn": "urn:bbc:curie:asset:3b9873cb-30b6-ca47-b05a-3a7b2e62ca93",
            "promo": {
              "headlines": {
                "shortHeadline": "Vivo sports test for nations",
                "headline": "Vivo testing: Sport session for nations and regions"
              },
              "locators": {
                "assetUri": "/sport/live/22997963",
                "cpsUrn": "urn:bbc:content:assetUri:sport/live/22997963",
                "curie": "http://www.bbc.co.uk/asset/3b9873cb-30b6-ca47-b05a-3a7b2e62ca93",
                "assetId": "22997963"
              },
              "summary": "Test live text page for BBC Sport Online teams in the nations and regions to practice with",
              "timestamp": 1435846349000,
              "language": "en-gb",
              "isLive": false,
              "scheduledStartTime": 1454284800000,
              "scheduledEndTime": 1454371200000,
              "liveStatus": "AUTO",
              "id": "urn:bbc:ares::asset:sport/live/22997963",
              "type": "cps"
            }
          },
          {
            "id": "ea21ed32-bded-6147-8ff7-2a56f3212eb8",
            "rank": 4,
            "count": 9426,
            "urn": "urn:bbc:curie:asset:ea21ed32-bded-6147-8ff7-2a56f3212eb8",
            "promo": {
              "headlines": {
                "shortHeadline": "El inquietante arte de fotografiar a los muertos",
                "headline": "El inquietante arte de fotografiar a los muertos"
              },
              "locators": {
                "assetUri": "/mundo/noticias-internacional-23048329",
                "cpsUrn": "urn:bbc:content:assetUri:mundo/noticias-internacional-23048329",
                "curie": "http://www.bbc.co.uk/asset/ea21ed32-bded-6147-8ff7-2a56f3212eb8",
                "assetId": "23048329"
              },
              "summary": "Fotografiar a los seres queridos después de que han muerto es algo que puede parecer morboso en la actualidad. Sin embargo, en la Inglaterra victoriana, esa era una forma de honrar a los difuntos y mitigar la pena causada por el duelo.",
              "timestamp": 1465210987000,
              "language": "es",
              "passport": {
                "category": {
                  "categoryId": "http://www.bbc.co.uk/ontologies/applicationlogic-news/News",
                  "categoryName": "News"
                },
                "taggings": []
              },
              "indexImage": {
                "id": "63488010",
                "subType": "index",
                "href": "http://b.files.bbci.co.uk/0440/test/_63488010_033314078-1.jpg",
                "path": "/cpsdevpb/0440/test/_63488010_033314078-1.jpg",
                "height": 549,
                "width": 976,
                "altText": "alt tag",
                "copyrightHolder": "KARL-JOSEF HILDENBRAND/AFP",
                "originCode": "cpsdevpb",
                "type": "image"
              },
              "id": "urn:bbc:ares::asset:mundo/noticias-internacional-23048329",
              "type": "cps"
            }
          },
          {
            "id": "e4dd77a1-9af0-ec46-85ac-e572326e1653",
            "rank": 5,
            "count": 9187,
            "urn": "urn:bbc:curie:asset:e4dd77a1-9af0-ec46-85ac-e572326e1653",
            "promo": {
              "headlines": {
                "shortHeadline": "What's best for wine: cork or screw-cap",
                "headline": "How do you like your wine – with a cork or screw-cap?"
              },
              "locators": {
                "assetUri": "/mundo/23154175",
                "cpsUrn": "urn:bbc:content:assetUri:mundo/23154175",
                "curie": "http://www.bbc.co.uk/asset/e4dd77a1-9af0-ec46-85ac-e572326e1653",
                "assetId": "23154175"
              },
              "summary": "If you are a regular wine drinker it is almost certain that you have opened a corked bottle or two in your time",
              "timestamp": 1505993987000,
              "language": "en-gb",
              "indexImage": {
                "id": "63593126",
                "subType": "index",
                "href": "http://b.files.bbci.co.uk/F2BB/test/_63593126_000103662-1.jpg",
                "path": "/cpsdevpb/F2BB/test/_63593126_000103662-1.jpg",
                "height": 549,
                "width": 976,
                "altText": "Two bottles of wine: red and white",
                "caption": "Cork versus screw-cap became a hotly disputed topic",
                "copyrightHolder": "BBC",
                "originCode": "cpsdevpb",
                "type": "image"
              },
              "id": "urn:bbc:ares::asset:mundo/23154175",
              "type": "cps"
            }
          },
          {
            "id": "8ff59d2a-38a4-8141-b250-a280c37550c2",
            "rank": 6,
            "count": 9002,
            "urn": "urn:bbc:curie:asset:8ff59d2a-38a4-8141-b250-a280c37550c2",
            "promo": {
              "headlines": {
                "shortHeadline": "El poder del \"chilango\" llegó a Londres 38",
                "headline": "El poder del \"chilango\" llegó a Londres 38"
              },
              "locators": {
                "assetUri": "/mundo/aprenda-ingles-23038493",
                "curieCpsUrn": "urn:bbc:cps:curie:asset:8ff59d2a-38a4-8141-b250-a280c37550c2",
                "assetId": "23038493",
                "cpsUrn": "urn:bbc:content:assetUri:mundo/aprenda-ingles-23038493",
                "curie": "http://www.bbc.co.uk/asset/8ff59d2a-38a4-8141-b250-a280c37550c2"
              },
              "summary": "A Los de Abajo los encontramos en el legendario Marquee de Londres, casa de grandes como Jimi Hendrix, U2, REM y The Who.",
              "timestamp": 1462446366000,
              "language": "es",
              "passport": {
                "home": "http://www.bbc.co.uk/ontologies/passport/home/Mundo",
                "taggings": []
              },
              "indexImage": {
                "id": "63482859",
                "subType": "index",
                "href": "http://b.files.bbci.co.uk/17654/test/_63482859_orange1.jpg",
                "path": "/cpsdevpb/17654/test/_63482859_orange1.jpg",
                "height": 549,
                "width": 976,
                "altText": "Orange 1",
                "caption": "Orange 1",
                "copyrightHolder": "BBC",
                "originCode": "cpsdevpb",
                "type": "image"
              },
              "id": "urn:bbc:ares::asset:mundo/aprenda-ingles-23038493",
              "type": "cps"
            }
          },
          {
            "id": "1fc794f5-d4cf-354d-970f-a4ebc7e9f4db",
            "rank": 7,
            "count": 8649,
            "urn": "urn:bbc:curie:asset:1fc794f5-d4cf-354d-970f-a4ebc7e9f4db",
            "promo": {
              "headlines": {
                "shortHeadline": "El obrero que colgó una bandera de México en una torre Trump en Canadá 1",
                "headline": "El obrero que colgó una bandera de México en una torre Trump en Canadá 1"
              },
              "locators": {
                "assetUri": "/mundo/america-latina-23032483",
                "cpsUrn": "urn:bbc:content:assetUri:mundo/america-latina-23032483",
                "curie": "http://www.bbc.co.uk/asset/1fc794f5-d4cf-354d-970f-a4ebc7e9f4db",
                "assetId": "23032483"
              },
              "summary": "El sábado, una bandera mexicana flameó en lo alto de una torre Trump.",
              "timestamp": 1459844659000,
              "language": "es",
              "indexImage": {
                "id": "63478958",
                "subType": "index",
                "href": "http://b.files.bbci.co.uk/14FE3/test/_63478958_testimage7.jpg",
                "path": "/cpsdevpb/14FE3/test/_63478958_testimage7.jpg",
                "height": 360,
                "width": 640,
                "altText": "Avion",
                "caption": "Avion",
                "copyrightHolder": "BBC",
                "originCode": "cpsdevpb",
                "type": "image"
              },
              "id": "urn:bbc:ares::asset:mundo/america-latina-23032483",
              "type": "cps"
            }
          },
          {
            "id": "47316924-ebb4-fe4a-b87a-ea2f0d6a8243",
            "rank": 8,
            "count": 8611,
            "urn": "urn:bbc:curie:asset:47316924-ebb4-fe4a-b87a-ea2f0d6a8243",
            "promo": {
              "headlines": {
                "shortHeadline": "Zika en Panamá",
                "headline": "Hallan zika en el cordón umbilical de un recién nacido en Panamá"
              },
              "locators": {
                "assetUri": "/mundo/noticias-america-latina-23049958",
                "cpsUrn": "urn:bbc:content:assetUri:mundo/noticias-america-latina-23049958",
                "curie": "http://www.bbc.co.uk/asset/47316924-ebb4-fe4a-b87a-ea2f0d6a8243",
                "assetId": "23049958"
              },
              "summary": "Panamá registró este sábado el primer caso de microcefalia posiblemente relacionada con el virus zika, según confirmó el Ministerio de Salud de ese país.",
              "timestamp": 1465240366000,
              "language": "es",
              "byline": {
                "name": "Patricia Sulbarán Lovera",
                "title": "BBC Mundo",
                "persons": [
                  {
                    "name": "Patricia Sulbarán Lovera",
                    "function": "BBC Mundo"
                  }
                ]
              },
              "passport": {
                "category": {
                  "categoryId": "http://www.bbc.co.uk/ontologies/applicationlogic-news/News",
                  "categoryName": "News"
                },
                "taggings": []
              },
              "indexImage": {
                "id": "63488114",
                "subType": "index",
                "href": "http://b.files.bbci.co.uk/A0E4/test/_63488114_1c4ba3d0-8af6-4905-8da5-83d55429edc0.jpg",
                "path": "/cpsdevpb/A0E4/test/_63488114_1c4ba3d0-8af6-4905-8da5-83d55429edc0.jpg",
                "height": 549,
                "width": 976,
                "altText": "Mosquito Aedes aegypti",
                "caption": "Se sabe con certeza que el mosquito Aedes aegypti es la vía principal de transmisión del virus zika, que está presente en al menos 24 países y territorios en América.",
                "copyrightHolder": "Getty Images",
                "originCode": "cpsdevpb",
                "type": "image"
              },
              "id": "urn:bbc:ares::asset:mundo/noticias-america-latina-23049958",
              "type": "cps"
            }
          },
          {
            "id": "76489790-280a-2349-8824-46ae5b17bf88",
            "rank": 9,
            "count": 8486,
            "urn": "urn:bbc:curie:asset:76489790-280a-2349-8824-46ae5b17bf88",
            "promo": {
              "headlines": {
                "shortHeadline": "5 proyectos descomunales con los que China quiere mostrar su poderío científico",
                "headline": "5 proyectos descomunales con los que China quiere mostrar su poderío científico"
              },
              "locators": {
                "assetUri": "/mundo/vert-cap-23038373",
                "curieCpsUrn": "urn:bbc:cps:curie:asset:76489790-280a-2349-8824-46ae5b17bf88",
                "assetId": "23038373",
                "cpsUrn": "urn:bbc:content:assetUri:mundo/vert-cap-23038373",
                "curie": "http://www.bbc.co.uk/asset/76489790-280a-2349-8824-46ae5b17bf88"
              },
              "summary": "Además de sus decenas de museos tradicionales, Ciudad de México es una galería al aire libre de arte callejero, en la que exponen artistas nacionales y extranjeros. Lo invitamos a un recorrido.",
              "timestamp": 1462433623000,
              "language": "es",
              "byline": {
                "name": "Aled Scourfield",
                "title": "BBC News, Wales",
                "persons": [
                  {
                    "name": "Aled Scourfield",
                    "function": "BBC News, Wales"
                  }
                ]
              },
              "passport": {
                "home": "http://www.bbc.co.uk/ontologies/passport/home/Mundo",
                "taggings": []
              },
              "indexImage": {
                "id": "63486494",
                "subType": "index",
                "href": "http://b.files.bbci.co.uk/C13C/test/_63486494_a77a56ca-be96-4113-84d0-d9be7f8ee6f9.jpg",
                "path": "/cpsdevpb/C13C/test/_63486494_a77a56ca-be96-4113-84d0-d9be7f8ee6f9.jpg",
                "height": 371,
                "width": 660,
                "altText": "bbc",
                "copyrightHolder": "BBC",
                "originCode": "cpsdevpb",
                "type": "image"
              },
              "id": "urn:bbc:ares::asset:mundo/vert-cap-23038373",
              "type": "cps"
            }
          },
          {
            "id": "d58aca41-dca8-db4e-a65e-8f61bf00380c",
            "rank": 10,
            "count": 8337,
            "urn": "urn:bbc:curie:asset:d58aca41-dca8-db4e-a65e-8f61bf00380c",
            "promo": {
              "headlines": {
                "shortHeadline": "\"Los peces se están haciendo adictos a comer plástico\"",
                "headline": "\"Los peces se están haciendo adictos a comer plástico\""
              },
              "locators": {
                "assetUri": "/mundo/noticias-internacional-23049978",
                "cpsUrn": "urn:bbc:content:assetUri:mundo/noticias-internacional-23049978",
                "curie": "http://www.bbc.co.uk/asset/d58aca41-dca8-db4e-a65e-8f61bf00380c",
                "assetId": "23049978"
              },
              "summary": "Los peces jóvenes se convierten en adictos a comer plástico en los mares de la misma manera que los adolescentes prefieren la comida rápida poco saludable.",
              "timestamp": 1465244029000,
              "language": "es",
              "byline": {
                "name": "Jaime Alguersuari ",
                "title": "BBC Radio 5 live analyst",
                "persons": [
                  {
                    "name": "Jaime Alguersuari",
                    "function": "BBC Radio 5 live analyst",
                    "thumbnail": "http://wwwpreview.test.newsonline.tc.nca.bbc.co.uk/media/images/60185000/jpg/_60185530_1429295-high_res-formula-1-2012(1).jpg"
                  }
                ]
              },
              "indexImage": {
                "id": "63488138",
                "subType": "index",
                "href": "http://b.files.bbci.co.uk/144F4/test/_63488138_fbd984f2-3ca3-4ff5-a9cb-90b989afe1d3.jpg",
                "path": "/cpsdevpb/144F4/test/_63488138_fbd984f2-3ca3-4ff5-a9cb-90b989afe1d3.jpg",
                "height": 549,
                "width": 976,
                "altText": "Plástic",
                "copyrightHolder": "Getty Images",
                "originCode": "cpsdevpb",
                "type": "image"
              },
              "id": "urn:bbc:ares::asset:mundo/noticias-internacional-23049978",
              "type": "cps"
            }
          },
          {
            "id": "bcc1786a-5b69-7f47-abca-7db6814d9dc4",
            "rank": 11,
            "count": 8289,
            "urn": "urn:bbc:curie:asset:bcc1786a-5b69-7f47-abca-7db6814d9dc4",
            "promo": {
              "headlines": {
                "shortHeadline": "Cómo sobrevivió el niño de Japón",
                "headline": "Cómo sobrevivió Yamato Tanooka, el niño abandonado por sus padres en un bosque en Japón"
              },
              "locators": {
                "assetUri": "/mundo/noticias-america-latina-23049748",
                "cpsUrn": "urn:bbc:content:assetUri:mundo/noticias-america-latina-23049748",
                "curie": "http://www.bbc.co.uk/asset/bcc1786a-5b69-7f47-abca-7db6814d9dc4",
                "assetId": "23049748"
              },
              "summary": "\"Un milagro\": así catalogan algunos la supervivencia de un niño de 7 años que desapareció durante casi una semana en un denso bosque de Japón.",
              "timestamp": 1464974325000,
              "language": "es",
              "byline": {
                "name": "BBC Reporter",
                "title": "Damascus",
                "persons": [
                  {
                    "name": "BBC Reporter",
                    "function": "Damascus"
                  }
                ]
              },
              "indexImage": {
                "id": "63487915",
                "subType": "index",
                "href": "http://b.files.bbci.co.uk/CB0A/test/_63487915_tedcruzheidicruz_getty.jpg",
                "path": "/cpsdevpb/CB0A/test/_63487915_tedcruzheidicruz_getty.jpg",
                "height": 549,
                "width": 976,
                "altText": "Ted Cruz Heidi Cruz",
                "caption": "Ted Cruz Heidi Cruz",
                "copyrightHolder": "Getty Images",
                "originCode": "cpsdevpb",
                "type": "image"
              },
              "id": "urn:bbc:ares::asset:mundo/noticias-america-latina-23049748",
              "type": "cps"
            }
          },
          {
            "id": "7f0c684f-960c-e445-bc3c-1d3040304aba",
            "rank": 12,
            "count": 7885,
            "urn": "urn:bbc:curie:asset:7f0c684f-960c-e445-bc3c-1d3040304aba",
            "promo": {
              "headlines": {
                "shortHeadline": "Revoked Clip Mundo Story",
                "headline": "Revoked Clip Mundo Story"
              },
              "locators": {
                "assetUri": "/mundo/23201490",
                "cpsUrn": "urn:bbc:content:assetUri:mundo/23201490",
                "curie": "http://www.bbc.co.uk/asset/7f0c684f-960c-e445-bc3c-1d3040304aba",
                "assetId": "23201490"
              },
              "summary": "summary",
              "timestamp": 1526920536000,
              "language": "es",
              "id": "urn:bbc:ares::asset:mundo/23201490",
              "type": "cps"
            }
          },
          {
            "id": "8d553705-a762-dd43-8df2-1e82fa37ff2f",
            "rank": 13,
            "count": 7575,
            "urn": "urn:bbc:curie:asset:8d553705-a762-dd43-8df2-1e82fa37ff2f",
            "promo": {
              "headlines": {
                "shortHeadline": "El poder del \"chilango\" llegó a Londres 22",
                "headline": "El poder del \"chilango\" llegó a Londres 22"
              },
              "locators": {
                "assetUri": "/mundo/america-latina-23038475",
                "curieCpsUrn": "urn:bbc:cps:curie:asset:8d553705-a762-dd43-8df2-1e82fa37ff2f",
                "assetId": "23038475",
                "cpsUrn": "urn:bbc:content:assetUri:mundo/america-latina-23038475",
                "curie": "http://www.bbc.co.uk/asset/8d553705-a762-dd43-8df2-1e82fa37ff2f"
              },
              "summary": "A Los de Abajo los encontramos en el legendario Marquee de Londres, casa de grandes como Jimi Hendrix, U2, REM y The Who.",
              "timestamp": 1462445278000,
              "language": "es",
              "passport": {
                "home": "http://www.bbc.co.uk/ontologies/passport/home/Mundo",
                "taggings": []
              },
              "indexImage": {
                "id": "63482859",
                "subType": "index",
                "href": "http://b.files.bbci.co.uk/17654/test/_63482859_orange1.jpg",
                "path": "/cpsdevpb/17654/test/_63482859_orange1.jpg",
                "height": 549,
                "width": 976,
                "altText": "Orange 1",
                "caption": "Orange 1",
                "copyrightHolder": "BBC",
                "originCode": "cpsdevpb",
                "type": "image"
              },
              "id": "urn:bbc:ares::asset:mundo/america-latina-23038475",
              "type": "cps"
            }
          },
          {
            "id": "6952842e-b02e-724b-b769-91c04e1a50cc",
            "rank": 14,
            "count": 7409,
            "urn": "urn:bbc:curie:asset:6952842e-b02e-724b-b769-91c04e1a50cc",
            "promo": {
              "headlines": {
                "shortHeadline": "Test Page Aug No Posts 23001775",
                "headline": "Test Page Aug No Posts 23001775"
              },
              "locators": {
                "assetUri": "/sport/live/23001775",
                "cpsUrn": "urn:bbc:content:assetUri:sport/live/23001775",
                "curie": "http://www.bbc.co.uk/asset/6952842e-b02e-724b-b769-91c04e1a50cc",
                "assetId": "23001775"
              },
              "summary": "sujmary text",
              "timestamp": 1439199093000,
              "language": "en-gb",
              "isLive": false,
              "scheduledStartTime": 1439184600000,
              "scheduledEndTime": 1440153000000,
              "liveStatus": "AUTO",
              "id": "urn:bbc:ares::asset:sport/live/23001775",
              "type": "cps"
            }
          },
          {
            "id": "4666c2e7-6b23-424e-8744-d2401a838425",
            "rank": 15,
            "count": 7149,
            "urn": "urn:bbc:curie:asset:4666c2e7-6b23-424e-8744-d2401a838425",
            "promo": {
              "headlines": {
                "shortHeadline": "El colorido encanto del arte callejero chilango 33",
                "headline": "El colorido encanto del arte callejero chilango 33"
              },
              "locators": {
                "assetUri": "/mundo/blog-de-lalo-23038488",
                "curieCpsUrn": "urn:bbc:cps:curie:asset:4666c2e7-6b23-424e-8744-d2401a838425",
                "assetId": "23038488",
                "cpsUrn": "urn:bbc:content:assetUri:mundo/blog-de-lalo-23038488",
                "curie": "http://www.bbc.co.uk/asset/4666c2e7-6b23-424e-8744-d2401a838425"
              },
              "summary": "Además de sus decenas de museos tradicionales, Ciudad de México es una galería al aire libre de arte callejero, en la que exponen artistas nacionales y extranjeros. Lo invitamos a un recorrido.",
              "timestamp": 1462446099000,
              "language": "es",
              "byline": {
                "name": "Aled Scourfield",
                "title": "BBC News, Wales",
                "persons": [
                  {
                    "name": "Aled Scourfield",
                    "function": "BBC News, Wales"
                  }
                ]
              },
              "passport": {
                "home": "http://www.bbc.co.uk/ontologies/passport/home/Mundo",
                "taggings": []
              },
              "indexImage": {
                "id": "63482865",
                "subType": "index",
                "href": "http://b.files.bbci.co.uk/DDFC/test/_63482865_orange2.jpg",
                "path": "/cpsdevpb/DDFC/test/_63482865_orange2.jpg",
                "height": 549,
                "width": 976,
                "altText": "Orange 2",
                "caption": "Orange 2",
                "copyrightHolder": "BBC",
                "originCode": "cpsdevpb",
                "type": "image"
              },
              "id": "urn:bbc:ares::asset:mundo/blog-de-lalo-23038488",
              "type": "cps"
            }
          },
          {
            "id": "1ff8ff1a-9570-4b44-b90a-73cabca969bb",
            "rank": 16,
            "count": 6998,
            "urn": "urn:bbc:curie:asset:1ff8ff1a-9570-4b44-b90a-73cabca969bb",
            "promo": {
              "headlines": {
                "shortHeadline": "Qué hace que los chilenos sean tan resistentes a los terremotos",
                "headline": "Qué hace que los chilenos sean tan resistentes a los terremotos, incendios y otras tragedias"
              },
              "locators": {
                "assetUri": "/mundo/23100229",
                "curieCpsUrn": "urn:bbc:cps:curie:asset:1ff8ff1a-9570-4b44-b90a-73cabca969bb",
                "assetId": "23100229",
                "cpsUrn": "urn:bbc:content:assetUri:mundo/23100229",
                "curie": "http://www.bbc.co.uk/asset/1ff8ff1a-9570-4b44-b90a-73cabca969bb"
              },
              "summary": "A medida que salía de la región del Maule, azotada esta semana por los insaciables incendios forestales de Chile, me fui involucrando en la historia que vine a contar.",
              "timestamp": 1486121884000,
              "language": "es",
              "byline": {
                "name": "Stefania  Gozzer",
                "title": "Reportera",
                "persons": [
                  {
                    "name": "Stefania Gozzer",
                    "function": "Reportera"
                  }
                ]
              },
              "passport": {
                "home": "http://www.bbc.co.uk/ontologies/passport/home/Mundo",
                "taggings": []
              },
              "indexImage": {
                "id": "63528051",
                "subType": "index",
                "href": "http://b.files.bbci.co.uk/3AEA/test/_63528051_000870367-1.jpg",
                "path": "/cpsdevpb/3AEA/test/_63528051_000870367-1.jpg",
                "height": 549,
                "width": 976,
                "altText": "Santiago de Chile",
                "caption": "Santiago de Chile",
                "copyrightHolder": "BBC",
                "originCode": "cpsdevpb",
                "type": "image"
              },
              "id": "urn:bbc:ares::asset:mundo/23100229",
              "type": "cps"
            }
          },
          {
            "id": "e59143fc-2afa-ed4b-b235-e643285ab85d",
            "rank": 17,
            "count": 6981,
            "urn": "urn:bbc:curie:asset:e59143fc-2afa-ed4b-b235-e643285ab85d",
            "promo": {
              "headlines": {
                "shortHeadline": "10/08 iVote Sport test - 23001764",
                "headline": "10/08 iVote Sport test - 23001764"
              },
              "locators": {
                "assetUri": "/sport/live/23001764",
                "cpsUrn": "urn:bbc:content:assetUri:sport/live/23001764",
                "curie": "http://www.bbc.co.uk/asset/e59143fc-2afa-ed4b-b235-e643285ab85d",
                "assetId": "23001764"
              },
              "summary": "10/08 iVote Sport test - 23001764",
              "timestamp": 1439193736000,
              "language": "en-gb",
              "isLive": false,
              "scheduledStartTime": 1439186400000,
              "scheduledEndTime": 1439244000000,
              "liveStatus": "AUTO",
              "id": "urn:bbc:ares::asset:sport/live/23001764",
              "type": "cps"
            }
          },
          {
            "id": "61b3291c-8fff-cb40-9ecf-e6f34df183a7",
            "rank": 18,
            "count": 6897,
            "urn": "urn:bbc:curie:asset:61b3291c-8fff-cb40-9ecf-e6f34df183a7",
            "promo": {
              "headlines": {
                "shortHeadline": "Todo sobre la gala de los Emmys",
                "headline": "Todo sobre la gala de los Emmys en la que triunfo Juego de Tronos"
              },
              "locators": {
                "assetUri": "/mundo/23075468",
                "cpsUrn": "urn:bbc:content:assetUri:mundo/23075468",
                "curie": "http://www.bbc.co.uk/asset/61b3291c-8fff-cb40-9ecf-e6f34df183a7",
                "assetId": "23075468"
              },
              "summary": "El impresionante récord de Game of Thrones y 4 detalles memorables de una gala de los Emmy marcada por la política",
              "timestamp": 1474282609000,
              "language": "es",
              "passport": {
                "category": {
                  "categoryId": "http://www.bbc.co.uk/ontologies/applicationlogic-news/Explainer",
                  "categoryName": "Explainer"
                },
                "taggings": []
              },
              "indexImage": {
                "id": "63509487",
                "subType": "index",
                "href": "http://b.files.bbci.co.uk/1329A/test/_63509487_034059486-1.jpg",
                "path": "/cpsdevpb/1329A/test/_63509487_034059486-1.jpg",
                "height": 549,
                "width": 976,
                "altText": "Peter Dinklage",
                "caption": "Peter Dinklage",
                "copyrightHolder": "Helen Sloan",
                "originCode": "cpsdevpb",
                "type": "image"
              },
              "id": "urn:bbc:ares::asset:mundo/23075468",
              "type": "cps"
            }
          },
          {
            "id": "7629830f-fb03-c243-94e4-2d2e15bedb0e",
            "rank": 19,
            "count": 6834,
            "urn": "urn:bbc:curie:asset:7629830f-fb03-c243-94e4-2d2e15bedb0e",
            "promo": {
              "headlines": {
                "shortHeadline": "CPS Audio clip Story",
                "headline": "CPS Audio clip Story"
              },
              "locators": {
                "assetUri": "/mundo/23201485",
                "cpsUrn": "urn:bbc:content:assetUri:mundo/23201485",
                "curie": "http://www.bbc.co.uk/asset/7629830f-fb03-c243-94e4-2d2e15bedb0e",
                "assetId": "23201485"
              },
              "summary": "summary",
              "timestamp": 1526920135000,
              "language": "es",
              "id": "urn:bbc:ares::asset:mundo/23201485",
              "type": "cps"
            }
          },
          {
            "id": "ea55b2e1-a0e6-9046-b532-9e5d356b711f",
            "rank": 20,
            "count": 6678,
            "urn": "urn:bbc:curie:asset:ea55b2e1-a0e6-9046-b532-9e5d356b711f",
            "promo": {
              "headlines": {
                "shortHeadline": "El colorido encanto del arte callejero chilango 5",
                "headline": "El colorido encanto del arte callejero chilango 5"
              },
              "locators": {
                "assetUri": "/mundo/blog-de-lalo-23038368",
                "curieCpsUrn": "urn:bbc:cps:curie:asset:ea55b2e1-a0e6-9046-b532-9e5d356b711f",
                "assetId": "23038368",
                "cpsUrn": "urn:bbc:content:assetUri:mundo/blog-de-lalo-23038368",
                "curie": "http://www.bbc.co.uk/asset/ea55b2e1-a0e6-9046-b532-9e5d356b711f"
              },
              "summary": "Además de sus decenas de museos tradicionales, Ciudad de México es una galería al aire libre de arte callejero, en la que exponen artistas nacionales y extranjeros. Lo invitamos a un recorrido.",
              "timestamp": 1462432881000,
              "language": "es",
              "byline": {
                "name": "Aled Scourfield",
                "title": "BBC News, Wales",
                "persons": [
                  {
                    "name": "Aled Scourfield",
                    "function": "BBC News, Wales"
                  }
                ]
              },
              "passport": {
                "home": "http://www.bbc.co.uk/ontologies/passport/home/Mundo",
                "taggings": []
              },
              "indexImage": {
                "id": "63919172",
                "subType": "index",
                "href": "http://b.files.bbci.co.uk/6A37/test/_63919172_black.jpg",
                "path": "/cpsdevpb/6A37/test/_63919172_black.jpg",
                "height": 549,
                "width": 976,
                "altText": "Black",
                "copyrightHolder": "BBC",
                "originCode": "cpsdevpb",
                "type": "image"
              },
              "id": "urn:bbc:ares::asset:mundo/blog-de-lalo-23038368",
              "type": "cps"
            }
          }
        ]
      }
    }
  },
  "contentType": "application/json; charset=utf-8"
}