{
  "generated": "2020-09-23T17:37:20.712Z",
  "lastRecordTimeStamp": "2020-09-23T17:32:00Z",
  "firstRecordTimeStamp": "2020-09-23T15:32:00Z",
  "totalRecords": 19,
  "records": [
    {
      "id": "0ee871ba-47f0-4c7d-8d85-5db7650e28f1",
      "rank": 1,
      "count": 28,
      "urn": "urn:bbc:curie:asset:0ee871ba-47f0-4c7d-8d85-5db7650e28f1",
      "promo": {
        "headlines": {
          "shortHeadline": "Gabaasa qorannoo dhoohiinsa Naayijeeriyaa",
          "headline": "Gabaasni qorannoo dhohiinsa Naayijeriyaa maaliin as bahe?"
        },
        "locators": {
          "assetUri": "/afaanoromoo/oduu-54232539",
          "cpsUrn": "urn:bbc:content:assetUri:afaanoromoo/oduu-54232539",
          "curie": "http://www.bbc.co.uk/asset/0ee871ba-47f0-4c7d-8d85-5db7650e28f1",
          "assetId": "54232539"
        },
        "summary": "Gabaasni qorannoo dhohiinsa Naayijeriyaa maaliin asi bahe?",
        "timestamp": 1600681317000,
        "language": "om",
        "passport": {
          "category": {
            "categoryId": "http://www.bbc.co.uk/ontologies/applicationlogic-news/Explainer",
            "categoryName": "Explainer"
          },
          "campaigns": [
            {
              "campaignId": "5a988e2939461b000e9dabf8",
              "campaignName": "WS - Educate me"
            }
          ],
          "taggings": []
        },
        "media": {
          "id": "p08s2jym",
          "subType": "clip",
          "format": "video",
          "title": "Gabaasa qorannoo dhohiinsa Naayijeeriyaa",
          "synopses": {
            "short": "Gabaasni qorannoo dhohiinsa Naayijeriyaa maaliin asi bahe?"
          },
          "imageUrl": "ichef.bbci.co.uk/images/ic/$recipe/p08s2mlk.jpg",
          "embedding": true,
          "advertising": true,
          "caption": "Gabaasni qorannoo dhohiinsa Naayijeriyaa maaliin asi bahe?",
          "versions": [
            {
              "versionId": "p08s2jyw",
              "types": ["Original"],
              "duration": 423,
              "durationISO8601": "PT7M3S",
              "warnings": {},
              "availableTerritories": { "uk": true, "nonUk": true },
              "availableFrom": 1600679229000
            }
          ],
          "imageCopyright": "BBC",
          "type": "media"
        },
        "indexImage": {
          "id": "114508813",
          "subType": "index",
          "href": "http://c.files.bbci.co.uk/7C88/production/_114508813_mucaaxiqqaanaayijeriyaa.jpg",
          "path": "/cpsprodpb/7C88/production/_114508813_mucaaxiqqaanaayijeriyaa.jpg",
          "height": 549,
          "width": 976,
          "altText": "Daa'ima dohinsaan miidhame",
          "copyrightHolder": "BBC",
          "type": "image"
        },
        "id": "urn:bbc:ares::asset:afaanoromoo/oduu-54232539",
        "type": "cps"
      }
    },
    {
      "id": "33f2443e-8a4f-7149-aa40-cb035661fe4a",
      "rank": 2,
      "count": 16,
      "urn": "urn:bbc:curie:asset:33f2443e-8a4f-7149-aa40-cb035661fe4a",
      "promo": {
        "headlines": {
          "shortHeadline": "Tiraamp 'ajandaa olaantummaa warra adii' oofa",
          "headline": "Ilhaan Omaar: Tiraamp 'ajandaa olaantummaa warra adii' oofa"
        },
        "locators": {
          "assetUri": "/afaanoromoo/oduu-48999873",
          "cpsUrn": "urn:bbc:content:assetUri:afaanoromoo/oduu-48999873",
          "curie": "http://www.bbc.co.uk/asset/33f2443e-8a4f-7149-aa40-cb035661fe4a",
          "assetId": "48999873"
        },
        "summary": "Ilhaan Omaar Tiraamp 'ajandaa olaantummaa warra adii' oofa jechuun dubbii isaa balaaleffatte.",
        "timestamp": 1563253128000,
        "language": "om",
        "media": {
          "id": "p07gzn7s",
          "subType": "clip",
          "format": "video",
          "title": "Trump tweet pushes 'white nationalist agenda'",
          "synopses": {
            "short": "Ilhan Omar: Trump tweet pushes 'white nationalist agenda'",
            "long": "Ilhar Omar reacts to Mr Trump's tweet calling on four Democratic congresswomen to 'go home'.",
            "medium": "Ilhar Omar reacts to Mr Trump's tweet calling on four Democratic congresswomen to 'go home'."
          },
          "imageUrl": "ichef.bbci.co.uk/images/ic/$recipe/p07gzp0l.jpg",
          "embedding": true,
          "advertising": true,
          "caption": "Tiraamp 'ajandaa olaantummaa warra adii' oofa",
          "versions": [
            {
              "versionId": "p07gzn7v",
              "types": ["Original"],
              "duration": 55,
              "durationISO8601": "PT55S",
              "warnings": {},
              "availableTerritories": { "uk": true, "nonUk": true },
              "availableFrom": 1563227870000
            }
          ],
          "imageCopyright": "AFP",
          "type": "media"
        },
        "indexImage": {
          "id": "107891183",
          "subType": "index",
          "href": "http://c.files.bbci.co.uk/94E7/production/_107891183_p07gzp0l.jpg",
          "path": "/cpsprodpb/94E7/production/_107891183_p07gzp0l.jpg",
          "height": 549,
          "width": 976,
          "altText": "Ilhan Omar at presser",
          "copyrightHolder": "AFP",
          "type": "image"
        },
        "id": "urn:bbc:ares::asset:afaanoromoo/oduu-48999873",
        "type": "cps"
      }
    },
    {
      "id": "1597bafb-0575-47d7-b327-c200d066b785",
      "rank": 3,
      "count": 11,
      "urn": "urn:bbc:curie:asset:1597bafb-0575-47d7-b327-c200d066b785",
      "promo": {
        "headlines": {
          "shortHeadline": "Jaallattoota saala walfakkaataa Gaanfa Afrikaarraa baqannaa saaxilaman",
          "headline": "Jaallattoota saala walfakkaataa Gaanfa Afrikaarraa baqannaaf saaxilaman"
        },
        "locators": {
          "assetUri": "/afaanoromoo/oduu-54187064",
          "cpsUrn": "urn:bbc:content:assetUri:afaanoromoo/oduu-54187064",
          "curie": "http://www.bbc.co.uk/asset/1597bafb-0575-47d7-b327-c200d066b785",
          "assetId": "54187064"
        },
        "summary": "Biyyoota Afrikaa gara garaa keessatti jaallattoota saala walfakkaataa ta'uun yakkaan nama adabsiisa. Namoonni akkanaa kunneen hawaasa, maatii isaaniifi qaamoleen nageenyaarraa miidhaa akka isaanirra ga'u dubbatu",
        "timestamp": 1600337269000,
        "language": "om",
        "passport": {
          "category": {
            "categoryId": "http://www.bbc.co.uk/ontologies/applicationlogic-news/News",
            "categoryName": "News"
          },
          "campaigns": [
            {
              "campaignId": "5a988e3139461b000e9dabf9",
              "campaignName": "WS - Divert me"
            }
          ],
          "taggings": []
        },
        "media": {
          "id": "p08rrhyn",
          "subType": "clip",
          "format": "video",
          "title": "Jaallattoota saala walfakkaataa Gaanfa Afrikaarraa baqannaa saaxilaman",
          "synopses": {
            "short": "Jaallattoota saala walfakkaataa Gaanfa Afrikaarraa baqannaa saaxilaman"
          },
          "imageUrl": "ichef.bbci.co.uk/images/ic/$recipe/p08rrlgk.jpg",
          "embedding": true,
          "advertising": true,
          "caption": "Jaallattoota saala walfakkaataa Gaanfa Afrikaarraa baqannaa saaxilaman",
          "versions": [
            {
              "versionId": "p08rrhz1",
              "types": ["Original"],
              "duration": 364,
              "durationISO8601": "PT6M4S",
              "warnings": {},
              "availableTerritories": { "uk": true, "nonUk": true },
              "availableFrom": 1600335770000
            }
          ],
          "imageCopyright": "BBC",
          "type": "media"
        },
        "indexImage": {
          "id": "114409236",
          "subType": "index",
          "href": "http://c.files.bbci.co.uk/F73A/production/_114409236_whatsappimage2020-09-17at12.54.00pm.jpg",
          "path": "/cpsprodpb/F73A/production/_114409236_whatsappimage2020-09-17at12.54.00pm.jpg",
          "height": 549,
          "width": 976,
          "altText": "Namoota jaala saala walfakkaataa qaban",
          "copyrightHolder": "BBC",
          "type": "image"
        },
        "id": "urn:bbc:ares::asset:afaanoromoo/oduu-54187064",
        "type": "cps"
      }
    },
    {
      "id": "c78818a7-2a3b-4417-9e74-0a23466783d6",
      "rank": 4,
      "count": 7,
      "urn": "urn:bbc:curie:asset:c78818a7-2a3b-4417-9e74-0a23466783d6",
      "promo": {
        "headlines": {
          "shortHeadline": "Taateewwan ajjeechaa Haacaaluu booda mul'ataa jiran maal akeekuu?",
          "headline": "Hajjeechaa Haacaaluu: Taateewwan ajjeechaa Artist Haacaaluu booda mul'ataa jiran maal akeekuu?"
        },
        "locators": {
          "assetUri": "/afaanoromoo/53832412",
          "cpsUrn": "urn:bbc:content:assetUri:afaanoromoo/53832412",
          "curie": "http://www.bbc.co.uk/asset/c78818a7-2a3b-4417-9e74-0a23466783d6",
          "assetId": "53832412"
        },
        "summary": "Taateen ajjeechaa Haacaaluu Hundeessaa booda Itoophiyaa keessatti mul'achaa jiran imala gara abbaa-irrummaati jechuun namoonni yaaddoo qaban dhageessisaa jiru.",
        "timestamp": 1597917178000,
        "language": "om",
        "passport": {
          "category": {
            "categoryId": "http://www.bbc.co.uk/ontologies/applicationlogic-news/News",
            "categoryName": "News"
          },
          "campaigns": [
            {
              "campaignId": "5a988e3739461b000e9dabfa",
              "campaignName": "WS - Give me perspective"
            }
          ],
          "taggings": []
        },
        "media": {
          "id": "p08p4lhy",
          "subType": "clip",
          "format": "video",
          "title": "Taateen ajjeechaa Haacaaluu booda mul'ate imala gara abbaa irrummaatii...?",
          "synopses": {
            "short": "Taateen ajjeechaa Haacaaluu Hundeessaa booda mul'achaa jiran imala gara abbaa irrummaatii?"
          },
          "imageUrl": "ichef.bbci.co.uk/images/ic/$recipe/p08p4mmt.jpg",
          "embedding": true,
          "advertising": true,
          "caption": "Taateen ajjeechaa Haacaaluu Hundeessaa booda mul'achaa jiran imala gara abbaa irrummaatii?",
          "versions": [
            {
              "versionId": "p08p4lj1",
              "types": ["Original"],
              "duration": 329,
              "durationISO8601": "PT5M29S",
              "warnings": {},
              "availableTerritories": { "uk": true, "nonUk": true },
              "availableFrom": 1597916573000
            }
          ],
          "imageCopyright": "BBC",
          "type": "media"
        },
        "indexImage": {
          "id": "114042893",
          "subType": "index",
          "href": "http://c.files.bbci.co.uk/9B90/production/_114042893_suuraahacaaluuhundeesaa.jpg",
          "path": "/cpsprodpb/9B90/production/_114042893_suuraahacaaluuhundeesaa.jpg",
          "height": 549,
          "width": 976,
          "altText": "Weellisaa Hacaaluu Hundeessaa",
          "copyrightHolder": "BBC",
          "type": "image"
        },
        "id": "urn:bbc:ares::asset:afaanoromoo/53832412",
        "type": "cps"
      }
    },
    {
      "id": "788cb1fc-3a77-46a1-9510-2245be5f6ebd",
      "rank": 5,
      "count": 6,
      "urn": "urn:bbc:curie:asset:788cb1fc-3a77-46a1-9510-2245be5f6ebd",
      "promo": {
        "headlines": {
          "shortHeadline": "'Jijjiiramni dhufeera jedheen waggaa 10 booda gabaasuuf Itoophiyaa deemeen hidhame'",
          "headline": "Yaasiin Jumaa: 'Jijjiiramni dhufeera jedheen waggaa 10 booda gabaasuuf Itoophiyaa deemeen hidhame'"
        },
        "locators": {
          "assetUri": "/afaanoromoo/oduu-54158326",
          "cpsUrn": "urn:bbc:content:assetUri:afaanoromoo/oduu-54158326",
          "curie": "http://www.bbc.co.uk/asset/788cb1fc-3a77-46a1-9510-2245be5f6ebd",
          "assetId": "54158326"
        },
        "summary": "\"Jijjiiramni dhufeera jedheen waggaa 10 booda gabaasuuf Itoophiyaa deemeen hidhaa bu'e,'' jedha gaazexeessaan lammii Keeniyaa Yaasiin Jumaa, kan dhiyeenya mana hidhaa Itoophiyaa keessaa gadilakkifame. Turtii addaa BBC waliin taasiseera.",
        "timestamp": 1600158218000,
        "language": "om",
        "passport": {
          "category": {
            "categoryId": "http://www.bbc.co.uk/ontologies/applicationlogic-news/Explainer",
            "categoryName": "Explainer"
          },
          "campaigns": [
            {
              "campaignId": "5a988e3739461b000e9dabfa",
              "campaignName": "WS - Give me perspective"
            }
          ],
          "taggings": []
        },
        "media": {
          "id": "p08rj0gf",
          "subType": "clip",
          "format": "video",
          "title": "Jijjiiramni dhufeera se’een waggaa 10 booda gabaasuuf Itoophiyaan deemeen hidhaa bu’e",
          "synopses": {
            "short": "Jijjiiramni dhufeera se’een waggaa 10 booda gabaasuuf Itoophiyaan deemeen hidhaa bu’e"
          },
          "imageUrl": "ichef.bbci.co.uk/images/ic/$recipe/p08rj1jw.jpg",
          "embedding": true,
          "advertising": true,
          "caption": "\"Jijjiiramni dhufeera jedheen waggaa 10 booda gabaasuuf Itoophiyaa deemeen hidhaa bu'e\"",
          "versions": [
            {
              "versionId": "p08rj0gj",
              "types": ["Original"],
              "duration": 834,
              "durationISO8601": "PT13M54S",
              "warnings": {},
              "availableTerritories": { "uk": true, "nonUk": true },
              "availableFrom": 1600155047000
            }
          ],
          "imageCopyright": "BBC",
          "type": "media"
        },
        "indexImage": {
          "id": "114383226",
          "subType": "index",
          "href": "http://c.files.bbci.co.uk/F31E/production/_114383226_p08rk485.jpg",
          "path": "/cpsprodpb/F31E/production/_114383226_p08rk485.jpg",
          "height": 576,
          "width": 1024,
          "altText": "Yaasiin Jumaa",
          "copyrightHolder": "BBC",
          "type": "image"
        },
        "id": "urn:bbc:ares::asset:afaanoromoo/oduu-54158326",
        "type": "cps"
      }
    },
    {
      "id": "253822dd-d42c-4dcb-b6aa-d89b6e1fd4d9",
      "rank": 6,
      "count": 4,
      "urn": "urn:bbc:curie:asset:253822dd-d42c-4dcb-b6aa-d89b6e1fd4d9",
      "promo": {
        "headlines": {
          "shortHeadline": "Namni koronaavaayirasiirraa fayyee lammata qabamuu danda'aa?",
          "headline": "Namni koronaavaayirasiirraa fayyee lammata qabamuu danda'aa?"
        },
        "locators": {
          "assetUri": "/afaanoromoo/oduu-54136867",
          "cpsUrn": "urn:bbc:content:assetUri:afaanoromoo/oduu-54136867",
          "curie": "http://www.bbc.co.uk/asset/253822dd-d42c-4dcb-b6aa-d89b6e1fd4d9",
          "assetId": "54136867"
        },
        "summary": "Namni koronaavaayirasiirraa fayyee lammata qabamuu danda'aa? Gaaffi kana deebisuuf haala madiinummaan qaama namaa itti dalagu hubachuun barbaachisaadha.",
        "timestamp": 1599997092000,
        "language": "om",
        "passport": {
          "category": {
            "categoryId": "http://www.bbc.co.uk/ontologies/applicationlogic-news/News",
            "categoryName": "News"
          },
          "campaigns": [
            {
              "campaignId": "5a988e3739461b000e9dabfa",
              "campaignName": "WS - Give me perspective"
            },
            {
              "campaignId": "5a988e4739461b000e9dabfc",
              "campaignName": "WS - Update me"
            }
          ],
          "taggings": []
        },
        "media": {
          "id": "p08rbprs",
          "subType": "clip",
          "format": "video",
          "title": "Namni koronaavaayirasiirraa fayyee lammata qabamuu danda'aa?",
          "synopses": {
            "short": "Namni koronaavaayirasiirraa fayyee lammata qabamuu danda'aa?",
            "long": "Namni koronaavaayirasiirraa fayyee lammata qabamuu danda'aa?\nGaaffi kana deebisuuf haala madiinummaan qaama namaa itti dalagu hubachuun barbaachisaadha.",
            "medium": "Namni koronaavaayirasiirraa fayyee lammata qabamuu danda'aa?\nGaaffi kana deebisuuf haala madiinummaan qaama namaa itti dalagu hubachuun barbaachisaadha."
          },
          "imageUrl": "ichef.bbci.co.uk/images/ic/$recipe/p08rbpxd.jpg",
          "embedding": true,
          "advertising": true,
          "caption": "Namni koronaavaayirasiirraa fayyee lammata qabamuu danda'aa?",
          "versions": [
            {
              "versionId": "p08rbprv",
              "types": ["Original"],
              "duration": 167,
              "durationISO8601": "PT2M47S",
              "warnings": {},
              "availableTerritories": { "uk": true, "nonUk": true },
              "availableFrom": 1599996710000
            }
          ],
          "imageCopyright": "Getty Images",
          "type": "media"
        },
        "indexImage": {
          "id": "114355796",
          "subType": "index",
          "href": "http://c.files.bbci.co.uk/1107B/production/_114355796_p08rbpxd.jpg",
          "path": "/cpsprodpb/1107B/production/_114355796_p08rbpxd.jpg",
          "height": 576,
          "width": 1024,
          "altText": "Covid-19",
          "copyrightHolder": "Getty Images",
          "type": "image"
        },
        "id": "urn:bbc:ares::asset:afaanoromoo/oduu-54136867",
        "type": "cps"
      }
    },
    {
      "id": "89af9747-3295-4eeb-a2ca-67824b23f9a6",
      "rank": 7,
      "count": 3,
      "urn": "urn:bbc:curie:asset:89af9747-3295-4eeb-a2ca-67824b23f9a6",
      "promo": {
        "headlines": {
          "shortHeadline": "'Nan fayya moo nan du'a jedhee shakkii keessa galeen ture'",
          "headline": "Koronaavaayirasii: \"Nan fayya moo nan du'a jedhee shakkii keessa galeen ture\""
        },
        "locators": {
          "assetUri": "/afaanoromoo/oduu-53900898",
          "cpsUrn": "urn:bbc:content:assetUri:afaanoromoo/oduu-53900898",
          "curie": "http://www.bbc.co.uk/asset/89af9747-3295-4eeb-a2ca-67824b23f9a6",
          "assetId": "53900898"
        },
        "summary": "Ogeeyyiin fayyaa kanneen koronaavaayirasiin saaxilamuuf carraa bal'aa qaban keessaa warra duraati. Dr Faasikaa Amdasillaasee vaayirasichaan qabamanii fayyan.",
        "timestamp": 1598432013000,
        "language": "om",
        "passport": {
          "category": {
            "categoryId": "http://www.bbc.co.uk/ontologies/applicationlogic-news/News",
            "categoryName": "News"
          },
          "campaigns": [
            {
              "campaignId": "5a988e2139461b000e9dabf7",
              "campaignName": "WS - Inspire me"
            }
          ],
          "taggings": []
        },
        "media": {
          "id": "p08pn7dy",
          "subType": "clip",
          "format": "video",
          "title": "\"Nan fayya moo nan du'a jedhee shakkii keessa galeen ture\"",
          "synopses": {
            "short": "Koronaavaayirasii: \"Nan fayya moo nan du'a jedhee shakkii keessa galeen ture\"",
            "long": "Ogeeyyiin fayyaa kanneen koronaavaayirasiin saaxilamuuf carraa bal'aa qaban keessaa warra duraati. Dr Faasikaa Amdasillaasee vaayirasichaan qabamanii fayyan. Nan fayya moo nan du'a jedhee shakkii keessa galeen ture jedhu.",
            "medium": "Ogeeyyiin fayyaa kanneen koronaavaayirasiin saaxilamuuf carraa bal'aa qaban keessaa warra duraati. Dr Faasikaa Amdasillaasee vaayirasichaan qabamanii fayyan."
          },
          "imageUrl": "ichef.bbci.co.uk/images/ic/$recipe/p08pn88w.jpg",
          "embedding": true,
          "advertising": true,
          "caption": "Koronaavaayirasii: \"Nan fayya moo nan du'a jedhee shakkii keessa galeen ture\"",
          "versions": [
            {
              "versionId": "p08pn7f0",
              "types": ["Original"],
              "duration": 178,
              "durationISO8601": "PT2M58S",
              "warnings": {},
              "availableTerritories": { "uk": true, "nonUk": true },
              "availableFrom": 1598430788000
            }
          ],
          "type": "media"
        },
        "indexImage": {
          "id": "114114226",
          "subType": "index",
          "href": "http://c.files.bbci.co.uk/F321/production/_114114226_p08pn88w.jpg",
          "path": "/cpsprodpb/F321/production/_114114226_p08pn88w.jpg",
          "height": 576,
          "width": 1024,
          "altText": "Dr Faasikaa Amdasillaasee",
          "copyrightHolder": "BBC",
          "type": "image"
        },
        "id": "urn:bbc:ares::asset:afaanoromoo/oduu-53900898",
        "type": "cps"
      }
    },
    {
      "id": "2577f169-059c-4ef6-85c0-8604cf84b2e1",
      "rank": 8,
      "count": 2,
      "urn": "urn:bbc:curie:asset:2577f169-059c-4ef6-85c0-8604cf84b2e1",
      "promo": {
        "headlines": {
          "shortHeadline": "'Kaayyoon koo 'Beeta Israa'eelota' gara biyya isaaniitti deebisuudha'",
          "headline": "''Kaayyoon koo Beeta Israa'eelota gara biyya isaaniitti deebisuudha''-Dhalattuu Itoophiyaa Israa'eelitti Ministira taate"
        },
        "locators": {
          "assetUri": "/afaanoromoo/53161894",
          "cpsUrn": "urn:bbc:content:assetUri:afaanoromoo/53161894",
          "curie": "http://www.bbc.co.uk/asset/2577f169-059c-4ef6-85c0-8604cf84b2e1",
          "assetId": "53161894"
        },
        "summary": "''Kaayyoon koo Beeta Israa'eelota gara biyya isaaniitti deebisuudha'' jetti dhalattuun Itoophiyaa yeroo jalqabaaf Ministira Israa'eel taate.",
        "timestamp": 1592992083000,
        "language": "om",
        "media": {
          "id": "p08hvcy4",
          "subType": "clip",
          "format": "video",
          "title": "''Jibbi sanyummaa kan biyyoota biroon walfakkaata''",
          "synopses": {
            "short": "''Jibbi sanyummaa kan biyyoota biroon walfakkaata''",
            "long": "Piniinaa Tamaanoo Shaataa",
            "medium": "Jibba sanyummaa Israa'eel keessa jiru kan guutuu addnuyaatti gurraachotaarra gahuun wafakkaataa jetti dhalattuun Itoophiyaa yeroo jalqabaaf Ministira Israa'eel taate."
          },
          "imageUrl": "ichef.bbci.co.uk/images/ic/$recipe/p08hvf7l.jpg",
          "embedding": true,
          "advertising": true,
          "caption": "''Jibbi sanyummaa kan biyyoota biroon walfakkaata''",
          "versions": [
            {
              "versionId": "p08hvcy6",
              "types": ["Original"],
              "duration": 366,
              "durationISO8601": "PT6M6S",
              "warnings": {},
              "availableTerritories": { "uk": true, "nonUk": true },
              "availableFrom": 1592991756000
            }
          ],
          "type": "media"
        },
        "indexImage": {
          "id": "113059220",
          "subType": "index",
          "href": "http://c.files.bbci.co.uk/08F7/production/_113059220_p08hvf7l.jpg",
          "path": "/cpsprodpb/08F7/production/_113059220_p08hvf7l.jpg",
          "height": 576,
          "width": 1024,
          "altText": "Jibba sanyummaa Israa'eel keessa jiru kan guutuu addnuyaatti gurraachotaarra gahuun wafakkaataa jetti dhalattuun Itoophiyaa yeroo jalqabaaf Ministira Israa'eel taate.",
          "copyrightHolder": "Piniinaa Tamaanoo Shaataa",
          "type": "image"
        },
        "id": "urn:bbc:ares::asset:afaanoromoo/53161894",
        "type": "cps"
      }
    },
    {
      "id": "e068a665-8176-4fcc-89bd-165e84df595d",
      "rank": 9,
      "count": 1,
      "urn": "urn:bbc:curie:asset:e068a665-8176-4fcc-89bd-165e84df595d",
      "promo": {
        "headlines": {
          "shortHeadline": "\"Haacaaluun jagna, goota akka isaa miti kan ajjeese mucaakoo\"",
          "headline": "Ajjeechaa Haacaaluu Hundeessaa: \"Haacaaluun jagna, goota akka isaa miti kan ajjeese mucaakoo\""
        },
        "locators": {
          "assetUri": "/afaanoromoo/oduu-53577183",
          "cpsUrn": "urn:bbc:content:assetUri:afaanoromoo/oduu-53577183",
          "curie": "http://www.bbc.co.uk/asset/e068a665-8176-4fcc-89bd-165e84df595d",
          "assetId": "53577183"
        },
        "summary": "Artiist Haacaaluu Hundeessaa ji'a har'aa ture kan ajjeefame. Magaalaa Amboo qe'ee maatii isaatti argamuun Abbaa isaa Obbo Hundeessaa Boonsaa waliin turtii gabaabaa gooneerra.",
        "timestamp": 1596001176000,
        "language": "om",
        "passport": {
          "category": {
            "categoryId": "http://www.bbc.co.uk/ontologies/applicationlogic-news/Feature",
            "categoryName": "Feature"
          },
          "campaigns": [
            {
              "campaignId": "5a988e3e39461b000e9dabfb",
              "campaignName": "WS - Keep me on trend"
            }
          ],
          "taggings": []
        },
        "media": {
          "id": "p08m3xcx",
          "subType": "clip",
          "format": "video",
          "title": "\"Haacaaluun jagna, goota akka isaa miti kan ajjeese mucaakoo\"",
          "synopses": {
            "short": "\"Haacaaluun jagna, goota akka isaa miti kan ajjeese mucaakoo\"",
            "long": "Ajjeechaan Haacaaluu Hundeessaa Waxabajjii 29 galgala magaalaa Finfinneetti kan ajjeefaame ji'a har'aa ture. Magaalaa Amboo qe'ee maatii isaatti argamuun Abbaa isaa Obbo Hundeessaa Boonsaa waliin turtii gabaabaa gooneerra.",
            "medium": "Artiist Haacaaluu Hundeessaa ji'a har'aa ture kan ajjeefame. Magaalaa Amboo qe'ee maatii isaatti argamuun Abbaa isaa Obbo Hundeessaa Boonsaa waliin turtii gabaabaa gooneerra."
          },
          "imageUrl": "ichef.bbci.co.uk/images/ic/$recipe/p08m3yh0.jpg",
          "embedding": true,
          "advertising": true,
          "caption": "\"Haacaaluun jagna, goota akka isaa miti kan ajjeese mucaakoo\"",
          "versions": [
            {
              "versionId": "p08m3xcz",
              "types": ["Original"],
              "duration": 225,
              "durationISO8601": "PT3M45S",
              "warnings": {},
              "availableTerritories": { "uk": true, "nonUk": true },
              "availableFrom": 1596010519000
            }
          ],
          "imageCopyright": "BBC",
          "type": "media"
        },
        "indexImage": {
          "id": "113693678",
          "subType": "index",
          "href": "http://c.files.bbci.co.uk/15657/production/_113693678_p08m3yh0.jpg",
          "path": "/cpsprodpb/15657/production/_113693678_p08m3yh0.jpg",
          "height": 576,
          "width": 1024,
          "altText": "Obbo Hundeessaa Boonsaa",
          "copyrightHolder": "BBC",
          "type": "image"
        },
        "id": "urn:bbc:ares::asset:afaanoromoo/oduu-53577183",
        "type": "cps"
      }
    },
    {
      "id": "cebed39f-0eb2-1347-87e3-6f0abc258a55",
      "rank": 10,
      "count": 1,
      "urn": "urn:bbc:curie:asset:cebed39f-0eb2-1347-87e3-6f0abc258a55",
      "promo": {
        "headlines": {
          "shortHeadline": "Sabni baduuf namoota 99 qofarra ga'ee ture amma 560tti guddateera",
          "headline": "Sabni lakkoofsi isaanii namoota 99 qofa ture amma gara 560tti guddataniiru"
        },
        "locators": {
          "assetUri": "/afaanoromoo/oduu-50818789",
          "cpsUrn": "urn:bbc:content:assetUri:afaanoromoo/oduu-50818789",
          "curie": "http://www.bbc.co.uk/asset/cebed39f-0eb2-1347-87e3-6f0abc258a55",
          "assetId": "50818789"
        },
        "summary": "Sabni lakkoofsi isaanii namoota 99 qofa ture amma gara 560tti guddataniiru",
        "timestamp": 1576567976000,
        "language": "om",
        "passport": {
          "category": {
            "categoryId": "http://www.bbc.co.uk/ontologies/applicationlogic-news/News",
            "categoryName": "News"
          },
          "campaigns": [
            {
              "campaignId": "5a988e3139461b000e9dabf9",
              "campaignName": "WS - Divert me"
            }
          ],
          "taggings": []
        },
        "media": {
          "id": "p07y4k0p",
          "subType": "clip",
          "format": "video",
          "title": "Sabni baduuf namoota 99 irra ga'ee turee amma 560tti guddate  maal jedha?",
          "synopses": {
            "short": "Sabni lakkoofsi isaanii namoota 99 qofa ture amma gara 560tti guddataniiru"
          },
          "imageUrl": "ichef.bbci.co.uk/images/ic/$recipe/p07y4lgj.jpg",
          "embedding": true,
          "advertising": true,
          "caption": "Sabni lakkoofsi isaanii namoota 99 qofa ture amma gara 560tti guddataniiru",
          "versions": [
            {
              "versionId": "p07y4k0s",
              "types": ["Original"],
              "duration": 117,
              "durationISO8601": "PT1M57S",
              "warnings": {},
              "availableTerritories": { "uk": true, "nonUk": true },
              "availableFrom": 1576567552000
            }
          ],
          "imageCopyright": "BBC",
          "type": "media"
        },
        "indexImage": {
          "id": "110196470",
          "subType": "index",
          "href": "http://c.files.bbci.co.uk/1D2D/production/_110196470_p07y4k3x.jpg",
          "path": "/cpsprodpb/1D2D/production/_110196470_p07y4k3x.jpg",
          "height": 549,
          "width": 976,
          "altText": "Saba El-Mooloo",
          "copyrightHolder": "BBC",
          "type": "image"
        },
        "id": "urn:bbc:ares::asset:afaanoromoo/oduu-50818789",
        "type": "cps"
      }
    },
    {
      "id": "c66f9a3d-c4d1-6c45-8fa7-57f7a6f8b796",
      "rank": 11,
      "count": 1,
      "urn": "urn:bbc:curie:asset:c66f9a3d-c4d1-6c45-8fa7-57f7a6f8b796",
      "promo": {
        "headlines": {
          "shortHeadline": "Tiraamp karoora Ameerikaan talaallii argachuuf qabatte himan",
          "headline": "Tiraamp karoora Ameerikaan talaallii argachuuf qabatte himan"
        },
        "locators": {
          "assetUri": "/afaanoromoo/oduu-52678787",
          "cpsUrn": "urn:bbc:content:assetUri:afaanoromoo/oduu-52678787",
          "curie": "http://www.bbc.co.uk/asset/c66f9a3d-c4d1-6c45-8fa7-57f7a6f8b796",
          "assetId": "52678787"
        },
        "summary": "Piroojektiin 'Operation Warp Speed' jedhamu xumura bara kanaatti talaallii koronaavaayirasii argachuuf karoorfate.",
        "timestamp": 1589608993000,
        "language": "om",
        "passport": {
          "category": {
            "categoryId": "http://www.bbc.co.uk/ontologies/applicationlogic-news/News",
            "categoryName": "News"
          },
          "campaigns": [
            {
              "campaignId": "5a988e4739461b000e9dabfc",
              "campaignName": "WS - Update me"
            }
          ],
          "taggings": []
        },
        "media": {
          "id": "p08db796",
          "subType": "clip",
          "format": "video",
          "title": "Trump outlines plans for coronavirus vaccine",
          "synopses": {
            "short": "Trump outlines plans for coronavirus vaccine",
            "long": "The US president elaborated on Operation Warp Speed, which aims to expedite vaccine development.\n\nOn Friday, President Trump announced that Moncef Slaoui,  former vaccine chief at GlaxoSmithKline and Gustave Perna, a four star general, would oversee the initiative, which was first reported in April. \n\nThe president said that the operation's aim is to deliver a vaccine by the end of the year, if not by early 2021. \nWhile the vaccine trial process is notoriously arduous and risky, Trump said that the administration was moving at '\"speed\". \n\nExperts have cast doubt on the White House timelines for a jab.\n\nAt the press briefing, he insisted that the country would begin to reopen \"vaccine or no vaccine\".",
            "medium": "The US president elaborated on Operation Warp Speed, which aims to expedite vaccine development."
          },
          "imageUrl": "ichef.bbci.co.uk/images/ic/$recipe/p08dbb29.jpg",
          "embedding": true,
          "advertising": true,
          "caption": "Tiraamp karoora Ameerikaan talaallii argachuuf qabatte himan",
          "versions": [
            {
              "versionId": "p08db798",
              "types": ["Original"],
              "duration": 52,
              "durationISO8601": "PT52S",
              "warnings": {},
              "availableTerritories": { "uk": true, "nonUk": true },
              "availableFrom": 1589571730000
            }
          ],
          "type": "media"
        },
        "indexImage": {
          "id": "112295976",
          "subType": "index",
          "href": "http://c.files.bbci.co.uk/10977/production/_112295976_p08dbb29.jpg",
          "path": "/cpsprodpb/10977/production/_112295976_p08dbb29.jpg",
          "height": 576,
          "width": 1024,
          "altText": "The US president elaborated on Operation Warp Speed, which aims to expedite vaccine development.",
          "copyrightHolder": "Getty Images",
          "type": "image"
        },
        "id": "urn:bbc:ares::asset:afaanoromoo/oduu-52678787",
        "type": "cps"
      }
    },
    {
      "id": "8ae6ee2f-cccf-4bf6-8f54-6fab3d8dd60d",
      "rank": 12,
      "count": 1,
      "urn": "urn:bbc:curie:asset:8ae6ee2f-cccf-4bf6-8f54-6fab3d8dd60d",
      "promo": {
        "headlines": {
          "shortHeadline": "Yaman keessatti godaantonni Itoophiyaa 'ajjeefamaa jiru' - HRW",
          "headline": "Human Rights Watch: Yaman keessatti godaantonni Itoophiyaa 'ajjeefamaa jiru'"
        },
        "locators": {
          "assetUri": "/afaanoromoo/oduu-53775524",
          "cpsUrn": "urn:bbc:content:assetUri:afaanoromoo/oduu-53775524",
          "curie": "http://www.bbc.co.uk/asset/8ae6ee2f-cccf-4bf6-8f54-6fab3d8dd60d",
          "assetId": "53775524"
        },
        "summary": "Godaantotni Itoophiyaa hedduun daangaa Yamaniifi Saa'udiitti hidhattoota Huutii fi loltootaa daangaa eeganiin ajjeefamuu 'Human Rights Watch' gabaasa baase.",
        "timestamp": 1597416852000,
        "language": "om",
        "passport": {
          "category": {
            "categoryId": "http://www.bbc.co.uk/ontologies/applicationlogic-news/News",
            "categoryName": "News"
          },
          "campaigns": [
            {
              "campaignId": "5a988e3739461b000e9dabfa",
              "campaignName": "WS - Give me perspective"
            }
          ],
          "taggings": []
        },
        "media": {
          "id": "p08nmrmh",
          "subType": "clip",
          "format": "video",
          "title": "Yamanitti hidhattoonni Huutii godaantota Itoophiyaa ajjeesaafi ari'aa jiru",
          "synopses": {
            "short": "Godaansa: Yamanitti hidhattoonni Huutii godaantota Itoophiyaa ajjeesaafi ari'aa jiru"
          },
          "imageUrl": "ichef.bbci.co.uk/images/ic/$recipe/p08nmshg.jpg",
          "embedding": true,
          "advertising": true,
          "caption": "Godaansa: Yamanitti hidhattoonni Huutii godaantota Itoophiyaa ajjeesaafi ari'aa jiru",
          "versions": [
            {
              "versionId": "p08nmrmm",
              "types": ["Original"],
              "duration": 194,
              "durationISO8601": "PT3M14S",
              "warnings": {},
              "availableTerritories": { "uk": true, "nonUk": true },
              "availableFrom": 1597402574000
            }
          ],
          "imageCopyright": "BBC",
          "type": "media"
        },
        "indexImage": {
          "id": "113940446",
          "subType": "index",
          "href": "http://c.files.bbci.co.uk/FB94/production/_113940446_p08nmshg.jpg",
          "path": "/cpsprodpb/FB94/production/_113940446_p08nmshg.jpg",
          "height": 549,
          "width": 976,
          "altText": "Mana hidhaa Sa'udii keessatti",
          "copyrightHolder": "BBC",
          "type": "image"
        },
        "id": "urn:bbc:ares::asset:afaanoromoo/oduu-53775524",
        "type": "cps"
      }
    },
    {
      "id": "7bb27892-2a9a-de47-a4fe-9f849f07ae70",
      "rank": 13,
      "count": 1,
      "urn": "urn:bbc:curie:asset:7bb27892-2a9a-de47-a4fe-9f849f07ae70",
      "promo": {
        "headlines": {
          "shortHeadline": "Dargaggoon kun sagalee 50 ol fakkeessu danda'a",
          "headline": "Dargaggooni kun sagalee 50 ol fakkeessu danda'a. Isiin isa caalaa dandeessuu?"
        },
        "locators": {
          "assetUri": "/afaanoromoo/oduu-43511542",
          "cpsUrn": "urn:bbc:content:assetUri:afaanoromoo/oduu-43511542",
          "curie": "http://www.bbc.co.uk/asset/7bb27892-2a9a-de47-a4fe-9f849f07ae70",
          "assetId": "43511542"
        },
        "summary": "Dandeetti addaa kan akkasii yoo qabaattan maaloo nu biraan gahuu hindagatiinaa. Ni keessumeessina.",
        "timestamp": 1521796351000,
        "language": "om",
        "media": {
          "id": "p0622gt3",
          "subType": "clip",
          "format": "video",
          "title": "Dargaggooni kun sagalaee 50 ol fakkeettu danda'a",
          "synopses": {
            "short": "Dargaggooni kun sagalaee 50 ol fakkeettu danda'a. Isiin isa caalaa dendeessuu?"
          },
          "imageUrl": "ichef.bbci.co.uk/images/ic/$recipe/p0622hgf.jpg",
          "embedding": true,
          "advertising": true,
          "caption": "Dargaggooni kun sagalaee 50 ol fakkeettu danda'a. Isiin isa caalaa dendeessuu?",
          "versions": [
            {
              "versionId": "p0622gt5",
              "types": ["Original"],
              "duration": 51,
              "durationISO8601": "PT51S",
              "warnings": {},
              "availableTerritories": { "uk": true, "nonUk": true },
              "availableFrom": 1521796134000
            }
          ],
          "imageCopyright": "BBC",
          "type": "media"
        },
        "indexImage": {
          "id": "100535540",
          "subType": "index",
          "href": "http://c.files.bbci.co.uk/11C9/production/_100535540_p0622hgf.jpg",
          "path": "/cpsprodpb/11C9/production/_100535540_p0622hgf.jpg",
          "height": 576,
          "width": 1024,
          "altText": "Keyframe #1",
          "copyrightHolder": "BBC",
          "type": "image"
        },
        "id": "urn:bbc:ares::asset:afaanoromoo/oduu-43511542",
        "type": "cps"
      }
    },
    {
      "id": "6a20c5f2-9388-4743-8184-5d3851305bb0",
      "rank": 14,
      "count": 1,
      "urn": "urn:bbc:curie:asset:6a20c5f2-9388-4743-8184-5d3851305bb0",
      "promo": {
        "headlines": {
          "shortHeadline": "Seenaa Leenca Gurraachaa fi dirree Bonayyaa",
          "headline": "Seenaa Leenca Gurraachaa fi dirree Bonayyaa"
        },
        "locators": {
          "assetUri": "/afaanoromoo/oduu-48159664",
          "cpsUrn": "urn:bbc:content:assetUri:afaanoromoo/oduu-48159664",
          "curie": "http://www.bbc.co.uk/asset/6a20c5f2-9388-4743-8184-5d3851305bb0",
          "assetId": "48159664"
        },
        "summary": "Hafteen xayyaarota Xaaliyaanii garee loltoota Itoophiyaa Leenca Gurraacha (Black Lion) jedhamanin bara 1936 gubatan dirree Bonayyaa Muloo keessatti gatamanii argamu.",
        "timestamp": 1556970073000,
        "language": "om",
        "passport": {
          "category": {
            "categoryId": "http://www.bbc.co.uk/ontologies/applicationlogic-news/Feature",
            "categoryName": "Feature"
          },
          "campaigns": [
            {
              "campaignId": "5a988e2939461b000e9dabf8",
              "campaignName": "WS - Educate me"
            }
          ],
          "taggings": []
        },
        "media": {
          "id": "p078b2vf",
          "subType": "clip",
          "format": "video",
          "title": "Seenaa Leenca Gurraachaa fi dirree Bonayyaa",
          "synopses": {
            "short": "Seenaa Leenca Gurraachaa fi dirree Bonayyaa",
            "long": "Hafteen xayyaarota Xaaliyaanii garee loltoota Itoophiyaa Leenca Gurraacha (Black Lion) jedhamanin bara 1936 gubatan aanaa Waayyu Tuqaa ganda Bonayyaa Muloo keessatti gatamanii argamu.",
            "medium": "Hafteen xayyaarota Xaaliyaanii garee loltoota Itoophiyaa Leenca Gurraacha (Black Lion) jedhamanin bara 1936 gubatan dirree Bonayyaa Muloo keessatti gatamanii argamu."
          },
          "imageUrl": "ichef.bbci.co.uk/images/ic/$recipe/p078b3pr.jpg",
          "embedding": true,
          "advertising": true,
          "caption": "Seenaa Leenca Gurraachaa fi dirree Bonayyaa",
          "versions": [
            {
              "versionId": "p078b2vh",
              "types": ["Original"],
              "duration": 194,
              "durationISO8601": "PT3M14S",
              "warnings": {},
              "availableTerritories": { "uk": true, "nonUk": true },
              "availableFrom": 1556969827000
            }
          ],
          "imageCopyright": "BBC",
          "type": "media"
        },
        "indexImage": {
          "id": "106801165",
          "subType": "index",
          "href": "http://c.files.bbci.co.uk/DB2E/production/_106801165_p078ccc1.png",
          "path": "/cpsprodpb/DB2E/production/_106801165_p078ccc1.png",
          "height": 549,
          "width": 976,
          "altText": "Roophilaa",
          "copyrightHolder": "Archive pictures",
          "type": "image"
        },
        "id": "urn:bbc:ares::asset:afaanoromoo/oduu-48159664",
        "type": "cps"
      }
    },
    {
      "id": "66381db4-0281-41a8-8c0f-1351bd110e68",
      "rank": 15,
      "count": 1,
      "urn": "urn:bbc:curie:asset:66381db4-0281-41a8-8c0f-1351bd110e68",
      "promo": {
        "headlines": {
          "shortHeadline": "Itoophiyaa fi Masriin hidhaa Laga Abbayyaarratti maaliif waliigaluu dadhaban?",
          "headline": "Hidha Haaromsaa Guddicha Itoophiyaa: Itoophiyaa fi Masriin hidhaa Laga Abbayyaarratti maaliif waliigaluu dadhaban?"
        },
        "locators": {
          "assetUri": "/afaanoromoo/oduu-53441453",
          "cpsUrn": "urn:bbc:content:assetUri:afaanoromoo/oduu-53441453",
          "curie": "http://www.bbc.co.uk/asset/66381db4-0281-41a8-8c0f-1351bd110e68",
          "assetId": "53441453"
        },
        "summary": "Suuraaleen saatalaayitarraa kaafaman akka agarsiisanitti Hidha Guddicha Itoophiyaan ijaartu duuba bishaan kuufamee mul'ata. Sudaan bishaan garashe dhufu akka hir'ate yogguu dubbattu, Masriinis gamasheen komii qabdu kaaftee jirti.",
        "timestamp": 1595068750000,
        "language": "om",
        "passport": {
          "category": {
            "categoryId": "http://www.bbc.co.uk/ontologies/applicationlogic-news/Explainer",
            "categoryName": "Explainer"
          },
          "campaigns": [
            {
              "campaignId": "5a988e3739461b000e9dabfa",
              "campaignName": "WS - Give me perspective"
            }
          ],
          "taggings": []
        },
        "media": {
          "id": "p08l5hll",
          "subType": "clip",
          "format": "video",
          "title": "Itoophiyaa fi Masriin hidhaa Laga Abbayyaarratti maaliif waliigaluu dadhaban?",
          "synopses": {
            "short": "Hidha: Itoophiyaa fi Masriin hidhaa Laga Abbayyaarratti maaliif waliigaluu dadhaban?"
          },
          "imageUrl": "ichef.bbci.co.uk/images/ic/$recipe/p08l5jbz.jpg",
          "embedding": true,
          "advertising": true,
          "caption": "Hidha: Itoophiyaa fi Masriin hidhaa Laga Abbayyaarratti maaliif waliigaluu dadhaban?",
          "versions": [
            {
              "versionId": "p08l5hlq",
              "types": ["Original"],
              "duration": 298,
              "durationISO8601": "PT4M58S",
              "warnings": {},
              "availableTerritories": { "uk": true, "nonUk": true },
              "availableFrom": 1595068090000
            }
          ],
          "imageCopyright": "BBC",
          "type": "media"
        },
        "indexImage": {
          "id": "113492934",
          "subType": "index",
          "href": "http://c.files.bbci.co.uk/AB99/production/_113492934_p08l5jbz.jpg",
          "path": "/cpsprodpb/AB99/production/_113492934_p08l5jbz.jpg",
          "height": 549,
          "width": 976,
          "altText": "Ros Atkins",
          "copyrightHolder": "BBC",
          "type": "image"
        },
        "id": "urn:bbc:ares::asset:afaanoromoo/oduu-53441453",
        "type": "cps"
      }
    },
    {
      "id": "3edbd4d5-6f67-4e1e-91ac-e13f64795055",
      "rank": 16,
      "count": 1,
      "urn": "urn:bbc:curie:asset:3edbd4d5-6f67-4e1e-91ac-e13f64795055",
      "promo": {
        "headlines": {
          "shortHeadline": "Nama Covid-19n qabameef maaltu barbaachisa, akkamiin kunuunsu?",
          "headline": "Koronaavaayirasii: Nama Covid-19n qabameef maaltu barbaachisa, akkamiin kunuunsu?"
        },
        "locators": {
          "assetUri": "/afaanoromoo/oduu-54006733",
          "cpsUrn": "urn:bbc:content:assetUri:afaanoromoo/oduu-54006733",
          "curie": "http://www.bbc.co.uk/asset/3edbd4d5-6f67-4e1e-91ac-e13f64795055",
          "assetId": "54006733"
        },
        "summary": "Miseensi maatii ykn namni isin beektan Covid-19n yoo isin jalaa qabame mana keessatti akkamiin kunuunsuu dandeessu?",
        "timestamp": 1599106010000,
        "language": "om",
        "passport": {
          "category": {
            "categoryId": "http://www.bbc.co.uk/ontologies/applicationlogic-news/Explainer",
            "categoryName": "Explainer"
          },
          "campaigns": [
            {
              "campaignId": "5a988e2939461b000e9dabf8",
              "campaignName": "WS - Educate me"
            }
          ],
          "taggings": []
        },
        "media": {
          "id": "p08qbrrg",
          "subType": "clip",
          "format": "video",
          "title": "Nama Covid-19n qabameef maaltu barbaachisa?, akkamiin kunuunsu?",
          "synopses": {
            "short": "Koronaavaayirasii: Nama Covid-19n qabameef maaltu barbaachisa?, akkamiin kunuunsu?",
            "long": "Miseensi maatii ykn namni isin beektan Covid-19n yoo isin jalaa qabame mana keessatti akkamiin kunuunsuu dandeessu?\n\nFiraa'ol Balaay isinitti himti.",
            "medium": "Miseensi maatii ykn namni isin beektan Covid-19n yoo isin jalaa qabame mana keessatti akkamiin kunuunsuu dandeessu?\n\nFiraa'ol Balaay isinitti himti."
          },
          "imageUrl": "ichef.bbci.co.uk/images/ic/$recipe/p08qbs9x.jpg",
          "embedding": true,
          "advertising": true,
          "caption": "Koronaavaayirasii: Nama Covid-19n qabameef maaltu barbaachisa?, akkamiin kunuunsu?",
          "versions": [
            {
              "versionId": "p08qbrrp",
              "types": ["Original"],
              "duration": 121,
              "durationISO8601": "PT2M1S",
              "warnings": {},
              "availableTerritories": { "uk": true, "nonUk": true },
              "availableFrom": 1599072305000
            }
          ],
          "imageCopyright": "BBC",
          "type": "media"
        },
        "indexImage": {
          "id": "114222033",
          "subType": "index",
          "href": "http://c.files.bbci.co.uk/80FE/production/_114222033_p08qbs9x.jpg",
          "path": "/cpsprodpb/80FE/production/_114222033_p08qbs9x.jpg",
          "height": 576,
          "width": 1024,
          "altText": "Dhukkubsattuu Covid19",
          "copyrightHolder": "BBC",
          "type": "image"
        },
        "id": "urn:bbc:ares::asset:afaanoromoo/oduu-54006733",
        "type": "cps"
      }
    },
    {
      "id": "3537a9a6-e30d-9148-a7da-b5fc1e02050d",
      "rank": 17,
      "count": 1,
      "urn": "urn:bbc:curie:asset:3537a9a6-e30d-9148-a7da-b5fc1e02050d",
      "promo": {
        "headlines": {
          "shortHeadline": "Heelleen 'laaffataa jira'",
          "headline": "Heelleen, Harargeetti yeroo cidhaa sirbamu 'laaffataa jira'"
        },
        "locators": {
          "assetUri": "/afaanoromoo/oduu-42256906",
          "cpsUrn": "urn:bbc:content:assetUri:afaanoromoo/oduu-42256906",
          "curie": "http://www.bbc.co.uk/asset/3537a9a6-e30d-9148-a7da-b5fc1e02050d",
          "assetId": "42256906"
        },
        "summary": "Harargeetti yeroo shamarreen tokko heerumtu, sirba helleedhaan geggeessuun. Yeroo qorii baatanii ishee daawwachuuf deemanis akkasuma sirbu.",
        "timestamp": 1512621477000,
        "language": "om",
        "media": {
          "id": "p05q8811",
          "subType": "clip",
          "format": "video",
          "title": "Sirba Heellee, aadaa Harargee yeroo cidhaa sirbamu",
          "synopses": {
            "short": "Sirba Heellee, aadaa Harargee yeroo cidhaa sirbamu",
            "medium": "Akka aadaa Harargeetti, yeroo shamarreen tokko heehrumtu, dubartoonni walitti qabamuun sirba helleedhaan geggeessuun. Yeroo qorii baatanii ishee daawwachuuf deemanis akkasuma sirbu",
            "long": "Akka aadaa Harargeetti, yeroo shamarreen tokko heehrumtu, dubartoonni walitti qabamuun sirba helleedhaan geggeessuun. Yeroo qorii baatanii ishee daawwachuuf deemanis akkasuma sirbu. Amma garuu aadaan hamilee intla heerumtuu eega jedhamu kun gara baduutti jira jechuun namoonni ni yaadda'u.\n\nWaraabbiin viidiyoo: Habtaamuu Xibabuutiin\nKan gulaale: Yaadataa Birhaanuu"
          },
          "imageUrl": "ichef.bbci.co.uk/images/ic/$recipe/p05q88yg.jpg",
          "embedding": true,
          "advertising": true,
          "caption": "Sirba Heellee, aadaa Harargee yeroo cidhaa sirbamu",
          "versions": [
            {
              "versionId": "p05q8813",
              "types": ["Original"],
              "duration": 103,
              "durationISO8601": "PT1M43S",
              "warnings": {},
              "availableTerritories": { "uk": true, "nonUk": true },
              "availableFrom": 1512570470000
            }
          ],
          "type": "media"
        },
        "indexImage": {
          "id": "99086735",
          "subType": "index",
          "href": "http://c.files.bbci.co.uk/D208/production/_99086735_p05q88yg.jpg",
          "path": "/cpsprodpb/D208/production/_99086735_p05q88yg.jpg",
          "height": 549,
          "width": 976,
          "altText": "Miseensota hawwisoo",
          "copyrightHolder": "BBC",
          "type": "image"
        },
        "id": "urn:bbc:ares::asset:afaanoromoo/oduu-42256906",
        "type": "cps"
      }
    },
    {
      "id": "33e69bdc-8d3c-4a8a-a6bd-ce01f6de137e",
      "rank": 18,
      "count": 1,
      "urn": "urn:bbc:curie:asset:33e69bdc-8d3c-4a8a-a6bd-ce01f6de137e",
      "promo": {
        "headlines": {
          "shortHeadline": "Dhohinsa Beeyruutiin 'harmeekoo duwwaa miti, hiriyaakoos dhabeera'",
          "headline": "Balaa dhohinsa Beeyruut: Balaa kanaan 'harmeekoo duwwaa miti, hiriyaakoos dhabeera'"
        },
        "locators": {
          "assetUri": "/afaanoromoo/oduu-53944449",
          "cpsUrn": "urn:bbc:content:assetUri:afaanoromoo/oduu-53944449",
          "curie": "http://www.bbc.co.uk/asset/33e69bdc-8d3c-4a8a-a6bd-ce01f6de137e",
          "assetId": "53944449"
        },
        "summary": "Hagayya 04, 2020 balaa dhohinsaa Libaanos buufata magaalaa Beeyruuttiti mudateen namoota 200tti siqan lubbuu dhaban keessaa tokko kan taate lammiin Itoophiyaa Iteenash Dachaasaa ishee tokko.",
        "timestamp": 1598945804000,
        "language": "om",
        "passport": {
          "category": {
            "categoryId": "http://www.bbc.co.uk/ontologies/applicationlogic-news/Feature",
            "categoryName": "Feature"
          },
          "campaigns": [
            {
              "campaignId": "5a988e3739461b000e9dabfa",
              "campaignName": "WS - Give me perspective"
            }
          ],
          "taggings": []
        },
        "media": {
          "id": "p08q55ys",
          "subType": "clip",
          "format": "video",
          "title": "Dhoohinsa Beeyiruutiin 'harmee koo duwwaa miti, hiriyaa koos dhabeera'",
          "synopses": {
            "short": "Balaa dhoohinsa Beeyiruut: Balaa kanaan 'harmee koo duwwaa miti, hiriyaa koos dhabeera'"
          },
          "imageUrl": "ichef.bbci.co.uk/images/ic/$recipe/p08q56gx.jpg",
          "embedding": true,
          "advertising": true,
          "caption": "Balaa dhoohinsa Beeyiruut: Balaa kanaan 'harmee koo duwwaa miti, hiriyaa koos dhabeera'",
          "versions": [
            {
              "versionId": "p08q55yv",
              "types": ["Original"],
              "duration": 226,
              "durationISO8601": "PT3M46S",
              "warnings": {},
              "availableTerritories": { "uk": true, "nonUk": true },
              "availableFrom": 1598944795000
            }
          ],
          "imageCopyright": "BBC",
          "type": "media"
        },
        "indexImage": {
          "id": "114154987",
          "subType": "index",
          "href": "http://c.files.bbci.co.uk/13461/production/_114154987_p08q56gx.jpg",
          "path": "/cpsprodpb/13461/production/_114154987_p08q56gx.jpg",
          "height": 576,
          "width": 1024,
          "altText": "Keyframe #4",
          "copyrightHolder": "BBC",
          "type": "image"
        },
        "id": "urn:bbc:ares::asset:afaanoromoo/oduu-53944449",
        "type": "cps"
      }
    },
    {
      "id": "0c471547-b1e8-45cd-825a-0d940e78bab7",
      "rank": 19,
      "count": 1,
      "urn": "urn:bbc:curie:asset:0c471547-b1e8-45cd-825a-0d940e78bab7",
      "promo": {
        "headlines": {
          "shortHeadline": "Haacaaluun 'sodaa malee warra aangoo qaban dura dhaabbachuu nu barsiise'",
          "headline": "Yaaddessaa Booji'aa: Haacaaluun 'sodaa malee warra aangoo qaban dura dhaabbachuu nu barsiise'"
        },
        "locators": {
          "assetUri": "/afaanoromoo/oduu-53405226",
          "cpsUrn": "urn:bbc:content:assetUri:afaanoromoo/oduu-53405226",
          "curie": "http://www.bbc.co.uk/asset/0c471547-b1e8-45cd-825a-0d940e78bab7",
          "assetId": "53405226"
        },
        "summary": "Haacaaluun 'sodaa malee warra aangoo qaban dura dhaabbachuu nu barsiise' jedha artiist Yaaddessaa Booji'aa. Fakkii Haacaaluu harkaan kaasaa waa'ee Haacaaluu dubbata.",
        "timestamp": 1594726526000,
        "language": "om",
        "passport": {
          "category": {
            "categoryId": "http://www.bbc.co.uk/ontologies/applicationlogic-news/Feature",
            "categoryName": "Feature"
          },
          "campaigns": [
            {
              "campaignId": "5a988e2139461b000e9dabf7",
              "campaignName": "WS - Inspire me"
            }
          ],
          "taggings": []
        },
        "media": {
          "id": "p08kqnls",
          "subType": "clip",
          "format": "video",
          "title": "Haacaaluun 'sodaa malee warra aangoo qaban dura dhaabbachuu nu barsiise'",
          "synopses": {
            "short": "Haacaaluun 'sodaa malee warra aangoo qaban dura dhaabbachuu nu barsiise'",
            "long": "Haacaaluun 'sodaa malee warra aangoo qaban dura dhaabbachuu nu barsiise' jedha artiist Yaaddessaa Booji'aa.\n\nFakkii Haacaaluu harkaan kaasaa waa'ee Haacaaluu dubbata.",
            "medium": "Haacaaluun 'sodaa malee warra aangoo qaban dura dhaabbachuu nu barsiise' jedha artiist Yaaddessaa Booji'aa.\n\nFakkii Haacaaluu harkaan kaasaa waa'ee Haacaaluu dubbata."
          },
          "imageUrl": "ichef.bbci.co.uk/images/ic/$recipe/p08kqqns.jpg",
          "embedding": true,
          "advertising": true,
          "caption": "Haacaaluun 'sodaa malee warra aangoo qaban dura dhaabbachuu nu barsiise'",
          "versions": [
            {
              "versionId": "p08kqnm1",
              "types": ["Original"],
              "duration": 179,
              "durationISO8601": "PT2M59S",
              "warnings": {},
              "availableTerritories": { "uk": true, "nonUk": true },
              "availableFrom": 1594725853000
            }
          ],
          "imageCopyright": "Yaddi Bojia",
          "type": "media"
        },
        "indexImage": {
          "id": "113367790",
          "subType": "index",
          "href": "http://c.files.bbci.co.uk/2630/production/_113367790_p08kqqns.jpg",
          "path": "/cpsprodpb/2630/production/_113367790_p08kqqns.jpg",
          "height": 549,
          "width": 976,
          "altText": "tiist Yaaddessaa Booji'aa",
          "copyrightHolder": "Yaddi Bojia",
          "type": "image"
        },
        "id": "urn:bbc:ares::asset:afaanoromoo/oduu-53405226",
        "type": "cps"
      }
    }
  ]
}
