{
  "metadata": {
    "id": "urn:bbc:ares:ws_media:page:bbc_amharic_radio/w3csz5r9",
    "locators": { "pid": "w3csz5r9", "brandPid": "w13xttnt" },
    "type": "WSRADIO",
    "createdBy": "bbc_amharic_radio",
    "language": "am",
    "lastUpdated": 1608292168207,
    "firstPublished": 1582565117000,
    "lastPublished": 1582565117000,
    "timestamp": 1582565117000,
    "options": {},
    "analyticsLabels": {
      "pageTitle": "ቢቢሲ አማርኛ ዜና - BBC News አማርኛ",
      "pageIdentifier": "amharic.bbc_amharic_radio.w3csz5r9.page",
      "producerId": "4",
      "contentType": "player-episode",
      "producer": "AMHARIC"
    },
    "tags": {},
    "version": "v1.3.11",
    "blockTypes": ["media"],
    "title": "ቢቢሲ አማርኛ ዜና",
    "releaseDateTimeStamp": 1583452800000,
    "atiAnalytics": {}
  },
  "content": {
    "blocks": [
      {
        "id": "w3csz5r9",
        "subType": "episode",
        "format": "Audio",
        "title": "06/03/2020 GMT",
        "synopses": {
          "short": "የ15 ደቂቃ ዜናና ወቅታዊ ጉዳዮችን የሚዳስስ ፕሮግራም",
          "medium": "የ15 ደቂቃ ዜናና ወቅታዊ ጉዳዮችን የሚዳስስ ፕሮግራም"
        },
        "imageUrl": "ichef.bbci.co.uk/images/ic/$recipe/p08b8jvj.png",
        "embedding": false,
        "advertising": false,
        "versions": [],
        "availability": "notAvailable",
        "smpKind": "radioProgramme",
        "type": "media"
      }
    ]
  },
  "promo": {
    "headlines": { "headline": "ቢቢሲ አማርኛ ዜና" },
    "locators": { "pid": "w3csz5r9", "brandPid": "w13xttnt" },
    "media": {
      "id": "w3csz5r9",
      "subType": "episode",
      "format": "Audio",
      "title": "06/03/2020 GMT",
      "synopses": {
        "short": "የ15 ደቂቃ ዜናና ወቅታዊ ጉዳዮችን የሚዳስስ ፕሮግራም",
        "medium": "የ15 ደቂቃ ዜናና ወቅታዊ ጉዳዮችን የሚዳስስ ፕሮግራም"
      },
      "imageUrl": "ichef.bbci.co.uk/images/ic/$recipe/p08b8jvj.png",
      "embedding": false,
      "advertising": false,
      "versions": [],
      "availability": "notAvailable",
      "smpKind": "radioProgramme",
      "type": "media"
    },
    "indexImage": {
      "id": "",
      "subType": "index",
      "href": "ichef.bbci.co.uk/images/ic/$recipe/p08b8jvj.png",
      "path": "ichef.bbci.co.uk/images/ic/$recipe/p08b8jvj.png",
      "height": 0,
      "width": 0,
      "altText": null,
      "copyrightHolder": null,
      "type": "image"
    },
    "releaseDateTimestamp": 1583452800000,
    "brand": { "pid": "w13xttnt", "title": "ቢቢሲ አማርኛ ዜና" },
    "id": "urn:bbc:ares:ws_media:page:bbc_amharic_radio/w3csz5r9",
    "type": "ws_radio"
  },
  "relatedContent": {
    "site": {
      "subType": "site",
      "name": "Amharic",
      "uri": "/amharic",
      "type": "simple"
    },
    "groups": [
      {
        "type": "other-episode",
        "promos": [
          {
            "headlines": { "headline": "ቢቢሲ አማርኛ ዜና" },
            "locators": { "pid": "w3ct0xr8", "brandPid": "w13xttnt" },
            "media": {
              "id": "w3ct0xr8",
              "subType": "episode",
              "format": "Audio",
              "title": "17/12/2020 GMT",
              "synopses": {
                "short": "የ15 ደቂቃ ዜናና ወቅታዊ ጉዳዮችን የሚዳስስ ፕሮግራም",
                "medium": "የ15 ደቂቃ ዜናና ወቅታዊ ጉዳዮችን የሚዳስስ ፕሮግራም"
              },
              "imageUrl": "ichef.bbci.co.uk/images/ic/$recipe/p08b8jvj.png",
              "embedding": false,
              "advertising": false,
              "versions": [
                {
                  "versionId": "w4hqwlt1",
                  "types": ["Original"],
                  "duration": 883,
                  "durationISO8601": "PT14M43S",
                  "warnings": {},
                  "availableTerritories": {
                    "uk": false,
                    "nonUk": false,
                    "world": true
                  },
                  "availableUntil": 1610829870000,
                  "availableFrom": 1608227070000,
                  "availabilityStatus": "available"
                }
              ],
              "availability": "available",
              "smpKind": "radioProgramme",
              "type": "media"
            },
            "indexImage": {
              "id": "",
              "subType": "index",
              "href": "ichef.bbci.co.uk/images/ic/$recipe/p08b8jvj.png",
              "path": "ichef.bbci.co.uk/images/ic/$recipe/p08b8jvj.png",
              "height": 0,
              "width": 0,
              "altText": null,
              "copyrightHolder": null,
              "type": "image"
            },
            "releaseDateTimestamp": 1608163200000,
            "brand": { "pid": "w13xttnt", "title": "ቢቢሲ አማርኛ ዜና" },
            "id": "urn:bbc:ares:ws_media:page:bbc_amharic_radio/w3ct0xr8",
            "type": "ws_radio"
          },
          {
            "headlines": { "headline": "ቢቢሲ አማርኛ ዜና" },
            "locators": { "pid": "w3ct0xtj", "brandPid": "w13xttnt" },
            "media": {
              "id": "w3ct0xtj",
              "subType": "episode",
              "format": "Audio",
              "title": "16/12/2020 GMT",
              "synopses": {
                "short": "የ15 ደቂቃ ዜናና ወቅታዊ ጉዳዮችን የሚዳስስ ፕሮግራም",
                "medium": "የ15 ደቂቃ ዜናና ወቅታዊ ጉዳዮችን የሚዳስስ ፕሮግራም"
              },
              "imageUrl": "ichef.bbci.co.uk/images/ic/$recipe/p08b8jvj.png",
              "embedding": false,
              "advertising": false,
              "versions": [
                {
                  "versionId": "w4hqwlw9",
                  "types": ["Original"],
                  "duration": 883,
                  "durationISO8601": "PT14M43S",
                  "warnings": {},
                  "availableTerritories": {
                    "uk": false,
                    "nonUk": false,
                    "world": true
                  },
                  "availableUntil": 1610743470000,
                  "availableFrom": 1608140670000,
                  "availabilityStatus": "available"
                }
              ],
              "availability": "available",
              "smpKind": "radioProgramme",
              "type": "media"
            },
            "indexImage": {
              "id": "",
              "subType": "index",
              "href": "ichef.bbci.co.uk/images/ic/$recipe/p08b8jvj.png",
              "path": "ichef.bbci.co.uk/images/ic/$recipe/p08b8jvj.png",
              "height": 0,
              "width": 0,
              "altText": null,
              "copyrightHolder": null,
              "type": "image"
            },
            "releaseDateTimestamp": 1608076800000,
            "brand": { "pid": "w13xttnt", "title": "ቢቢሲ አማርኛ ዜና" },
            "id": "urn:bbc:ares:ws_media:page:bbc_amharic_radio/w3ct0xtj",
            "type": "ws_radio"
          },
          {
            "headlines": { "headline": "ቢቢሲ አማርኛ ዜና" },
            "locators": { "pid": "w3ct0xsd", "brandPid": "w13xttnt" },
            "media": {
              "id": "w3ct0xsd",
              "subType": "episode",
              "format": "Audio",
              "title": "15/12/2020 GMT",
              "synopses": {
                "short": "የ15 ደቂቃ ዜናና ወቅታዊ ጉዳዮችን የሚዳስስ ፕሮግራም",
                "medium": "የ15 ደቂቃ ዜናና ወቅታዊ ጉዳዮችን የሚዳስስ ፕሮግራም"
              },
              "imageUrl": "ichef.bbci.co.uk/images/ic/$recipe/p08b8jvj.png",
              "embedding": false,
              "advertising": false,
              "versions": [
                {
                  "versionId": "w4hqwlv5",
                  "types": ["Original"],
                  "duration": 883,
                  "durationISO8601": "PT14M43S",
                  "warnings": {},
                  "availableTerritories": {
                    "uk": false,
                    "nonUk": false,
                    "world": true
                  },
                  "availableUntil": 1610657070000,
                  "availableFrom": 1608054270000,
                  "availabilityStatus": "available"
                }
              ],
              "availability": "available",
              "smpKind": "radioProgramme",
              "type": "media"
            },
            "indexImage": {
              "id": "",
              "subType": "index",
              "href": "ichef.bbci.co.uk/images/ic/$recipe/p08b8jvj.png",
              "path": "ichef.bbci.co.uk/images/ic/$recipe/p08b8jvj.png",
              "height": 0,
              "width": 0,
              "altText": null,
              "copyrightHolder": null,
              "type": "image"
            },
            "releaseDateTimestamp": 1607990400000,
            "brand": { "pid": "w13xttnt", "title": "ቢቢሲ አማርኛ ዜና" },
            "id": "urn:bbc:ares:ws_media:page:bbc_amharic_radio/w3ct0xsd",
            "type": "ws_radio"
          },
          {
            "headlines": { "headline": "ቢቢሲ አማርኛ ዜና" },
            "locators": { "pid": "w3ct0xq4", "brandPid": "w13xttnt" },
            "media": {
              "id": "w3ct0xq4",
              "subType": "episode",
              "format": "Audio",
              "title": "14/12/2020 GMT",
              "synopses": {
                "short": "የ15 ደቂቃ ዜናና ወቅታዊ ጉዳዮችን የሚዳስስ ፕሮግራም",
                "medium": "የ15 ደቂቃ ዜናና ወቅታዊ ጉዳዮችን የሚዳስስ ፕሮግራም"
              },
              "imageUrl": "ichef.bbci.co.uk/images/ic/$recipe/p08b8jvj.png",
              "embedding": false,
              "advertising": false,
              "versions": [
                {
                  "versionId": "w4hqwlrx",
                  "types": ["Original"],
                  "duration": 883,
                  "durationISO8601": "PT14M43S",
                  "warnings": {},
                  "availableTerritories": {
                    "uk": false,
                    "nonUk": false,
                    "world": true
                  },
                  "availableUntil": 1610570670000,
                  "availableFrom": 1607967870000,
                  "availabilityStatus": "available"
                }
              ],
              "availability": "available",
              "smpKind": "radioProgramme",
              "type": "media"
            },
            "indexImage": {
              "id": "",
              "subType": "index",
              "href": "ichef.bbci.co.uk/images/ic/$recipe/p08b8jvj.png",
              "path": "ichef.bbci.co.uk/images/ic/$recipe/p08b8jvj.png",
              "height": 0,
              "width": 0,
              "altText": null,
              "copyrightHolder": null,
              "type": "image"
            },
            "releaseDateTimestamp": 1607904000000,
            "brand": { "pid": "w13xttnt", "title": "ቢቢሲ አማርኛ ዜና" },
            "id": "urn:bbc:ares:ws_media:page:bbc_amharic_radio/w3ct0xq4",
            "type": "ws_radio"
          },
          {
            "headlines": { "headline": "ቢቢሲ አማርኛ ዜና" },
            "locators": { "pid": "w3ct0xnz", "brandPid": "w13xttnt" },
            "media": {
              "id": "w3ct0xnz",
              "subType": "episode",
              "format": "Audio",
              "title": "11/12/2020 GMT",
              "synopses": {
                "short": "የ15 ደቂቃ ዜናና ወቅታዊ ጉዳዮችን የሚዳስስ ፕሮግራም",
                "medium": "የ15 ደቂቃ ዜናና ወቅታዊ ጉዳዮችን የሚዳስስ ፕሮግራም"
              },
              "imageUrl": "ichef.bbci.co.uk/images/ic/$recipe/p08b8jvj.png",
              "embedding": false,
              "advertising": false,
              "versions": [
                {
                  "versionId": "w4hqwlqr",
                  "types": ["Original"],
                  "duration": 883,
                  "durationISO8601": "PT14M43S",
                  "warnings": {},
                  "availableTerritories": {
                    "uk": false,
                    "nonUk": false,
                    "world": true
                  },
                  "availableUntil": 1610311470000,
                  "availableFrom": 1607708670000,
                  "availabilityStatus": "available"
                }
              ],
              "availability": "available",
              "smpKind": "radioProgramme",
              "type": "media"
            },
            "indexImage": {
              "id": "",
              "subType": "index",
              "href": "ichef.bbci.co.uk/images/ic/$recipe/p08b8jvj.png",
              "path": "ichef.bbci.co.uk/images/ic/$recipe/p08b8jvj.png",
              "height": 0,
              "width": 0,
              "altText": null,
              "copyrightHolder": null,
              "type": "image"
            },
            "releaseDateTimestamp": 1607644800000,
            "brand": { "pid": "w13xttnt", "title": "ቢቢሲ አማርኛ ዜና" },
            "id": "urn:bbc:ares:ws_media:page:bbc_amharic_radio/w3ct0xnz",
            "type": "ws_radio"
          },
          {
            "headlines": { "headline": "ቢቢሲ አማርኛ ዜና" },
            "locators": { "pid": "w3ct0xr7", "brandPid": "w13xttnt" },
            "media": {
              "id": "w3ct0xr7",
              "subType": "episode",
              "format": "Audio",
              "title": "10/12/2020 GMT",
              "synopses": {
                "short": "የ15 ደቂቃ ዜናና ወቅታዊ ጉዳዮችን የሚዳስስ ፕሮግራም",
                "medium": "የ15 ደቂቃ ዜናና ወቅታዊ ጉዳዮችን የሚዳስስ ፕሮግራም"
              },
              "imageUrl": "ichef.bbci.co.uk/images/ic/$recipe/p08b8jvj.png",
              "embedding": false,
              "advertising": false,
              "versions": [
                {
                  "versionId": "w4hqwlt0",
                  "types": ["Original"],
                  "duration": 883,
                  "durationISO8601": "PT14M43S",
                  "warnings": {},
                  "availableTerritories": {
                    "uk": false,
                    "nonUk": false,
                    "world": true
                  },
                  "availableUntil": 1610225070000,
                  "availableFrom": 1607622270000,
                  "availabilityStatus": "available"
                }
              ],
              "availability": "available",
              "smpKind": "radioProgramme",
              "type": "media"
            },
            "indexImage": {
              "id": "",
              "subType": "index",
              "href": "ichef.bbci.co.uk/images/ic/$recipe/p08b8jvj.png",
              "path": "ichef.bbci.co.uk/images/ic/$recipe/p08b8jvj.png",
              "height": 0,
              "width": 0,
              "altText": null,
              "copyrightHolder": null,
              "type": "image"
            },
            "releaseDateTimestamp": 1607558400000,
            "brand": { "pid": "w13xttnt", "title": "ቢቢሲ አማርኛ ዜና" },
            "id": "urn:bbc:ares:ws_media:page:bbc_amharic_radio/w3ct0xr7",
            "type": "ws_radio"
          },
          {
            "headlines": { "headline": "ቢቢሲ አማርኛ ዜና" },
            "locators": { "pid": "w3ct0xth", "brandPid": "w13xttnt" },
            "media": {
              "id": "w3ct0xth",
              "subType": "episode",
              "format": "Audio",
              "title": "09/12/2020 GMT",
              "synopses": {
                "short": "የ15 ደቂቃ ዜናና ወቅታዊ ጉዳዮችን የሚዳስስ ፕሮግራም",
                "medium": "የ15 ደቂቃ ዜናና ወቅታዊ ጉዳዮችን የሚዳስስ ፕሮግራም"
              },
              "imageUrl": "ichef.bbci.co.uk/images/ic/$recipe/p08b8jvj.png",
              "embedding": false,
              "advertising": false,
              "versions": [
                {
                  "versionId": "w4hqwlw8",
                  "types": ["Original"],
                  "duration": 883,
                  "durationISO8601": "PT14M43S",
                  "warnings": {},
                  "availableTerritories": {
                    "uk": false,
                    "nonUk": false,
                    "world": true
                  },
                  "availableUntil": 1610138670000,
                  "availableFrom": 1607535870000,
                  "availabilityStatus": "available"
                }
              ],
              "availability": "available",
              "smpKind": "radioProgramme",
              "type": "media"
            },
            "indexImage": {
              "id": "",
              "subType": "index",
              "href": "ichef.bbci.co.uk/images/ic/$recipe/p08b8jvj.png",
              "path": "ichef.bbci.co.uk/images/ic/$recipe/p08b8jvj.png",
              "height": 0,
              "width": 0,
              "altText": null,
              "copyrightHolder": null,
              "type": "image"
            },
            "releaseDateTimestamp": 1607472000000,
            "brand": { "pid": "w13xttnt", "title": "ቢቢሲ አማርኛ ዜና" },
            "id": "urn:bbc:ares:ws_media:page:bbc_amharic_radio/w3ct0xth",
            "type": "ws_radio"
          },
          {
            "headlines": { "headline": "ቢቢሲ አማርኛ ዜና" },
            "locators": { "pid": "w3ct0xsc", "brandPid": "w13xttnt" },
            "media": {
              "id": "w3ct0xsc",
              "subType": "episode",
              "format": "Audio",
              "title": "08/12/2020 GMT",
              "synopses": {
                "short": "የ15 ደቂቃ ዜናና ወቅታዊ ጉዳዮችን የሚዳስስ ፕሮግራም",
                "medium": "የ15 ደቂቃ ዜናና ወቅታዊ ጉዳዮችን የሚዳስስ ፕሮግራም"
              },
              "imageUrl": "ichef.bbci.co.uk/images/ic/$recipe/p08b8jvj.png",
              "embedding": false,
              "advertising": false,
              "versions": [
                {
                  "versionId": "w4hqwlv4",
                  "types": ["Original"],
                  "duration": 883,
                  "durationISO8601": "PT14M43S",
                  "warnings": {},
                  "availableTerritories": {
                    "uk": false,
                    "nonUk": false,
                    "world": true
                  },
                  "availableUntil": 1610052270000,
                  "availableFrom": 1607449470000,
                  "availabilityStatus": "available"
                }
              ],
              "availability": "available",
              "smpKind": "radioProgramme",
              "type": "media"
            },
            "indexImage": {
              "id": "",
              "subType": "index",
              "href": "ichef.bbci.co.uk/images/ic/$recipe/p08b8jvj.png",
              "path": "ichef.bbci.co.uk/images/ic/$recipe/p08b8jvj.png",
              "height": 0,
              "width": 0,
              "altText": null,
              "copyrightHolder": null,
              "type": "image"
            },
            "releaseDateTimestamp": 1607385600000,
            "brand": { "pid": "w13xttnt", "title": "ቢቢሲ አማርኛ ዜና" },
            "id": "urn:bbc:ares:ws_media:page:bbc_amharic_radio/w3ct0xsc",
            "type": "ws_radio"
          }
        ]
      }
    ]
  }
}
