{
  "data": {
    "generated": "2023-06-19T14:54:22.127Z",
    "lastRecordTimeStamp": "2023-06-19T14:52:00Z",
    "firstRecordTimeStamp": "2023-06-19T14:37:00Z",
    "items": [
      {
        "id": "urn:bbc:optimo:asset:c3gjjpj42nzo",
        "rank": 1,
        "title": "Real Madrid ta ɗauki Joselu daga Espanyol",
        "href": "https://www.bbc.com/hausa/articles/c3gjjpj42nzo",
        "timestamp": 1687182933397
      },
      {
        "id": "urn:bbc:optimo:asset:c4neevzrxkyo",
        "rank": 2,
        "title": "PSG na daf da nada Enrique sabon kociyanta",
        "href": "https://www.bbc.com/hausa/articles/c4neevzrxkyo",
        "timestamp": 1687182447795
      },
      {
        "id": "urn:bbc:optimo:asset:cw0p7l9zvnno",
        "rank": 3,
        "title": "Zamfara na cikin tasku a cikin bashi nake tafiyar da mulkina, in ji Gwamna Dauda Lawan",
        "href": "https://www.bbc.com/hausa/articles/cw0p7l9zvnno",
        "timestamp": 1687147895228
      },
      {
        "id": "urn:bbc:optimo:asset:crgzzn6g9d2o",
        "rank": 4,
        "title": "Yadda ya kamata a kula da mai sikila a lokacin damuna",
        "href": "https://www.bbc.com/hausa/articles/crgzzn6g9d2o",
        "timestamp": 1687169786863
      },
      {
        "id": "urn:bbc:optimo:asset:cm58lgnd9j0o",
        "rank": 5,
        "title": "Arsenal za ta sayar da Partey, Chelsea na gwada sa'a kan Osimhen",
        "href": "https://www.bbc.com/hausa/articles/cm58lgnd9j0o",
        "timestamp": 1687147909489
      },
      {
        "id": "68ba15a5-3ca7-48a3-80ee-01daba5faf5d",
        "rank": 6,
        "title": "Majalisar Dattawan Najeriya ta fara sasanta ɗaliban Arewa da jami'o'in yankin",
        "href": "/hausa/labarai-60276308",
        "timestamp": 1644120169000
      },
      {
        "id": "urn:bbc:optimo:asset:c512p69d7yqo",
        "rank": 7,
        "title": "Abubuwan da ya kamata ku sani kan dokar ba wa ɗalibai bashin karatu a Najeriya",
        "href": "https://www.bbc.com/hausa/articles/c512p69d7yqo",
        "timestamp": 1686629203901
      },
      {
        "id": "urn:bbc:optimo:asset:cx9pqye4wjpo",
        "rank": 8,
        "title": "Akwai yiwuwar an aikata laifukan yaƙi a Gaza - Amnesty",
        "href": "https://www.bbc.com/hausa/articles/cx9pqye4wjpo",
        "timestamp": 1687147960818
      },
      {
        "id": "urn:bbc:optimo:asset:czknx293mneo",
        "rank": 9,
        "title": "Afcon 2024: Najeriya ta samu gurbin shiga gasar kofin Afirka",
        "href": "https://www.bbc.com/hausa/articles/czknx293mneo",
        "timestamp": 1687122903535
      },
      {
        "id": "urn:bbc:optimo:asset:cd14yezdpgdo",
        "rank": 10,
        "title": "Mece ce ƙirƙirarriyar basira ta AI da hatsarinta?",
        "href": "https://www.bbc.com/hausa/articles/cd14yezdpgdo",
        "timestamp": 1687112911771
      },
      {
        "id": "urn:bbc:optimo:asset:c88x330d93ko",
        "rank": 11,
        "title": "Antony Blinken ya je China don kyautata alaƙa da Amurka",
        "href": "https://www.bbc.com/hausa/articles/c88x330d93ko",
        "timestamp": 1687104834564
      },
      {
        "id": "urn:bbc:optimo:asset:cv28m87j12zo",
        "rank": 12,
        "title": "Ronaldo ya buga wa Portugal wasa na 199",
        "href": "https://www.bbc.com/hausa/articles/cv28m87j12zo",
        "timestamp": 1687097878593
      },
      {
        "id": "urn:bbc:optimo:asset:cx8d3gy14wgo",
        "rank": 13,
        "title": "'Yan sanda sun rage wa amare hanya a mota",
        "href": "https://www.bbc.com/hausa/articles/cx8d3gy14wgo",
        "timestamp": 1687025886722
      },
      {
        "id": "urn:bbc:optimo:asset:cm58l8kknyko",
        "rank": 14,
        "title": "Wolves ta sayar wa Al Hilal Ruben Neves fam miliyan 47",
        "href": "https://www.bbc.com/hausa/articles/cm58l8kknyko",
        "timestamp": 1687104034650
      },
      {
        "id": "urn:bbc:optimo:asset:cg6nxzpdk4ro",
        "rank": 15,
        "title": "Hanya uku da Trump ka iya kawo jan ƙafa a tuhumar ɓoye sirrin ƙasa",
        "href": "https://www.bbc.com/hausa/articles/cg6nxzpdk4ro",
        "timestamp": 1687147997914
      },
      {
        "id": "urn:bbc:optimo:asset:crgd3rky53vo",
        "rank": 16,
        "title": "Fari ya haifar da  kaurar Zalɓe a Sifaniya",
        "href": "https://www.bbc.com/hausa/articles/crgd3rky53vo",
        "timestamp": 1687059943123
      },
      {
        "id": "urn:bbc:optimo:asset:cpv4el9nn9ro",
        "rank": 17,
        "title": "Yadda ake koya wa 'yan Ukraine tuƙa jiragen F-16 don kai wa Rasha hari",
        "href": "https://www.bbc.com/hausa/articles/cpv4el9nn9ro",
        "timestamp": 1687060149231
      },
      {
        "id": "urn:bbc:optimo:asset:c51qvvrn4d3o",
        "rank": 18,
        "title": "Da gaske ne jima’i na cikin jerin wasannin motsa jiki a Sweden?",
        "href": "https://www.bbc.com/hausa/articles/c51qvvrn4d3o",
        "timestamp": 1687027335819
      },
      {
        "id": "urn:bbc:optimo:asset:cglenl3v1d6o",
        "rank": 19,
        "title": "Waiwaye: Zaɓen shugabannin majalisa, dakatar da shugaban EFCC",
        "href": "https://www.bbc.com/hausa/articles/cglenl3v1d6o",
        "timestamp": 1687060018504
      },
      {
        "id": "urn:bbc:optimo:asset:cglv5108xedo",
        "rank": 20,
        "title": " Man United za ta hakura da Kane, Guardiola zai bar City",
        "href": "https://www.bbc.com/hausa/articles/cglv5108xedo",
        "timestamp": 1686629044609
      }
    ],
    "metadata": {
      "atiAnalytics": {
        "contentType": "list-datadriven",
        "pageIdentifier": "hausa.popular.read.page",
        "timePublished": "2023-06-19T14:37:00Z",
        "timeUpdated": "2023-06-19T14:52:00Z"
      }
    }
  }
}
