{
  "metadata": {
    "id": "urn:bbc:ares::index:hausa/labarai-52299135/desktop/domestic",
    "locators": {
      "assetUri": "/hausa/labarai-52299135",
      "cpsUrn": "urn:bbc:content:assetUri:hausa/labarai-52299135",
      "curie": "http://www.bbc.co.uk/asset/489b2b58-aca2-a34a-a636-355cb1fb7986/desktop/domestic",
      "assetId": "52299135"
    },
    "type": "FIX",
    "createdBy": "hausa-v6",
    "language": "ha",
    "lastUpdated": 1600178961680,
    "firstPublished": 1586970357000,
    "lastPublished": 1596800715000,
    "timestamp": 1596800713000,
    "options": {
      "allowAdvertising": true
    },
    "analyticsLabels": {
      "cps_asset_type": "fix",
      "counterName": "hausa.news.feature_index.52299135.page",
      "cps_asset_id": "52299135"
    },
    "tags": {},
    "version": "v1.3.6",
    "blockTypes": [
      "lead-feature-now",
      "top-story",
      "secondary-top-story",
      "av-stories-now",
      "other-top-stories",
      "guide-content",
      "feature-main",
      "picture-gallery-stories"
    ],
    "title": "Coronavirus: Rahotanni na musamman",
    "summary": "Coronavirus: Rahotanni na musamman",
    "atiAnalytics": {
      "producerName": "HAUSA",
      "producerId": "51"
    }
  },
  "content": {
    "groups": [
      {
        "type": "lead-feature-now",
        "title": "Lead Feature",
        "items": [
          {
            "headlines": {
              "headline": "Shin kun san asalin cutar coronavirus?"
            },
            "locators": {
              "assetUri": "/hausa/labarai-51681213",
              "cpsUrn": "urn:bbc:content:assetUri:hausa/labarai-51681213",
              "curie": "http://www.bbc.co.uk/asset/cd6a9a12-e80f-a544-9865-b51e3fb967bb",
              "assetId": "51681213"
            },
            "summary": "Cuta ce mai saurin yaduwa fiye da yadda ake zato. Idan mutum daya ya kamu, a cikin yini guda zai iya shafa wa mutum uku zuwa tara, in ji wani kwararre.",
            "timestamp": 1584541900000,
            "language": "ha",
            "passport": {
              "category": {
                "categoryId": "http://www.bbc.co.uk/ontologies/applicationlogic-news/News",
                "categoryName": "News"
              },
              "campaigns": [
                {
                  "campaignId": "5a988e2939461b000e9dabf8",
                  "campaignName": "WS - Educate me"
                }
              ],
              "taggings": []
            },
            "cpsType": "STY",
            "indexImage": {
              "id": "111081836",
              "subType": "index",
              "href": "http://c.files.bbci.co.uk/F94A/production/_111081836_gettyimages-1203262302.jpg",
              "path": "/cpsprodpb/F94A/production/_111081836_gettyimages-1203262302.jpg",
              "height": 549,
              "width": 976,
              "altText": "@",
              "copyrightHolder": "Getty Images",
              "type": "image"
            },
            "options": {
              "isBreakingNews": false,
              "isFactCheck": false
            },
            "id": "urn:bbc:ares::asset:hausa/labarai-51681213",
            "type": "cps"
          }
        ],
        "semanticGroupName": "Lead Feature"
      },
      {
        "type": "top-story",
        "title": "Top Story",
        "items": [
          {
            "headlines": {
              "headline": "Alamun Coronavirus: Abubuwan da suka kamata ku dinga yi"
            },
            "locators": {
              "assetUri": "/hausa/labarai-51925611",
              "cpsUrn": "urn:bbc:content:assetUri:hausa/labarai-51925611",
              "curie": "http://www.bbc.co.uk/asset/02b4dc5d-4b96-2043-8649-a50c182d868a",
              "assetId": "51925611"
            },
            "summary": "A yayin da coronavirus ke ci gaba da yaduwa, ga wasu matakai da za ya kamata ku bi don kare kanku daga wannan cuta.",
            "timestamp": 1588336319000,
            "language": "ha",
            "passport": {
              "category": {
                "categoryId": "http://www.bbc.co.uk/ontologies/applicationlogic-news/Explainer",
                "categoryName": "Explainer"
              },
              "campaigns": [
                {
                  "campaignId": "5a988e2939461b000e9dabf8",
                  "campaignName": "WS - Educate me"
                }
              ],
              "taggings": []
            },
            "cpsType": "STY",
            "indexImage": {
              "id": "111328350",
              "subType": "index",
              "href": "http://c.files.bbci.co.uk/1506/production/_111328350_corona_whatyou_need_todo_640-nc.png",
              "path": "/cpsprodpb/1506/production/_111328350_corona_whatyou_need_todo_640-nc.png",
              "height": 549,
              "width": 976,
              "altText": "Coronavirus: Abubuwan da ya kamata ku dinga yi",
              "copyrightHolder": "BBC",
              "type": "image"
            },
            "options": {
              "isBreakingNews": false,
              "isFactCheck": false
            },
            "id": "urn:bbc:ares::asset:hausa/labarai-51925611",
            "type": "cps"
          }
        ],
        "semanticGroupName": "Top Story"
      },
      {
        "type": "secondary-top-story",
        "title": "Second Top Story",
        "items": [
          {
            "name": "Coronavirus a Afrika: Yadda alkaluman cutar suke kai tsaye",
            "summary": "Wannan taswira ce da ke kawo muku bayanan alkaluman cutar coronavirus a Afirka kai tsaye. Adadin mutanen da suka mutu da wadanda suka kamu da kuma wadanda suka warke.",
            "indexImage": {
              "id": "111404837",
              "subType": "index",
              "href": "http://c.files.bbci.co.uk/12070/production/_111404837_coronavirus_index_main_976.jpg",
              "path": "/cpsprodpb/12070/production/_111404837_coronavirus_index_main_976.jpg",
              "height": 549,
              "width": 976,
              "altText": "Coronavirus BBC Hausa",
              "copyrightHolder": "BBC",
              "type": "image"
            },
            "uri": "https://www.bbc.com/hausa/resources/idt-62caa7a7-81f8-480d-9fdd-c03c6195f391",
            "contentType": "Infographic",
            "assetTypeCode": "PRO",
            "timestamp": 1585044955000,
            "type": "link"
          }
        ],
        "semanticGroupName": "Second Top Story"
      },
      {
        "type": "av-stories-now",
        "title": "Watch/Listen",
        "items": [
          {
            "headlines": {
              "headline": "Yaushe za a samu riga-kafin cutar korona?"
            },
            "locators": {
              "assetUri": "/hausa/labarai-53678338",
              "cpsUrn": "urn:bbc:content:assetUri:hausa/labarai-53678338",
              "curie": "http://www.bbc.co.uk/asset/e900ccda-d263-4e59-bc13-c693d479f5e9",
              "assetId": "53678338"
            },
            "summary": "Masana kimiyya na rige-rigen samar da riga-kafin cutar korona a yayin da cutar ke ci gaba da kisa a duniya.",
            "timestamp": 1596709508000,
            "language": "ha",
            "passport": {
              "category": {
                "categoryId": "http://www.bbc.co.uk/ontologies/applicationlogic-news/News",
                "categoryName": "News"
              },
              "campaigns": [
                {
                  "campaignId": "5a988e2939461b000e9dabf8",
                  "campaignName": "WS - Educate me"
                }
              ],
              "taggings": []
            },
            "cpsType": "MAP",
            "media": {
              "id": "p08mx9sz",
              "subType": "clip",
              "format": "video",
              "title": "Yaushe za a samu riga-kafin cutar korona?",
              "synopses": {
                "short": "Yaushe za a samu riga-kafin cutar korona?"
              },
              "imageUrl": "ichef.bbci.co.uk/images/ic/$recipe/p08mxbpy.jpg",
              "embedding": true,
              "advertising": true,
              "caption": "Yaushe za a samu riga-kafin cutar korona?",
              "versions": [
                {
                  "versionId": "p08mx9t2",
                  "types": [
                    "Original"
                  ],
                  "duration": 146,
                  "durationISO8601": "PT2M26S",
                  "warnings": {},
                  "availableTerritories": {
                    "uk": true,
                    "nonUk": true
                  },
                  "availableFrom": 1596708686000
                }
              ],
              "smpKind": "programme",
              "type": "media"
            },
            "indexImage": {
              "id": "113832318",
              "subType": "index",
              "href": "http://c.files.bbci.co.uk/13DAB/production/_113832318_p08mxbpy.jpg",
              "path": "/cpsprodpb/13DAB/production/_113832318_p08mxbpy.jpg",
              "height": 549,
              "width": 976,
              "altText": "Keyframe #1",
              "copyrightHolder": "BBC",
              "type": "image"
            },
            "options": {
              "isBreakingNews": false,
              "isFactCheck": false
            },
            "id": "urn:bbc:ares::asset:hausa/labarai-53678338",
            "type": "cps"
          },
          {
            "headlines": {
              "headline": "Yadda coronavirus ta tona asirin halin da asibitocin Najeriya ke ciki"
            },
            "locators": {
              "assetUri": "/hausa/labarai-53328829",
              "cpsUrn": "urn:bbc:content:assetUri:hausa/labarai-53328829",
              "curie": "http://www.bbc.co.uk/asset/a5914ed2-ece2-4dad-9df6-f151a91c1c76",
              "assetId": "53328829"
            },
            "summary": "Wannan bidiyo ne da ya yi duba na musamman tare da yin bayani filla-filla kan harkokin kula da lafiya a Najeriya.",
            "timestamp": 1594212521000,
            "language": "ha",
            "passport": {
              "category": {
                "categoryId": "http://www.bbc.co.uk/ontologies/applicationlogic-news/Explainer",
                "categoryName": "Explainer"
              },
              "campaigns": [
                {
                  "campaignId": "5a988e2939461b000e9dabf8",
                  "campaignName": "WS - Educate me"
                }
              ],
              "taggings": []
            },
            "cpsType": "MAP",
            "media": {
              "id": "p08k3j86",
              "subType": "clip",
              "format": "video",
              "title": "Yadda coronavirus ta bankado tsarin kula da lafiya a Najeriya",
              "synopses": {
                "short": "Yadda coronavirus ta bankado tsarin kula da lafiya a Najeriya",
                "long": "Yadda coronavirus ta bankado tsarin kula da lafiya a Najeriya",
                "medium": "Yadda coronavirus ta bankado tsarin kula da lafiya a Najeriya"
              },
              "imageUrl": "ichef.bbci.co.uk/images/ic/$recipe/p08k3wfh.jpg",
              "embedding": true,
              "advertising": true,
              "caption": "Yadda coronavirus ta bankado yanayin kula da lafiya a Najeriya",
              "versions": [
                {
                  "versionId": "p08k3j89",
                  "types": [
                    "Original"
                  ],
                  "duration": 604,
                  "durationISO8601": "PT10M4S",
                  "warnings": {},
                  "availableTerritories": {
                    "uk": true,
                    "nonUk": true
                  },
                  "availableFrom": 1594140587000
                }
              ],
              "imageCopyright": "Getty Images",
              "smpKind": "programme",
              "type": "media"
            },
            "indexImage": {
              "id": "113293330",
              "subType": "index",
              "href": "http://c.files.bbci.co.uk/0D0B/production/_113293330_mediaitem113293329.jpg",
              "path": "/cpsprodpb/0D0B/production/_113293330_mediaitem113293329.jpg",
              "height": 540,
              "width": 960,
              "altText": "NAtional Hospital",
              "copyrightHolder": "National Hosp Facebook",
              "type": "image"
            },
            "options": {
              "isBreakingNews": false,
              "isFactCheck": false
            },
            "id": "urn:bbc:ares::asset:hausa/labarai-53328829",
            "type": "cps"
          },
          {
            "headlines": {
              "headline": "Yadda za ku gane bambancin coronavirus da mura"
            },
            "locators": {
              "assetUri": "/hausa/labarai-52477165",
              "cpsUrn": "urn:bbc:content:assetUri:hausa/labarai-52477165",
              "curie": "http://www.bbc.co.uk/asset/445788b7-7f9d-d049-9092-b81af655d5a6",
              "assetId": "52477165"
            },
            "summary": "Wannan bidiyo ya fayyace muku yadda za ku gane bambancin coronavirus da murar bazara da aka saba yi.",
            "timestamp": 1590678675000,
            "language": "ha",
            "passport": {
              "category": {
                "categoryId": "http://www.bbc.co.uk/ontologies/applicationlogic-news/News",
                "categoryName": "News"
              },
              "campaigns": [
                {
                  "campaignId": "5a988e1739461b000e9dabf6",
                  "campaignName": "WS - CS"
                }
              ],
              "taggings": []
            },
            "cpsType": "MAP",
            "media": {
              "id": "p08bstnv",
              "subType": "clip",
              "format": "video",
              "title": "Yadda za ku gane bambancin coronavirus da murar bazara",
              "synopses": {
                "short": "Yadda za ku gane bambancin coronavirus da murar bazara",
                "long": "Ku latsa hoton da ke sama don kallon bidiyon:\n\nWannan bidiyo ya fayyace muku yadda za ku gane bambancin coronavirus da murar bazara da aka saba yi.",
                "medium": "Wannan bidiyo ya fayyace muku yadda za ku gane bambancin coronavirus da murar bazara da aka saba yi."
              },
              "imageUrl": "ichef.bbci.co.uk/images/ic/$recipe/p08bsxrp.jpg",
              "embedding": true,
              "advertising": true,
              "caption": "Bidiyon yadda za ku gane bambancin coronavirus da murar bazara",
              "versions": [
                {
                  "versionId": "p08bstnz",
                  "types": [
                    "Original"
                  ],
                  "duration": 108,
                  "durationISO8601": "PT1M48S",
                  "warnings": {},
                  "availableTerritories": {
                    "uk": true,
                    "nonUk": true
                  },
                  "availableFrom": 1588170417000
                }
              ],
              "imageCopyright": "Getty Images",
              "smpKind": "programme",
              "type": "media"
            },
            "indexImage": {
              "id": "112027567",
              "subType": "index",
              "href": "http://c.files.bbci.co.uk/12B1C/production/_112027567_p08bsxrp.jpg",
              "path": "/cpsprodpb/12B1C/production/_112027567_p08bsxrp.jpg",
              "height": 549,
              "width": 976,
              "altText": "coronavirus",
              "copyrightHolder": "Getty Images",
              "type": "image"
            },
            "options": {
              "isBreakingNews": false,
              "isFactCheck": false
            },
            "id": "urn:bbc:ares::asset:hausa/labarai-52477165",
            "type": "cps"
          },
          {
            "headlines": {
              "headline": "Na'urar da ke sanya mutane ba da tazara a lambuna"
            },
            "locators": {
              "assetUri": "/hausa/media-52686526",
              "cpsUrn": "urn:bbc:content:assetUri:hausa/media-52686526",
              "curie": "http://www.bbc.co.uk/asset/023e186f-7802-404d-b5a6-64dc4a29ca34",
              "assetId": "52686526"
            },
            "summary": "Na'urar na zagayawa a lambuna.",
            "timestamp": 1589688617000,
            "language": "ha",
            "cpsType": "MAP",
            "media": {
              "id": "p08db4lx",
              "subType": "clip",
              "format": "video",
              "title": "Na'urar da ke sanya mutane ba da tazara a lambunan",
              "synopses": {
                "short": "Coronavirus: Na'urar da ke sanya mutane ba da tazara a lambunan",
                "long": "An kera wata na'ura a kasar Singapore wadda aka aje a lambu domin ta rika tuna wa mutane su rika ba da tazara. Hukumomi a kasar sun ce suna yin amfani da na'urar a matsayin gwaji domin suka yadda mutane za su karbi abin. Sun ce idan aka karba da kyau za su kara sanya wasu da dama a wasu lambunan.",
                "medium": "Na'urar na zagayawa a lambuban tana"
              },
              "imageUrl": "ichef.bbci.co.uk/images/ic/$recipe/p08db6gt.jpg",
              "embedding": true,
              "advertising": true,
              "caption": "Na'urar da ke sanya mutane ba da tazara a lambuna",
              "versions": [
                {
                  "versionId": "p08db4m0",
                  "types": [
                    "Original"
                  ],
                  "duration": 80,
                  "durationISO8601": "PT1M20S",
                  "warnings": {},
                  "availableTerritories": {
                    "uk": true,
                    "nonUk": true
                  },
                  "availableFrom": 1589569311000
                }
              ],
              "imageCopyright": "BBC",
              "smpKind": "programme",
              "type": "media"
            },
            "indexImage": {
              "id": "112294521",
              "subType": "index",
              "href": "http://c.files.bbci.co.uk/3105/production/_112294521_p08db6gt.jpg",
              "path": "/cpsprodpb/3105/production/_112294521_p08db6gt.jpg",
              "height": 576,
              "width": 1024,
              "altText": "Keyframe #1",
              "copyrightHolder": "BBC",
              "type": "image"
            },
            "options": {
              "isBreakingNews": false,
              "isFactCheck": false
            },
            "id": "urn:bbc:ares::asset:hausa/media-52686526",
            "type": "cps"
          },
          {
            "headlines": {
              "headline": "Ba gaskiya ba ne cewa ba a warkewa daga coronavirus"
            },
            "locators": {
              "assetUri": "/hausa/media-52042000",
              "cpsUrn": "urn:bbc:content:assetUri:hausa/media-52042000",
              "curie": "http://www.bbc.co.uk/asset/60230236-a46a-8047-9f5e-705dc759181f",
              "assetId": "52042000"
            },
            "summary": "Wasu na cewa wai ba a warkewa daga cutar, ba gaskiya ba ne. Ga Abdulbaki Jari da bayani cewa ana warkewa in ji hukumar kula da lafiya ta duniya.",
            "timestamp": 1590167021000,
            "language": "ha",
            "passport": {
              "category": {
                "categoryId": "http://www.bbc.co.uk/ontologies/applicationlogic-news/Explainer",
                "categoryName": "Explainer"
              },
              "campaigns": [
                {
                  "campaignId": "5a988e3e39461b000e9dabfb",
                  "campaignName": "WS - Keep me on trend"
                }
              ],
              "taggings": []
            },
            "cpsType": "MAP",
            "media": {
              "id": "p089lhcp",
              "subType": "clip",
              "format": "video",
              "title": "Ba gaskiya ba ne cewa ba a warkewa daga coronavirus",
              "synopses": {
                "short": "Ba gaskiya ba ne cewa ba a warkewa daga coronavirus",
                "long": "Wasu na nuna kyama ga masu dauke da cutar coronavirus inda wasu ke ganin cewa ba a iya warkewa daga cutar, wannan ba gaskiya ba ne. Hukumar kula da lafiya ta duniya ta tabbatar da cewa ana iya warkewa daga cutar tangararas. Ga bayanin dan jarida mai sa ido a kan coronavirus Abdulbaki Jari.",
                "medium": "Wasu na cewa wai ba a warkewa daga cutar, ba gaskiya ba ne. Ga Abdulbaki Jari da bayani cewa ana warkewa in ji hukumar kula da lafiya ta duniya."
              },
              "imageUrl": "ichef.bbci.co.uk/images/ic/$recipe/p089lk6g.jpg",
              "embedding": true,
              "advertising": true,
              "caption": "Ba gaskiya ba ne cewa ba a warkewa daga coronavirus",
              "versions": [
                {
                  "versionId": "p089lhcs",
                  "types": [
                    "Original"
                  ],
                  "duration": 56,
                  "durationISO8601": "PT56S",
                  "warnings": {},
                  "availableTerritories": {
                    "uk": true,
                    "nonUk": true
                  },
                  "availableFrom": 1586970382000
                }
              ],
              "imageCopyright": "BBC",
              "smpKind": "programme",
              "type": "media"
            },
            "indexImage": {
              "id": "112406925",
              "subType": "index",
              "href": "http://c.files.bbci.co.uk/CEE0/production/_112406925_p089lk6g.jpg",
              "path": "/cpsprodpb/CEE0/production/_112406925_p089lk6g.jpg",
              "height": 576,
              "width": 1024,
              "altText": "Keyframe #5",
              "copyrightHolder": "BBC",
              "type": "image"
            },
            "options": {
              "isBreakingNews": false,
              "isFactCheck": false
            },
            "id": "urn:bbc:ares::asset:hausa/media-52042000",
            "type": "cps"
          },
          {
            "headlines": {
              "headline": "Yadda ake karrama ma'aikatan lafiya masu aikin korona"
            },
            "locators": {
              "assetUri": "/hausa/labarai-52635543",
              "cpsUrn": "urn:bbc:content:assetUri:hausa/labarai-52635543",
              "curie": "http://www.bbc.co.uk/asset/e0c68ac6-3449-224d-99bb-7822bbf7c3a3",
              "assetId": "52635543"
            },
            "summary": "Yadda ake karrama ma'aikatan lafiya masu aikin korona",
            "timestamp": 1589333784000,
            "language": "ha",
            "passport": {
              "category": {
                "categoryId": "http://www.bbc.co.uk/ontologies/applicationlogic-news/News",
                "categoryName": "News"
              },
              "campaigns": [
                {
                  "campaignId": "5a988e3139461b000e9dabf9",
                  "campaignName": "WS - Divert me"
                }
              ],
              "taggings": []
            },
            "cpsType": "MAP",
            "media": {
              "id": "p08cys2v",
              "subType": "clip",
              "format": "video",
              "title": "Yadda ake karrama ma'aikatan lafiya masu aikin korona",
              "synopses": {
                "short": "Yadda ake karrama ma'aikatan lafiya masu aikin korona",
                "long": "Yadda ake karrama ma'aikatan lafiya masu aikin korona",
                "medium": "Yadda ake karrama ma'aikatan lafiya masu aikin korona"
              },
              "imageUrl": "ichef.bbci.co.uk/images/ic/$recipe/p08cytgm.jpg",
              "embedding": true,
              "advertising": true,
              "caption": "Ma'iakatan lafiya",
              "versions": [
                {
                  "versionId": "p08cys34",
                  "types": [
                    "Original"
                  ],
                  "duration": 132,
                  "durationISO8601": "PT2M12S",
                  "warnings": {},
                  "availableTerritories": {
                    "uk": true,
                    "nonUk": true
                  },
                  "availableFrom": 1589294690000
                }
              ],
              "smpKind": "programme",
              "type": "media"
            },
            "indexImage": {
              "id": "112246101",
              "subType": "index",
              "href": "http://c.files.bbci.co.uk/27B4/production/_112246101_healthworkers.jpg",
              "path": "/cpsprodpb/27B4/production/_112246101_healthworkers.jpg",
              "height": 549,
              "width": 976,
              "altText": "Ma'aikatan lafiya",
              "copyrightHolder": "Getty Images",
              "type": "image"
            },
            "options": {
              "isBreakingNews": false,
              "isFactCheck": false
            },
            "id": "urn:bbc:ares::asset:hausa/labarai-52635543",
            "type": "cps"
          }
        ],
        "semanticGroupName": "Watch/Listen"
      },
      {
        "type": "other-top-stories",
        "title": "Standalone Other Top Stories",
        "items": [
          {
            "name": "Coronavirus a Afrika- Yadda alkaluman cutar suke kai tsaye",
            "uri": "https://www.bbc.com/hausa/resources/idt-62caa7a7-81f8-480d-9fdd-c03c6195f391",
            "contentType": "Unknown",
            "assetTypeCode": "URL",
            "type": "link"
          }
        ],
        "semanticGroupName": "Standalone Other Top Stories"
      },
      {
        "type": "guide-content",
        "title": "Guides content 1",
        "items": [
          {
            "headlines": {
              "headline": "Ko Najeriya na cin galaba a yaƙi da annobar korona?"
            },
            "locators": {
              "assetUri": "/hausa/labarai-53657918",
              "cpsUrn": "urn:bbc:content:assetUri:hausa/labarai-53657918",
              "curie": "http://www.bbc.co.uk/asset/1cac5f55-f09f-4cd0-974a-76f3d9047449",
              "assetId": "53657918"
            },
            "summary": "Wata biyar kenan har yanzu waɗanda suka kamu da cutar korona a Najeriya ba su kai 50,000 ba.",
            "timestamp": 1596600576000,
            "language": "ha",
            "byline": {
              "name": "Umar Mikail",
              "title": "BBC Abuja Bureau",
              "persons": [
                {
                  "name": "Umar Mikail",
                  "function": "BBC Abuja Bureau",
                  "thumbnail": "http://c.files.bbci.co.uk/12C50/production/_105608867_umikail.jpg",
                  "twitterName": "UmarMikail"
                }
              ]
            },
            "passport": {
              "category": {
                "categoryId": "http://www.bbc.co.uk/ontologies/applicationlogic-news/News",
                "categoryName": "News"
              },
              "campaigns": [
                {
                  "campaignId": "5a988e4739461b000e9dabfc",
                  "campaignName": "WS - Update me"
                }
              ],
              "taggings": []
            },
            "cpsType": "STY",
            "indexImage": {
              "id": "113809717",
              "subType": "index",
              "href": "http://c.files.bbci.co.uk/1186E/production/_113809717_gettyimages-1203900854-594x594.jpg",
              "path": "/cpsprodpb/1186E/production/_113809717_gettyimages-1203900854-594x594.jpg",
              "height": 500,
              "width": 889,
              "altText": "Coronavirus a Najeriya",
              "caption": "Mako guda kenan alƙaluman masu kamuwa da cutar a kullum yana raguwa",
              "copyrightHolder": "Getty Images",
              "type": "image"
            },
            "options": {
              "isBreakingNews": false,
              "isFactCheck": false
            },
            "id": "urn:bbc:ares::asset:hausa/labarai-53657918",
            "type": "cps"
          },
          {
            "headlines": {
              "headline": "Yadda korona ta kassara wasu kamfanonin Najeriya"
            },
            "locators": {
              "assetUri": "/hausa/labarai-53669305",
              "cpsUrn": "urn:bbc:content:assetUri:hausa/labarai-53669305",
              "curie": "http://www.bbc.co.uk/asset/978fd770-1bbf-410d-8029-60959c80d6ab",
              "assetId": "53669305"
            },
            "summary": "Wannan annoba ta tursasa wa kamfanoni da dama korar ma'aikata, wasu 'yan kasuwa kuma suka samu karayar arziƙi sakamakon yadda abubuwa suka tsaya cik a lokacin kullen korona da ma bayan kullen a wasu ɓangarorin.",
            "timestamp": 1596684993000,
            "language": "ha",
            "passport": {
              "category": {
                "categoryId": "http://www.bbc.co.uk/ontologies/applicationlogic-news/News",
                "categoryName": "News"
              },
              "campaigns": [
                {
                  "campaignId": "5a988e3739461b000e9dabfa",
                  "campaignName": "WS - Give me perspective"
                }
              ],
              "taggings": []
            },
            "cpsType": "STY",
            "indexImage": {
              "id": "113826423",
              "subType": "index",
              "href": "http://c.files.bbci.co.uk/7ECE/production/_113826423_51be4147-6c8c-4bf8-b123-91163585659e.jpg",
              "path": "/cpsprodpb/7ECE/production/_113826423_51be4147-6c8c-4bf8-b123-91163585659e.jpg",
              "height": 549,
              "width": 976,
              "altText": "...",
              "copyrightHolder": "FAAN",
              "type": "image"
            },
            "options": {
              "isBreakingNews": false,
              "isFactCheck": false
            },
            "id": "urn:bbc:ares::asset:hausa/labarai-53669305",
            "type": "cps"
          },
          {
            "headlines": {
              "headline": "Matar da ke jagorantar samar da maganin coronavirus"
            },
            "locators": {
              "assetUri": "/hausa/labarai-53557485",
              "cpsUrn": "urn:bbc:content:assetUri:hausa/labarai-53557485",
              "curie": "http://www.bbc.co.uk/asset/019eaa5c-578c-4319-badc-e42c0e3d44d3",
              "assetId": "53557485"
            },
            "summary": "Matar da ke jagorantar maganin cutar korona na aiki ne a Jami'ar Oxford kuma 'ya'yanta 'yan uku na daga cikin wadanda ke taimaka mata wajen samar da maganin.",
            "timestamp": 1595908990000,
            "language": "ha",
            "passport": {
              "category": {
                "categoryId": "http://www.bbc.co.uk/ontologies/applicationlogic-news/Feature",
                "categoryName": "Feature"
              },
              "campaigns": [
                {
                  "campaignId": "5a988e1739461b000e9dabf6",
                  "campaignName": "WS - CS"
                },
                {
                  "campaignId": "5a988e3139461b000e9dabf9",
                  "campaignName": "WS - Divert me"
                }
              ],
              "taggings": []
            },
            "cpsType": "STY",
            "indexImage": {
              "id": "113615655",
              "subType": "index",
              "href": "http://c.files.bbci.co.uk/D963/production/_113615655_sarahgilbert1.png",
              "path": "/cpsprodpb/D963/production/_113615655_sarahgilbert1.png",
              "height": 549,
              "width": 976,
              "altText": "Prof Sarah Gilbert at work",
              "caption": "Gilbert is a professor of vaccinology at Oxford University's Jenner Institute",
              "copyrightHolder": "University of Oxford, John Cairns",
              "type": "image"
            },
            "imageThumbnail": {
              "id": "113611692",
              "subType": "index-thumbnail",
              "href": "http://c.files.bbci.co.uk/73AB/production/_113611692_sarahgilbert2.png",
              "path": "/cpsprodpb/73AB/production/_113611692_sarahgilbert2.png",
              "height": 180,
              "width": 320,
              "altText": "Prof Sarah Gilbert at Oxford University",
              "caption": "Professor Gilbert and her team are hoping to have a vaccine ready soon",
              "copyrightHolder": "University of Oxford, John Cairns",
              "type": "image"
            },
            "options": {
              "isBreakingNews": false,
              "isFactCheck": false
            },
            "id": "urn:bbc:ares::asset:hausa/labarai-53557485",
            "type": "cps"
          },
          {
            "headlines": {
              "headline": "Me ya sa Amurkawa ke jin haushin sanya takunkumi?"
            },
            "locators": {
              "assetUri": "/hausa/rahotanni-53488762",
              "cpsUrn": "urn:bbc:content:assetUri:hausa/rahotanni-53488762",
              "curie": "http://www.bbc.co.uk/asset/82729624-94f1-44f7-9eb3-f30513f6bc27",
              "assetId": "53488762"
            },
            "summary": "Yadda batun saka takunkumi domin kariya ya zama ce-ce-ku-ce tsakanin ɓangarorin siyasa a Amurka",
            "timestamp": 1595704262000,
            "language": "ha",
            "byline": {
              "name": "Daga Tara McKelvey",
              "title": "Leawood, Kansas",
              "persons": [
                {
                  "name": "Tara McKelvey",
                  "function": "Leawood, Kansas"
                }
              ]
            },
            "passport": {
              "category": {
                "categoryId": "http://www.bbc.co.uk/ontologies/applicationlogic-news/Feature",
                "categoryName": "Feature"
              },
              "campaigns": [
                {
                  "campaignId": "5a988e1739461b000e9dabf6",
                  "campaignName": "WS - CS"
                },
                {
                  "campaignId": "5a988e3739461b000e9dabfa",
                  "campaignName": "WS - Give me perspective"
                }
              ],
              "taggings": []
            },
            "cpsType": "STY",
            "indexImage": {
              "id": "113556287",
              "subType": "index",
              "href": "http://c.files.bbci.co.uk/131B9/production/_113556287_trump_getty.jpg",
              "path": "/cpsprodpb/131B9/production/_113556287_trump_getty.jpg",
              "height": 549,
              "width": 976,
              "altText": "Trump supporter wearing a mask",
              "copyrightHolder": "Getty Images",
              "type": "image"
            },
            "options": {
              "isBreakingNews": false,
              "isFactCheck": false
            },
            "id": "urn:bbc:ares::asset:hausa/rahotanni-53488762",
            "type": "cps"
          },
          {
            "headlines": {
              "headline": "Ko gwajin yawu zai taimaka wajen kawo ƙarshen annobar korona?"
            },
            "locators": {
              "assetUri": "/hausa/rahotanni-53474443",
              "cpsUrn": "urn:bbc:content:assetUri:hausa/rahotanni-53474443",
              "curie": "http://www.bbc.co.uk/asset/f0056eab-dded-4f21-9c0c-914046b70533",
              "assetId": "53474443"
            },
            "summary": "Ko gwajin yawu duk mako zai taimaka wajen dawo da rayuwa yadda take a da? Tawagar BBC ta lafiya ta yi bincike kan hakan.",
            "timestamp": 1595389215000,
            "language": "ha",
            "byline": {
              "name": "Fergus Walsh",
              "title": "Wakilin BBC kan kiwon lafiya ",
              "persons": [
                {
                  "name": "Fergus Walsh",
                  "function": "Corresponsal de Medicina de la BBC*"
                }
              ]
            },
            "passport": {
              "category": {
                "categoryId": "http://www.bbc.co.uk/ontologies/applicationlogic-news/Feature",
                "categoryName": "Feature"
              },
              "campaigns": [
                {
                  "campaignId": "5a988e1739461b000e9dabf6",
                  "campaignName": "WS - CS"
                },
                {
                  "campaignId": "5a988e2939461b000e9dabf8",
                  "campaignName": "WS - Educate me"
                }
              ],
              "taggings": []
            },
            "cpsType": "STY",
            "indexImage": {
              "id": "113487349",
              "subType": "index",
              "href": "http://c.files.bbci.co.uk/170AA/production/_113487349_leadimagesaliva.jpg",
              "path": "/cpsprodpb/170AA/production/_113487349_leadimagesaliva.jpg",
              "height": 549,
              "width": 976,
              "altText": "Illustration of a woman spitting",
              "copyrightHolder": "Emma Russell",
              "type": "image"
            },
            "options": {
              "isBreakingNews": false,
              "isFactCheck": false
            },
            "id": "urn:bbc:ares::asset:hausa/rahotanni-53474443",
            "type": "cps"
          },
          {
            "headlines": {
              "headline": "Yadda cutar korona ta taimaka wa ma'aikata yin tattalin kuɗi"
            },
            "locators": {
              "assetUri": "/hausa/labarai-53218182",
              "cpsUrn": "urn:bbc:content:assetUri:hausa/labarai-53218182",
              "curie": "http://www.bbc.co.uk/asset/8e37341b-1db3-4e41-b4f6-a13f97047b7b",
              "assetId": "53218182"
            },
            "summary": "Dokar kulle ta tagayara tattalin arzikin kananan ma'aikata, sai dai ga wadanda ma'aikatunsu suka ba su damar aiki daga gida abin sai san barka.",
            "timestamp": 1594006607000,
            "language": "ha",
            "byline": {
              "name": "Daga Pablo Uchoa",
              "title": "BBC World Service",
              "persons": [
                {
                  "name": "Pablo Uchoa",
                  "function": "BBC World Service"
                }
              ]
            },
            "passport": {
              "category": {
                "categoryId": "http://www.bbc.co.uk/ontologies/applicationlogic-news/Analysis",
                "categoryName": "Analysis"
              },
              "campaigns": [
                {
                  "campaignId": "5a988e1739461b000e9dabf6",
                  "campaignName": "WS - CS"
                }
              ],
              "taggings": []
            },
            "cpsType": "STY",
            "indexImage": {
              "id": "113059020",
              "subType": "index",
              "href": "http://c.files.bbci.co.uk/082F/production/_113059020_4614cbae-f213-42c5-a316-21da86ed7439.jpg",
              "path": "/cpsprodpb/082F/production/_113059020_4614cbae-f213-42c5-a316-21da86ed7439.jpg",
              "height": 549,
              "width": 976,
              "altText": "A domestic worker in the US",
              "caption": "Domestic workers in the US have been \"left on their own\", says the National Domestic Workers Alliance (NDWA)",
              "copyrightHolder": "NDWA",
              "type": "image"
            },
            "imageThumbnail": {
              "id": "113059022",
              "subType": "index-thumbnail",
              "href": "http://c.files.bbci.co.uk/564F/production/_113059022_4614cbae-f213-42c5-a316-21da86ed7439.jpg",
              "path": "/cpsprodpb/564F/production/_113059022_4614cbae-f213-42c5-a316-21da86ed7439.jpg",
              "height": 180,
              "width": 320,
              "altText": "A domestic worker in the US",
              "caption": "Domestic workers in the US have been \"left on their own\", says the National Domestic Workers Alliance (NDWA)",
              "copyrightHolder": "NDWA",
              "type": "image"
            },
            "options": {
              "isBreakingNews": false,
              "isFactCheck": false
            },
            "id": "urn:bbc:ares::asset:hausa/labarai-53218182",
            "type": "cps"
          },
          {
            "headlines": {
              "headline": "Yadda rashin saka takunkumi ya yi ajalin wani a Amurka"
            },
            "locators": {
              "assetUri": "/hausa/labarai-53412988",
              "cpsUrn": "urn:bbc:content:assetUri:hausa/labarai-53412988",
              "curie": "http://www.bbc.co.uk/asset/f8de9670-d58f-4a5a-821d-9844710106e0",
              "assetId": "53412988"
            },
            "summary": "Wata 'yar sanda a jihar Michigan ta harbe wani mutum da ake zargi da dabawa wani kwastoma wuka saboda ya yi masa fada kan kin sa takunkumi",
            "timestamp": 1594785564000,
            "language": "ha",
            "passport": {
              "category": {
                "categoryId": "http://www.bbc.co.uk/ontologies/applicationlogic-news/News",
                "categoryName": "News"
              },
              "campaigns": [
                {
                  "campaignId": "5a988e4739461b000e9dabfc",
                  "campaignName": "WS - Update me"
                }
              ],
              "taggings": []
            },
            "cpsType": "STY",
            "indexImage": {
              "id": "113394038",
              "subType": "index",
              "href": "http://c.files.bbci.co.uk/14469/production/_113394038_6a7425b2-8c46-4199-9e5e-f0aef5461e80.jpg",
              "path": "/cpsprodpb/14469/production/_113394038_6a7425b2-8c46-4199-9e5e-f0aef5461e80.jpg",
              "height": 549,
              "width": 976,
              "altText": "Grab from footage released by Michigan State Police, 14 July",
              "caption": "Michigan State Police released security footage showing the confrontation between the officer and the suspect",
              "copyrightHolder": "Michigan State Police",
              "type": "image"
            },
            "options": {
              "isBreakingNews": false,
              "isFactCheck": false
            },
            "id": "urn:bbc:ares::asset:hausa/labarai-53412988",
            "type": "cps"
          },
          {
            "headlines": {
              "headline": "Yadda cutar korona ke lalata ƙwaƙwalwa"
            },
            "locators": {
              "assetUri": "/hausa/rahotanni-53268372",
              "cpsUrn": "urn:bbc:content:assetUri:hausa/rahotanni-53268372",
              "curie": "http://www.bbc.co.uk/asset/cc2c6036-184a-4835-a8bc-3c7e50c650ba",
              "assetId": "53268372"
            },
            "summary": "Wasu masana kimiyya sun ce cutar korona mai haifar da sarkewar numfashi ba ta huhu kawai take ƙisa ba, takan lalata ƙwaƙwalwa, kuma alamominta sun hada da ciwon kai da shanyewar barin jiki.",
            "timestamp": 1593800622000,
            "language": "ha",
            "byline": {
              "name": "Daga Zoe Cormier",
              "title": "BBC Future",
              "persons": [
                {
                  "name": "Zoe Cormier",
                  "function": "BBC Earth"
                }
              ]
            },
            "passport": {
              "category": {
                "categoryId": "http://www.bbc.co.uk/ontologies/applicationlogic-news/Feature",
                "categoryName": "Feature"
              },
              "campaigns": [
                {
                  "campaignId": "5a988e1739461b000e9dabf6",
                  "campaignName": "WS - CS"
                },
                {
                  "campaignId": "5a988e2939461b000e9dabf8",
                  "campaignName": "WS - Educate me"
                }
              ],
              "taggings": []
            },
            "cpsType": "STY",
            "indexImage": {
              "id": "113178898",
              "subType": "index",
              "href": "http://c.files.bbci.co.uk/15F1F/production/_113178898_p08hpr00-1.jpg",
              "path": "/cpsprodpb/15F1F/production/_113178898_p08hpr00-1.jpg",
              "height": 549,
              "width": 976,
              "altText": "A toddler gets his temperature taken by a medical professional",
              "caption": "Ba kasaifa yara suke fuskantar barazanar Covid-19 ba",
              "copyrightHolder": "AFP",
              "type": "image"
            },
            "options": {
              "isBreakingNews": false,
              "isFactCheck": false
            },
            "id": "urn:bbc:ares::asset:hausa/rahotanni-53268372",
            "type": "cps"
          }
        ],
        "semanticGroupName": "Guides content 1"
      },
      {
        "type": "guide-content",
        "title": "Guides content 2",
        "items": [
          {
            "headlines": {
              "headline": "Shin cutar korona ta mayar da dan Adam malalaci?"
            },
            "locators": {
              "assetUri": "/hausa/labarai-53135224",
              "cpsUrn": "urn:bbc:content:assetUri:hausa/labarai-53135224",
              "curie": "http://www.bbc.co.uk/asset/0fe2d599-6bff-4c61-ada4-f500fd24a002",
              "assetId": "53135224"
            },
            "summary": "Annobar da ta bulla a duniya ta tilastawa al'ummar duniya zaman gida da kuma bin komai sannu a hankali",
            "timestamp": 1593364641000,
            "language": "ha",
            "byline": {
              "name": "Daga Claudia Hammond",
              "title": "BBC Future",
              "persons": [
                {
                  "name": "Claudia Hammond",
                  "function": "BBC Future"
                }
              ]
            },
            "passport": {
              "category": {
                "categoryId": "http://www.bbc.co.uk/ontologies/applicationlogic-news/Analysis",
                "categoryName": "Analysis"
              },
              "campaigns": [
                {
                  "campaignId": "5a988e1739461b000e9dabf6",
                  "campaignName": "WS - CS"
                }
              ],
              "taggings": []
            },
            "cpsType": "STY",
            "indexImage": {
              "id": "112902654",
              "subType": "index",
              "href": "http://c.files.bbci.co.uk/B234/production/_112902654_d9dc7637-2a29-4f57-bc7e-7103315bc2af.jpg",
              "path": "/cpsprodpb/B234/production/_112902654_d9dc7637-2a29-4f57-bc7e-7103315bc2af.jpg",
              "height": 549,
              "width": 976,
              "altText": "A group of people perform lunges in a gym class",
              "caption": "Wasu mutanen ba sa wasa da batun motsa jikinsu",
              "copyrightHolder": "Getty Images",
              "type": "image"
            },
            "options": {
              "isBreakingNews": false,
              "isFactCheck": false
            },
            "id": "urn:bbc:ares::asset:hausa/labarai-53135224",
            "type": "cps"
          },
          {
            "headlines": {
              "headline": "Abu biyar da suka sa cutar korona ta ta'azzara a Yemen"
            },
            "locators": {
              "assetUri": "/hausa/labarai-53130402",
              "cpsUrn": "urn:bbc:content:assetUri:hausa/labarai-53130402",
              "curie": "http://www.bbc.co.uk/asset/8f27364c-576e-4d1f-b8db-c9961a39c929",
              "assetId": "53130402"
            },
            "summary": "Abu biyar da suka sanya cutar korona ta yi ƙamari a ƙasar Yemen.",
            "timestamp": 1592803595000,
            "language": "ha",
            "passport": {
              "category": {
                "categoryId": "http://www.bbc.co.uk/ontologies/applicationlogic-news/News",
                "categoryName": "News"
              },
              "campaigns": [
                {
                  "campaignId": "5a988e4739461b000e9dabfc",
                  "campaignName": "WS - Update me"
                }
              ],
              "taggings": []
            },
            "cpsType": "STY",
            "indexImage": {
              "id": "112975592",
              "subType": "index",
              "href": "http://c.files.bbci.co.uk/7375/production/_112975592_mediaitem112975591.jpg",
              "path": "/cpsprodpb/7375/production/_112975592_mediaitem112975591.jpg",
              "height": 432,
              "width": 768,
              "altText": "Boy wearing protective mask in Sanaa, Yemen (21/05/20)",
              "copyrightHolder": "AFP",
              "type": "image"
            },
            "options": {
              "isBreakingNews": false,
              "isFactCheck": false
            },
            "id": "urn:bbc:ares::asset:hausa/labarai-53130402",
            "type": "cps"
          },
          {
            "headlines": {
              "headline": "Shugabannin duniya 10 da suka karya dokokin coronavirus"
            },
            "locators": {
              "assetUri": "/hausa/rahotanni-52920725",
              "cpsUrn": "urn:bbc:content:assetUri:hausa/rahotanni-52920725",
              "curie": "http://www.bbc.co.uk/asset/844eb37e-7d34-2a4c-bb6d-d4e56013fc28",
              "assetId": "52920725"
            },
            "summary": "Firaministoci da shugabannin ƙasashe sun karya dokokin kulle da suka saka da kansu domin rage yaɗuwar cutar korona.",
            "timestamp": 1591358389000,
            "language": "ha",
            "byline": {
              "name": "Daga Swaminathan Natarajan",
              "title": "BBC World Service",
              "persons": [
                {
                  "name": "Swaminathan Natarajan",
                  "function": "BBC World Service"
                }
              ]
            },
            "passport": {
              "category": {
                "categoryId": "http://www.bbc.co.uk/ontologies/applicationlogic-news/Feature",
                "categoryName": "Feature"
              },
              "campaigns": [
                {
                  "campaignId": "5a988e1739461b000e9dabf6",
                  "campaignName": "WS - CS"
                }
              ],
              "taggings": []
            },
            "cpsType": "STY",
            "indexImage": {
              "id": "112613691",
              "subType": "index",
              "href": "http://c.files.bbci.co.uk/4CAF/production/_112613691_gettyimages-1208726658.jpg",
              "path": "/cpsprodpb/4CAF/production/_112613691_gettyimages-1208726658.jpg",
              "height": 549,
              "width": 976,
              "altText": "Vladimir Putin with Denis Protsenko",
              "caption": "'Yan kwanaki bayan sun yi wannan gaisawar ne Dakta Denis Protsenko ya kamu da cutar korona da ake yi wa laƙabi da Covid-19",
              "copyrightHolder": "Getty Images",
              "type": "image"
            },
            "options": {
              "isBreakingNews": false,
              "isFactCheck": false
            },
            "id": "urn:bbc:ares::asset:hausa/rahotanni-52920725",
            "type": "cps"
          },
          {
            "headlines": {
              "headline": "Me ya faru adadin masu korona ya yi ƙasa a Kano?"
            },
            "locators": {
              "assetUri": "/hausa/labarai-52872450",
              "cpsUrn": "urn:bbc:content:assetUri:hausa/labarai-52872450",
              "curie": "http://www.bbc.co.uk/asset/c2eea4bc-d3cf-5d46-9348-0730e382f4d9",
              "assetId": "52872450"
            },
            "summary": "Lamarin ya jefa taraddadi a zukatan ƙwararru game da abin da ke faruwa a jihar, wadda ke fama da ƙaruwar mace-macen da har yanzu ba a tabbatar da sanadinsu ba.",
            "timestamp": 1590998099000,
            "language": "ha",
            "passport": {
              "category": {
                "categoryId": "http://www.bbc.co.uk/ontologies/applicationlogic-news/News",
                "categoryName": "News"
              },
              "campaigns": [
                {
                  "campaignId": "5a988e3739461b000e9dabfa",
                  "campaignName": "WS - Give me perspective"
                }
              ],
              "taggings": []
            },
            "cpsType": "STY",
            "indexImage": {
              "id": "112574536",
              "subType": "index",
              "href": "http://c.files.bbci.co.uk/F83B/production/_112574536_ganduj.jpg",
              "path": "/cpsprodpb/F83B/production/_112574536_ganduj.jpg",
              "height": 549,
              "width": 976,
              "altText": "@KNSMOH",
              "copyrightHolder": "@KNSMOH",
              "type": "image"
            },
            "options": {
              "isBreakingNews": false,
              "isFactCheck": false
            },
            "id": "urn:bbc:ares::asset:hausa/labarai-52872450",
            "type": "cps"
          },
          {
            "headlines": {
              "headline": "Rayukan mutanen da suka salwanta saboda labaran ƙarya kan korona"
            },
            "locators": {
              "assetUri": "/hausa/labarai-52821037",
              "cpsUrn": "urn:bbc:content:assetUri:hausa/labarai-52821037",
              "curie": "http://www.bbc.co.uk/asset/2d4b1395-a026-5a4f-9b37-baa64ab64260",
              "assetId": "52821037"
            },
            "summary": "Wata tawagar BBC da ke bibiyar labaran bogi kan cutar korona ta gano wani abu da ke da alaka da cin zarafi da barnata kadarodi da kuma rasa rayuka - da kuma yiwuwar haifar da wata mummunar barnar a nan gaba.",
            "timestamp": 1591082485000,
            "language": "ha",
            "byline": {
              "name": "Daga Marianna Spring",
              "title": "Wakili na musamman a yaki da labaran karya",
              "persons": [
                {
                  "name": "BBC Trending",
                  "function": "What's popular and why",
                  "thumbnail": "http://c.files.bbci.co.uk/137B7/production/_108799797_pic-nc.png"
                }
              ]
            },
            "passport": {
              "category": {
                "categoryId": "http://www.bbc.co.uk/ontologies/applicationlogic-news/Feature",
                "categoryName": "Feature"
              },
              "campaigns": [
                {
                  "campaignId": "5a988e1739461b000e9dabf6",
                  "campaignName": "WS - CS"
                }
              ],
              "taggings": []
            },
            "cpsType": "STY",
            "indexImage": {
              "id": "112376306",
              "subType": "index",
              "href": "http://c.files.bbci.co.uk/EBCF/production/_112376306_gettyimages-1212445762.jpg",
              "path": "/cpsprodpb/EBCF/production/_112376306_gettyimages-1212445762.jpg",
              "height": 549,
              "width": 976,
              "altText": "A man holds a sign during a demonstration in California in early May",
              "caption": "A protester during a demonstration in California in early May",
              "copyrightHolder": "Getty Images",
              "type": "image"
            },
            "imageThumbnail": {
              "id": "112438767",
              "subType": "index-thumbnail",
              "href": "http://c.files.bbci.co.uk/12BEF/production/_112438767_hospital.jpg",
              "path": "/cpsprodpb/12BEF/production/_112438767_hospital.jpg",
              "height": 180,
              "width": 320,
              "altText": "Brian lee Hitchens in a hospital bed",
              "copyrightHolder": "Brian Lee Hitchens",
              "type": "image"
            },
            "options": {
              "isBreakingNews": false,
              "isFactCheck": false
            },
            "id": "urn:bbc:ares::asset:hausa/labarai-52821037",
            "type": "cps"
          },
          {
            "headlines": {
              "headline": "Yadda korona ta mayar da mutane masu hawa keke"
            },
            "locators": {
              "assetUri": "/hausa/labarai-52616276",
              "cpsUrn": "urn:bbc:content:assetUri:hausa/labarai-52616276",
              "curie": "http://www.bbc.co.uk/asset/98a48a15-76b7-9544-aeb5-9344ca4da051",
              "assetId": "52616276"
            },
            "summary": "Kantunan sayar da kekuna a Burtaniya sun ce bukatar sabbin kekuna ta karu, haka kuma bukatar gyara tsofaffi ma ta daga.",
            "timestamp": 1589256150000,
            "language": "ha",
            "byline": {
              "name": "Daga Roger Harrabin",
              "title": "BBC environment analyst",
              "persons": [
                {
                  "name": "Roger Harrabin",
                  "function": "BBC environment analyst"
                }
              ]
            },
            "passport": {
              "category": {
                "categoryId": "http://www.bbc.co.uk/ontologies/applicationlogic-news/News",
                "categoryName": "News"
              },
              "campaigns": [
                {
                  "campaignId": "5a988e3139461b000e9dabf9",
                  "campaignName": "WS - Divert me"
                }
              ],
              "taggings": []
            },
            "cpsType": "STY",
            "indexImage": {
              "id": "112228325",
              "subType": "index",
              "href": "http://c.files.bbci.co.uk/CC9E/production/_112228325_karkaji.png",
              "path": "/cpsprodpb/CC9E/production/_112228325_karkaji.png",
              "height": 351,
              "width": 624,
              "altText": "Getty",
              "caption": "Wasu masu tukin keke a nahiyar Turai",
              "copyrightHolder": "Getty Images",
              "type": "image"
            },
            "options": {
              "isBreakingNews": false,
              "isFactCheck": false
            },
            "id": "urn:bbc:ares::asset:hausa/labarai-52616276",
            "type": "cps"
          }
        ],
        "semanticGroupName": "Guides content 2"
      },
      {
        "type": "guide-content",
        "title": "Guides content 3",
        "items": [
          {
            "headlines": {
              "headline": "Coronavirus: Abubuwan da har yanzu ba mu sani ba kan cutar"
            },
            "locators": {
              "assetUri": "/hausa/rahotanni-52092467",
              "cpsUrn": "urn:bbc:content:assetUri:hausa/rahotanni-52092467",
              "curie": "http://www.bbc.co.uk/asset/03bee1c6-9749-ea42-b5d8-057be306bf0d",
              "assetId": "52092467"
            },
            "summary": "Ga wasu daga cikin manyan amsoshi dangane da wannan cuta.",
            "timestamp": 1585578048000,
            "language": "ha",
            "byline": {
              "name": "Daga James Gallagher",
              "title": "Wakilin BBC kan Lafiya da Kimiyya ",
              "persons": [
                {
                  "name": "James Gallagher",
                  "function": "Health and science correspondent",
                  "thumbnail": "http://news.bbcimg.co.uk/media/images/80648000/jpg/_80648760_10246446_10154237177360567_8699499429687251255_n.jpg",
                  "twitterName": "JamesTGallagher"
                }
              ]
            },
            "passport": {
              "category": {
                "categoryId": "http://www.bbc.co.uk/ontologies/applicationlogic-news/Feature",
                "categoryName": "Feature"
              },
              "campaigns": [
                {
                  "campaignId": "5a988e1739461b000e9dabf6",
                  "campaignName": "WS - CS"
                }
              ],
              "taggings": []
            },
            "cpsType": "STY",
            "indexImage": {
              "id": "111397313",
              "subType": "index",
              "href": "http://c.files.bbci.co.uk/7A93/production/_111397313_gettyimages-1204793213.jpg",
              "path": "/cpsprodpb/7A93/production/_111397313_gettyimages-1204793213.jpg",
              "height": 1152,
              "width": 2048,
              "altText": "Scientist",
              "copyrightHolder": "Getty Images",
              "type": "image"
            },
            "options": {
              "isBreakingNews": false,
              "isFactCheck": false
            },
            "id": "urn:bbc:ares::asset:hausa/rahotanni-52092467",
            "type": "cps"
          },
          {
            "headlines": {
              "headline": "Doron kasa ya rage motsi saboda an killace mutane a gida"
            },
            "locators": {
              "assetUri": "/hausa/labarai-52204319",
              "cpsUrn": "urn:bbc:content:assetUri:hausa/labarai-52204319",
              "curie": "http://www.bbc.co.uk/asset/c932546e-d1fd-0b43-9fc6-5ac998120cd5",
              "assetId": "52204319"
            },
            "summary": "Takunkumai da aka sa don yaki da Covid-19 na nufin takaita zirga-zirga a mota da jiragen kasa da ayyukan kamfanoni. Idan biliyoyin mutane suka rage yin wadannan abubuwan, yana sauya yadda doron kasa ke motsi.",
            "timestamp": 1586321363000,
            "language": "ha",
            "passport": {
              "category": {
                "categoryId": "http://www.bbc.co.uk/ontologies/applicationlogic-news/News",
                "categoryName": "News"
              },
              "campaigns": [
                {
                  "campaignId": "5a988e1739461b000e9dabf6",
                  "campaignName": "WS - CS"
                }
              ],
              "taggings": []
            },
            "cpsType": "STY",
            "indexImage": {
              "id": "111638798",
              "subType": "index",
              "href": "http://c.files.bbci.co.uk/15EB7/production/_111638798_52187702.jpg",
              "path": "/cpsprodpb/15EB7/production/_111638798_52187702.jpg",
              "height": 562,
              "width": 1000,
              "altText": "Cities around the world have been deserted as people stay indoors due to coronavirus lockdowns.",
              "caption": "Cities around the world have been deserted as people stay indoors due to coronavirus lockdowns.",
              "copyrightHolder": "Getty",
              "type": "image"
            },
            "options": {
              "isBreakingNews": false,
              "isFactCheck": false
            },
            "id": "urn:bbc:ares::asset:hausa/labarai-52204319",
            "type": "cps"
          },
          {
            "headlines": {
              "headline": "'Coronavirus matsala ce ta siyasa, ba ta lafiya ba'"
            },
            "locators": {
              "assetUri": "/hausa/labarai-52242209",
              "cpsUrn": "urn:bbc:content:assetUri:hausa/labarai-52242209",
              "curie": "http://www.bbc.co.uk/asset/68c8cf33-dbff-9241-ae98-da4f69da0bda",
              "assetId": "52242209"
            },
            "summary": "Ta yaya Covid-19 za ta sauya duniya? Zabin da muka yi a yanzu zai daidaita rayuwarmu a shekaru masu zuwa, Masanin tarihi kuma marubuci Yuval Noah Harari ya shaida wa BBC.",
            "timestamp": 1586668542000,
            "language": "ha",
            "passport": {
              "category": {
                "categoryId": "http://www.bbc.co.uk/ontologies/applicationlogic-news/News",
                "categoryName": "News"
              },
              "campaigns": [
                {
                  "campaignId": "5a988e1739461b000e9dabf6",
                  "campaignName": "WS - CS"
                },
                {
                  "campaignId": "5a988e3739461b000e9dabfa",
                  "campaignName": "WS - Give me perspective"
                }
              ],
              "taggings": []
            },
            "cpsType": "STY",
            "indexImage": {
              "id": "111699849",
              "subType": "index",
              "href": "http://c.files.bbci.co.uk/172B3/production/_111699849_c19-smile-976.jpg",
              "path": "/cpsprodpb/172B3/production/_111699849_c19-smile-976.jpg",
              "height": 549,
              "width": 976,
              "altText": "A woman wearing a protective mask holds a leaf as a smile in France, on 29 March 2020",
              "caption": "The outbreak is keeping us apart from each other, but will it change our social nature for ever?",
              "copyrightHolder": "AFP",
              "type": "image"
            },
            "options": {
              "isBreakingNews": false,
              "isFactCheck": false
            },
            "id": "urn:bbc:ares::asset:hausa/labarai-52242209",
            "type": "cps"
          }
        ],
        "semanticGroupName": "Guides content 3"
      },
      {
        "type": "feature-main",
        "title": "Features and Analysis",
        "items": [
          {
            "headlines": {
              "headline": "Iyayen da ke fama da yara marasa ji lokacin kullen coronavirus"
            },
            "locators": {
              "assetUri": "/hausa/labarai-52416631",
              "cpsUrn": "urn:bbc:content:assetUri:hausa/labarai-52416631",
              "curie": "http://www.bbc.co.uk/asset/a32bca2a-bc7d-ff44-b4a0-b3ffa2bd42c7",
              "assetId": "52416631"
            },
            "summary": "Yaushe yaranku ke matsa muku, ya kuke yi da matakin ba da tazara tsakaninku?",
            "timestamp": 1587905518000,
            "language": "ha",
            "byline": {
              "name": "Daga Joseph Lee",
              "title": "BBC News",
              "persons": [
                {
                  "name": "Joseph Lee",
                  "function": "BBC News"
                }
              ]
            },
            "passport": {
              "category": {
                "categoryId": "http://www.bbc.co.uk/ontologies/applicationlogic-news/Feature",
                "categoryName": "Feature"
              },
              "campaigns": [
                {
                  "campaignId": "5a988e1739461b000e9dabf6",
                  "campaignName": "WS - CS"
                }
              ],
              "taggings": []
            },
            "cpsType": "STY",
            "indexImage": {
              "id": "111866924",
              "subType": "index",
              "href": "http://c.files.bbci.co.uk/A7D6/production/_111866924_gettyimages-1183801416.jpg",
              "path": "/cpsprodpb/A7D6/production/_111866924_gettyimages-1183801416.jpg",
              "height": 549,
              "width": 976,
              "altText": "Generic image of a woman covering her face",
              "caption": "Parents facing violence from their children say they need social support and more leeway from authorities",
              "copyrightHolder": "Getty Images",
              "type": "image"
            },
            "options": {
              "isBreakingNews": false,
              "isFactCheck": false
            },
            "id": "urn:bbc:ares::asset:hausa/labarai-52416631",
            "type": "cps"
          },
          {
            "headlines": {
              "headline": "Manyan annobar da suka taba shafar arewacin Najeriya"
            },
            "locators": {
              "assetUri": "/hausa/rahotanni-52018444",
              "cpsUrn": "urn:bbc:content:assetUri:hausa/rahotanni-52018444",
              "curie": "http://www.bbc.co.uk/asset/3af4840e-ae56-6343-a777-48fc14b64126",
              "assetId": "52018444"
            },
            "summary": "Coronavirus ba ita ce annobar da duniya ta fara fuskanta ba, an sha samun annoba daruruwan shekaru da suka gabata a duniya, wadanda har gobe ana tuna illar su a tarihi.",
            "timestamp": 1585308081000,
            "language": "ha",
            "byline": {
              "name": "Halima Umar Saleh",
              "title": "BBC Hausa, Abuja",
              "persons": [
                {
                  "name": "Halima Umar Saleh",
                  "function": "BBC Hausa, Abuja",
                  "thumbnail": "http://c.files.bbci.co.uk/17D3B/production/_105959579_myself.jpg"
                }
              ]
            },
            "passport": {
              "category": {
                "categoryId": "http://www.bbc.co.uk/ontologies/applicationlogic-news/Feature",
                "categoryName": "Feature"
              },
              "campaigns": [
                {
                  "campaignId": "5a988e2939461b000e9dabf8",
                  "campaignName": "WS - Educate me"
                }
              ],
              "taggings": []
            },
            "cpsType": "STY",
            "indexImage": {
              "id": "111447688",
              "subType": "index",
              "href": "http://c.files.bbci.co.uk/15A62/production/_111447688_mataaasibitianajeriyagetty.jpg",
              "path": "/cpsprodpb/15A62/production/_111447688_mataaasibitianajeriyagetty.jpg",
              "height": 576,
              "width": 1024,
              "altText": "mata a asibiti",
              "copyrightHolder": "Getty Images",
              "type": "image"
            },
            "options": {
              "isBreakingNews": false,
              "isFactCheck": false
            },
            "id": "urn:bbc:ares::asset:hausa/rahotanni-52018444",
            "type": "cps"
          },
          {
            "headlines": {
              "headline": "Shin annoba ba ta shiga garuruwan Makkah da Madina?"
            },
            "locators": {
              "assetUri": "/hausa/labarai-52070396",
              "cpsUrn": "urn:bbc:content:assetUri:hausa/labarai-52070396",
              "curie": "http://www.bbc.co.uk/asset/836bc33d-e54d-2949-ad10-29851e188e67",
              "assetId": "52070396"
            },
            "summary": "Wannan dalili ya sa muka tuntubi wani malamin addinin Musulunci a Najeriya, wanda kuma ya yi karatu a Madina, shin ko gaskiya wannan magana tana da tushe a Musulunci?",
            "timestamp": 1585456704000,
            "language": "ha",
            "passport": {
              "category": {
                "categoryId": "http://www.bbc.co.uk/ontologies/applicationlogic-news/Analysis",
                "categoryName": "Analysis"
              },
              "campaigns": [
                {
                  "campaignId": "5a988e3739461b000e9dabfa",
                  "campaignName": "WS - Give me perspective"
                }
              ],
              "taggings": []
            },
            "cpsType": "STY",
            "indexImage": {
              "id": "111454357",
              "subType": "index",
              "href": "http://c.files.bbci.co.uk/12651/production/_111454357_makkahkaabagetty.jpg",
              "path": "/cpsprodpb/12651/production/_111454357_makkahkaabagetty.jpg",
              "height": 576,
              "width": 1024,
              "altText": "Makkah",
              "copyrightHolder": "Getty Images",
              "type": "image"
            },
            "options": {
              "isBreakingNews": false,
              "isFactCheck": false
            },
            "id": "urn:bbc:ares::asset:hausa/labarai-52070396",
            "type": "cps"
          },
          {
            "headlines": {
              "headline": "Mece ce alakar Coronavirus da fasahar 5G?"
            },
            "locators": {
              "assetUri": "/hausa/rahotanni-52185087",
              "cpsUrn": "urn:bbc:content:assetUri:hausa/rahotanni-52185087",
              "curie": "http://www.bbc.co.uk/asset/e57d066f-84d1-ff43-8496-2a375c1d21a3",
              "assetId": "52185087"
            },
            "summary": "Masana kimiya a duniya sun yi Allah-wadai da zargin wata kullalliya da ake ikirarin cewa fasahar intanet ta 5G ta taimaka wajen yada cutar coronavirus.",
            "timestamp": 1586251221000,
            "language": "ha",
            "byline": {
              "name": "Daga Rachel Schraer da Eleanor Lawrie",
              "title": "Reality Check",
              "persons": [
                {
                  "name": "Rachel Schraer",
                  "function": "Health reporter",
                  "twitterName": "rachelschraer"
                },
                {
                  "name": "Eleanor Lawrie",
                  "function": "Reality Check"
                }
              ]
            },
            "passport": {
              "category": {
                "categoryId": "http://www.bbc.co.uk/ontologies/applicationlogic-news/FactCheck",
                "categoryName": "Fact Check"
              },
              "campaigns": [
                {
                  "campaignId": "5a988e1739461b000e9dabf6",
                  "campaignName": "WS - CS"
                }
              ],
              "taggings": []
            },
            "cpsType": "STY",
            "indexImage": {
              "id": "111050210",
              "subType": "index",
              "href": "http://c.files.bbci.co.uk/04B5/production/_111050210_gettyimages-1031709582.jpg",
              "path": "/cpsprodpb/04B5/production/_111050210_gettyimages-1031709582.jpg",
              "height": 549,
              "width": 976,
              "altText": "mobile network",
              "caption": "Turken sadarwa na wayoyin salula ya kama da wuta a Birmingham da Merseyside, wanda ya haifar da bincike",
              "copyrightHolder": "Getty Images",
              "type": "image"
            },
            "options": {
              "isBreakingNews": false,
              "isFactCheck": false
            },
            "id": "urn:bbc:ares::asset:hausa/rahotanni-52185087",
            "type": "cps"
          }
        ],
        "semanticGroupName": "Features and Analysis"
      },
      {
        "type": "picture-gallery-stories",
        "title": "Picture Gallery Stories",
        "items": [
          {
            "headlines": {
              "headline": "Hotunan tauraron dan adam na yadda coronavirus ta sauya duniya"
            },
            "locators": {
              "assetUri": "/hausa/labarai-51958783",
              "cpsUrn": "urn:bbc:content:assetUri:hausa/labarai-51958783",
              "curie": "http://www.bbc.co.uk/asset/f880effb-9e23-7448-9f7f-4fecbc43b9c7",
              "assetId": "51958783"
            },
            "summary": "Hotunan da aka dauka da tauraron dan adam sun nuna yadda wasu wurare da aka sani da taruwar jama'a suka zama tamkar kufai sakamakon annobar coronavirus.",
            "timestamp": 1584622198000,
            "language": "ha",
            "passport": {
              "category": {
                "categoryId": "http://www.bbc.co.uk/ontologies/applicationlogic-news/Explainer",
                "categoryName": "Explainer"
              },
              "campaigns": [
                {
                  "campaignId": "5a988e1739461b000e9dabf6",
                  "campaignName": "WS - CS"
                }
              ],
              "taggings": []
            },
            "cpsType": "STY",
            "indexImage": {
              "id": "111342199",
              "subType": "index",
              "href": "http://c.files.bbci.co.uk/18334/production/_111342199_carrental976.jpg",
              "path": "/cpsprodpb/18334/production/_111342199_carrental976.jpg",
              "height": 549,
              "width": 976,
              "altText": "Car rentals at Phoenix",
              "copyrightHolder": "Maxar",
              "type": "image"
            },
            "options": {
              "isBreakingNews": false,
              "isFactCheck": false
            },
            "id": "urn:bbc:ares::asset:hausa/labarai-51958783",
            "type": "cps"
          },
          {
            "headlines": {
              "headline": "Yadda annobar coronavirus ta sauya rayuwa a Birtaniya"
            },
            "locators": {
              "assetUri": "/hausa/labarai-52010838",
              "cpsUrn": "urn:bbc:content:assetUri:hausa/labarai-52010838",
              "curie": "http://www.bbc.co.uk/asset/ab51721b-edd2-a441-b060-f44a8484abbb",
              "assetId": "52010838"
            },
            "summary": "Hotuna daga fadin kasar kan yandda jama'a suka sauya yanayin gudanar da rayuwarsu sakamakon Covid-19.",
            "timestamp": 1585024102000,
            "language": "ha",
            "passport": {
              "category": {
                "categoryId": "http://www.bbc.co.uk/ontologies/applicationlogic-news/News",
                "categoryName": "News"
              },
              "campaigns": [
                {
                  "campaignId": "5a988e3e39461b000e9dabfb",
                  "campaignName": "WS - Keep me on trend"
                }
              ],
              "taggings": []
            },
            "cpsType": "STY",
            "indexImage": {
              "id": "111397405",
              "subType": "index",
              "href": "http://c.files.bbci.co.uk/C52F/production/_111397405_rts36ys3.jpg",
              "path": "/cpsprodpb/C52F/production/_111397405_rts36ys3.jpg",
              "height": 549,
              "width": 976,
              "altText": "A quiet bus passes the Bank of England",
              "caption": "Household isolation, social distancing, working from home, avoidance of public gatherings have been recommended while public transport has been reduced in many towns and cities as part of protective measures to reduce the spread of the disease",
              "copyrightHolder": "Reuters",
              "type": "image"
            },
            "options": {
              "isBreakingNews": false,
              "isFactCheck": false
            },
            "id": "urn:bbc:ares::asset:hausa/labarai-52010838",
            "type": "cps"
          }
        ],
        "semanticGroupName": "Picture Gallery Stories"
      }
    ]
  },
  "promo": {
    "subType": "IDX",
    "name": "Coronavirus: Rahotanni na musamman",
    "uri": "/hausa/labarai-52299135",
    "id": "urn:bbc:ares::index:hausa/labarai-52299135/desktop/domestic",
    "type": "simple"
  },
  "relatedContent": {
    "section": {
      "subType": "index",
      "name": "Labarai",
      "uri": "/hausa/labarai",
      "type": "simple"
    },
    "site": {
      "subType": "site",
      "name": "BBC Hausa",
      "uri": "/hausa",
      "type": "simple"
    },
    "groups": []
  }
}