{
  "data": {
    "generated": "2023-07-14T08:41:21.839Z",
    "lastRecordTimeStamp": "2023-07-14T08:38:00Z",
    "firstRecordTimeStamp": "2023-07-14T08:23:00Z",
    "items": [
      {
        "id": "urn:bbc:optimo:asset:cz7j30n893ro",
        "rank": 1,
        "title": "Cerita WNI yang pindah jadi warga negara Singapura",
        "href": "https://www.bbc.com/indonesia/articles/cz7j30n893ro",
        "timestamp": 1689209384683
      },
      {
        "id": "urn:bbc:optimo:asset:c5159x3qlvyo",
        "rank": 2,
        "title": "Mengapa 'Manusia Jawa' belum bisa pulang ke Indonesia?",
        "href": "https://www.bbc.com/indonesia/articles/c5159x3qlvyo",
        "timestamp": 1689035067992
      },
      {
        "id": "urn:bbc:optimo:asset:cv2rljj7r64o",
        "rank": 3,
        "title": "Kisah dokter Muslim yang difitnah membuat mandul ribuan perempuan Buddha",
        "href": "https://www.bbc.com/indonesia/articles/cv2rljj7r64o",
        "timestamp": 1689309990348
      },
      {
        "id": "urn:bbc:optimo:asset:c8v0qpvmry9o",
        "rank": 4,
        "title": "Tak lolos jalur zonasi PPDB, siswa dari keluarga miskin terpaksa daftar ke sekolah swasta",
        "href": "https://www.bbc.com/indonesia/articles/c8v0qpvmry9o",
        "timestamp": 1689292135807
      },
      {
        "id": "57100511-ce3e-46f8-bfd3-912db3cd90e3",
        "rank": 5,
        "title": "Wali Kota Medan Bobby Nasution apresiasi tembak mati begal, padahal Presiden Jokowi menyesalkan 'Petrus'",
        "href": "/indonesia/indonesia-66124456",
        "timestamp": 1689298543000
      },
      {
        "id": "a1761ddc-2ffc-4e4a-89c8-7e1cd66f47be",
        "rank": 6,
        "title": "Anak SMP di bawah umur 'ngotot' menikah: Apakah menikah muda cara menghindari zina?",
        "href": "/indonesia/trensosial-43785313",
        "timestamp": 1523946458000
      },
      {
        "id": "a3bd3e70-9e4a-4a1c-8b77-0728481ad7d3",
        "rank": 7,
        "title": "Apa itu Nikuba dan bagaimana kelanjutan kontroversinya?",
        "href": "/indonesia/trensosial-61706322",
        "timestamp": 1654681768000
      },
      {
        "id": "90ba7abe-205f-4c47-8fd1-31604d1eaf73",
        "rank": 8,
        "title": "Kisah pengantin baru asal Jakarta yang terperangkap di Thailand",
        "href": "/indonesia/majalah-65970260",
        "timestamp": 1687508838000
      },
      {
        "id": "urn:bbc:optimo:asset:c2x5myznr0no",
        "rank": 9,
        "title": "Diwarnai aksi protes dan penolakan dua fraksi, DPR sahkan UU Kesehatan - apa pasal-pasal yang menuai polemik?",
        "href": "https://www.bbc.com/indonesia/articles/c2x5myznr0no",
        "timestamp": 1689059597647
      },
      {
        "id": "urn:bbc:optimo:asset:c6pw3ddlnl2o",
        "rank": 10,
        "title": "'Kami harus menunggu berapa tahun lagi untuk pulang?' - WNI korban perdagangan orang menanti langkah konkret ASEAN",
        "href": "https://www.bbc.com/indonesia/articles/c6pw3ddlnl2o",
        "timestamp": 1689302559081
      },
      {
        "id": "01244049-6f8a-3949-9c42-3e2b6aa82d3b",
        "rank": 11,
        "title": "Malam pertama: Kisah pernikahan para perempuan yang hancur karena 'tidak perawan'",
        "href": "/indonesia/majalah-50216471",
        "timestamp": 1572346966000
      },
      {
        "id": "urn:bbc:optimo:asset:cldl453lw4no",
        "rank": 12,
        "title": "Lima hal yang dilakukan sejumlah negara agar warganya mau punya anak dan merawat manula",
        "href": "https://www.bbc.com/indonesia/articles/cldl453lw4no",
        "timestamp": 1674815735501
      },
      {
        "id": "urn:bbc:optimo:asset:c72xlrp0rzeo",
        "rank": 13,
        "title": "Ratusan gereja hancur akibat gelombang kekerasan di India",
        "href": "https://www.bbc.com/indonesia/articles/c72xlrp0rzeo",
        "timestamp": 1686823434267
      },
      {
        "id": "urn:bbc:optimo:asset:c2vz601d6q1o",
        "rank": 14,
        "title": "Mengapa Swedia dan Finlandia yang tadinya netral kini bergabung dengan NATO?",
        "href": "https://www.bbc.com/indonesia/articles/c2vz601d6q1o",
        "timestamp": 1689135602655
      },
      {
        "id": "urn:bbc:optimo:asset:c4nkddypg1mo",
        "rank": 15,
        "title": "Kontroversi RUU Kesehatan: Anggaran wajib untuk kesehatan dihapus, 'layanan kesehatan akan makin buruk'",
        "href": "https://www.bbc.com/indonesia/articles/c4nkddypg1mo",
        "timestamp": 1686700265430
      },
      {
        "id": "urn:bbc:optimo:asset:c16er148kp6o",
        "rank": 16,
        "title": "Siapa Huw Edwards, presenter BBC yang dituduh terlibat skandal seks?",
        "href": "https://www.bbc.com/indonesia/articles/c16er148kp6o",
        "timestamp": 1689227930503
      },
      {
        "id": "urn:bbc:optimo:asset:c0k9dv99p9ko",
        "rank": 17,
        "title": "Pembakaran Al-Qur'an di Swedia memicu kemarahan: 'Tidak usah direspons dengan marah-marah'",
        "href": "https://www.bbc.com/indonesia/articles/c0k9dv99p9ko",
        "timestamp": 1688116476045
      },
      {
        "id": "deb96a2c-f4e7-b541-8317-0a5b19c0bbcd",
        "rank": 18,
        "title": "Fotografer menangkan sengketa foto selfie monyet di hutan Indonesia",
        "href": "/indonesia/dunia-41236121",
        "timestamp": 1505194891000
      },
      {
        "id": "d6671fcc-6f91-4c32-bb58-286207e2c9e3",
        "rank": 19,
        "title": "Mengapa New York dan Singapura ditetapkan sebagai kota termahal di dunia?",
        "href": "/indonesia/majalah-63819934",
        "timestamp": 1670052060000
      },
      {
        "id": "94eab40a-433a-ae45-811b-d294bce6f644",
        "rank": 20,
        "title": "Apa yang sebenarnya terjadi di Area 51?",
        "href": "/indonesia/majalah-49764576",
        "timestamp": 1568939074000
      }
    ],
    "metadata": {
      "atiAnalytics": {
        "contentType": "list-datadriven",
        "pageIdentifier": "indonesia.popular.read.page",
        "timePublished": "2023-07-14T08:23:00Z",
        "timeUpdated": "2023-07-14T08:38:00Z"
      }
    }
  },
  "contentType": "application/json; charset=utf-8"
}
