{
  "content": {
    "blocks": [
      {
        "advertising": false,
        "availability": "available",
        "embedding": false,
        "format": "Audio",
        "id": "w172xnm8j4tzb0b",
        "imageUrl": "ichef.bbci.co.uk/images/ic/$recipe/p08b4828.png",
        "smpKind": "radioProgramme",
        "subType": "episode",
        "synopses": {
          "medium": "Berita terbaru dari seluruh dunia dan ulasan peristiwa dari Indonesia. Juga berita olahraga terbaru dan berbeda setiap harinya.",
          "short": "Berita terbaru dari seluruh dunia dan ulasan peristiwa dari Indonesia. Juga berita olahraga terbaru dan berbeda setiap harinya."
        },
        "title": "16/11/2020 GMT",
        "type": "media",
        "versions": [
          {
            "availabilityStatus": "available",
            "availableFrom": 1605568500000,
            "availableTerritories": {
              "nonUk": false,
              "uk": false,
              "world": true
            },
            "availableUntil": 1608160500000,
            "duration": 930,
            "durationISO8601": "PT15M30S",
            "types": ["Original"],
            "versionId": "w1mshvpphfrwdh8",
            "warnings": {}
          }
        ]
      }
    ]
  },
  "metadata": {
    "analyticsLabels": {
      "contentType": "player-episode",
      "pageIdentifier": "indonesia.bbc_indonesian_radio.programmes.w13xtt0s.page",
      "pageTitle": "Dunia Pagi Ini - BBC News Indonesia",
      "producer": "INDONESIAN",
      "producerId": "54"
    },
    "atiAnalytics": {},
    "blockTypes": ["media"],
    "createdBy": "bbc_indonesian_radio",
    "firstPublished": 1603710474000,
    "id": "urn:bbc:ares:ws_media:brand:bbc_indonesian_radio/w13xtt0s",
    "language": "id",
    "lastPublished": 1603710474000,
    "lastUpdated": 1605626873238,
    "locators": {
      "brandPid": "w13xtt0s",
      "pid": "w172xnm8j4tzb0b"
    },
    "options": {},
    "releaseDateTimeStamp": 1605484800000,
    "tags": {},
    "timestamp": 1603710474000,
    "title": "Dunia Pagi Ini",
    "type": "WSRADIO",
    "version": "v1.3.8"
  },
  "promo": {
    "brand": {
      "pid": "w13xtt0s",
      "title": "Dunia Pagi Ini"
    },
    "headlines": {
      "headline": "Dunia Pagi Ini"
    },
    "id": "urn:bbc:ares:ws_media:page:bbc_indonesian_radio/w172xnm8j4tzb0b",
    "indexImage": {
      "altText": null,
      "copyrightHolder": null,
      "height": 0,
      "href": "ichef.bbci.co.uk/images/ic/$recipe/p08b4828.png",
      "id": "",
      "path": "ichef.bbci.co.uk/images/ic/$recipe/p08b4828.png",
      "subType": "index",
      "type": "image",
      "width": 0
    },
    "locators": {
      "brandPid": "w13xtt0s",
      "pid": "w172xnm8j4tzb0b"
    },
    "media": {
      "advertising": false,
      "availability": "available",
      "embedding": false,
      "format": "Audio",
      "id": "w172xnm8j4tzb0b",
      "imageUrl": "ichef.bbci.co.uk/images/ic/$recipe/p08b4828.png",
      "smpKind": "radioProgramme",
      "subType": "episode",
      "synopses": {
        "medium": "Berita terbaru dari seluruh dunia dan ulasan peristiwa dari Indonesia. Juga berita olahraga terbaru dan berbeda setiap harinya.",
        "short": "Berita terbaru dari seluruh dunia dan ulasan peristiwa dari Indonesia. Juga berita olahraga terbaru dan berbeda setiap harinya."
      },
      "title": "16/11/2020 GMT",
      "type": "media",
      "versions": [
        {
          "availabilityStatus": "available",
          "availableFrom": 1605568500000,
          "availableTerritories": {
            "nonUk": false,
            "uk": false,
            "world": true
          },
          "availableUntil": 1608160500000,
          "duration": 930,
          "durationISO8601": "PT15M30S",
          "types": ["Original"],
          "versionId": "w1mshvpphfrwdh8",
          "warnings": {}
        }
      ]
    },
    "releaseDateTimestamp": 1605484800000,
    "type": "ws_radio"
  },
  "relatedContent": {
    "groups": [
      {
        "promos": [
          {
            "brand": {
              "pid": "w13xtt0s",
              "title": "Dunia Pagi Ini"
            },
            "headlines": {
              "headline": "Dunia Pagi Ini"
            },
            "id": "urn:bbc:ares:ws_media:page:bbc_indonesian_radio/w172xnm8j4tz686",
            "indexImage": {
              "altText": null,
              "copyrightHolder": null,
              "height": 0,
              "href": "ichef.bbci.co.uk/images/ic/$recipe/p08b4828.png",
              "id": "",
              "path": "ichef.bbci.co.uk/images/ic/$recipe/p08b4828.png",
              "subType": "index",
              "type": "image",
              "width": 0
            },
            "locators": {
              "brandPid": "w13xtt0s",
              "pid": "w172xnm8j4tz686"
            },
            "media": {
              "advertising": false,
              "availability": "available",
              "embedding": false,
              "format": "Audio",
              "id": "w172xnm8j4tz686",
              "imageUrl": "ichef.bbci.co.uk/images/ic/$recipe/p08b4828.png",
              "smpKind": "radioProgramme",
              "subType": "episode",
              "synopses": {
                "medium": "Berita terbaru dari seluruh dunia dan ulasan peristiwa dari Indonesia. Juga berita olahraga terbaru dan berbeda setiap harinya.",
                "short": "Berita terbaru dari seluruh dunia dan ulasan peristiwa dari Indonesia. Juga berita olahraga terbaru dan berbeda setiap harinya."
              },
              "title": "16/11/2020 GMT",
              "type": "media",
              "versions": [
                {
                  "availabilityStatus": "available",
                  "availableFrom": 1605564900000,
                  "availableTerritories": {
                    "nonUk": false,
                    "uk": false,
                    "world": true
                  },
                  "availableUntil": 1608156900000,
                  "duration": 930,
                  "durationISO8601": "PT15M30S",
                  "types": ["Original"],
                  "versionId": "w1mshvpphfrw8r4",
                  "warnings": {}
                }
              ]
            },
            "releaseDateTimestamp": 1605484800000,
            "type": "ws_radio"
          },
          {
            "brand": {
              "pid": "w13xtt0s",
              "title": "Dunia Pagi Ini"
            },
            "headlines": {
              "headline": "Dunia Pagi Ini"
            },
            "id": "urn:bbc:ares:ws_media:page:bbc_indonesian_radio/w172xnm84wjrkv2",
            "indexImage": {
              "altText": null,
              "copyrightHolder": null,
              "height": 0,
              "href": "ichef.bbci.co.uk/images/ic/$recipe/p08b4828.png",
              "id": "",
              "path": "ichef.bbci.co.uk/images/ic/$recipe/p08b4828.png",
              "subType": "index",
              "type": "image",
              "width": 0
            },
            "locators": {
              "brandPid": "w13xtt0s",
              "pid": "w172xnm84wjrkv2"
            },
            "media": {
              "advertising": false,
              "availability": "available",
              "embedding": false,
              "format": "Audio",
              "id": "w172xnm84wjrkv2",
              "imageUrl": "ichef.bbci.co.uk/images/ic/$recipe/p08b4828.png",
              "smpKind": "radioProgramme",
              "subType": "episode",
              "synopses": {
                "medium": "Berita terbaru dari seluruh dunia dan ulasan peristiwa dari Indonesia. Juga berita olahraga terbaru dan berbeda setiap harinya.",
                "short": "Berita terbaru dari seluruh dunia dan ulasan peristiwa dari Indonesia. Juga berita olahraga terbaru dan berbeda setiap harinya."
              },
              "title": "15/11/2020 GMT",
              "type": "media",
              "versions": [
                {
                  "availabilityStatus": "available",
                  "availableFrom": 1605482100000,
                  "availableTerritories": {
                    "nonUk": false,
                    "uk": false,
                    "world": true
                  },
                  "availableUntil": 1608074100000,
                  "duration": 930,
                  "durationISO8601": "PT15M30S",
                  "types": ["Original"],
                  "versionId": "w1mshvpp45gnnb0",
                  "warnings": {}
                }
              ]
            },
            "releaseDateTimestamp": 1605398400000,
            "type": "ws_radio"
          },
          {
            "brand": {
              "pid": "w13xtt0s",
              "title": "Dunia Pagi Ini"
            },
            "headlines": {
              "headline": "Dunia Pagi Ini"
            },
            "id": "urn:bbc:ares:ws_media:page:bbc_indonesian_radio/w172xnm84wjrg2y",
            "indexImage": {
              "altText": null,
              "copyrightHolder": null,
              "height": 0,
              "href": "ichef.bbci.co.uk/images/ic/$recipe/p08b4828.png",
              "id": "",
              "path": "ichef.bbci.co.uk/images/ic/$recipe/p08b4828.png",
              "subType": "index",
              "type": "image",
              "width": 0
            },
            "locators": {
              "brandPid": "w13xtt0s",
              "pid": "w172xnm84wjrg2y"
            },
            "media": {
              "advertising": false,
              "availability": "available",
              "embedding": false,
              "format": "Audio",
              "id": "w172xnm84wjrg2y",
              "imageUrl": "ichef.bbci.co.uk/images/ic/$recipe/p08b4828.png",
              "smpKind": "radioProgramme",
              "subType": "episode",
              "synopses": {
                "medium": "Berita terbaru dari seluruh dunia dan ulasan peristiwa dari Indonesia. Juga berita olahraga terbaru dan berbeda setiap harinya.",
                "short": "Berita terbaru dari seluruh dunia dan ulasan peristiwa dari Indonesia. Juga berita olahraga terbaru dan berbeda setiap harinya."
              },
              "title": "15/11/2020 GMT",
              "type": "media",
              "versions": [
                {
                  "availabilityStatus": "available",
                  "availableFrom": 1605478500000,
                  "availableTerritories": {
                    "nonUk": false,
                    "uk": false,
                    "world": true
                  },
                  "availableUntil": 1608070500000,
                  "duration": 930,
                  "durationISO8601": "PT15M30S",
                  "types": ["Original"],
                  "versionId": "w1mshvpp45gnjkw",
                  "warnings": {}
                }
              ]
            },
            "releaseDateTimestamp": 1605398400000,
            "type": "ws_radio"
          },
          {
            "brand": {
              "pid": "w13xtt0s",
              "title": "Dunia Pagi Ini"
            },
            "headlines": {
              "headline": "Dunia Pagi Ini"
            },
            "id": "urn:bbc:ares:ws_media:page:bbc_indonesian_radio/w172xnm84wjgw3s",
            "indexImage": {
              "altText": null,
              "copyrightHolder": null,
              "height": 0,
              "href": "ichef.bbci.co.uk/images/ic/$recipe/p08b4828.png",
              "id": "",
              "path": "ichef.bbci.co.uk/images/ic/$recipe/p08b4828.png",
              "subType": "index",
              "type": "image",
              "width": 0
            },
            "locators": {
              "brandPid": "w13xtt0s",
              "pid": "w172xnm84wjgw3s"
            },
            "media": {
              "advertising": false,
              "availability": "available",
              "embedding": false,
              "format": "Audio",
              "id": "w172xnm84wjgw3s",
              "imageUrl": "ichef.bbci.co.uk/images/ic/$recipe/p08b4828.png",
              "smpKind": "radioProgramme",
              "subType": "episode",
              "synopses": {
                "medium": "Berita terbaru dari seluruh dunia dan ulasan peristiwa dari Indonesia. Juga berita olahraga terbaru dan berbeda setiap harinya.",
                "short": "Berita terbaru dari seluruh dunia dan ulasan peristiwa dari Indonesia. Juga berita olahraga terbaru dan berbeda setiap harinya."
              },
              "title": "12/11/2020 GMT",
              "type": "media",
              "versions": [
                {
                  "availabilityStatus": "available",
                  "availableFrom": 1605222900000,
                  "availableTerritories": {
                    "nonUk": false,
                    "uk": false,
                    "world": true
                  },
                  "availableUntil": 1607814900000,
                  "duration": 930,
                  "durationISO8601": "PT15M30S",
                  "types": ["Original"],
                  "versionId": "w1mshvpp45gcylq",
                  "warnings": {}
                }
              ]
            },
            "releaseDateTimestamp": 1605139200000,
            "type": "ws_radio"
          },
          {
            "brand": {
              "pid": "w13xtt0s",
              "title": "Dunia Pagi Ini"
            },
            "headlines": {
              "headline": "Dunia Pagi Ini"
            },
            "id": "urn:bbc:ares:ws_media:page:bbc_indonesian_radio/w172xnm84wjgrcn",
            "indexImage": {
              "altText": null,
              "copyrightHolder": null,
              "height": 0,
              "href": "ichef.bbci.co.uk/images/ic/$recipe/p08b4828.png",
              "id": "",
              "path": "ichef.bbci.co.uk/images/ic/$recipe/p08b4828.png",
              "subType": "index",
              "type": "image",
              "width": 0
            },
            "locators": {
              "brandPid": "w13xtt0s",
              "pid": "w172xnm84wjgrcn"
            },
            "media": {
              "advertising": false,
              "availability": "available",
              "embedding": false,
              "format": "Audio",
              "id": "w172xnm84wjgrcn",
              "imageUrl": "ichef.bbci.co.uk/images/ic/$recipe/p08b4828.png",
              "smpKind": "radioProgramme",
              "subType": "episode",
              "synopses": {
                "medium": "Berita terbaru dari seluruh dunia dan ulasan peristiwa dari Indonesia. Juga berita olahraga terbaru dan berbeda setiap harinya.",
                "short": "Berita terbaru dari seluruh dunia dan ulasan peristiwa dari Indonesia. Juga berita olahraga terbaru dan berbeda setiap harinya."
              },
              "title": "12/11/2020 GMT",
              "type": "media",
              "versions": [
                {
                  "availabilityStatus": "available",
                  "availableFrom": 1605219300000,
                  "availableTerritories": {
                    "nonUk": false,
                    "uk": false,
                    "world": true
                  },
                  "availableUntil": 1607811300000,
                  "duration": 930,
                  "durationISO8601": "PT15M30S",
                  "types": ["Original"],
                  "versionId": "w1mshvpp45gctvl",
                  "warnings": {}
                }
              ]
            },
            "releaseDateTimestamp": 1605139200000,
            "type": "ws_radio"
          },
          {
            "brand": {
              "pid": "w13xtt0s",
              "title": "Dunia Pagi Ini"
            },
            "headlines": {
              "headline": "Dunia Pagi Ini"
            },
            "id": "urn:bbc:ares:ws_media:page:bbc_indonesian_radio/w172xnm84wjcz6p",
            "indexImage": {
              "altText": null,
              "copyrightHolder": null,
              "height": 0,
              "href": "ichef.bbci.co.uk/images/ic/$recipe/p08b4828.png",
              "id": "",
              "path": "ichef.bbci.co.uk/images/ic/$recipe/p08b4828.png",
              "subType": "index",
              "type": "image",
              "width": 0
            },
            "locators": {
              "brandPid": "w13xtt0s",
              "pid": "w172xnm84wjcz6p"
            },
            "media": {
              "advertising": false,
              "availability": "available",
              "embedding": false,
              "format": "Audio",
              "id": "w172xnm84wjcz6p",
              "imageUrl": "ichef.bbci.co.uk/images/ic/$recipe/p08b4828.png",
              "smpKind": "radioProgramme",
              "subType": "episode",
              "synopses": {
                "medium": "Berita terbaru dari seluruh dunia dan ulasan peristiwa dari Indonesia. Juga berita olahraga terbaru dan berbeda setiap harinya.",
                "short": "Berita terbaru dari seluruh dunia dan ulasan peristiwa dari Indonesia. Juga berita olahraga terbaru dan berbeda setiap harinya."
              },
              "title": "11/11/2020 GMT",
              "type": "media",
              "versions": [
                {
                  "availabilityStatus": "available",
                  "availableFrom": 1605136500000,
                  "availableTerritories": {
                    "nonUk": false,
                    "uk": false,
                    "world": true
                  },
                  "availableUntil": 1607728500000,
                  "duration": 930,
                  "durationISO8601": "PT15M30S",
                  "types": ["Original"],
                  "versionId": "w1mshvpp45g91pm",
                  "warnings": {}
                }
              ]
            },
            "releaseDateTimestamp": 1605052800000,
            "type": "ws_radio"
          },
          {
            "brand": {
              "pid": "w13xtt0s",
              "title": "Dunia Pagi Ini"
            },
            "headlines": {
              "headline": "Dunia Pagi Ini"
            },
            "id": "urn:bbc:ares:ws_media:page:bbc_indonesian_radio/w172xnm84wjcvgk",
            "indexImage": {
              "altText": null,
              "copyrightHolder": null,
              "height": 0,
              "href": "ichef.bbci.co.uk/images/ic/$recipe/p08b4828.png",
              "id": "",
              "path": "ichef.bbci.co.uk/images/ic/$recipe/p08b4828.png",
              "subType": "index",
              "type": "image",
              "width": 0
            },
            "locators": {
              "brandPid": "w13xtt0s",
              "pid": "w172xnm84wjcvgk"
            },
            "media": {
              "advertising": false,
              "availability": "available",
              "embedding": false,
              "format": "Audio",
              "id": "w172xnm84wjcvgk",
              "imageUrl": "ichef.bbci.co.uk/images/ic/$recipe/p08b4828.png",
              "smpKind": "radioProgramme",
              "subType": "episode",
              "synopses": {
                "medium": "Berita terbaru dari seluruh dunia dan ulasan peristiwa dari Indonesia. Juga berita olahraga terbaru dan berbeda setiap harinya.",
                "short": "Berita terbaru dari seluruh dunia dan ulasan peristiwa dari Indonesia. Juga berita olahraga terbaru dan berbeda setiap harinya."
              },
              "title": "11/11/2020 GMT",
              "type": "media",
              "versions": [
                {
                  "availabilityStatus": "available",
                  "availableFrom": 1605132900000,
                  "availableTerritories": {
                    "nonUk": false,
                    "uk": false,
                    "world": true
                  },
                  "availableUntil": 1607724900000,
                  "duration": 930,
                  "durationISO8601": "PT15M30S",
                  "types": ["Original"],
                  "versionId": "w1mshvpp45g8xyh",
                  "warnings": {}
                }
              ]
            },
            "releaseDateTimestamp": 1605052800000,
            "type": "ws_radio"
          },
          {
            "brand": {
              "pid": "w13xtt0s",
              "title": "Dunia Pagi Ini"
            },
            "headlines": {
              "headline": "Dunia Pagi Ini"
            },
            "id": "urn:bbc:ares:ws_media:page:bbc_indonesian_radio/w172xnm84wj929l",
            "indexImage": {
              "altText": null,
              "copyrightHolder": null,
              "height": 0,
              "href": "ichef.bbci.co.uk/images/ic/$recipe/p08b4828.png",
              "id": "",
              "path": "ichef.bbci.co.uk/images/ic/$recipe/p08b4828.png",
              "subType": "index",
              "type": "image",
              "width": 0
            },
            "locators": {
              "brandPid": "w13xtt0s",
              "pid": "w172xnm84wj929l"
            },
            "media": {
              "advertising": false,
              "availability": "available",
              "embedding": false,
              "format": "Audio",
              "id": "w172xnm84wj929l",
              "imageUrl": "ichef.bbci.co.uk/images/ic/$recipe/p08b4828.png",
              "smpKind": "radioProgramme",
              "subType": "episode",
              "synopses": {
                "medium": "Berita terbaru dari seluruh dunia dan ulasan peristiwa dari Indonesia. Juga berita olahraga terbaru dan berbeda setiap harinya.",
                "short": "Berita terbaru dari seluruh dunia dan ulasan peristiwa dari Indonesia. Juga berita olahraga terbaru dan berbeda setiap harinya."
              },
              "title": "10/11/2020 GMT",
              "type": "media",
              "versions": [
                {
                  "availabilityStatus": "available",
                  "availableFrom": 1605050100000,
                  "availableTerritories": {
                    "nonUk": false,
                    "uk": false,
                    "world": true
                  },
                  "availableUntil": 1607642100000,
                  "duration": 930,
                  "durationISO8601": "PT15M30S",
                  "types": ["Original"],
                  "versionId": "w1mshvpp45g64sj",
                  "warnings": {}
                }
              ]
            },
            "releaseDateTimestamp": 1604966400000,
            "type": "ws_radio"
          }
        ],
        "type": "other-episode"
      }
    ],
    "site": {
      "name": "Indonesia",
      "subType": "site",
      "type": "simple",
      "uri": "/indonesia"
    }
  }
}
