{
  "metadata": {
    "id": "urn:bbc:ares::index:gujarati/india-53920818/desktop/domestic",
    "locators": {
      "assetUri": "/gujarati/india-53920818",
      "cpsUrn": "urn:bbc:content:assetUri:gujarati/india-53920818",
      "curie": "http://www.bbc.co.uk/asset/f349ceb7-072f-46ef-bed4-5998e8bb6e4c/desktop/domestic",
      "assetId": "53920818"
    },
    "type": "FIX",
    "createdBy": "gujarati-v6",
    "language": "gu",
    "lastUpdated": 1599364192535,
    "firstPublished": 1598443165000,
    "lastPublished": 1599364185000,
    "timestamp": 1599364183000,
    "options": {
      "allowAdvertising": true
    },
    "analyticsLabels": {
      "cps_asset_type": "fix",
      "counterName": "gujarati.india.feature_index.53920818.page",
      "cps_asset_id": "53920818"
    },
    "tags": {},
    "version": "v1.3.6",
    "blockTypes": [
      "lead-feature-now",
      "container-top-stories",
      "container-guides"
    ],
    "title": "એ ભારતીય મહિલાઓ જેમણે ઇતિહાસ બદલ્યો",
    "summary": "એ ભારતીય મહિલાઓ જેમણે ઇતિહાસ બદલ્યો",
    "atiAnalytics": {
      "producerName": "GUJARATI",
      "producerId": "50"
    }
  },
  "content": {
    "groups": [
      {
        "type": "lead-feature-now",
        "title": "Lead Feature",
        "items": [
          {
            "headlines": {
              "headline": "અનસૂયા સારાભાઈ : પોતાના મિલમાલિક ભાઈ સામે મોરચો માંડનાર ગુજરાતણની કહાણી"
            },
            "locators": {
              "assetUri": "/gujarati/india-54043305",
              "cpsUrn": "urn:bbc:content:assetUri:gujarati/india-54043305",
              "curie": "http://www.bbc.co.uk/asset/737fb92c-af6d-47c2-8634-d124d71d4ec8",
              "assetId": "54043305"
            },
            "summary": "અનસૂયા સારાભાઈ ભારતમાં શ્રમિકોના અધિકારોની લડાઈનાં મહિલા પ્રણેતા ગણાય છે.",
            "timestamp": 1599363850000,
            "language": "gu",
            "byline": {
              "name": "અનઘા પાઠક",
              "title": "બીબીસી સંવાદદાતા",
              "persons": [
                {
                  "name": "Flora Carmichael & Marianna Spring",
                  "function": "BBC Trending"
                }
              ]
            },
            "passport": {
              "category": {
                "categoryId": "http://www.bbc.co.uk/ontologies/applicationlogic-news/FactCheck",
                "categoryName": "Fact Check"
              },
              "campaigns": [
                {
                  "campaignId": "5a988e2139461b000e9dabf7",
                  "campaignName": "WS - Inspire me"
                }
              ],
              "taggings": []
            },
            "cpsType": "STY",
            "indexImage": {
              "id": "114259330",
              "subType": "index",
              "href": "http://c.files.bbci.co.uk/0D43/production/_114259330_whatsubject.jpg",
              "path": "/cpsprodpb/0D43/production/_114259330_whatsubject.jpg",
              "height": 549,
              "width": 976,
              "altText": "અનુસૂયા સારાભાઈ",
              "caption": "અનુસૂયા સારાભાઈ",
              "copyrightHolder": "BBC",
              "type": "image"
            },
            "options": {
              "isBreakingNews": false,
              "isFactCheck": false
            },
            "id": "urn:bbc:ares::asset:gujarati/india-54043305",
            "type": "cps"
          }
        ],
        "semanticGroupName": "Lead Feature"
      },
      {
        "type": "container-top-stories",
        "title": "Container Top Stories",
        "items": [
          {
            "headlines": {
              "headline": "અન્ના ચાંડી : જેમણે સરકારી નોકરીઓમાં મહિલાઓને અનામતની વાત ઉઠાવી"
            },
            "locators": {
              "assetUri": "/gujarati/india-54030884",
              "cpsUrn": "urn:bbc:content:assetUri:gujarati/india-54030884",
              "curie": "http://www.bbc.co.uk/asset/1cf1f4cb-5758-418a-b02a-693bf79c901b",
              "assetId": "54030884"
            },
            "summary": "અન્ના ચાંડી ભારતમાં હાઈકોર્ટનાં જજ બનનારાં પ્રથમ મહિલા હતાં.",
            "timestamp": 1599272809000,
            "language": "gu",
            "byline": {
              "name": "હરિતા કાંડપાલ ",
              "title": "બીબીસી ગુજરાતી",
              "persons": [
                {
                  "name": ". .",
                  "function": "."
                }
              ]
            },
            "passport": {
              "category": {
                "categoryId": "http://www.bbc.co.uk/ontologies/applicationlogic-news/Feature",
                "categoryName": "Feature"
              },
              "campaigns": [
                {
                  "campaignId": "5a988e2139461b000e9dabf7",
                  "campaignName": "WS - Inspire me"
                }
              ],
              "taggings": []
            },
            "cpsType": "STY",
            "indexImage": {
              "id": "114246417",
              "subType": "index",
              "href": "http://c.files.bbci.co.uk/11728/production/_114246417_d7c7f0b2-5a65-4e95-bebe-746dba31276b.png",
              "path": "/cpsprodpb/11728/production/_114246417_d7c7f0b2-5a65-4e95-bebe-746dba31276b.png",
              "height": 549,
              "width": 976,
              "altText": "અન્ના ચાંડી",
              "copyrightHolder": "BBC",
              "type": "image"
            },
            "options": {
              "isBreakingNews": false,
              "isFactCheck": false
            },
            "id": "urn:bbc:ares::asset:gujarati/india-54030884",
            "type": "cps"
          },
          {
            "headlines": {
              "headline": "સુગરા હુમાયુ મિર્ઝા : પડદામાં કેદ જિંદગી છોડીને સ્ત્રીઓનો અવાજ બનવાની કહાણી"
            },
            "locators": {
              "assetUri": "/gujarati/india-53959806",
              "cpsUrn": "urn:bbc:content:assetUri:gujarati/india-53959806",
              "curie": "http://www.bbc.co.uk/asset/3d1855c6-87b3-4166-966b-2885bfb7041a",
              "assetId": "53959806"
            },
            "summary": "તેઓ સ્ત્રીઓના હક માટે અવાજ ઉઠાવનારાં દખ્ખણનાં પ્રથમ મહિલા તંત્રી હતાં.",
            "timestamp": 1598756542000,
            "language": "gu",
            "byline": {
              "name": "નસિરુદ્દીન",
              "title": "વરિષ્ઠ પત્રકાર, બીબીસી માટે",
              "persons": [
                {
                  "name": "Flora Carmichael & Marianna Spring",
                  "function": "BBC Trending"
                }
              ]
            },
            "passport": {
              "category": {
                "categoryId": "http://www.bbc.co.uk/ontologies/applicationlogic-news/Feature",
                "categoryName": "Feature"
              },
              "campaigns": [
                {
                  "campaignId": "5a988e2139461b000e9dabf7",
                  "campaignName": "WS - Inspire me"
                }
              ],
              "taggings": []
            },
            "cpsType": "STY",
            "indexImage": {
              "id": "114176353",
              "subType": "index",
              "href": "http://c.files.bbci.co.uk/8A27/production/_114176353_41413568-94d9-4a55-b551-42e5bb7722a9.jpg",
              "path": "/cpsprodpb/8A27/production/_114176353_41413568-94d9-4a55-b551-42e5bb7722a9.jpg",
              "height": 549,
              "width": 976,
              "altText": "સુગરા હુમાયુ મિર્ઝા",
              "copyrightHolder": "BBC",
              "type": "image"
            },
            "imageThumbnail": {
              "id": "114176355",
              "subType": "index-thumbnail",
              "href": "http://c.files.bbci.co.uk/D847/production/_114176355_mediaitem114176354.jpg",
              "path": "/cpsprodpb/D847/production/_114176355_mediaitem114176354.jpg",
              "height": 180,
              "width": 320,
              "altText": "સુગરા હુમાયુ મિર્ઝા",
              "copyrightHolder": "BBC",
              "type": "image"
            },
            "options": {
              "isBreakingNews": false,
              "isFactCheck": false
            },
            "id": "urn:bbc:ares::asset:gujarati/india-53959806",
            "type": "cps"
          }
        ],
        "semanticGroupName": "Container Top Stories"
      },
      {
        "type": "container-guides",
        "title": "Guides 1",
        "items": [
          {
            "headlines": {
              "headline": "ઇંદરજિત કૌર : એ મહિલા જેમણે સ્ત્રીઓ માટેના અનેક બંધ દરવાજા ખોલાવી દીધા"
            },
            "locators": {
              "assetUri": "/gujarati/india-53956288",
              "cpsUrn": "urn:bbc:content:assetUri:gujarati/india-53956288",
              "curie": "http://www.bbc.co.uk/asset/ddd79bd0-a4c7-41a2-9482-1cc521f4a9ce",
              "assetId": "53956288"
            },
            "summary": "સ્ટાફ સિલેક્શન કમિશનનાં પ્રથમ અધ્યક્ષા અને પંજાબી યુનિવર્સિટીનાં પ્રથમ મહિલા વાઇસ ચાન્સેલર ઇંદરજિત કૌરની કહાણી.",
            "timestamp": 1598673807000,
            "language": "gu",
            "passport": {
              "category": {
                "categoryId": "http://www.bbc.co.uk/ontologies/applicationlogic-news/Feature",
                "categoryName": "Feature"
              },
              "campaigns": [
                {
                  "campaignId": "5a988e2139461b000e9dabf7",
                  "campaignName": "WS - Inspire me"
                }
              ],
              "taggings": []
            },
            "cpsType": "STY",
            "indexImage": {
              "id": "114169510",
              "subType": "index",
              "href": "http://c.files.bbci.co.uk/063C/production/_114169510_14d8ce19-c453-489f-9553-004652c4fd79.jpg",
              "path": "/cpsprodpb/063C/production/_114169510_14d8ce19-c453-489f-9553-004652c4fd79.jpg",
              "height": 549,
              "width": 976,
              "altText": "ઇંદરજિત કૌર",
              "caption": "ઇંદરજિત કૌર એટલે એવાં મહિલા જેમણે બહુ ઉદારતા અને સમજદારી સાથે સ્ત્રીઓ માટેના અનેક બંધ દરોવાજાને ખોલાવી દીધા",
              "copyrightHolder": "BBC",
              "type": "image"
            },
            "options": {
              "isBreakingNews": false,
              "isFactCheck": false
            },
            "id": "urn:bbc:ares::asset:gujarati/india-53956288",
            "type": "cps"
          },
          {
            "headlines": {
              "headline": "રખમાબાઈ રાઉત : 'મરજીવિરુદ્ધ થયેલાં લગ્ન મને માન્ય નથી, હું જેલમાં જઈશ'"
            },
            "locators": {
              "assetUri": "/gujarati/india-53876449",
              "cpsUrn": "urn:bbc:content:assetUri:gujarati/india-53876449",
              "curie": "http://www.bbc.co.uk/asset/fc0b85ee-137e-4e2f-99ad-52142f31c603",
              "assetId": "53876449"
            },
            "summary": "એ દસ મહિલાઓની કહાણીની વિશેષ શ્રેણી, જેમણે લોકશાહીના પાયા મજબૂત કર્યા.",
            "timestamp": 1598152600000,
            "language": "gu",
            "byline": {
              "name": "અનઘા પાઠક",
              "title": "બીબીસી મરાઠી",
              "persons": [
                {
                  "name": ". .",
                  "function": "."
                }
              ]
            },
            "passport": {
              "category": {
                "categoryId": "http://www.bbc.co.uk/ontologies/applicationlogic-news/Feature",
                "categoryName": "Feature"
              },
              "campaigns": [
                {
                  "campaignId": "5a988e2139461b000e9dabf7",
                  "campaignName": "WS - Inspire me"
                }
              ],
              "taggings": []
            },
            "cpsType": "STY",
            "indexImage": {
              "id": "114072733",
              "subType": "index",
              "href": "http://c.files.bbci.co.uk/83BF/production/_114072733_whatsubject.jpg",
              "path": "/cpsprodpb/83BF/production/_114072733_whatsubject.jpg",
              "height": 549,
              "width": 976,
              "altText": "ડૉ. રખમાબાઈ રાઉત",
              "caption": "ડૉ. રખમાબાઈ રાઉત ભારતનાં પ્રથમ વ્યવસાયી મહિલા તબીબી હતાં",
              "copyrightHolder": "BBC",
              "type": "image"
            },
            "imageThumbnail": {
              "id": "114072735",
              "subType": "index-thumbnail",
              "href": "http://c.files.bbci.co.uk/D1DF/production/_114072735_whatsubject.jpg",
              "path": "/cpsprodpb/D1DF/production/_114072735_whatsubject.jpg",
              "height": 180,
              "width": 320,
              "altText": "ડૉ. રખમાબાઈ રાઉત",
              "caption": "ડૉ. રખમાબાઈ રાઉત ભારતનાં પ્રથમ વ્યવસાયી મહિલા તબીબી હતાં",
              "copyrightHolder": "BBC",
              "type": "image"
            },
            "options": {
              "isBreakingNews": false,
              "isFactCheck": false
            },
            "id": "urn:bbc:ares::asset:gujarati/india-53876449",
            "type": "cps"
          },
          {
            "headlines": {
              "headline": "ડૉ મુથુલક્ષ્મી રેડ્ડી : એ મહિલા જેઓ દેવદાસીની પ્રથા સામે જંગે ચડ્યાં"
            },
            "locators": {
              "assetUri": "/gujarati/india-53828367",
              "cpsUrn": "urn:bbc:content:assetUri:gujarati/india-53828367",
              "curie": "http://www.bbc.co.uk/asset/5beebfdb-5d1c-4054-be49-1b8d181d8b56",
              "assetId": "53828367"
            },
            "summary": "ભારતનાં પ્રથમ મહિલા હાઉસ સર્જન, મહિલા મેડિકલ ગ્રેજ્યુએટ, મહિલા ધારાસભ્ય અને ધારાસભાનાં ઉપ પ્રમુખ હતાં ડૉ મુથુલક્ષ્મી રેડ્ડી.",
            "timestamp": 1597832878000,
            "language": "gu",
            "passport": {
              "category": {
                "categoryId": "http://www.bbc.co.uk/ontologies/applicationlogic-news/Feature",
                "categoryName": "Feature"
              },
              "campaigns": [
                {
                  "campaignId": "5a988e2139461b000e9dabf7",
                  "campaignName": "WS - Inspire me"
                },
                {
                  "campaignId": "5a988e2939461b000e9dabf8",
                  "campaignName": "WS - Educate me"
                },
                {
                  "campaignId": "5a988e3139461b000e9dabf9",
                  "campaignName": "WS - Divert me"
                }
              ],
              "taggings": []
            },
            "cpsType": "STY",
            "indexImage": {
              "id": "114010944",
              "subType": "index",
              "href": "http://c.files.bbci.co.uk/AF65/production/_114010944_53828367.jpg",
              "path": "/cpsprodpb/AF65/production/_114010944_53828367.jpg",
              "height": 1078,
              "width": 1916,
              "altText": "મુથુલક્ષ્મી રેડ્ડી",
              "caption": "મુથુલક્ષ્મી રેડ્ડી",
              "copyrightHolder": "BBC",
              "type": "image"
            },
            "imageThumbnail": {
              "id": "114017847",
              "subType": "index-thumbnail",
              "href": "http://c.files.bbci.co.uk/12477/production/_114017847_whatsubject.jpg",
              "path": "/cpsprodpb/12477/production/_114017847_whatsubject.jpg",
              "height": 180,
              "width": 320,
              "altText": "મુથુલક્ષ્મી રેડ્ડી",
              "caption": "મુથુલક્ષ્મી રેડ્ડી",
              "copyrightHolder": "BBC",
              "type": "image"
            },
            "options": {
              "isBreakingNews": false,
              "isFactCheck": false
            },
            "id": "urn:bbc:ares::asset:gujarati/india-53828367",
            "type": "cps"
          }
        ],
        "semanticGroupName": "Guides 1"
      },
      {
        "type": "container-guides",
        "title": "Guides 2",
        "items": [
          {
            "headlines": {
              "headline": "રુકૈયા બેગમ : જેમના એક લેખથી હોબાળો થઈ ગયો"
            },
            "locators": {
              "assetUri": "/gujarati/india-53837455",
              "cpsUrn": "urn:bbc:content:assetUri:gujarati/india-53837455",
              "curie": "http://www.bbc.co.uk/asset/b79c0e69-47f9-4b01-af24-dbea308b8b76",
              "assetId": "53837455"
            },
            "summary": "બીબીસી ગુજરાતી વાચકો માટે લાવી છે 10 એવી મહિલાઓની કહાણી, જેમણે લોકશાહીનો પાયો મજબૂત કર્યો.",
            "timestamp": 1597888528000,
            "language": "gu",
            "byline": {
              "name": "નાસીરુદ્દીન",
              "title": "બીબીસી ગુજરાતી માટે",
              "persons": [
                {
                  "name": ". .",
                  "function": "."
                }
              ]
            },
            "passport": {
              "category": {
                "categoryId": "http://www.bbc.co.uk/ontologies/applicationlogic-news/Feature",
                "categoryName": "Feature"
              },
              "campaigns": [
                {
                  "campaignId": "5a988e2139461b000e9dabf7",
                  "campaignName": "WS - Inspire me"
                },
                {
                  "campaignId": "5a988e2939461b000e9dabf8",
                  "campaignName": "WS - Educate me"
                }
              ],
              "taggings": []
            },
            "cpsType": "STY",
            "indexImage": {
              "id": "114034346",
              "subType": "index",
              "href": "http://c.files.bbci.co.uk/FB57/production/_114034346_whatsubject.jpg",
              "path": "/cpsprodpb/FB57/production/_114034346_whatsubject.jpg",
              "height": 1078,
              "width": 1916,
              "altText": "રુકૈયા બેગમ",
              "caption": "રુકૈયા બેગમ",
              "copyrightHolder": "BBC",
              "type": "image"
            },
            "imageThumbnail": {
              "id": "114030386",
              "subType": "index-thumbnail",
              "href": "http://c.files.bbci.co.uk/10ACF/production/_114030386_whatsubject.jpg",
              "path": "/cpsprodpb/10ACF/production/_114030386_whatsubject.jpg",
              "height": 180,
              "width": 320,
              "altText": "રુકૈયા બેગમ",
              "caption": "રુકૈયા બેગમ",
              "copyrightHolder": "BBC",
              "type": "image"
            },
            "options": {
              "isBreakingNews": false,
              "isFactCheck": false
            },
            "id": "urn:bbc:ares::asset:gujarati/india-53837455",
            "type": "cps"
          },
          {
            "headlines": {
              "headline": "ચંદ્રપ્રભા સૈકિયાની : જેમના અવાજ પર મહિલાઓએ તોડી પાડી 'પડદાની દીવાલ'"
            },
            "locators": {
              "assetUri": "/gujarati/india-53867129",
              "cpsUrn": "urn:bbc:content:assetUri:gujarati/india-53867129",
              "curie": "http://www.bbc.co.uk/asset/b982d914-853e-4582-9408-1340c901d83f",
              "assetId": "53867129"
            },
            "summary": "લોકતંત્રના પાયાને મજબૂત બનાવનારાં 10 મહિલાઓની બીબીસીની ખાસ સિરીઝની કહાણી.",
            "timestamp": 1598068747000,
            "language": "gu",
            "byline": {
              "name": "સુશીલા સિંહ",
              "title": "બીબીસી સંવાદદાતા",
              "persons": [
                {
                  "name": ". .",
                  "function": "."
                }
              ]
            },
            "passport": {
              "category": {
                "categoryId": "http://www.bbc.co.uk/ontologies/applicationlogic-news/News",
                "categoryName": "News"
              },
              "campaigns": [
                {
                  "campaignId": "5a988e2139461b000e9dabf7",
                  "campaignName": "WS - Inspire me"
                }
              ],
              "taggings": []
            },
            "cpsType": "STY",
            "indexImage": {
              "id": "114056746",
              "subType": "index",
              "href": "http://c.files.bbci.co.uk/FCFD/production/_114056746_30599de6-ec9a-4e48-8891-8b9a6639829d.png",
              "path": "/cpsprodpb/FCFD/production/_114056746_30599de6-ec9a-4e48-8891-8b9a6639829d.png",
              "height": 549,
              "width": 976,
              "altText": "ચંદ્રપ્રભા સૈકિયાની",
              "caption": "ચંદ્રપ્રભા સૈકિયાની",
              "copyrightHolder": "BBC",
              "type": "image"
            },
            "imageThumbnail": {
              "id": "114061369",
              "subType": "index-thumbnail",
              "href": "http://c.files.bbci.co.uk/1783C/production/_114061369_30599de6-ec9a-4e48-8891-8b9a6639829d.png",
              "path": "/cpsprodpb/1783C/production/_114061369_30599de6-ec9a-4e48-8891-8b9a6639829d.png",
              "height": 180,
              "width": 320,
              "altText": "ચંદ્રપ્રભા સૈકિયાની",
              "caption": "ચંદ્રપ્રભા સૈકિયાની",
              "copyrightHolder": "BBC",
              "type": "image"
            },
            "options": {
              "isBreakingNews": false,
              "isFactCheck": false
            },
            "id": "urn:bbc:ares::asset:gujarati/india-53867129",
            "type": "cps"
          },
          {
            "headlines": {
              "headline": "અનસૂયા સારાભાઈ : ગુજરાતમાં મજૂરઆંદોલન શરૂ કરનારાં પ્રથમ મહિલા નેતા"
            },
            "locators": {
              "assetUri": "/gujarati/media-54043652",
              "cpsUrn": "urn:bbc:content:assetUri:gujarati/media-54043652",
              "curie": "http://www.bbc.co.uk/asset/336fc429-a090-4a27-ade6-c0cdae014dee",
              "assetId": "54043652"
            },
            "summary": "અનસૂયા સારાભાઈ ગુજરાતમાં મજૂરઆંદોલનની શરૂઆત કરનારાં પ્રથમ મહિલા ગણાય છે.",
            "timestamp": 1599361736000,
            "language": "gu",
            "passport": {
              "category": {
                "categoryId": "http://www.bbc.co.uk/ontologies/applicationlogic-news/Feature",
                "categoryName": "Feature"
              },
              "campaigns": [
                {
                  "campaignId": "5a988e2139461b000e9dabf7",
                  "campaignName": "WS - Inspire me"
                }
              ],
              "taggings": []
            },
            "cpsType": "MAP",
            "media": {
              "id": "p08qmrpy",
              "subType": "clip",
              "format": "video",
              "title": "અનસૂયા સારાભાઈ : ગુજરાતમાં મજૂર આંદોલન શરૂ કરનારાં પ્રથમ નેતા",
              "synopses": {
                "short": "અનસૂયા સારાભાઈ : ગુજરાતમાં મજૂર આંદોલન શરૂ કરનારાં પ્રથમ નેતા",
                "long": "અનસૂયા સારાભાઈનો જન્મ 1885માં અમદાવાદમાં થયો હતો. \n\nઅનસૂયા સારાભાઈ ગુજરાતમાં મજૂરઆંદોલનની શરૂઆત કરનારાં પ્રથમ મહિલા ગણાય છે. \n\nમાત્ર 13 વર્ષની વયે તેમનું લગ્ન કરી દેવાયું હતું. પણ તે સફળ નહોતું નીવડ્યું. \n\nઅનસૂયાના ભાઈએ તેમને ભણવા માટે પ્રોત્સાહિત કર્યાં અને લંડન મોકલ્યાં.\n\nગુજરાત પરત ફર્યાં બાદ એક દિવસ તેમણે રસ્તે જતા મજૂરોના એક સમૂહનો જોયો. તેમને પૂછ્યા બાદ જાણવા મળ્યું કે 36 કલાક કામ કર્યા બાદ તેઓ ઘરે પરત ફરી રહ્યો હતો. \n\nતેમણે કાપડ મિલમાં કામ કરનારા મજૂરો માટે અવાજ ઉઠાવ્યો હતો.",
                "medium": "અનસૂયા સારાભાઈ ગુજરાતમાં મજૂરઆંદોલનની શરૂઆત કરનારાં પ્રથમ મહિલા ગણાય છે."
              },
              "imageUrl": "ichef.bbci.co.uk/images/ic/$recipe/p08qmrx0.jpg",
              "embedding": true,
              "advertising": true,
              "caption": "અનસૂયા સારાભાઈ : ગુજરાતમાં મજૂર આંદોલન શરૂ કરનારાં પ્રથમ નેતા",
              "versions": [
                {
                  "versionId": "p08qmrq0",
                  "types": [
                    "Original"
                  ],
                  "duration": 149,
                  "durationISO8601": "PT2M29S",
                  "warnings": {},
                  "availableTerritories": {
                    "uk": true,
                    "nonUk": true
                  },
                  "availableFrom": 1599323632000
                }
              ],
              "imageCopyright": "BBC",
              "smpKind": "programme",
              "type": "media"
            },
            "indexImage": {
              "id": "114256725",
              "subType": "index",
              "href": "http://c.files.bbci.co.uk/CE1D/production/_114256725_p08qmrx0.jpg",
              "path": "/cpsprodpb/CE1D/production/_114256725_p08qmrx0.jpg",
              "height": 576,
              "width": 1024,
              "altText": "Keyframe #1",
              "copyrightHolder": "BBC",
              "type": "image"
            },
            "imageThumbnail": {
              "id": "114256727",
              "subType": "index-thumbnail",
              "href": "http://c.files.bbci.co.uk/11C3D/production/_114256727_p08qmrx0.jpg",
              "path": "/cpsprodpb/11C3D/production/_114256727_p08qmrx0.jpg",
              "height": 180,
              "width": 320,
              "altText": "Keyframe #1",
              "copyrightHolder": "BBC",
              "type": "image"
            },
            "options": {
              "isBreakingNews": false,
              "isFactCheck": false
            },
            "id": "urn:bbc:ares::asset:gujarati/media-54043652",
            "type": "cps"
          },
          {
            "headlines": {
              "headline": "અન્ના ચાંડી : ભારતમાં હાઈકોર્ટનાં જજ બનનારા પ્રથમ મહિલા"
            },
            "locators": {
              "assetUri": "/gujarati/media-54033007",
              "cpsUrn": "urn:bbc:content:assetUri:gujarati/media-54033007",
              "curie": "http://www.bbc.co.uk/asset/919deaa3-1deb-4cd5-9893-0ba1a876e6d7",
              "assetId": "54033007"
            },
            "summary": "અન્ના ચાંડી કેરળ રાજ્યમાં કાયદાની ડિગ્રી હાંસલ કરનારાં પહેલાં મલયાલી મહિલા ગણાય છે.",
            "timestamp": 1599270601000,
            "language": "gu",
            "passport": {
              "category": {
                "categoryId": "http://www.bbc.co.uk/ontologies/applicationlogic-news/Feature",
                "categoryName": "Feature"
              },
              "campaigns": [
                {
                  "campaignId": "5a988e2139461b000e9dabf7",
                  "campaignName": "WS - Inspire me"
                }
              ],
              "taggings": []
            },
            "cpsType": "MAP",
            "media": {
              "id": "p08qk7s1",
              "subType": "clip",
              "format": "video",
              "title": "અન્ના ચાંડી : ભારતમાં હાઈકોર્ટનાં જજ બનનારા પ્રથમ મહિલા",
              "synopses": {
                "short": "અન્ના ચાંડી : ભારતમાં હાઈકોર્ટનાં જજ બનનારા પ્રથમ મહિલા",
                "long": "અન્ના ચાંડીનો જન્મ 1905માં ત્રાવણકોરમાં થયો હતો. ત્રાવણકોરને બાદમાં કેરળ રાજ્યમાં ભેળવી દેવાયું હતું. \n\nઅન્ના ચાંડી કેરળ રાજ્યમાં કાયદાની ડિગ્રી હાંસલ કરનારાં પહેલાં મલયાલી મહિલા ગણાય છે. \n\nવર્ષ 1959માં તેઓ કેરળ હાઈકોર્ટના પ્રથમ મહિલા જજ બન્યાં હતાં.\n\nનારીવાદિ વિચારધારા ધરાવતાં અન્ના ચાંડીએ મહિલાઓના અધિકારો માટે અવાજ ઉઠાવ્યો અને પારંપરિક રીતે મહિલાઓને જે જવાબદારીઓ સોંપવામાં આવી હતી એમાં બદલાવ કર્યો. \n\nકેરળમાં પરણિત મહિલાઓને સરકારી નોકરી આપવાનો વિરોધ થઈ રહ્યો હતો. \n\nત્યારે અન્ના ચાંડીએ મહિલાના પક્ષમાં ભાષણ આપ્યું હતું. \n\n\nતેઓ પોતાના સામયિક 'શ્રીમતી' દ્વારા રાજ્યમાં મહિલા અનામતની માગ ઉઠાવતાં રહ્યાં. \n\nજેને પગલે કેરળમાં સરકારી નોકરીઓમાં મહિલાઓ માટે માર્ગ મોકળો થયો.",
                "medium": "અન્ના ચાંડી કેરળ રાજ્યમાં કાયદાની ડિગ્રી હાંસલ કરનારાં પહેલાં મલયાલી મહિલા ગણાય છે."
              },
              "imageUrl": "ichef.bbci.co.uk/images/ic/$recipe/p08qkdf1.jpg",
              "embedding": true,
              "advertising": true,
              "caption": "અન્ના ચાંડી : ભારતમાં હાઈકોર્ટનાં જજ બનનારા પ્રથમ મહિલા",
              "versions": [
                {
                  "versionId": "p08qk7s9",
                  "types": [
                    "Original"
                  ],
                  "duration": 157,
                  "durationISO8601": "PT2M37S",
                  "warnings": {},
                  "availableTerritories": {
                    "uk": true,
                    "nonUk": true
                  },
                  "availableFrom": 1599239178000
                }
              ],
              "imageCopyright": "BBC",
              "smpKind": "programme",
              "type": "media"
            },
            "indexImage": {
              "id": "114251997",
              "subType": "index",
              "href": "http://c.files.bbci.co.uk/1382B/production/_114251997_p08qkdf1.jpg",
              "path": "/cpsprodpb/1382B/production/_114251997_p08qkdf1.jpg",
              "height": 576,
              "width": 1024,
              "altText": "Keyframe #1",
              "copyrightHolder": "BBC",
              "type": "image"
            },
            "options": {
              "isBreakingNews": false,
              "isFactCheck": false
            },
            "id": "urn:bbc:ares::asset:gujarati/media-54033007",
            "type": "cps"
          },
          {
            "headlines": {
              "headline": "સુગરા હુમાયુ મિર્ઝા : હૈદરાબાદ ડૅક્કનના પ્રથમ મહિલા સંપાદક"
            },
            "locators": {
              "assetUri": "/gujarati/media-53960959",
              "cpsUrn": "urn:bbc:content:assetUri:gujarati/media-53960959",
              "curie": "http://www.bbc.co.uk/asset/de495057-ffca-4390-a331-edda05542372",
              "assetId": "53960959"
            },
            "summary": "ઘરમાંથી બુરખા વગર બહાન નીકળનારાં તેઓ હૈદરાબાદ ડૅક્કડનના પ્રથમ મહિલા મનાય છે.",
            "timestamp": 1598755315000,
            "language": "gu",
            "passport": {
              "category": {
                "categoryId": "http://www.bbc.co.uk/ontologies/applicationlogic-news/Feature",
                "categoryName": "Feature"
              },
              "campaigns": [
                {
                  "campaignId": "5a988e2139461b000e9dabf7",
                  "campaignName": "WS - Inspire me"
                }
              ],
              "taggings": []
            },
            "cpsType": "MAP",
            "media": {
              "id": "p08q0k56",
              "subType": "clip",
              "format": "video",
              "title": "સુગરા હુમાયુ મિર્ઝા : હૈદરાબાદ ડૅક્કનના પ્રથમ મહિલા સંપાદક",
              "synopses": {
                "short": "સુગરા હુમાયુ મિર્ઝા : હૈદરાબાદ ડૅક્કનના પ્રથમ મહિલા સંપાદક",
                "long": "સુગરા હુમાયુ મિર્ઝા : હૈદરાબાદ ડૅક્કનના પ્રથમ મહિલા સંપાદક\n\nબીબીસી ગુજરાતી એવાં મહિલાઓની કહાણી લઈને આવ્યું છે, જેમણે લોકશાહીના પાયા મજબૂત કર્યા છે.\nએવી મહિલાઓ કે જેમણે અધિકાર માટે હાકલ કરી હતી. આ સમાજસુધારક મહિલાઓ હતી અને અનેક મહત્ત્વપૂર્ણ પદ પર પહોંચનાર પ્રથમ મહિલા તરીકે તેઓ ઓળખાય છે.\nસુગરા હુમાયુ મિર્ઝા હૈદરાબાદ ડૅક્કનના પ્રથમ મહિલા સંપાદક હતાં. \n\n1884માં જન્મેલા સુગરા હુમાયુ મિર્ઝા મહિલાઓનું જીવન ખાસ કરીને મુસ્લિમ મહિલાઓનું જીવન બહેત બનાવવા માટે અવાજ ઉઠાવનારા લેખિકા, સંપાકદ અન સમાજસુધારક તેમજ શિક્ષણશાસ્રી હતાં.\n\nતેમણે મહિલાઓ માટે પત્રિકા શરૂ કરી હતી અને 'અન નિસા' તથા 'ઝેબ-ઉન-નિસા'નું સંપાદન કર્યું હતું. \n\nતેમણે પડદામાં કેદ જિંદગીથી ખુદને આઝાદ કર્યાં. ઘરમાંથી બુરખા વગર બહાન નીકળનારાં તેઓ હૈદરાબાદ ડૅક્કડનના પ્રથમ મહિલા મનાય છે. \n\nતેમની સમગ્ર કહાણી માટે જુઓ બીબીસી ગુજરાતીનો વિશેષ વીડિયો અહેવાલ.\n\nબીબીસી ગુજરાતી આવાં 10 મહિલાઓની કહાણીઓ લઈ આવ્યું છે.",
                "medium": "ઘરમાંથી બુરખા વગર બહાન નીકળનારાં તેઓ હૈદરાબાદ ડૅક્કડનના પ્રથમ મહિલા મનાય છે."
              },
              "imageUrl": "ichef.bbci.co.uk/images/ic/$recipe/p08q0mqv.jpg",
              "embedding": true,
              "advertising": true,
              "caption": "સુગરા હુમાયુ મિર્ઝા : હૈદરાબાદ ડૅક્કનના પ્રથમ મહિલા સંપાદક",
              "versions": [
                {
                  "versionId": "p08q0k58",
                  "types": [
                    "Original"
                  ],
                  "duration": 140,
                  "durationISO8601": "PT2M20S",
                  "warnings": {},
                  "availableTerritories": {
                    "uk": true,
                    "nonUk": true
                  },
                  "availableFrom": 1598721165000
                }
              ],
              "smpKind": "programme",
              "type": "media"
            },
            "indexImage": {
              "id": "114175073",
              "subType": "index",
              "href": "http://c.files.bbci.co.uk/90C1/production/_114175073_p08q0mqv.jpg",
              "path": "/cpsprodpb/90C1/production/_114175073_p08q0mqv.jpg",
              "height": 549,
              "width": 976,
              "altText": "ઘરમાંથી બુરખા વગર બહાન નીકળનારાં તેઓ હૈદરાબાદ ડૅક્કડનના પ્રથમ મહિલા મનાય છે.",
              "copyrightHolder": "BBC",
              "type": "image"
            },
            "imageThumbnail": {
              "id": "114175075",
              "subType": "index-thumbnail",
              "href": "http://c.files.bbci.co.uk/DEE1/production/_114175075_p08q0mqv.jpg",
              "path": "/cpsprodpb/DEE1/production/_114175075_p08q0mqv.jpg",
              "height": 180,
              "width": 320,
              "altText": "ઘરમાંથી બુરખા વગર બહાન નીકળનારાં તેઓ હૈદરાબાદ ડૅક્કડનના પ્રથમ મહિલા મનાય છે.",
              "copyrightHolder": "BBC",
              "type": "image"
            },
            "options": {
              "isBreakingNews": false,
              "isFactCheck": false
            },
            "id": "urn:bbc:ares::asset:gujarati/media-53960959",
            "type": "cps"
          },
          {
            "headlines": {
              "headline": "એસએસસીનાં પ્રથમ મહિલા અધ્યક્ષ ઇંદરજિત કૌરની કહાણી"
            },
            "locators": {
              "assetUri": "/gujarati/media-53951452",
              "cpsUrn": "urn:bbc:content:assetUri:gujarati/media-53951452",
              "curie": "http://www.bbc.co.uk/asset/72619db0-b6b8-4e60-ae06-af4d40f2d46a",
              "assetId": "53951452"
            },
            "summary": "બીબીસી ગુજરાતી એવાં મહિલાઓની કહાણી લઈને આવ્યું છે, જેમણે લોકશાહીના પાયા મજબૂત કર્યા છે.",
            "timestamp": 1598672721000,
            "language": "gu",
            "passport": {
              "category": {
                "categoryId": "http://www.bbc.co.uk/ontologies/applicationlogic-news/Feature",
                "categoryName": "Feature"
              },
              "campaigns": [
                {
                  "campaignId": "5a988e2139461b000e9dabf7",
                  "campaignName": "WS - Inspire me"
                }
              ],
              "taggings": []
            },
            "cpsType": "MAP",
            "media": {
              "id": "p08py29y",
              "subType": "clip",
              "format": "video",
              "title": "એસએસસીનાં પ્રથમ મહિલા અધ્યક્ષ ઇંદરજીત કૌરની કહાણી",
              "synopses": {
                "short": "એસએસસીનાં પ્રથમ મહિલા અધ્યક્ષ ઇંદરજીત કૌરની કહાણી",
                "long": "બીબીસી ગુજરાતી એવાં મહિલાઓની કહાણી લઈને આવ્યું છે, જેમણે લોકશાહીના પાયા મજબૂત કર્યા છે.\nએવી મહિલાઓ કે જેમણે અધિકાર માટે હાકલ કરી હતી. આ સમાજસુધારક મહિલાઓ હતી અને અનેક મહત્ત્વપૂર્ણ પદ પર પહોંચનાર પ્રથમ મહિલા તરીકે તેઓ ઓળખાય છે.\n\nઇંદરજીત કૌર પંજાબી યુનિવર્સિટીનાં પહેલાં વાઇસ ચાન્સેલર અને સ્ટાફ સિલેક્સન કમિશનનાં પ્રથમ મહિલા અધ્યક્ષ બન્યાં હતાં.\nતેમણે મહિલાઓના અધિકારો માટે અનેક નવપ્રસ્થાનો કર્યાં અને અનેક મુકામો હાંસલ પણ કર્યા.\nતેમના પિતા કર્નલ શેરસિંહ સંધુ એક પ્રગતિશીલ વ્યક્તિ હતા અને તેમના સહયોગથી ઇંદરજીત 10મા ધોરણ બાદ આગળના અભ્યાસ માચે લાહોર જતાં રહ્યાં હતાં.\nભારત-પાકિસ્તાનના ભાગલા વખતે તેમણે માતા સાહેબ કૌર દળની સ્થાપના કરવામાં મદદ કરી હતી.\nતેમણે એક કર્મશીલની ભૂમિકા નિભાવી અને શરણાર્થીઓ સુધી દરેક પ્રકારની મદદ પહોંચાડવામાં અને પુનર્વસનમાં સહયોગ આપ્યો.\nતેમની સમગ્ર કહાણી માટે જુઓ બીબીસી ગુજરાતીનો વિશેષ વીડિયો અહેવાલ.\nબીબીસી ગુજરાતી આવાં 10 મહિલાઓની કહાણીઓ લઈ આવ્યું છે.",
                "medium": "બીબીસી ગુજરાતી એવાં મહિલાઓની કહાણી લઈને આવ્યું છે, જેમણે લોકશાહીના પાયા મજબૂત કર્યા છે."
              },
              "imageUrl": "ichef.bbci.co.uk/images/ic/$recipe/p08py3vv.jpg",
              "embedding": true,
              "advertising": true,
              "caption": "એસએસસીનાં પ્રથમ મહિલા અધ્યક્ષ ઇંદરજીત કૌરની કહાણી",
              "versions": [
                {
                  "versionId": "p08py2b4",
                  "types": [
                    "Original"
                  ],
                  "duration": 123,
                  "durationISO8601": "PT2M3S",
                  "warnings": {},
                  "availableTerritories": {
                    "uk": true,
                    "nonUk": true
                  },
                  "availableFrom": 1598632386000
                }
              ],
              "imageCopyright": "BBC",
              "smpKind": "programme",
              "type": "media"
            },
            "indexImage": {
              "id": "114160975",
              "subType": "index",
              "href": "http://c.files.bbci.co.uk/E232/production/_114160975_p08py3vv.jpg",
              "path": "/cpsprodpb/E232/production/_114160975_p08py3vv.jpg",
              "height": 576,
              "width": 1024,
              "altText": "ઇંદરજિત કૌર",
              "copyrightHolder": "BBC",
              "type": "image"
            },
            "options": {
              "isBreakingNews": false,
              "isFactCheck": false
            },
            "id": "urn:bbc:ares::asset:gujarati/media-53951452",
            "type": "cps"
          },
          {
            "headlines": {
              "headline": "એ રખમાબાઈ રાઉત જેમણે મહિલાઓને 'લગ્નની ઉંમરની સહમતીનો કાયદો' અપાવ્યો"
            },
            "locators": {
              "assetUri": "/gujarati/media-53878470",
              "cpsUrn": "urn:bbc:content:assetUri:gujarati/media-53878470",
              "curie": "http://www.bbc.co.uk/asset/9d0656ca-7017-448a-924f-87d12b7a30ab",
              "assetId": "53878470"
            },
            "summary": "એ દસ મહિલાઓની કહાણીની વિશેષ શ્રેણી, જેમણે લોકશાહીના પાયા મજબૂત કર્યા.",
            "timestamp": 1598149484000,
            "language": "gu",
            "passport": {
              "category": {
                "categoryId": "http://www.bbc.co.uk/ontologies/applicationlogic-news/Feature",
                "categoryName": "Feature"
              },
              "campaigns": [
                {
                  "campaignId": "5a988e2139461b000e9dabf7",
                  "campaignName": "WS - Inspire me"
                }
              ],
              "taggings": []
            },
            "cpsType": "MAP",
            "media": {
              "id": "p08pdhxb",
              "subType": "clip",
              "format": "video",
              "title": "એ રખમાબાઈ રાઉત જેમણે મહિલાઓને 'લગ્નની ઉંમરની સહમતીનો કાયદો' અપાવ્યો",
              "synopses": {
                "short": "રખમાબાઈ રાઉત : જેમણે મહિલાઓને 'લગ્નની ઉંમરની સહમતીનો કાયદો' અપાવ્યો",
                "long": "બીબીસી ગુજરાતી એવાં મહિલાઓની કહાણી લઈને આવ્યું છે, જેમણે લોકશાહીના પાયા મજબૂત કર્યા છે.\n\nએવી મહિલાઓ કે જેમણે અધિકાર માટે હાકલ કરી હતી. આ સમાજસુધારક મહિલાઓ હતી અને અનેક મહત્ત્વપૂર્ણ પદ પર પહોંચનાર પ્રથમ મહિલા તરીકે તેઓ ઓળખાય છે.\n\nવર્ષ 1864માં મહારાષ્ટ્રમાં જન્મેલા રખમાબાઈ રાઉતની લડત બાદ 'લગ્નની ઉંમરની સહમતીનો કાયદો 1891' બન્યો હતો.\n\nરખમાબાઈનું નામ બ્રિટિશ રાજના વખતમાં પ્રૅક્ટિસ કરનારાં પ્રથમ મહિલા ડૉક્ટર તરીકે પણ ઇતિહાસમાં અંકાયેલું છે.\n\nરખમાબાઈનાં લગ્ન 11 વર્ષની નાની વયે થયાં હતાં, તેમણે આ લગ્ન નકારી દીધાં હતાં.\n\nતેમની સમગ્ર કહાણી માટે જુઓ બીબીસી ગુજરાતીનો વિશેષ વીડિયો અહેવાલ.\n\nબીબીસી ગુજરાતી આવી મહિલાઓની કહાણીઓ લઈ આવ્યું છે. જેની પ્રથમ કહાણી છે તામિલનાડુના ડૉ. મુથુલક્ષ્મી રેડ્ડીની છે, જેને વાંચવા અહીં ક્લિક કરો.",
                "medium": "એ દસ મહિલાઓની કહાણીની વિશેષ શ્રેણી, જેમણે લોકશાહીના પાયા મજબૂત કર્યા."
              },
              "imageUrl": "ichef.bbci.co.uk/images/ic/$recipe/p08pdj8s.jpg",
              "embedding": true,
              "advertising": true,
              "caption": "રખમાબાઈ રાઉત : જેમણે મહિલાઓને 'લગ્નની ઉંમરની સહમતીનો કાયદો' અપાવ્યો",
              "versions": [
                {
                  "versionId": "p08pdhxd",
                  "types": [
                    "Original"
                  ],
                  "duration": 135,
                  "durationISO8601": "PT2M15S",
                  "warnings": {},
                  "availableTerritories": {
                    "uk": true,
                    "nonUk": true
                  },
                  "availableFrom": 1598149151000
                }
              ],
              "imageCopyright": "BBC",
              "smpKind": "programme",
              "type": "media"
            },
            "indexImage": {
              "id": "114072497",
              "subType": "index",
              "href": "http://c.files.bbci.co.uk/13643/production/_114072497_p08pdj8s.jpg",
              "path": "/cpsprodpb/13643/production/_114072497_p08pdj8s.jpg",
              "height": 549,
              "width": 976,
              "altText": "રખમાબાઈ રાઉત",
              "copyrightHolder": "BBC",
              "type": "image"
            },
            "options": {
              "isBreakingNews": false,
              "isFactCheck": false
            },
            "id": "urn:bbc:ares::asset:gujarati/media-53878470",
            "type": "cps"
          },
          {
            "headlines": {
              "headline": "ઇતિહાસ સર્જનારાં ભારતનાં વીરાંગના ડૉ. મુથુલક્ષ્મી રેડ્ડી"
            },
            "locators": {
              "assetUri": "/gujarati/media-53787003",
              "cpsUrn": "urn:bbc:content:assetUri:gujarati/media-53787003",
              "curie": "http://www.bbc.co.uk/asset/ff27925c-0d9a-4a48-ad45-a80efe1c07c7",
              "assetId": "53787003"
            },
            "summary": "ભારતના ઇતિહાસમાં નોંધપાત્ર પ્રદાન કરનારાં મહિલાઓની શ્રેણીનો પ્રથમ મણકો.",
            "timestamp": 1597465393000,
            "language": "gu",
            "passport": {
              "category": {
                "categoryId": "http://www.bbc.co.uk/ontologies/applicationlogic-news/Feature",
                "categoryName": "Feature"
              },
              "campaigns": [
                {
                  "campaignId": "5a988e2139461b000e9dabf7",
                  "campaignName": "WS - Inspire me"
                },
                {
                  "campaignId": "5a988e2939461b000e9dabf8",
                  "campaignName": "WS - Educate me"
                }
              ],
              "taggings": []
            },
            "cpsType": "MAP",
            "media": {
              "id": "p08np5hr",
              "subType": "clip",
              "format": "video",
              "title": "ઇતિહાસ સર્જનારા ભારતનાં વીરાંગના ડૉ. મુથ્થુલક્ષ્મી રેડ્ડી",
              "synopses": {
                "short": "ઇતિહાસ સર્જનારા ભારતનાં વીરાંગના ડૉ. મુથ્થુલક્ષ્મી રેડ્ડી",
                "long": "કહેવત છે કે ઇતિહાસ માત્ર રાજા-મહારાજાઓ અને વર્ચસ્વ ધરાવનાર લોકોનો જ લખાય છે. ઇતિહાસને લોકપ્રિય અને અસલ એમ બે પ્રકારમાં પણ વિભાજિત કરવામાં આવે છે. \nઅહીં બીબીસી આપને એવી મહિલાઓનાં ઇતિહાસથી વાકેફ કરાવવા માગે છે જેમણે ભારતમાં આગવા પરિવર્તનો કર્યા. \nઆ શ્રેણીમાં ચેન્નાઈમાં દેવદાસીઓની પ્રથા સામે અવાજ ઉઠાવનારાં ડૉ. મુથ્થુલક્ષમી રેડ્ડીનો આ ખાસ વીડિયો આપને ચોક્કસ પસંદ આવશે. \nડૉ. મુથ્થુલક્ષ્મીને તબીબી અને સમાજસેવા માટે પદ્મભૂષણથી સન્માનિત કરાયાં હતાં. જાણો તેમના વિશે વીડિયોમાં.",
                "medium": "ભારતના ઇતિહાસમાં નોંધપાત્ર પ્રદાન કરનારાં મહિલાઓની શ્રેણીનો પ્રથમ મણકો."
              },
              "imageUrl": "ichef.bbci.co.uk/images/ic/$recipe/p08np5td.jpg",
              "embedding": true,
              "advertising": true,
              "caption": "ઇતિહાસ સર્જનારા ભારતનાં વીરાંગના ડૉ. મુથ્થુલક્ષ્મી રેડ્ડી",
              "versions": [
                {
                  "versionId": "p08np5hx",
                  "types": [
                    "Original"
                  ],
                  "duration": 128,
                  "durationISO8601": "PT2M8S",
                  "warnings": {},
                  "availableTerritories": {
                    "uk": true,
                    "nonUk": true
                  },
                  "availableFrom": 1597428295000
                }
              ],
              "imageCopyright": "BBC",
              "smpKind": "programme",
              "type": "media"
            },
            "indexImage": {
              "id": "113947172",
              "subType": "index",
              "href": "http://c.files.bbci.co.uk/6A26/production/_113947172_p08np5td.jpg",
              "path": "/cpsprodpb/6A26/production/_113947172_p08np5td.jpg",
              "height": 549,
              "width": 976,
              "altText": "ડૉ. મુથ્થુલક્ષ્મી રેડ્ડી",
              "copyrightHolder": "BBC",
              "type": "image"
            },
            "imageThumbnail": {
              "id": "113947284",
              "subType": "index-thumbnail",
              "href": "http://c.files.bbci.co.uk/BC92/production/_113947284_p08np5td.jpg",
              "path": "/cpsprodpb/BC92/production/_113947284_p08np5td.jpg",
              "height": 180,
              "width": 320,
              "altText": "ડૉ. મુથ્થુલક્ષ્મી રેડ્ડી",
              "copyrightHolder": "BBC",
              "type": "image"
            },
            "options": {
              "isBreakingNews": false,
              "isFactCheck": false
            },
            "id": "urn:bbc:ares::asset:gujarati/media-53787003",
            "type": "cps"
          },
          {
            "headlines": {
              "headline": "રુકૈયા બેગમ : મહિલાઓની સ્થિતિ પરના એક લેખથી જ્યારે હંગામો મચી ગયો"
            },
            "locators": {
              "assetUri": "/gujarati/media-53794933",
              "cpsUrn": "urn:bbc:content:assetUri:gujarati/media-53794933",
              "curie": "http://www.bbc.co.uk/asset/ee18c4a0-1d51-40db-9005-123cc4537ac1",
              "assetId": "53794933"
            },
            "summary": "આ વીડિયો રિપોર્ટમાં જુઓ, રુકૈયા બેગમ વિશે આપણે કેમ જાણવું જોઈએ?",
            "timestamp": 1597553018000,
            "language": "gu",
            "passport": {
              "category": {
                "categoryId": "http://www.bbc.co.uk/ontologies/applicationlogic-news/Feature",
                "categoryName": "Feature"
              },
              "campaigns": [
                {
                  "campaignId": "5a988e2139461b000e9dabf7",
                  "campaignName": "WS - Inspire me"
                },
                {
                  "campaignId": "5a988e3139461b000e9dabf9",
                  "campaignName": "WS - Divert me"
                }
              ],
              "taggings": []
            },
            "cpsType": "MAP",
            "media": {
              "id": "p08nr9gv",
              "subType": "clip",
              "format": "video",
              "title": "રુકૈયા બેગમ કોણ છે, જેમના માટે બાંગ્લાદેશની યુવતીમાં ભારે માન છે?",
              "synopses": {
                "short": "રુકૈયા બેગમ કોણ છે, જેમના માટે બાંગ્લાદેશની યુવતીમાં ભારે માન છે?",
                "long": "રુકૈયા બેગમ કોણ છે, જેમના માટે બાંગ્લાદેશની યુવતીમાં ભારે માન છે?\n\nરુકૈયા બેગમનો જન્મ 1880માં રંગપૂરમાં થયો હતો. તે હવે બાંગ્લાદેશમાં છે. \n\nલગભગ 120 વર્ષ પહેલાં તેમણે લખેલા લેખમાં એ વખતના સમાજમાં હંગામો મચાવી દીધો હતો. \n\n18 વર્ષની નાની વયે તેમનાં લગ્ન થયાં હતાં. તેમણે મુસ્લિમ મહિલાઓના શિક્ષણ માટે કામ કર્યું હતું. \n\nઆ વીડિયો રિપોર્ટમાં જુઓ, રુકૈયા બેગમ વિશે આપણે કેમ જાણવું જોઈએ?",
                "medium": "આ વીડિયો રિપોર્ટમાં જુઓ, રુકૈયા બેગમ વિશે આપણે કેમ જાણવું જોઈએ?"
              },
              "imageUrl": "ichef.bbci.co.uk/images/ic/$recipe/p08nrbdw.jpg",
              "embedding": true,
              "advertising": true,
              "caption": "રુકૈયા બેગમ કોણ છે, જેમના માટે બાંગ્લાદેશની યુવતીમાં ભારે માન છે?",
              "versions": [
                {
                  "versionId": "p08nr9gx",
                  "types": [
                    "Original"
                  ],
                  "duration": 104,
                  "durationISO8601": "PT1M44S",
                  "warnings": {},
                  "availableTerritories": {
                    "uk": true,
                    "nonUk": true
                  },
                  "availableFrom": 1597517104000
                }
              ],
              "imageCopyright": "BBC",
              "smpKind": "programme",
              "type": "media"
            },
            "indexImage": {
              "id": "114081146",
              "subType": "index",
              "href": "http://c.files.bbci.co.uk/FA76/production/_114081146_32.png",
              "path": "/cpsprodpb/FA76/production/_114081146_32.png",
              "height": 549,
              "width": 976,
              "altText": "રુકૈયા બેગમ",
              "copyrightHolder": "BBC",
              "type": "image"
            },
            "imageThumbnail": {
              "id": "113956967",
              "subType": "index-thumbnail",
              "href": "http://c.files.bbci.co.uk/12CA5/production/_113956967_32.png",
              "path": "/cpsprodpb/12CA5/production/_113956967_32.png",
              "height": 180,
              "width": 320,
              "altText": "રુકૈયા બેગમ",
              "copyrightHolder": "BBC",
              "type": "image"
            },
            "options": {
              "isBreakingNews": false,
              "isFactCheck": false
            },
            "id": "urn:bbc:ares::asset:gujarati/media-53794933",
            "type": "cps"
          },
          {
            "headlines": {
              "headline": "ચંદ્રપ્રભા સૈકિયાની : આસામમાં પડદાપ્રથા હઠાવવા પાછળનો મુખ્ય ચહેરો"
            },
            "locators": {
              "assetUri": "/gujarati/media-53872175",
              "cpsUrn": "urn:bbc:content:assetUri:gujarati/media-53872175",
              "curie": "http://www.bbc.co.uk/asset/d62c7509-286f-4a76-b2ea-c304a6ca59f7",
              "assetId": "53872175"
            },
            "summary": "એ દસ મહિલાઓની કહાણીની વિશેષ શ્રેણી, જેમણે લોકશાહીના પાયા મજબૂત કર્યા.",
            "timestamp": 1598067414000,
            "language": "gu",
            "passport": {
              "category": {
                "categoryId": "http://www.bbc.co.uk/ontologies/applicationlogic-news/Feature",
                "categoryName": "Feature"
              },
              "campaigns": [
                {
                  "campaignId": "5a988e2139461b000e9dabf7",
                  "campaignName": "WS - Inspire me"
                }
              ],
              "taggings": []
            },
            "cpsType": "MAP",
            "media": {
              "id": "p08pbjyq",
              "subType": "clip",
              "format": "video",
              "title": "ચંદ્રપ્રભા સૈકિયાની : આસામમાં પડદાપ્રથા હઠાવવા પાછળનો મુખ્ય ચહેરો",
              "synopses": {
                "short": "ચંદ્રપ્રભા સૈકિયાની : આસામમાં પડદાપ્રથા હઠાવવા પાછળનો મુખ્ય ચહેરો",
                "long": "બીબીસી ગુજરાતી એવાં મહિલાઓની કહાણી લઈને આવ્યું છે, જેમણે લોકશાહીના પાયા મજબૂત કર્યા છે.\nએવી મહિલાઓ કે જેમણે અધિકાર માટે હાકલ કરી હતી. આ સમાજસુધારક મહિલાઓ હતી અને અનેક મહત્ત્વપૂર્ણ પદ પર પહોંચનાર પ્રથમ મહિલા તરીકે તેઓ ઓળખાય છે.\nચંદ્રપ્રભા સૈકિયાનીએ આસામમાં ચાલી રહેલી પડદાપ્રથાને ખતમ કરવામાં મદદ કરી હતી, તેમણે મહિલાઓના શિક્ષણ પર ભાર મૂક્યો અને 13 વર્ષની વયે પ્રાથમિક શાળા ખોલી હતી.\nચંદ્રપ્રભા 1930માં અસહયોગ આંદોલનમાં જોડાયાં હતાં અને જેલવાસ પણ ભોગવ્યો હતો.\n1947 સુધી તેઓ કૉંગ્રેસ પાર્ટીના કાર્યકર્તા તરીકે કામ કરતાં રહ્યાં હતાં.\nવર્ષ 197માં તેમને તેમની કામગીરી બદલ પદ્મશ્રીથી નવાજવામાં આવ્યાં હતાં.\nબીબીસી ગુજરાતી આવી મહિલાઓની કહાણીઓ લઈ આવ્યું છે. જેની પ્રથમ કહાણી છે તામિલનાડુના ડૉ. મુથુલક્ષ્મી રેડ્ડીની છે, જેને વાંચવા અહીં ક્લિક કરો.",
                "medium": "એ દસ મહિલાઓની કહાણીની વિશેષ શ્રેણી, જેમણે લોકશાહીના પાયા મજબૂત કર્યા."
              },
              "imageUrl": "ichef.bbci.co.uk/images/ic/$recipe/p08pbk4k.jpg",
              "embedding": true,
              "advertising": true,
              "caption": "ચંદ્રપ્રભા સૈકિયાની : આસામમાં પડદાપ્રથા હઠાવવા પાછળનો મુખ્ય ચહેરો",
              "versions": [
                {
                  "versionId": "p08pbjys",
                  "types": [
                    "Original"
                  ],
                  "duration": 143,
                  "durationISO8601": "PT2M23S",
                  "warnings": {},
                  "availableTerritories": {
                    "uk": true,
                    "nonUk": true
                  },
                  "availableFrom": 1598066619000
                }
              ],
              "imageCopyright": "BBC",
              "smpKind": "programme",
              "type": "media"
            },
            "indexImage": {
              "id": "114061367",
              "subType": "index",
              "href": "http://c.files.bbci.co.uk/12A1C/production/_114061367_p08pbk4k.jpg",
              "path": "/cpsprodpb/12A1C/production/_114061367_p08pbk4k.jpg",
              "height": 576,
              "width": 1024,
              "altText": "ચંદ્રપ્રભા",
              "copyrightHolder": "BBC",
              "type": "image"
            },
            "options": {
              "isBreakingNews": false,
              "isFactCheck": false
            },
            "id": "urn:bbc:ares::asset:gujarati/media-53872175",
            "type": "cps"
          }
        ],
        "semanticGroupName": "Guides 2"
      }
    ]
  },
  "promo": {
    "subType": "IDX",
    "name": "એ ભારતીય મહિલાઓ જેમણે ઇતિહાસ બદલ્યો",
    "uri": "/gujarati/india-53920818",
    "id": "urn:bbc:ares::index:gujarati/india-53920818/desktop/domestic",
    "type": "simple"
  },
  "relatedContent": {
    "section": {
      "subType": "index",
      "name": "ભારત",
      "uri": "/gujarati/india",
      "type": "simple"
    },
    "site": {
      "subType": "site",
      "name": "BBC ગુજરાતી",
      "uri": "/gujarati",
      "type": "simple"
    },
    "groups": []
  }
}