{
  "metadata": {
    "id": "urn:bbc:ares:ws_media:page:bbc_oromo_radio/w3cszx1y",
    "locators": { "pid": "w3cszx1y", "brandPid": "w13xttnw" },
    "type": "WSRADIO",
    "createdBy": "bbc_oromo_radio",
    "language": "om",
    "lastUpdated": 1608291112283,
    "firstPublished": 1582565117000,
    "lastPublished": 1582565117000,
    "timestamp": 1582565117000,
    "options": {},
    "analyticsLabels": {
      "pageTitle": "Oduu BBC Afaan Oromoo - BBC News Afaan Oromoo",
      "pageIdentifier": "afaanoromoo.bbc_afaanoromoo_radio.w3cszx1y.page",
      "producerId": "2",
      "contentType": "player-episode",
      "producer": "AFAAN_OROMOO"
    },
    "tags": {},
    "version": "v1.3.11",
    "blockTypes": ["media"],
    "title": "Oduu BBC Afaan Oromoo",
    "releaseDateTimeStamp": 1583452800000,
    "atiAnalytics": {}
  },
  "content": {
    "blocks": [
      {
        "id": "w3cszx1y",
        "subType": "episode",
        "format": "Audio",
        "title": "06/03/2020 GMT",
        "synopses": {
          "short": "Sagantaa Oduu fi Dhimmota Wayitaawoo daqiiqaa 15 ",
          "medium": "Sagantaa Oduu fi Dhimmota Wayitaawoo daqiiqaa 15 "
        },
        "imageUrl": "ichef.bbci.co.uk/images/ic/$recipe/p08b8njz.png",
        "embedding": false,
        "advertising": false,
        "versions": [],
        "availability": "notAvailable",
        "smpKind": "radioProgramme",
        "type": "media"
      }
    ]
  },
  "promo": {
    "headlines": { "headline": "Oduu BBC Afaan Oromoo" },
    "locators": { "pid": "w3cszx1y", "brandPid": "w13xttnw" },
    "media": {
      "id": "w3cszx1y",
      "subType": "episode",
      "format": "Audio",
      "title": "06/03/2020 GMT",
      "synopses": {
        "short": "Sagantaa Oduu fi Dhimmota Wayitaawoo daqiiqaa 15 ",
        "medium": "Sagantaa Oduu fi Dhimmota Wayitaawoo daqiiqaa 15 "
      },
      "imageUrl": "ichef.bbci.co.uk/images/ic/$recipe/p08b8njz.png",
      "embedding": false,
      "advertising": false,
      "versions": [],
      "availability": "notAvailable",
      "smpKind": "radioProgramme",
      "type": "media"
    },
    "indexImage": {
      "id": "",
      "subType": "index",
      "href": "ichef.bbci.co.uk/images/ic/$recipe/p08b8njz.png",
      "path": "ichef.bbci.co.uk/images/ic/$recipe/p08b8njz.png",
      "height": 0,
      "width": 0,
      "altText": null,
      "copyrightHolder": null,
      "type": "image"
    },
    "releaseDateTimestamp": 1583452800000,
    "brand": { "pid": "w13xttnw", "title": "Oduu BBC Afaan Oromoo" },
    "id": "urn:bbc:ares:ws_media:page:bbc_oromo_radio/w3cszx1y",
    "type": "ws_radio"
  },
  "relatedContent": {
    "site": {
      "subType": "site",
      "name": "Afaanoromoo",
      "uri": "/afaanoromoo",
      "type": "simple"
    },
    "groups": [
      {
        "type": "other-episode",
        "promos": [
          {
            "headlines": { "headline": "Oduu BBC Afaan Oromoo" },
            "locators": { "pid": "w3ct0y29", "brandPid": "w13xttnw" },
            "media": {
              "id": "w3ct0y29",
              "subType": "episode",
              "format": "Audio",
              "title": "17/12/2020 GMT",
              "synopses": {
                "short": "Sagantaa Oduu fi Dhimmota Wayitaawoo daqiiqaa 15",
                "medium": "Sagantaa Oduu fi Dhimmota Wayitaawoo daqiiqaa 15"
              },
              "imageUrl": "ichef.bbci.co.uk/images/ic/$recipe/p08b8njz.png",
              "embedding": false,
              "advertising": false,
              "versions": [
                {
                  "versionId": "w4hqwm42",
                  "types": ["Original"],
                  "duration": 883,
                  "durationISO8601": "PT14M43S",
                  "warnings": {},
                  "availableTerritories": {
                    "uk": false,
                    "nonUk": false,
                    "world": true
                  },
                  "availableUntil": 1610831070000,
                  "availableFrom": 1608228270000,
                  "availabilityStatus": "available"
                }
              ],
              "availability": "available",
              "smpKind": "radioProgramme",
              "type": "media"
            },
            "indexImage": {
              "id": "",
              "subType": "index",
              "href": "ichef.bbci.co.uk/images/ic/$recipe/p08b8njz.png",
              "path": "ichef.bbci.co.uk/images/ic/$recipe/p08b8njz.png",
              "height": 0,
              "width": 0,
              "altText": null,
              "copyrightHolder": null,
              "type": "image"
            },
            "releaseDateTimestamp": 1608163200000,
            "brand": { "pid": "w13xttnw", "title": "Oduu BBC Afaan Oromoo" },
            "id": "urn:bbc:ares:ws_media:page:bbc_oromo_radio/w3ct0y29",
            "type": "ws_radio"
          },
          {
            "headlines": { "headline": "Oduu BBC Afaan Oromoo" },
            "locators": { "pid": "w3ct0y4k", "brandPid": "w13xttnw" },
            "media": {
              "id": "w3ct0y4k",
              "subType": "episode",
              "format": "Audio",
              "title": "16/12/2020 GMT",
              "synopses": {
                "short": "Sagantaa Oduu fi Dhimmota Wayitaawoo daqiiqaa 15",
                "medium": "Sagantaa Oduu fi Dhimmota Wayitaawoo daqiiqaa 15"
              },
              "imageUrl": "ichef.bbci.co.uk/images/ic/$recipe/p08b8njz.png",
              "embedding": false,
              "advertising": false,
              "versions": [
                {
                  "versionId": "w4hqwm6b",
                  "types": ["Original"],
                  "duration": 883,
                  "durationISO8601": "PT14M43S",
                  "warnings": {},
                  "availableTerritories": {
                    "uk": false,
                    "nonUk": false,
                    "world": true
                  },
                  "availableUntil": 1610744670000,
                  "availableFrom": 1608141870000,
                  "availabilityStatus": "available"
                }
              ],
              "availability": "available",
              "smpKind": "radioProgramme",
              "type": "media"
            },
            "indexImage": {
              "id": "",
              "subType": "index",
              "href": "ichef.bbci.co.uk/images/ic/$recipe/p08b8njz.png",
              "path": "ichef.bbci.co.uk/images/ic/$recipe/p08b8njz.png",
              "height": 0,
              "width": 0,
              "altText": null,
              "copyrightHolder": null,
              "type": "image"
            },
            "releaseDateTimestamp": 1608076800000,
            "brand": { "pid": "w13xttnw", "title": "Oduu BBC Afaan Oromoo" },
            "id": "urn:bbc:ares:ws_media:page:bbc_oromo_radio/w3ct0y4k",
            "type": "ws_radio"
          },
          {
            "headlines": { "headline": "Oduu BBC Afaan Oromoo" },
            "locators": { "pid": "w3ct0y3f", "brandPid": "w13xttnw" },
            "media": {
              "id": "w3ct0y3f",
              "subType": "episode",
              "format": "Audio",
              "title": "15/12/2020 GMT",
              "synopses": {
                "short": "Sagantaa Oduu fi Dhimmota Wayitaawoo daqiiqaa 15",
                "medium": "Sagantaa Oduu fi Dhimmota Wayitaawoo daqiiqaa 15"
              },
              "imageUrl": "ichef.bbci.co.uk/images/ic/$recipe/p08b8njz.png",
              "embedding": false,
              "advertising": false,
              "versions": [
                {
                  "versionId": "w4hqwm56",
                  "types": ["Original"],
                  "duration": 883,
                  "durationISO8601": "PT14M43S",
                  "warnings": {},
                  "availableTerritories": {
                    "uk": false,
                    "nonUk": false,
                    "world": true
                  },
                  "availableUntil": 1610658270000,
                  "availableFrom": 1608055470000,
                  "availabilityStatus": "available"
                }
              ],
              "availability": "available",
              "smpKind": "radioProgramme",
              "type": "media"
            },
            "indexImage": {
              "id": "",
              "subType": "index",
              "href": "ichef.bbci.co.uk/images/ic/$recipe/p08b8njz.png",
              "path": "ichef.bbci.co.uk/images/ic/$recipe/p08b8njz.png",
              "height": 0,
              "width": 0,
              "altText": null,
              "copyrightHolder": null,
              "type": "image"
            },
            "releaseDateTimestamp": 1607990400000,
            "brand": { "pid": "w13xttnw", "title": "Oduu BBC Afaan Oromoo" },
            "id": "urn:bbc:ares:ws_media:page:bbc_oromo_radio/w3ct0y3f",
            "type": "ws_radio"
          },
          {
            "headlines": { "headline": "Oduu BBC Afaan Oromoo" },
            "locators": { "pid": "w3ct0y15", "brandPid": "w13xttnw" },
            "media": {
              "id": "w3ct0y15",
              "subType": "episode",
              "format": "Audio",
              "title": "14/12/2020 GMT",
              "synopses": {
                "short": "Sagantaa Oduu fi Dhimmota Wayitaawoo daqiiqaa 15",
                "medium": "Sagantaa Oduu fi Dhimmota Wayitaawoo daqiiqaa 15"
              },
              "imageUrl": "ichef.bbci.co.uk/images/ic/$recipe/p08b8njz.png",
              "embedding": false,
              "advertising": false,
              "versions": [
                {
                  "versionId": "w4hqwm2y",
                  "types": ["Original"],
                  "duration": 883,
                  "durationISO8601": "PT14M43S",
                  "warnings": {},
                  "availableTerritories": {
                    "uk": false,
                    "nonUk": false,
                    "world": true
                  },
                  "availableUntil": 1610571870000,
                  "availableFrom": 1607969070000,
                  "availabilityStatus": "available"
                }
              ],
              "availability": "available",
              "smpKind": "radioProgramme",
              "type": "media"
            },
            "indexImage": {
              "id": "",
              "subType": "index",
              "href": "ichef.bbci.co.uk/images/ic/$recipe/p08b8njz.png",
              "path": "ichef.bbci.co.uk/images/ic/$recipe/p08b8njz.png",
              "height": 0,
              "width": 0,
              "altText": null,
              "copyrightHolder": null,
              "type": "image"
            },
            "releaseDateTimestamp": 1607904000000,
            "brand": { "pid": "w13xttnw", "title": "Oduu BBC Afaan Oromoo" },
            "id": "urn:bbc:ares:ws_media:page:bbc_oromo_radio/w3ct0y15",
            "type": "ws_radio"
          },
          {
            "headlines": { "headline": "Oduu BBC Afaan Oromoo" },
            "locators": { "pid": "w3ct0y00", "brandPid": "w13xttnw" },
            "media": {
              "id": "w3ct0y00",
              "subType": "episode",
              "format": "Audio",
              "title": "11/12/2020 GMT",
              "synopses": {
                "short": "Sagantaa Oduu fi Dhimmota Wayitaawoo daqiiqaa 15",
                "medium": "Sagantaa Oduu fi Dhimmota Wayitaawoo daqiiqaa 15"
              },
              "imageUrl": "ichef.bbci.co.uk/images/ic/$recipe/p08b8njz.png",
              "embedding": false,
              "advertising": false,
              "versions": [
                {
                  "versionId": "w4hqwm1s",
                  "types": ["Original"],
                  "duration": 883,
                  "durationISO8601": "PT14M43S",
                  "warnings": {},
                  "availableTerritories": {
                    "uk": false,
                    "nonUk": false,
                    "world": true
                  },
                  "availableUntil": 1610312670000,
                  "availableFrom": 1607709870000,
                  "availabilityStatus": "available"
                }
              ],
              "availability": "available",
              "smpKind": "radioProgramme",
              "type": "media"
            },
            "indexImage": {
              "id": "",
              "subType": "index",
              "href": "ichef.bbci.co.uk/images/ic/$recipe/p08b8njz.png",
              "path": "ichef.bbci.co.uk/images/ic/$recipe/p08b8njz.png",
              "height": 0,
              "width": 0,
              "altText": null,
              "copyrightHolder": null,
              "type": "image"
            },
            "releaseDateTimestamp": 1607644800000,
            "brand": { "pid": "w13xttnw", "title": "Oduu BBC Afaan Oromoo" },
            "id": "urn:bbc:ares:ws_media:page:bbc_oromo_radio/w3ct0y00",
            "type": "ws_radio"
          },
          {
            "headlines": { "headline": "Oduu BBC Afaan Oromoo" },
            "locators": { "pid": "w3ct0y28", "brandPid": "w13xttnw" },
            "media": {
              "id": "w3ct0y28",
              "subType": "episode",
              "format": "Audio",
              "title": "10/12/2020 GMT",
              "synopses": {
                "short": "Sagantaa Oduu fi Dhimmota Wayitaawoo daqiiqaa 15",
                "medium": "Sagantaa Oduu fi Dhimmota Wayitaawoo daqiiqaa 15"
              },
              "imageUrl": "ichef.bbci.co.uk/images/ic/$recipe/p08b8njz.png",
              "embedding": false,
              "advertising": false,
              "versions": [
                {
                  "versionId": "w4hqwm41",
                  "types": ["Original"],
                  "duration": 883,
                  "durationISO8601": "PT14M43S",
                  "warnings": {},
                  "availableTerritories": {
                    "uk": false,
                    "nonUk": false,
                    "world": true
                  },
                  "availableUntil": 1610226270000,
                  "availableFrom": 1607623470000,
                  "availabilityStatus": "available"
                }
              ],
              "availability": "available",
              "smpKind": "radioProgramme",
              "type": "media"
            },
            "indexImage": {
              "id": "",
              "subType": "index",
              "href": "ichef.bbci.co.uk/images/ic/$recipe/p08b8njz.png",
              "path": "ichef.bbci.co.uk/images/ic/$recipe/p08b8njz.png",
              "height": 0,
              "width": 0,
              "altText": null,
              "copyrightHolder": null,
              "type": "image"
            },
            "releaseDateTimestamp": 1607558400000,
            "brand": { "pid": "w13xttnw", "title": "Oduu BBC Afaan Oromoo" },
            "id": "urn:bbc:ares:ws_media:page:bbc_oromo_radio/w3ct0y28",
            "type": "ws_radio"
          },
          {
            "headlines": { "headline": "Oduu BBC Afaan Oromoo" },
            "locators": { "pid": "w3ct0y4j", "brandPid": "w13xttnw" },
            "media": {
              "id": "w3ct0y4j",
              "subType": "episode",
              "format": "Audio",
              "title": "09/12/2020 GMT",
              "synopses": {
                "short": "Sagantaa Oduu fi Dhimmota Wayitaawoo daqiiqaa 15",
                "medium": "Sagantaa Oduu fi Dhimmota Wayitaawoo daqiiqaa 15"
              },
              "imageUrl": "ichef.bbci.co.uk/images/ic/$recipe/p08b8njz.png",
              "embedding": false,
              "advertising": false,
              "versions": [
                {
                  "versionId": "w4hqwm69",
                  "types": ["Original"],
                  "duration": 883,
                  "durationISO8601": "PT14M43S",
                  "warnings": {},
                  "availableTerritories": {
                    "uk": false,
                    "nonUk": false,
                    "world": true
                  },
                  "availableUntil": 1610139870000,
                  "availableFrom": 1607537070000,
                  "availabilityStatus": "available"
                }
              ],
              "availability": "available",
              "smpKind": "radioProgramme",
              "type": "media"
            },
            "indexImage": {
              "id": "",
              "subType": "index",
              "href": "ichef.bbci.co.uk/images/ic/$recipe/p08b8njz.png",
              "path": "ichef.bbci.co.uk/images/ic/$recipe/p08b8njz.png",
              "height": 0,
              "width": 0,
              "altText": null,
              "copyrightHolder": null,
              "type": "image"
            },
            "releaseDateTimestamp": 1607472000000,
            "brand": { "pid": "w13xttnw", "title": "Oduu BBC Afaan Oromoo" },
            "id": "urn:bbc:ares:ws_media:page:bbc_oromo_radio/w3ct0y4j",
            "type": "ws_radio"
          },
          {
            "headlines": { "headline": "Oduu BBC Afaan Oromoo" },
            "locators": { "pid": "w3ct0y3d", "brandPid": "w13xttnw" },
            "media": {
              "id": "w3ct0y3d",
              "subType": "episode",
              "format": "Audio",
              "title": "08/12/2020 GMT",
              "synopses": {
                "short": "Sagantaa Oduu fi Dhimmota Wayitaawoo daqiiqaa 15",
                "medium": "Sagantaa Oduu fi Dhimmota Wayitaawoo daqiiqaa 15"
              },
              "imageUrl": "ichef.bbci.co.uk/images/ic/$recipe/p08b8njz.png",
              "embedding": false,
              "advertising": false,
              "versions": [
                {
                  "versionId": "w4hqwm55",
                  "types": ["Original"],
                  "duration": 883,
                  "durationISO8601": "PT14M43S",
                  "warnings": {},
                  "availableTerritories": {
                    "uk": false,
                    "nonUk": false,
                    "world": true
                  },
                  "availableUntil": 1610053470000,
                  "availableFrom": 1607450670000,
                  "availabilityStatus": "available"
                }
              ],
              "availability": "available",
              "smpKind": "radioProgramme",
              "type": "media"
            },
            "indexImage": {
              "id": "",
              "subType": "index",
              "href": "ichef.bbci.co.uk/images/ic/$recipe/p08b8njz.png",
              "path": "ichef.bbci.co.uk/images/ic/$recipe/p08b8njz.png",
              "height": 0,
              "width": 0,
              "altText": null,
              "copyrightHolder": null,
              "type": "image"
            },
            "releaseDateTimestamp": 1607385600000,
            "brand": { "pid": "w13xttnw", "title": "Oduu BBC Afaan Oromoo" },
            "id": "urn:bbc:ares:ws_media:page:bbc_oromo_radio/w3ct0y3d",
            "type": "ws_radio"
          }
        ]
      }
    ]
  }
}
