{
  "data": {
    "article": {
      "metadata": {
        "id": "urn:bbc:ares::asset:azeri/azerbaijan-44208474",
        "locators": {
          "assetUri": "/azeri/azerbaijan-44208474",
          "curieCpsUrn": "urn:bbc:cps:curie:asset:38229308-a0fb-654a-a274-19bec0414560",
          "assetId": "44208474",
          "cpsUrn": "urn:bbc:content:assetUri:azeri/azerbaijan-44208474",
          "curie": "http://www.bbc.co.uk/asset/38229308-a0fb-654a-a274-19bec0414560"
        },
        "type": "PGL",
        "createdBy": "azeri-v6",
        "language": "az",
        "lastUpdated": 1684461589388,
        "firstPublished": 1527410055000,
        "lastPublished": 1527410055000,
        "timestamp": 1527410055000,
        "options": {
          "isIgorSeoTagsEnabled": false,
          "includeComments": false,
          "allowRightHandSide": true,
          "isFactCheck": false,
          "allowDateStamp": true,
          "suitableForSyndication": true,
          "hasNewsTracker": false,
          "allowRelatedStoriesBox": true,
          "isKeyContent": false,
          "allowHeadline": true,
          "allowAdvertising": true,
          "hasContentWarning": false,
          "isBreakingNews": false,
          "allowPrintingSharingLinks": true
        },
        "analyticsLabels": {
          "cps_asset_type": "pgl",
          "counterName": "azeri.azerbaijan.photo_gallery.44208474.page",
          "cps_asset_id": "44208474",
          "contentId": "urn:bbc:cps:curie:asset:38229308-a0fb-654a-a274-19bec0414560"
        },
        "passport": {
          "category": {
            "categoryId": "http://www.bbc.co.uk/ontologies/applicationlogic-news/News",
            "categoryName": "News"
          },
          "home": "http://www.bbc.co.uk/ontologies/passport/home/Azeri",
          "taggings": []
        },
        "tags": {},
        "version": "v1.4.23",
        "blockTypes": [
          "image"
        ],
        "includeComments": false,
        "atiAnalytics": {
          "producerName": "AZERI",
          "producerId": "6"
        },
        "readTime": 2,
        "siteUri": "/azeri",
        "consumableOnRedButton": false,
        "consumableOnlyOnRedButton": false
      },
      "content": {
        "blocks": [
          {
            "id": "101621670",
            "subType": "photogallery",
            "href": "http://c.files.bbci.co.uk/1DBC/production/_101621670_0-158827.jpg",
            "path": "/cpsprodpb/1DBC/production/_101621670_0-158827.jpg",
            "height": 650,
            "width": 976,
            "altText": "AXC parlamentinin birinci iclasının açılışı",
            "caption": "AXC parlamentinin birinci iclasının açılışı. Bu il mayın 28-də Azərbaycan Xalq Cümhuriyyətinin elan edilməsinin 100 illik yubileyidir.",
            "copyrightHolder": "Milli Arxiv",
            "originCode": "cpsprodpb",
            "allowSyndication": false,
            "type": "image"
          },
          {
            "id": "101622358",
            "subType": "photogallery",
            "href": "http://c.files.bbci.co.uk/14D4A/production/_101622358_1-14573.jpg",
            "path": "/cpsprodpb/14D4A/production/_101622358_1-14573.jpg",
            "height": 1700,
            "width": 1000,
            "altText": "28 may 1918-ci il suverenliyi haqqında bəyənnamə",
            "caption": "28 may 1918-ci il suverenliyi haqqında bəyənnamə. Azərbaycan Xalq Cümhuriyyəti cəmi 2 ildən sonra süquta uğrasa da, ölkə tarixinin ən mühüm hadisələrindən biri sayılır.",
            "copyrightHolder": "Milli arxiv",
            "originCode": "cpsprodpb",
            "allowSyndication": false,
            "type": "image"
          },
          {
            "id": "101621665",
            "subType": "photogallery",
            "href": "http://c.files.bbci.co.uk/DD24/production/_101621665_0-154461.jpg",
            "path": "/cpsprodpb/DD24/production/_101621665_0-154461.jpg",
            "height": 1400,
            "width": 900,
            "altText": "Fətəli Xan Xoyski",
            "caption": "AXC Nazrilər Şurasının sədri və daxili işlər naziri vəzifələrini icra etmiş Fətəli Xan Xoyski. 1875-ci ildə doğulan Xoyski ADR-nin (Azərbaycan Demokratik Respublikası) yaradıcılarından biridir. O, Zaqafqaziya Federativ Respublikası hökumətində maarif naziri, Milli Hökumətin birinci və üçüncü kabinetlərində baş nazir, beşinci kabinetində isə xarici işlər naziri vəzifəsini tutub. Xoyski türk (Azərbaycan) dilinin dövlət dili elan edilməsi haqqında 27 iyun 1918-ci il tarixli qərara imza atıb. O, 1920-ci ildə qətlə yetirilib.",
            "copyrightHolder": "Milli Arxiv",
            "originCode": "cpsprodpb",
            "allowSyndication": false,
            "type": "image"
          },
          {
            "id": "101621969",
            "subType": "photogallery",
            "href": "http://c.files.bbci.co.uk/17A90/production/_101621969_0-192365.jpg",
            "path": "/cpsprodpb/17A90/production/_101621969_0-192365.jpg",
            "height": 1570,
            "width": 900,
            "altText": "Məmməd Əmin Rəsulzadə Müsavat partiyasının lideri, AXC Milli şurasının sədri",
            "caption": "Məmməd Əmin Rəsulzadə - Müsavat partiyasının lideri, AXC Milli şurasının sədri.",
            "copyrightHolder": "Milli Arxiv",
            "originCode": "cpsprodpb",
            "allowSyndication": false,
            "type": "image"
          },
          {
            "id": "101677337",
            "subType": "photogallery",
            "href": "http://c.files.bbci.co.uk/11EA1/production/_101677337_topcu.jpg",
            "path": "/cpsprodpb/11EA1/production/_101677337_topcu.jpg",
            "height": 841,
            "width": 600,
            "altText": "Əlimərdan bəy Topşubaşov - ADR hökumətinin üzvü və parlamentin sədri. Paris sülh konfransına getmiş nümayəndə heyətinin üzvü.",
            "caption": "Əlimərdan bəy Topşubaşov - AXC hökumətinin üzvü və parlamentin sədri. Paris sülh konfransına getmiş nümayəndə heyətinin üzvü.",
            "copyrightHolder": "Milli Arxiv",
            "originCode": "cpsprodpb",
            "allowSyndication": false,
            "type": "image"
          },
          {
            "id": "101621667",
            "subType": "photogallery",
            "href": "http://c.files.bbci.co.uk/12B44/production/_101621667_0-154588.jpg",
            "path": "/cpsprodpb/12B44/production/_101621667_0-154588.jpg",
            "height": 1400,
            "width": 900,
            "altText": "Həsən bəy Ağaev Azərbaycan parlamenti sədrinin 1-ci müavini sədr əvəzi",
            "caption": "Həsən bəy Ağayev Müsavat partiyasının üzvü olub. 1918-ci ildə ADR parlament sədrinin ilk müavini seçilir. Qafqazda kifayət qədər nüfuzlu şəxs sayılıb və Azərbaycanı Şimali Qafqaz Dağlılar qurultayında təmsil edib. O, 1919-cu ildə vəzifəsinə yenidən seçilə bilmir və Məmməd Yusif Cəfərov onun yerinə sədr müavini olur.",
            "copyrightHolder": "Milli Arxiv",
            "originCode": "cpsprodpb",
            "allowSyndication": false,
            "type": "image"
          },
          {
            "id": "101620713",
            "subType": "photogallery",
            "href": "http://c.files.bbci.co.uk/7BD6/production/_101620713_0-153757.jpg",
            "path": "/cpsprodpb/7BD6/production/_101620713_0-153757.jpg",
            "height": 1409,
            "width": 900,
            "altText": "Məmməd Yusif Cəfərov",
            "caption": "Məmməd Yusif Cəfərov da Qafqazdakı nüfuzlu siyasi xadimlərdən biri idi. O, Milli Şuraya daxil olmuşdu. Rusiya Müəssislər Məclisinə keçirilən seçkilərdə uğur qazanmışdı. Həsən bəy Ağayevdən sonra ADR parlamentinin sədrinin birinci müavini vəzifəsinə seçilir. Bundan başqa cumhuriyyət dövründə o, müxtəlif vaxtlarda daxili və xarici işlər naziri vəzifələrində də olub.",
            "copyrightHolder": "MİLLİ ARXİV",
            "originCode": "cpsprodpb",
            "allowSyndication": false,
            "type": "image"
          },
          {
            "id": "101621767",
            "subType": "photogallery",
            "href": "http://c.files.bbci.co.uk/12BA8/production/_101621767_0-159043.jpg",
            "path": "/cpsprodpb/12BA8/production/_101621767_0-159043.jpg",
            "height": 549,
            "width": 970,
            "altText": "AXC parlamentinin iclası - Birinci sırada ADR-in Milli Şurasının sədri M. Rəsulzadə",
            "caption": "AXC parlamentinin iclasından foto. Birinci sırada ADR-in Milli Şurasının sədri Məmməd Əmin Rəsulzadə əyləşib.",
            "copyrightHolder": "Milli arxiv",
            "originCode": "cpsprodpb",
            "allowSyndication": false,
            "type": "image"
          },
          {
            "id": "101622530",
            "subType": "photogallery",
            "href": "http://c.files.bbci.co.uk/0DC2/production/_101622530_k-30551.jpg",
            "path": "/cpsprodpb/0DC2/production/_101622530_k-30551.jpg",
            "height": 450,
            "width": 580,
            "altText": "Azərbaycan nümayəndə üzvlərinin Parisdə sülh konfransı günlərində iclası",
            "caption": "Azərbaycan nümayəndə heyəti üzvlərinin Paris sülh konfransı günlərində iclası.",
            "copyrightHolder": "Milli Arxiv",
            "originCode": "cpsprodpb",
            "allowSyndication": false,
            "type": "image"
          },
          {
            "id": "101622356",
            "subType": "photogallery",
            "href": "http://c.files.bbci.co.uk/FF2A/production/_101622356_1-14571.jpg",
            "path": "/cpsprodpb/FF2A/production/_101622356_1-14571.jpg",
            "height": 1500,
            "width": 950,
            "altText": "Səməd bəy Mehmandarov- hərbi və dövlət xadimi, artilleriya generalı, 15 fgevral 1918-ci ildən 27 aprel 1920-ci ilə qədər Milli hökumətin hərbi naziri, 1920",
            "caption": "Səməd bəy Mehmandarov, hərbi və dövlət xadimi, artilleriya generalı olub. 15 fevral 1918-ci ildən 27 aprel 1920-ci ilə qədər Milli Hökumətin hərbi naziri vəzifəsini icra edib.",
            "copyrightHolder": "Milli Arxiv",
            "originCode": "cpsprodpb",
            "allowSyndication": false,
            "type": "image"
          },
          {
            "id": "101622354",
            "subType": "photogallery",
            "href": "http://c.files.bbci.co.uk/B10A/production/_101622354_1-14569.jpg",
            "path": "/cpsprodpb/B10A/production/_101622354_1-14569.jpg",
            "height": 1400,
            "width": 1000,
            "altText": "Əli Ağa Şıxlınski -artilleriyanın general leytinantı, 1917",
            "caption": "Əli Ağa Şıxlınski - Rusiya İmperiyası ordusunda general-leytenant, Azərbaycan Xalq Cümhuriyyətinin Hərbi nazirinin müavini 1917.",
            "copyrightHolder": "Milli Arxiv",
            "originCode": "cpsprodpb",
            "allowSyndication": false,
            "type": "image"
          },
          {
            "id": "101622362",
            "subType": "photogallery",
            "href": "http://c.files.bbci.co.uk/66D2/production/_101622362_2-1398.jpg",
            "path": "/cpsprodpb/66D2/production/_101622362_2-1398.jpg",
            "height": 750,
            "width": 990,
            "altText": "AXC ordusunun zabit və əsgərləri",
            "caption": "AXC ordusunun zabit və əsgərləri.",
            "copyrightHolder": "Milli arxiv",
            "originCode": "cpsprodpb",
            "allowSyndication": false,
            "type": "image"
          },
          {
            "id": "101622360",
            "subType": "photogallery",
            "href": "http://c.files.bbci.co.uk/18B2/production/_101622360_2-1396.jpg",
            "path": "/cpsprodpb/18B2/production/_101622360_2-1396.jpg",
            "height": 640,
            "width": 976,
            "altText": "Gəncə yunkerlər məktəbinin zabit və kursantları",
            "caption": "Gəncə yunkerlər məktəbinin zabit və kursantları.",
            "copyrightHolder": "Milli arxiv",
            "originCode": "cpsprodpb",
            "allowSyndication": false,
            "type": "image"
          },
          {
            "id": "101622526",
            "subType": "photogallery",
            "href": "http://c.files.bbci.co.uk/F43A/production/_101622526_2-13370.jpg",
            "path": "/cpsprodpb/F43A/production/_101622526_2-13370.jpg",
            "height": 670,
            "width": 996,
            "altText": "Azərbaycan Xalq Cumhuriyyəti parlamentinin binası, 1919",
            "caption": "Azərbaycan Xalq Cümhuriyyəti parlamentinin binası, 1919-cu il.",
            "copyrightHolder": "Milli arxiv ",
            "originCode": "cpsprodpb",
            "allowSyndication": false,
            "type": "image"
          },
          {
            "id": "101622531",
            "subType": "photogallery",
            "href": "http://c.files.bbci.co.uk/34D2/production/_101622531_5-841.jpg",
            "path": "/cpsprodpb/34D2/production/_101622531_5-841.jpg",
            "height": 560,
            "width": 996,
            "altText": "AXC-nin yaradılmasının ildönümünə həsr edilmiş Azərbaycan ordusunun hərbi paradı",
            "caption": "AXC-nin yaradılmasının ildönümünə həsr edilmiş Azərbaycan ordusunun hərbi paradı, 1919-cu il.",
            "copyrightHolder": "Milli Arxiv",
            "originCode": "cpsprodpb",
            "allowSyndication": false,
            "type": "image"
          },
          {
            "id": "101622524",
            "subType": "photogallery",
            "href": "http://c.files.bbci.co.uk/A61A/production/_101622524_2-13335.jpg",
            "path": "/cpsprodpb/A61A/production/_101622524_2-13335.jpg",
            "height": 650,
            "width": 976,
            "altText": "AXC Nazirlər sovetinin heyəti",
            "caption": "AXC Nazirlər Sovetinin heyəti. Ortada - Nazirlər Sovetinin sədri Usub bəy Nəsirbəyov, hərbi nazir Səməd ağa Mehmandarov. Sağdan-sola: maliyyə naziri Əliağa Həsənov, xarici işlər naziri Fətəli xan Xoyski, əmək və ədliyyə naziri A. Səfirkürdski, portfelsiz nazir Amastor, səhiyyə naziri Taskanov, Nazirlər Sovetinin iş icraçısı Mirzə Qacar. Soldan-sağa: yol-nəqliyyat naziri Məlik Aslanov, teleqraf naziri Camo bəy Hacınski, nəzarət naziri Nəriman bəy Nərimanbəyov, ədliyyə nazirinin köməkçisi Teymur bəy Makinski, yol-nəqliyyat nazirinin köməkçisi Yusif Məmmədbəyov, əkinçilik nazirinin köməkçisi Hidayət bəy Sultanov, xarici işlər nazirinin köməkçisi Adilxan Ziyadxanov, 1919-cu il.",
            "copyrightHolder": "Milli arxiv",
            "originCode": "cpsprodpb",
            "allowSyndication": false,
            "type": "image"
          },
          {
            "id": "101621672",
            "subType": "photogallery",
            "href": "http://c.files.bbci.co.uk/6BDC/production/_101621672_0-158834.jpg",
            "path": "/cpsprodpb/6BDC/production/_101621672_0-158834.jpg",
            "height": 700,
            "width": 976,
            "altText": "Azərbaycan parlamentinin üzvləri: Ortada - AXC Nazirlər Sovetinin sədri F. Xoyski və Azərbaycan parlamentinin sədr müavini H. Ağayev",
            "caption": "Azərbaycan parlamentinin üzvləri: Ortada: AXC Nazirlər Sovetinin sədri Fətəli xan Xoyski və Azərbaycan parlamentinin sədr müavini Həsənbəy Ağayev.",
            "copyrightHolder": "Milli Arxiv",
            "originCode": "cpsprodpb",
            "allowSyndication": false,
            "type": "image"
          },
          {
            "id": "101621972",
            "subType": "photogallery",
            "href": "http://c.files.bbci.co.uk/6D08/production/_101621972_0-210162.jpg",
            "path": "/cpsprodpb/6D08/production/_101621972_0-210162.jpg",
            "height": 1400,
            "width": 900,
            "altText": "Əhməd bəy Ağayev",
            "caption": "Əhməd bəy Ağayev - 1875-1939. Azərbaycanın 20-ci əsr ictimai-siyasi tarixinin fikir nəhənglərindən biri, publisist maarifçi, 1918-ci ildə Azərbaycanı xilas etməyə gələn türk ordusunun komandanı Nuru Paşanın müavini kimi vətənə dönmüş, milli parlamentin üzvü olmuşdur. Milli Hökumət dövründə xüsusi qərarla Türkiyədən ölkəmizə müəllim dəvət olunmasında, dərslik gətirilməsində böyük xidmətləri var.",
            "copyrightHolder": "Milli Arxiv",
            "originCode": "cpsprodpb",
            "allowSyndication": false,
            "type": "image"
          },
          {
            "id": "101621966",
            "subType": "photogallery",
            "href": "http://c.files.bbci.co.uk/10560/production/_101621966_0-173322.jpg",
            "path": "/cpsprodpb/10560/production/_101621966_0-173322.jpg",
            "height": 1400,
            "width": 900,
            "altText": "M.H. Hacinski AXC-nin 1, 2 kabinetlərində XİN rəhbəri, 2-ci kabinetində maliyyə naziri",
            "caption": "Məmməd Həsən Hacinski AXC-nin birinci və ikinci kabinetlərində XİN rəhbəri, 2-ci kabinetində maliyyə naziri vəzifəsini icra edib. Hacınski Müsavat partiyasın üzvü olub, parlamentdə fraksiyalardan birinin lideri olub. Tarixçi-alim Altay Göyüşovun sözlərinə görə, 1920-ci ilin əvvəllərində Nazirlər Şurasının sədri Nəsib bəy Yusifbəyov istefaya getdikdən sonra yeni hökumətin təşkili Hacınskiyə tapşırılıb.",
            "copyrightHolder": "Milli Arxiv",
            "originCode": "cpsprodpb",
            "allowSyndication": false,
            "type": "image"
          }
        ]
      },
      "promo": {
        "headlines": {
          "shortHeadline": "Azərbaycan Xalq Cümhuriyyəti - Fotolarda",
          "headline": "Azərbaycan Xalq Cümhuriyyəti - Fotolarda"
        },
        "locators": {
          "assetUri": "/azeri/azerbaijan-44208474",
          "curieCpsUrn": "urn:bbc:cps:curie:asset:38229308-a0fb-654a-a274-19bec0414560",
          "assetId": "44208474",
          "cpsUrn": "urn:bbc:content:assetUri:azeri/azerbaijan-44208474",
          "curie": "http://www.bbc.co.uk/asset/38229308-a0fb-654a-a274-19bec0414560"
        },
        "summary": "Bu il mayın 28-də Azərbaycan Xalq Cümhuriyyətinin elan edilməsinin 100 illik yubileyidir. BBC Azərbaycanca həmin dövrün siyasi xadimlərinin və hadisələrin arxiv fotolarını təqdim edir.",
        "timestamp": 1527410055000,
        "language": "az",
        "passport": {
          "category": {
            "categoryId": "http://www.bbc.co.uk/ontologies/applicationlogic-news/News",
            "categoryName": "News"
          },
          "home": "http://www.bbc.co.uk/ontologies/passport/home/Azeri",
          "taggings": []
        },
        "indexImage": {
          "id": "101678223",
          "subType": "index",
          "href": "http://c.files.bbci.co.uk/7E1F/production/_101678223_0-158827.jpg",
          "path": "/cpsprodpb/7E1F/production/_101678223_0-158827.jpg",
          "height": 549,
          "width": 976,
          "altText": "AXC parlamentinin birinci iclasının açılışı",
          "copyrightHolder": "Milli Arxiv",
          "originCode": "cpsprodpb",
          "allowSyndication": false,
          "type": "image"
        },
        "id": "urn:bbc:ares::asset:azeri/azerbaijan-44208474",
        "type": "cps"
      },
      "relatedContent": {
        "section": {
          "subType": "index",
          "name": "Azərbaycan",
          "uri": "/azeri/azerbaijan",
          "urlIdentifier": "/azeri/azerbaijan",
          "type": "simple"
        },
        "site": {
          "subType": "site",
          "name": "BBC Azərbaycanca",
          "uri": "/azeri",
          "urlIdentifier": "/azeri",
          "type": "simple"
        },
        "groups": [
          {
            "type": "see-alsos",
            "promos": [
              {
                "headlines": {
                  "shortHeadline": "ADR və Qazaxdan Qarsadək müsəlman dəhlizi ideyası",
                  "headline": "ADR və Qazaxdan Qarsadək müsəlman dəhlizi ideyası"
                },
                "locators": {
                  "assetUri": "/azeri/azerbaijan-44124647",
                  "cpsUrn": "urn:bbc:content:assetUri:/azeri/azerbaijan-44124647"
                },
                "summary": "Bu il Azərbaycan Demokratik Respublikasının elan edilməsinin 100 illik yubileyidir. BBC Azərbaycanca bu ərəfədə Azərbaycan xalqının epik və mühüm günlərini həftəlik esselərlə təqdim edir.",
                "timestamp": 1526553848000,
                "language": "az",
                "cpsType": "STY",
                "indexImage": {
                  "id": "100713334",
                  "subType": "index",
                  "href": "http://c.files.bbci.co.uk/A943/production/_100713334_officersandsoldiers.jpg",
                  "path": "/cpsprodpb/A943/production/_100713334_officersandsoldiers.jpg",
                  "height": 549,
                  "width": 976,
                  "altText": "Azərbaycan Xalq Cümhuriyyətinin zabit və əsgərləri",
                  "caption": "ADR-ın zabit və əsgərləri",
                  "copyrightHolder": "Milli Arxiv",
                  "type": "image"
                },
                "id": "urn:bbc:ares::asset:azeri/azerbaijan-44124647",
                "type": "cps"
              },
              {
                "headlines": {
                  "shortHeadline": "ADR-100: Türk Əsgəri üçün Cəbrayıl çörəyi",
                  "headline": "ADR-100: Türk Əsgəri üçün Cəbrayıl çörəyi"
                },
                "locators": {
                  "assetUri": "/azeri/azerbaijan-43540056",
                  "cpsUrn": "urn:bbc:content:assetUri:/azeri/azerbaijan-43540056"
                },
                "summary": "ADR-100 layihəmizdə növbəti yazı: 1918-ci il martın 3-də Bolşeviklər Almaniya, Bolqarıstan, Avstriya-Macarıstan və Osmanlı nümayəndələri ilə Brest-Litovsk Sülh Sazişi imzalayır. İmzalanma Bakının azadlığı ilə nəticələnən bir sıra hadisələrə səbəb olur.",
                "timestamp": 1522167836000,
                "language": "az",
                "cpsType": "STY",
                "indexImage": {
                  "id": "100567146",
                  "subType": "index",
                  "href": "http://c.files.bbci.co.uk/FAB0/production/_100567146_aghayev1.jpg",
                  "path": "/cpsprodpb/FAB0/production/_100567146_aghayev1.jpg",
                  "height": 549,
                  "width": 976,
                  "altText": "Əhməd Ağayevin şəkli",
                  "caption": "Azərbaycan Xalq Cümhüriyyətində millət vəkili olan Əhməd Bəy Ağayev, Azərbaycana gələn Türk ordusunun komandanı, Nuru Paşanın müavini olub",
                  "copyrightHolder": "Milli Arxiv",
                  "type": "image"
                },
                "id": "urn:bbc:ares::asset:azeri/azerbaijan-43540056",
                "type": "cps"
              },
              {
                "headlines": {
                  "shortHeadline": "Borçalı: Tortdan hərəyə bir tikə - təkbaşına isə onu yemək olmaz",
                  "headline": "Borçalı: Tortdan hərəyə bir tikə - təkbaşına isə onu yemək olmaz"
                },
                "locators": {
                  "assetUri": "/azeri/azerbaijan-44022776",
                  "cpsUrn": "urn:bbc:content:assetUri:/azeri/azerbaijan-44022776"
                },
                "summary": "#ADR100 layihəmizdə: 1918-1920-ci illərdə Gürcüstanla Azərbaycan arasında əməkdaşlıq yeni respublikalar üçün olduqca mühüm idi. Eyni zamanda Bakı ilə Tbilisi arasında gərginlik yaradan məsələlər mövcud idi. Belə məsələlərdən biri də ərazi mübahisələri idi.",
                "timestamp": 1525930091000,
                "language": "az",
                "cpsType": "STY",
                "indexImage": {
                  "id": "101240680",
                  "subType": "index",
                  "href": "http://c.files.bbci.co.uk/219C/production/_101240680_gettyimages-98040059.jpg",
                  "path": "/cpsprodpb/219C/production/_101240680_gettyimages-98040059.jpg",
                  "height": 549,
                  "width": 976,
                  "altText": "Marneuli",
                  "caption": "Marneuli və ya keçmiş Borçalının əhalisinin əksəriyyəti azərbaycanlılardır.",
                  "copyrightHolder": "AFP",
                  "type": "image"
                },
                "id": "urn:bbc:ares::asset:azeri/azerbaijan-44022776",
                "type": "cps"
              },
              {
                "headlines": {
                  "shortHeadline": "Cümhuriyyət hökuməti Azərbaycanı necə idarə edirdi? İlk 6 ayın hadisələri",
                  "headline": "Cümhuriyyət hökuməti Azərbaycanı necə idarə edirdi? İlk 6 ayın hadisələri"
                },
                "locators": {
                  "assetUri": "/azeri/azerbaijan-43713137",
                  "cpsUrn": "urn:bbc:content:assetUri:/azeri/azerbaijan-43713137"
                },
                "summary": "1918-ci il mayın 28-də Azərbaycanın istiqlaliyyəti elan olunanda bu hadisədən bir gün əvvəl dağılmış Zaqafqaziya Seyminin 44 nəfər müsəlman nümayəndəsi Tiflisdə toplanır və özlərini Azərbaycanın Milli Şurası elan edirlər.",
                "timestamp": 1523357059000,
                "language": "az",
                "cpsType": "STY",
                "indexImage": {
                  "id": "100780968",
                  "subType": "index",
                  "href": "http://c.files.bbci.co.uk/1537C/production/_100780968_xoyski2.jpg",
                  "path": "/cpsprodpb/1537C/production/_100780968_xoyski2.jpg",
                  "height": 549,
                  "width": 976,
                  "altText": "Fətəli Xan Xoyski",
                  "caption": "Fətəli Xan Xoyski",
                  "copyrightHolder": "Milli Arxiv",
                  "type": "image"
                },
                "id": "urn:bbc:ares::asset:azeri/azerbaijan-43713137",
                "type": "cps"
              },
              {
                "headlines": {
                  "shortHeadline": "1918-1991: Bir müstəqilliyin iki bəyanı",
                  "headline": "1918-1991: Bir müstəqilliyin iki bəyanı"
                },
                "locators": {
                  "assetUri": "/azeri/azerbaijan-37688691",
                  "cpsUrn": "urn:bbc:content:assetUri:/azeri/azerbaijan-37688691"
                },
                "summary": "25 il əvvəl bu gün Azərbaycan çökməkdə olan Sovet İttifaqından özünün müstəqillyini bəyan edib. Bu, Azərbaycan Respublikasının ikinci doğuluşu idi.",
                "timestamp": 1476780870000,
                "language": "az",
                "cpsType": "STY",
                "indexImage": {
                  "id": "91964456",
                  "subType": "index",
                  "href": "http://c.files.bbci.co.uk/FFA6/production/_91964456_gettyimages-52022706.jpg",
                  "path": "/cpsprodpb/FFA6/production/_91964456_gettyimages-52022706.jpg",
                  "height": 549,
                  "width": 976,
                  "altText": "Bakı 1991",
                  "caption": "Moskvada çevrilişin iflasından iki ay sonra, 1991-ci il, oktyabrın 18-də Azərbaycan da öz müstəqillyiini elan edib",
                  "copyrightHolder": "ANATOLY SAPRONENKO/ Getty",
                  "type": "image"
                },
                "id": "urn:bbc:ares::asset:azeri/azerbaijan-37688691",
                "type": "cps"
              },
              {
                "headlines": {
                  "shortHeadline": "Müstəqillik sizə nə verib? - sorğu",
                  "headline": "Bakı sakinləri müstəqillik barədə danışır"
                },
                "locators": {
                  "assetUri": "/azeri/azerbaijan-37691096",
                  "cpsUrn": "urn:bbc:content:assetUri:/azeri/azerbaijan-37691096"
                },
                "summary": "Çərşənbə axşamı şəhər sakinləri BBC Azərbaycancanın \"Müstəqillik sizə nə verib?\" sualını cavablandırıb.",
                "timestamp": 1476806574000,
                "language": "az",
                "cpsType": "MAP",
                "media": {
                  "id": "37697331",
                  "subType": "primary",
                  "format": "video",
                  "externalId": "p04cfdk9",
                  "entityType": "Clip",
                  "caption": "Bakı sakinləri müstəqillik barədə danışır",
                  "type": "external_vpid"
                },
                "indexImage": {
                  "id": "91973882",
                  "subType": "index",
                  "href": "http://c.files.bbci.co.uk/70A5/production/_91973882_p04cfdmb.jpg",
                  "path": "/cpsprodpb/70A5/production/_91973882_p04cfdmb.jpg",
                  "height": 576,
                  "width": 1024,
                  "altText": "sakin",
                  "copyrightHolder": "BBC",
                  "type": "image"
                },
                "mediaType": "Video",
                "id": "urn:bbc:ares::asset:azeri/azerbaijan-37691096",
                "type": "cps"
              },
              {
                "name": "21-ci ilin Qars müqaviləsi: bu necə baş verdi?",
                "uri": "http://www.bbc.com/azeri/azerbaijan/2014/10/141014_kars_agreement",
                "aresUrl": "https://ares-api.api.bbci.co.uk/api/asset/azeri/azerbaijan/2014/10/141014_kars_agreement",
                "timestamp": 1476777777000,
                "type": "link"
              },
              {
                "name": "Azərbaycana sovet təcrübəsi lazım idimi?",
                "uri": "http://www.bbc.com/azeri/azerbaijan/2014/11/141103_russian_revolution_azerbaijan",
                "aresUrl": "https://ares-api.api.bbci.co.uk/api/asset/azeri/azerbaijan/2014/11/141103_russian_revolution_azerbaijan",
                "timestamp": 1476777811000,
                "type": "link"
              },
              {
                "name": "\"Qafqazın Pensilvaniyası\" - Bakı və I Dünya Müharibəsi",
                "uri": "http://www.bbc.com/azeri/azerbaijan/2014/08/140801_azerbaijan_ww1",
                "aresUrl": "https://ares-api.api.bbci.co.uk/api/asset/azeri/azerbaijan/2014/08/140801_azerbaijan_ww1",
                "timestamp": 1476781312000,
                "type": "link"
              },
              {
                "headlines": {
                  "shortHeadline": "1918-ci ilə baxış: Mayın 28-nə aparan o yaz günlərində həyat necə idi?",
                  "headline": "1918-ci ilə baxış: Mayın 28-nə aparan o yaz günlərində həyat necə idi?"
                },
                "locators": {
                  "assetUri": "/azeri/azerbaijan-43499221",
                  "cpsUrn": "urn:bbc:content:assetUri:/azeri/azerbaijan-43499221"
                },
                "summary": "Bu il Azərbaycan Demokratik Respublikasının elan edilməsinin 100 illik yubileyidir. BBC Azərbaycanca bu ərəfədə Azərbaycan xalqının epik və mühüm günlərini həftəlik esselərlə təqdim edəcək.",
                "timestamp": 1521736027000,
                "language": "az",
                "cpsType": "STY",
                "indexImage": {
                  "id": "100522730",
                  "subType": "index",
                  "href": "http://c.files.bbci.co.uk/0E8A/production/_100522730_gettyimages-3296459-1.jpg",
                  "path": "/cpsprodpb/0E8A/production/_100522730_gettyimages-3296459-1.jpg",
                  "height": 549,
                  "width": 976,
                  "altText": "Bakı neft yataqları",
                  "caption": "Bakı, 1 dekabr 1918: Qırmızı, yaxud Ağ, Rusiya vətəndaş müharibəsinin qalibi tez, ya gec Bakını ələ almağa çalışacaqdı",
                  "copyrightHolder": "Topical Press Agency",
                  "type": "image"
                },
                "id": "urn:bbc:ares::asset:azeri/azerbaijan-43499221",
                "type": "cps"
              },
              {
                "headlines": {
                  "shortHeadline": "Zaqatala: Azərbaycanın qalib gəldiyi mübahisə",
                  "headline": "#ADR100 Zaqatala: Azərbaycanın qalib gəldiyi mübahisə"
                },
                "locators": {
                  "assetUri": "/azeri/azerbaijan-44004471",
                  "cpsUrn": "urn:bbc:content:assetUri:/azeri/azerbaijan-44004471"
                },
                "summary": "Bir çox azərbaycanlı və gürcüstanlı siyasətçiləri anlayırdılar ki, onların içində olduğu həssas dövrdən salamat çıxmaq üçün iqtisadi, siyasi və hərbi müttəfiqlik vacibdir. Eyni zamanda hər iki respublika arasında bir sıra mübahisələr də mövcud idi.",
                "timestamp": 1525432932000,
                "language": "az",
                "cpsType": "STY",
                "indexImage": {
                  "id": "101168620",
                  "subType": "index",
                  "href": "http://c.files.bbci.co.uk/0A7E/production/_101168620_4e70b0c9c347b14fc02b9b3c2897bab0.jpg",
                  "path": "/cpsprodpb/0A7E/production/_101168620_4e70b0c9c347b14fc02b9b3c2897bab0.jpg",
                  "height": 549,
                  "width": 976,
                  "altText": "Zaqatala",
                  "copyrightHolder": "Zaqata Rayon İcra Hakimiyyəti",
                  "type": "image"
                },
                "id": "urn:bbc:ares::asset:azeri/azerbaijan-44004471",
                "type": "cps"
              },
              {
                "headlines": {
                  "shortHeadline": "Cümhuriyyət hökumətinin İranla əlaqələri necə idi?",
                  "headline": "Cümhuriyyət hökumətinin İranla əlaqələri necə idi?"
                },
                "locators": {
                  "assetUri": "/azeri/azerbaijan-43870815",
                  "cpsUrn": "urn:bbc:content:assetUri:/azeri/azerbaijan-43870815"
                },
                "summary": "İranın Xəzər sahilinə çıxan bölgələrində Azərbaycan Respublikasını böyük ticari imkanlar gözləyirdi. İran ixracatının 60-70 faizinin istehsalı ənənəvi olaraq məhz həmin regionun payına düşüb. Azərbaycan və xüsusilə Bakı-Batumi dəhlizi isə Avropa bazarına aparan təbii çıxış idi. Bəs milli hökümət iqtisadi imkanları gəlirli xarici ticarətə çevirə bildimi?",
                "timestamp": 1524969295000,
                "language": "az",
                "cpsType": "STY",
                "indexImage": {
                  "id": "101070770",
                  "subType": "index",
                  "href": "http://c.files.bbci.co.uk/1E1B/production/_101070770_gettyimages-3348212.jpg",
                  "path": "/cpsprodpb/1E1B/production/_101070770_gettyimages-3348212.jpg",
                  "height": 549,
                  "width": 976,
                  "altText": "İran hərbçiləri, 1911-ci il Tehran",
                  "caption": "İran Azərbaycanı yaranmaqda olan bufer zonası kimi görürdü - Azərbaycan faktoru İranı Rusiya ilə ümumi sərhədi bölüşmək ehtiyacından azad edirdi. (Arxiv foto: 1911-ci il Tehran, İran hərbçiləri)",
                  "copyrightHolder": "Topical Press Agency",
                  "type": "image"
                },
                "id": "urn:bbc:ares::asset:azeri/azerbaijan-43870815",
                "type": "cps"
              }
            ]
          }
        ]
      }
    },
    "secondaryData": {
      "topStories": null,
      "features": null,
      "mostRead": null,
      "mostWatched": null
    }
  },
  "contentType": "application/json; charset=utf-8"
}
