{
  "generated": "2020-07-27T11:19:21.708Z",
  "lastRecordTimeStamp": "2030-01-01T17:00:00Z",
  "firstRecordTimeStamp": "2020-07-27T10:59:00Z",
  "totalRecords": 20,
  "records": [
    {
      "id": "4e1d62f9-54bb-45bf-92b5-0df53a009f7f",
      "rank": 1,
      "count": 170,
      "urn": "urn:bbc:curie:asset:4e1d62f9-54bb-45bf-92b5-0df53a009f7f",
      "promo": {
        "headlines": {
          "shortHeadline": "كيف سطع نجم رجب طيب أردوغان؟",
          "headline": "كيف أصبح رئيس تركيا رجب طيب أردوغان أحد أبرز القادة؟"
        },
        "locators": {
          "assetUri": "/arabic/media-53529792",
          "cpsUrn": "urn:bbc:content:assetUri:arabic/media-53529792",
          "curie": "http://www.bbc.co.uk/asset/4e1d62f9-54bb-45bf-92b5-0df53a009f7f",
          "assetId": "53529792"
        },
        "summary": "من عائلة بسيطة ومحافظة، إلى أحد أبرز القادة العالميين...كيف سطع نجم رجب طيب أردوغان؟",
        "timestamp": 1595840381000,
        "language": "ar",
        "passport": {
          "category": {
            "categoryId": "http://www.bbc.co.uk/ontologies/applicationlogic-news/Explainer",
            "categoryName": "Explainer"
          },
          "campaigns": [
            {
              "campaignId": "5a988e3739461b000e9dabfa",
              "campaignName": "WS - Give me perspective"
            }
          ],
          "taggings": []
        },
        "media": {
          "id": "53529793",
          "subType": "primary",
          "format": "video",
          "externalId": "p08lqmv6",
          "entityType": "Clip",
          "caption": "رجب طيب أردوغان: كيف سطع نجم الرئيس التركي؟",
          "type": "external_vpid"
        },
        "indexImage": {
          "id": "113612056",
          "subType": "index",
          "href": "http://c.files.bbci.co.uk/FDFD/production/_113612056_p08lqn09.jpg",
          "path": "/cpsprodpb/FDFD/production/_113612056_p08lqn09.jpg",
          "height": 549,
          "width": 976,
          "altText": "الرئيس التركي رجب طيب أردوغان",
          "copyrightHolder": "Getty Images",
          "type": "image"
        },
        "id": "urn:bbc:ares::asset:arabic/media-53529792",
        "type": "cps"
      }
    },
    {
      "id": "acf590b9-1d06-4e0f-9555-4bb9ebdf14c1",
      "rank": 2,
      "count": 120,
      "urn": "urn:bbc:curie:asset:acf590b9-1d06-4e0f-9555-4bb9ebdf14c1",
      "promo": {
        "headlines": {
          "shortHeadline": "قصة أخطر سيلفي في متنزه بالمكسيك",
          "headline": "قصة أخطر صورة سيلفي التقطت في متنزه بالمكسيك"
        },
        "locators": {
          "assetUri": "/arabic/media-53528843",
          "cpsUrn": "urn:bbc:content:assetUri:arabic/media-53528843",
          "curie": "http://www.bbc.co.uk/asset/acf590b9-1d06-4e0f-9555-4bb9ebdf14c1",
          "assetId": "53528843"
        },
        "summary": "تمكّنت مجموعة من زوار متنزه \"شيبينكى\" الواقع بمدينة سان بيدرو جارسا جارسيا المكسيكية، من تصوير فيديو لدب أسود، اقترب منهم بشكل كبير، خلال التقاطهم صورا تذكارية فى الموقع",
        "timestamp": 1595839268000,
        "language": "ar",
        "passport": {
          "category": {
            "categoryId": "http://www.bbc.co.uk/ontologies/applicationlogic-news/Feature",
            "categoryName": "Feature"
          },
          "campaigns": [
            {
              "campaignId": "5a988e1739461b000e9dabf6",
              "campaignName": "WS - CS"
            },
            {
              "campaignId": "5a988e3139461b000e9dabf9",
              "campaignName": "WS - Divert me"
            }
          ],
          "taggings": []
        },
        "media": {
          "id": "53528844",
          "subType": "primary",
          "format": "video",
          "externalId": "p08lqm83",
          "entityType": "Clip",
          "caption": "قصة أخطر صورة سيلفي التقطت في متنزه بالمكسيك",
          "type": "external_vpid"
        },
        "indexImage": {
          "id": "113610979",
          "subType": "index",
          "href": "http://c.files.bbci.co.uk/17E6D/production/_113610979_p08lqmxj.jpg",
          "path": "/cpsprodpb/17E6D/production/_113610979_p08lqmxj.jpg",
          "height": 549,
          "width": 976,
          "altText": "قصة أخطر سيلفي في متنزه بالمكسيك",
          "copyrightHolder": "BBC",
          "type": "image"
        },
        "id": "urn:bbc:ares::asset:arabic/media-53528843",
        "type": "cps"
      }
    },
    {
      "id": "5ca4f187-e266-614b-8fed-a80e2880f293",
      "rank": 3,
      "count": 82,
      "urn": "urn:bbc:curie:asset:5ca4f187-e266-614b-8fed-a80e2880f293",
      "promo": {
        "headlines": {
          "shortHeadline": "شاهد البث المباشر لتلفزيون بي بي سي",
          "headline": "مباشر: تلفزيون بي بي سي عربي"
        },
        "locators": {
          "assetUri": "/arabic/media-49522519",
          "cpsUrn": "urn:bbc:content:assetUri:arabic/media-49522519",
          "curie": "http://www.bbc.co.uk/asset/5ca4f187-e266-614b-8fed-a80e2880f293",
          "assetId": "49522519"
        },
        "summary": "شاهد البث المباشر لتلفزيون بي بي سي",
        "timestamp": 1567154178000,
        "language": "ar",
        "media": {
          "id": "108540166",
          "subType": "primary",
          "format": "video",
          "externalId": "bbc_arabic_tv",
          "duration": "PT0S",
          "caption": "",
          "image": {
            "id": "108540166",
            "subType": "thumbnail",
            "href": "http://c.files.bbci.co.uk/CF4E/production/_111607035_arabic_16_9_updated.png",
            "path": "/cpsprodpb/CF4E/production/_111607035_arabic_16_9_updated.png",
            "height": 576,
            "width": 1024,
            "altText": "BBC Arabic logo",
            "copyrightHolder": "BBC",
            "type": "image"
          },
          "embedding": false,
          "available": true,
          "live": true,
          "type": "version"
        },
        "indexImage": {
          "id": "111885740",
          "subType": "index",
          "href": "http://c.files.bbci.co.uk/1296/production/_111885740_livetv.jpg",
          "path": "/cpsprodpb/1296/production/_111885740_livetv.jpg",
          "height": 576,
          "width": 1024,
          "altText": "BBC Ararbic",
          "copyrightHolder": "BBC",
          "type": "image"
        },
        "id": "urn:bbc:ares::asset:arabic/media-49522519",
        "type": "cps"
      }
    },
    {
      "id": "9a472b81-c29e-47c9-95b9-9de9937ef8ac",
      "rank": 4,
      "count": 32,
      "urn": "urn:bbc:curie:asset:9a472b81-c29e-47c9-95b9-9de9937ef8ac",
      "promo": {
        "headlines": {
          "shortHeadline": "لحظة اعتراض طائرة حربية أمريكية لطائرة ركاب إيرانية",
          "headline": "لحظة اعتراض طائرة حربية أمريكية لطائرة ركاب إيرانية متجهة إلى لبنان"
        },
        "locators": {
          "assetUri": "/arabic/media-53527555",
          "cpsUrn": "urn:bbc:content:assetUri:arabic/media-53527555",
          "curie": "http://www.bbc.co.uk/asset/9a472b81-c29e-47c9-95b9-9de9937ef8ac",
          "assetId": "53527555"
        },
        "summary": "مقاتلة أمريكية اقتربت على نحو خطير من طائرة ركاب إيرانية في المجال الجوي السوري، والجيش الأمريكي يؤكد أن المقاتلة كانت على مسافة أمنة.",
        "timestamp": 1595585664000,
        "language": "ar",
        "passport": {
          "category": {
            "categoryId": "http://www.bbc.co.uk/ontologies/applicationlogic-news/News",
            "categoryName": "News"
          },
          "campaigns": [
            {
              "campaignId": "5a988e3e39461b000e9dabfb",
              "campaignName": "WS - Keep me on trend"
            }
          ],
          "taggings": []
        },
        "media": {
          "id": "53527556",
          "subType": "primary",
          "format": "video",
          "externalId": "p08lqbr1",
          "entityType": "Clip",
          "caption": "لحظة اعتراض طائرة حربية أمريكية لطائرة ركاب إيرانية متجهة إلى لبنان",
          "type": "external_vpid"
        },
        "indexImage": {
          "id": "113609393",
          "subType": "index",
          "href": "http://c.files.bbci.co.uk/99DE/production/_113609393_p08lqcgw.jpg",
          "path": "/cpsprodpb/99DE/production/_113609393_p08lqcgw.jpg",
          "height": 549,
          "width": 976,
          "altText": "طائرة حربية أمريكية",
          "copyrightHolder": "AFP",
          "type": "image"
        },
        "id": "urn:bbc:ares::asset:arabic/media-53527555",
        "type": "cps"
      }
    },
    {
      "id": "8d28aa2a-804a-412a-84dc-c59a72dabb01",
      "rank": 5,
      "count": 27,
      "urn": "urn:bbc:curie:asset:8d28aa2a-804a-412a-84dc-c59a72dabb01",
      "promo": {
        "headlines": {
          "shortHeadline": "خرائط عربية يغيرها غوغل بحسب موقعك",
          "headline": "هل حذف غوغل فلسطين من خرائطه بالفعل؟"
        },
        "locators": {
          "assetUri": "/arabic/media-53532058",
          "cpsUrn": "urn:bbc:content:assetUri:arabic/media-53532058",
          "curie": "http://www.bbc.co.uk/asset/8d28aa2a-804a-412a-84dc-c59a72dabb01",
          "assetId": "53532058"
        },
        "summary": "غضب الآلاف من تطبيق خرائط غوغل لحذفه اسم فلسطين من الخريطة. هذا الاتهام ضد غوغل غير صحيح - لكن الحقيقة أكثر تعقيدا.",
        "timestamp": 1595604089000,
        "language": "ar",
        "passport": {
          "category": {
            "categoryId": "http://www.bbc.co.uk/ontologies/applicationlogic-news/Explainer",
            "categoryName": "Explainer"
          },
          "taggings": []
        },
        "media": {
          "id": "53532059",
          "subType": "primary",
          "format": "video",
          "externalId": "p08lrcw3",
          "entityType": "Clip",
          "caption": "هل حذف غوغل فلسطين من خرائطه بالفعل؟",
          "type": "external_vpid"
        },
        "indexImage": {
          "id": "113614637",
          "subType": "index",
          "href": "http://c.files.bbci.co.uk/11FA9/production/_113614637_mediaitem113614636.jpg",
          "path": "/cpsprodpb/11FA9/production/_113614637_mediaitem113614636.jpg",
          "height": 549,
          "width": 976,
          "altText": "خرائط عربية يغيرها غوغل بحسب موقعك",
          "copyrightHolder": "BBC",
          "type": "image"
        },
        "id": "urn:bbc:ares::asset:arabic/media-53532058",
        "type": "cps"
      }
    },
    {
      "id": "8e791c47-0586-4a1e-9e30-b7002b5ae04c",
      "rank": 6,
      "count": 20,
      "urn": "urn:bbc:curie:asset:8e791c47-0586-4a1e-9e30-b7002b5ae04c",
      "promo": {
        "headlines": {
          "shortHeadline": "عرض سعودي للفنان المصري عبد الرحمن ابو زهرة بعد شكواه من تجاهل المخرجين له",
          "headline": "عرض سعودي للفنان المصري عبد الرحمن ابو زهرة بعد شكواه من تجاهل المخرجين له"
        },
        "locators": {
          "assetUri": "/arabic/tv-and-radio-53519417",
          "cpsUrn": "urn:bbc:content:assetUri:arabic/tv-and-radio-53519417",
          "curie": "http://www.bbc.co.uk/asset/8e791c47-0586-4a1e-9e30-b7002b5ae04c",
          "assetId": "53519417"
        },
        "summary": "\"لن نكون ضيوف شرف\" الفنان المصري عبد الرحمن ابو زهرة يشكو تجاهل المخرجين له ولجيله واقتصار الأدوار المعروضة عليه على أدوار \"ضيوف الشرف\".",
        "timestamp": 1595520503000,
        "language": "ar",
        "passport": {
          "category": {
            "categoryId": "http://www.bbc.co.uk/ontologies/applicationlogic-news/News",
            "categoryName": "News"
          },
          "taggings": []
        },
        "media": {
          "id": "53519419",
          "subType": "primary",
          "format": "video",
          "externalId": "p08lmy2k",
          "entityType": "Clip",
          "caption": "عرض سعودي للفنان المصري عبد الرحمن ابو زهرة بعد شكواه من تجاهل المخرجين له",
          "type": "external_vpid"
        },
        "indexImage": {
          "id": "113596820",
          "subType": "index",
          "href": "http://c.files.bbci.co.uk/0B35/production/_113596820_p08lmzk2.jpg",
          "path": "/cpsprodpb/0B35/production/_113596820_p08lmzk2.jpg",
          "height": 549,
          "width": 976,
          "altText": "عرض سعودي للفنان المصري عبد الرحمن ابو زهرة بعد شكواه من تجاهل المخرجين له",
          "caption": "عرض سعودي للفنان المصري عبد الرحمن ابو زهرة بعد شكواه من تجاهل المخرجين له",
          "copyrightHolder": "BBC",
          "type": "image"
        },
        "id": "urn:bbc:ares::asset:arabic/tv-and-radio-53519417",
        "type": "cps"
      }
    },
    {
      "id": "6891d671-59c6-4848-841c-28db230303e5",
      "rank": 7,
      "count": 19,
      "urn": "urn:bbc:curie:asset:6891d671-59c6-4848-841c-28db230303e5",
      "promo": {
        "headlines": {
          "shortHeadline": "أردوغان يرتل القرآن في أول صلاة جمعة في آيا صوفيا",
          "headline": "أردوغان يرتل القرآن في أول صلاة جمعة في آيا صوفيا"
        },
        "locators": {
          "assetUri": "/arabic/tv-and-radio-53532358",
          "cpsUrn": "urn:bbc:content:assetUri:arabic/tv-and-radio-53532358",
          "curie": "http://www.bbc.co.uk/asset/6891d671-59c6-4848-841c-28db230303e5",
          "assetId": "53532358"
        },
        "summary": "بعد أسبوعين من قرار تحويله إلى مسجد، أردوغان يتقدم المصلين في آيا صوفيا بأول صلاة تقام به.",
        "timestamp": 1595605401000,
        "language": "ar",
        "media": {
          "id": "53532359",
          "subType": "primary",
          "format": "video",
          "externalId": "p08lrd7w",
          "entityType": "Clip",
          "caption": "اردوغان يرتل القرآن في أول صلاة جمعة في آيا صوفيا",
          "type": "external_vpid"
        },
        "indexImage": {
          "id": "113615011",
          "subType": "index",
          "href": "http://c.files.bbci.co.uk/2B2B/production/_113615011_p08lrdcj.jpg",
          "path": "/cpsprodpb/2B2B/production/_113615011_p08lrdcj.jpg",
          "height": 549,
          "width": 976,
          "altText": "أردوغان يرتل القرآن في أول صلاة جمعة في آيا صوفيا",
          "caption": "أردوغان يرتل القرآن في أول صلاة جمعة في آيا صوفيا",
          "copyrightHolder": "BBC",
          "type": "image"
        },
        "id": "urn:bbc:ares::asset:arabic/tv-and-radio-53532358",
        "type": "cps"
      }
    },
    {
      "id": "8638c1c0-dc81-4ed5-aadd-47c5fde0212b",
      "rank": 8,
      "count": 13,
      "urn": "urn:bbc:curie:asset:8638c1c0-dc81-4ed5-aadd-47c5fde0212b",
      "promo": {
        "headlines": {
          "shortHeadline": "التحرش الإلكتروني شبح جديد يهدد نساء في مصر",
          "headline": "التحرش الإلكتروني شبح جديد يهدد نساء في مصر"
        },
        "locators": {
          "assetUri": "/arabic/media-53525480",
          "cpsUrn": "urn:bbc:content:assetUri:arabic/media-53525480",
          "curie": "http://www.bbc.co.uk/asset/8638c1c0-dc81-4ed5-aadd-47c5fde0212b",
          "assetId": "53525480"
        },
        "summary": "تعرضت ايما خليل، جراحة التجميل والكاتبة المصرية لابتزاز بعد أن تم اختراق أجهزتها الإلكترونية وهاتفها المحمول.",
        "timestamp": 1595580850000,
        "language": "ar",
        "passport": {
          "category": {
            "categoryId": "http://www.bbc.co.uk/ontologies/applicationlogic-news/News",
            "categoryName": "News"
          },
          "campaigns": [
            {
              "campaignId": "5a988e3139461b000e9dabf9",
              "campaignName": "WS - Divert me"
            }
          ],
          "taggings": []
        },
        "media": {
          "id": "53525481",
          "subType": "primary",
          "format": "video",
          "externalId": "p08ln9xg",
          "entityType": "Clip",
          "caption": "ايما خليل: اقتحام الخصوصية أكبر أشكال التحرش",
          "type": "external_vpid"
        },
        "indexImage": {
          "id": "113607468",
          "subType": "index",
          "href": "http://c.files.bbci.co.uk/151C6/production/_113607468_p08lnd7n.jpg",
          "path": "/cpsprodpb/151C6/production/_113607468_p08lnd7n.jpg",
          "height": 549,
          "width": 976,
          "altText": "التحرش الإلكتروني:\"هو يعرف أسرار بيتنا\"",
          "copyrightHolder": "BBC",
          "type": "image"
        },
        "id": "urn:bbc:ares::asset:arabic/media-53525480",
        "type": "cps"
      }
    },
    {
      "id": "23c30af8-e768-4f9d-b4a9-bf30af82ff4f",
      "rank": 9,
      "count": 13,
      "urn": "urn:bbc:curie:asset:23c30af8-e768-4f9d-b4a9-bf30af82ff4f",
      "promo": {
        "headlines": {
          "shortHeadline": "محطات معلم آيا صوفيا عبر العصور",
          "headline": "آيا صوفيا: كيف أصبح المبنى التاريخي في قلب هذه المعركة السياسية؟"
        },
        "locators": {
          "assetUri": "/arabic/media-53262408",
          "cpsUrn": "urn:bbc:content:assetUri:arabic/media-53262408",
          "curie": "http://www.bbc.co.uk/asset/23c30af8-e768-4f9d-b4a9-bf30af82ff4f",
          "assetId": "53262408"
        },
        "summary": "أصدرت المحكمة الإدارية العليا في تركيا قرارا بإلغاء تحويل آيا صوفيا إلى متحف عام 1934، معتبرة التغيير غير قانوني. فكيف أصبح المبنى التاريخي في قلب هذه المعركة السياسية؟",
        "timestamp": 1595590041000,
        "language": "ar",
        "passport": {
          "category": {
            "categoryId": "http://www.bbc.co.uk/ontologies/applicationlogic-news/Explainer",
            "categoryName": "Explainer"
          },
          "campaigns": [
            {
              "campaignId": "5a988e2939461b000e9dabf8",
              "campaignName": "WS - Educate me"
            }
          ],
          "taggings": []
        },
        "media": {
          "id": "53262409",
          "subType": "primary",
          "format": "video",
          "externalId": "p08jl1lm",
          "entityType": "Clip",
          "caption": "محطات معلم آيا صوفيا عبر العصور",
          "type": "external_vpid"
        },
        "indexImage": {
          "id": "113611163",
          "subType": "index",
          "href": "http://c.files.bbci.co.uk/8D0F/production/_113611163_mediaitem113611162.jpg",
          "path": "/cpsprodpb/8D0F/production/_113611163_mediaitem113611162.jpg",
          "height": 576,
          "width": 1024,
          "altText": "آيا صوفيا \"عنوان لأي رئيس تركي يريد شعبية\"",
          "copyrightHolder": "Getty Images",
          "type": "image"
        },
        "id": "urn:bbc:ares::asset:arabic/media-53262408",
        "type": "cps"
      }
    },
    {
      "id": "aa5abf82-5eb7-4435-a905-ca9e41f70027",
      "rank": 10,
      "count": 9,
      "urn": "urn:bbc:curie:asset:aa5abf82-5eb7-4435-a905-ca9e41f70027",
      "promo": {
        "headlines": {
          "shortHeadline": "\"المايوه الشرعي\" يثير جدلا في الساحل الشمالي في مصر",
          "headline": "\"المايوه الشرعي\" يثير جدلا في الساحل الشمالي في مصر"
        },
        "locators": {
          "assetUri": "/arabic/tv-and-radio-53492142",
          "cpsUrn": "urn:bbc:content:assetUri:arabic/tv-and-radio-53492142",
          "curie": "http://www.bbc.co.uk/asset/aa5abf82-5eb7-4435-a905-ca9e41f70027",
          "assetId": "53492142"
        },
        "summary": "جدل بين رواد أحد المنتجعات في الساحل الشمالي بمصر حول نزول سيدتين بالمايوه \"الشرعي\" في المسبح.",
        "timestamp": 1595345650000,
        "language": "ar",
        "passport": {
          "category": {
            "categoryId": "http://www.bbc.co.uk/ontologies/applicationlogic-news/AskTheAudience",
            "categoryName": "Ask the Audience"
          },
          "taggings": []
        },
        "media": {
          "id": "53492143",
          "subType": "primary",
          "format": "video",
          "externalId": "p08lfwdc",
          "entityType": "Clip",
          "caption": "\"المايوه الشرعي\" يثير جدلا في الساحل الشمالي في مصر",
          "type": "external_vpid"
        },
        "indexImage": {
          "id": "113565478",
          "subType": "index",
          "href": "http://c.files.bbci.co.uk/155A0/production/_113565478_p08lfwzt.jpg",
          "path": "/cpsprodpb/155A0/production/_113565478_p08lfwzt.jpg",
          "height": 576,
          "width": 1024,
          "altText": "شجار حول ارتداء \"المايوه الشرعي\" في أحد منتجعات الساحل الشمالي",
          "caption": "\"المايوه الشرعي\" يثير جدلا في الساحل الشمالي في مصر",
          "copyrightHolder": "BBC",
          "type": "image"
        },
        "id": "urn:bbc:ares::asset:arabic/tv-and-radio-53492142",
        "type": "cps"
      }
    },
    {
      "id": "735e9f43-59c2-4e70-8f3b-f5fa428999c4",
      "rank": 11,
      "count": 9,
      "urn": "urn:bbc:curie:asset:735e9f43-59c2-4e70-8f3b-f5fa428999c4",
      "promo": {
        "headlines": {
          "shortHeadline": "بعد اختفائها منذ 10 سنوات، العثور على جثة الفلسطينية نورا السعيد ببئر منزلها",
          "headline": "بعد اختفائها منذ 10 سنوات، العثور على جثة الفلسطينية نورا السعيد ببئر منزلها"
        },
        "locators": {
          "assetUri": "/arabic/tv-and-radio-53505498",
          "cpsUrn": "urn:bbc:content:assetUri:arabic/tv-and-radio-53505498",
          "curie": "http://www.bbc.co.uk/asset/735e9f43-59c2-4e70-8f3b-f5fa428999c4",
          "assetId": "53505498"
        },
        "summary": "الكشف عن جريمة قتل بشعة عمرها عشر سنوات في الخليل بعد العثور على جثة إمرأة ببئر منزلها، والقبض على والدها للاشتباه في قتلها.",
        "timestamp": 1595432525000,
        "language": "ar",
        "passport": {
          "category": {
            "categoryId": "http://www.bbc.co.uk/ontologies/applicationlogic-news/AskTheAudience",
            "categoryName": "Ask the Audience"
          },
          "taggings": []
        },
        "media": {
          "id": "53505499",
          "subType": "primary",
          "format": "video",
          "externalId": "p08ljfc7",
          "entityType": "Clip",
          "caption": "بعد اختفائها منذ 10 سنوات، العثور على جثة الفلسطينية نورا السعيد ببئر منزلها",
          "type": "external_vpid"
        },
        "indexImage": {
          "id": "113579798",
          "subType": "index",
          "href": "http://c.files.bbci.co.uk/15EC5/production/_113579798_p08ljffx.jpg",
          "path": "/cpsprodpb/15EC5/production/_113579798_p08ljffx.jpg",
          "height": 576,
          "width": 1024,
          "altText": "بعد اختفائها منذ 10 سنوات، العثور على جثة الفلسطينية نورا السعيد ببئر منزلها",
          "caption": "BBC",
          "copyrightHolder": "BBC",
          "type": "image"
        },
        "id": "urn:bbc:ares::asset:arabic/tv-and-radio-53505498",
        "type": "cps"
      }
    },
    {
      "id": "d8c32895-d5c1-e54d-b5c0-f4d3589931a6",
      "rank": 12,
      "count": 8,
      "urn": "urn:bbc:curie:asset:d8c32895-d5c1-e54d-b5c0-f4d3589931a6",
      "promo": {
        "headlines": {
          "shortHeadline": "سيلفي بـ \"200 ألف\" دولار",
          "headline": "سيلفي يتسبب في خسارة 200 ألف دولار"
        },
        "locators": {
          "assetUri": "/arabic/media-40624583",
          "cpsUrn": "urn:bbc:content:assetUri:arabic/media-40624583",
          "curie": "http://www.bbc.co.uk/asset/d8c32895-d5c1-e54d-b5c0-f4d3589931a6",
          "assetId": "40624583"
        },
        "summary": "أرادت التقاط سيلفي في معرض فني في لوس أنجلوس فخلفت أضرارا مادية تقدر بـ200 ألف دولار.",
        "timestamp": 1500205376000,
        "language": "ar",
        "passport": {
          "category": {
            "categoryId": "http://www.bbc.co.uk/ontologies/applicationlogic-news/News",
            "categoryName": "News"
          },
          "taggings": []
        },
        "media": {
          "id": "40624584",
          "subType": "primary",
          "format": "video",
          "externalId": "p058v3dj",
          "entityType": "Clip",
          "caption": "سيلفي بـ \"200 ألف\" دولار",
          "type": "external_vpid"
        },
        "indexImage": {
          "id": "96963326",
          "subType": "index",
          "href": "http://c.files.bbci.co.uk/F380/production/_96963326_p058v4jc.jpg",
          "path": "/cpsprodpb/F380/production/_96963326_p058v4jc.jpg",
          "height": 576,
          "width": 1024,
          "altText": "أرادت التقاط سيلفي في معرض فني في لوس أنجلوس فخلفت أضرارا مادية تقدر بـ200 ألف دولار.",
          "copyrightHolder": "تسببت فتاة أرادت التقاط صورة سيلفي في معرض فني في ",
          "type": "image"
        },
        "id": "urn:bbc:ares::asset:arabic/media-40624583",
        "type": "cps"
      }
    },
    {
      "id": "29d5cb53-5209-49f4-b647-9522c7ef88e6",
      "rank": 13,
      "count": 8,
      "urn": "urn:bbc:curie:asset:29d5cb53-5209-49f4-b647-9522c7ef88e6",
      "promo": {
        "headlines": {
          "shortHeadline": "قمامة بريطانيا بشوارع تركيا",
          "headline": "بدلا من إعادة تدويرها، قمامة بريطانية بشوارع تركيا"
        },
        "locators": {
          "assetUri": "/arabic/media-53219850",
          "cpsUrn": "urn:bbc:content:assetUri:arabic/media-53219850",
          "curie": "http://www.bbc.co.uk/asset/29d5cb53-5209-49f4-b647-9522c7ef88e6",
          "assetId": "53219850"
        },
        "summary": "كشف تحقيق أجرته بي بي سي أن بعض النفايات البلاستيكية التي أرسلت من بريطانيا إلى تركيا لإعادة تدويرها، انتهى الحال بها ملقاة بشوارع هناك حيث أحرق البعض منها.",
        "timestamp": 1593422931000,
        "language": "ar",
        "passport": {
          "category": {
            "categoryId": "http://www.bbc.co.uk/ontologies/applicationlogic-news/News",
            "categoryName": "News"
          },
          "campaigns": [
            {
              "campaignId": "5a988e3739461b000e9dabfa",
              "campaignName": "WS - Give me perspective"
            }
          ],
          "taggings": []
        },
        "media": {
          "id": "53219851",
          "subType": "primary",
          "format": "video",
          "externalId": "p08jb504",
          "entityType": "Clip",
          "caption": "بدلا من إعادة تدويرها، قمامة بريطانية بشوارع تركيا",
          "type": "external_vpid"
        },
        "indexImage": {
          "id": "113142789",
          "subType": "index",
          "href": "http://c.files.bbci.co.uk/181A4/production/_113142789_p08jb5q1.jpg",
          "path": "/cpsprodpb/181A4/production/_113142789_p08jb5q1.jpg",
          "height": 549,
          "width": 976,
          "altText": "قمامة بريطانيا بشوارع تركيا",
          "copyrightHolder": "BBC",
          "type": "image"
        },
        "id": "urn:bbc:ares::asset:arabic/media-53219850",
        "type": "cps"
      }
    },
    {
      "id": "1f8e72ae-dc24-11e3-82f1-aed33db9bd6e",
      "rank": 14,
      "count": 8,
      "urn": "urn:bbc:curie:asset:1f8e72ae-dc24-11e3-82f1-aed33db9bd6e",
      "promo": {
        "headlines": {
          "shortHeadline": "أطفال كينيون يمارسون الجنس مع السياح من أجل مبالغ مغرية",
          "headline": "أطفال كينيون يمارسون الجنس مع السياح من أجل مبالغ مغرية"
        },
        "locators": {
          "assetUri": "/arabic/multimedia/2014/05/140515_kenia_children_sex_trade",
          "cpsUrn": "urn:bbc:content:assetUri:arabic/multimedia/2014/05/140515_kenia_children_sex_trade",
          "curie": "http://www.bbc.co.uk/asset/1f8e72ae-dc24-11e3-82f1-aed33db9bd6e"
        },
        "summary": "مدينة ماليندي الساحلية في جنوب كينيا،لا تحتوي على شواطئ شاسعة ومناظر خلابة فقط، وإنما تخفي أيضا دعارة مستشرية ومتزايدة للأطفال.",
        "timestamp": 1400153537000,
        "language": "ar",
        "passport": {
          "taggings": []
        },
        "media": {
          "id": "32017394",
          "subType": "primary",
          "format": "video",
          "image": {
            "id": "32017394",
            "subType": "thumbnail",
            "href": "http://a.files.bbci.co.uk/worldservice/live/assets/images/2014/05/15/140515110911_kenya_sex_640x360_bbc_nocredit.jpg",
            "path": "/amz/worldservice/live/assets/images/2014/05/15/140515110911_kenya_sex_640x360_bbc_nocredit.jpg",
            "height": 360,
            "width": 640,
            "altText": "فتيات من مدينة ماليندي",
            "copyrightHolder": "",
            "type": "image"
          },
          "aspectRatio": "16:9",
          "live": false,
          "href": "http://www.bbc.co.uk/arabic/meta/dps/2014/05/emp/140515_kenia_children_sex_trade.emp.xml",
          "playlist": [
            {
              "format": "3gp",
              "bitrate": "80000",
              "url": "https://wsodprogrf.akamaized.net/arabic/3gp/2014/05/kenya~fsex_online~f1202~f15~f5_16x9_lo.3gp"
            },
            {
              "format": "3gp",
              "bitrate": "160000",
              "url": "https://wsodprogrf.akamaized.net/zhongwen/simp/3gp/2014/05/kenya~fsex_online~f1202~f15~f5_16x9_hi.3gp"
            },
            {
              "format": "mp4",
              "bitrate": "168000",
              "url": "https://wsodprogrf.akamaized.net/arabic/dps/2014/05/kenya~fsex_online~f1202~f15~f5_16x9_lo.mp4"
            },
            {
              "format": "mp4",
              "bitrate": "320000",
              "url": "https://wsodprogrf.akamaized.net/arabic/dps/2014/05/kenya~fsex_online~f1202~f15~f5_16x9_med.mp4"
            },
            {
              "format": "mp4",
              "bitrate": "904000",
              "url": "https://wsodprogrf.akamaized.net/arabic/dps/2014/05/kenya~fsex_online~f1202~f15~f5_16x9_hi.mp4"
            }
          ],
          "type": "legacyMedia"
        },
        "indexImage": {
          "id": "d5e228",
          "subType": "index",
          "href": "http://a.files.bbci.co.uk/worldservice/live/assets/images/2014/05/15/140515110911_kenya_sex_144x81_bbc_nocredit.jpg",
          "path": "/amz/worldservice/live/assets/images/2014/05/15/140515110911_kenya_sex_144x81_bbc_nocredit.jpg",
          "height": 81,
          "width": 144,
          "altText": "فتيات من مدينة ماليندي",
          "copyrightHolder": "BBC",
          "type": "image"
        },
        "id": "urn:bbc:ares::asset:arabic/multimedia/2014/05/140515_kenia_children_sex_trade",
        "type": "cps"
      }
    },
    {
      "id": "95766c23-4943-4c72-ab83-5d68728b9127",
      "rank": 15,
      "count": 5,
      "urn": "urn:bbc:curie:asset:95766c23-4943-4c72-ab83-5d68728b9127",
      "promo": {
        "headlines": {
          "shortHeadline": "\"بلا قيود\" مع محمد حسن التعايشي عضو مجلس السيادة الانتقالي في السودان",
          "headline": "التعايشي : الفترة الانتقالية في السودان والمحددة في الوثيقة الدستورية تبدأ مع توقيع اتفاقية السلام في جوبا."
        },
        "locators": {
          "assetUri": "/arabic/tv-and-radio-53532579",
          "cpsUrn": "urn:bbc:content:assetUri:arabic/tv-and-radio-53532579",
          "curie": "http://www.bbc.co.uk/asset/95766c23-4943-4c72-ab83-5d68728b9127",
          "assetId": "53532579"
        },
        "summary": "يقول محمد حسن التعايشي إن القضايا التي تم الاتفاق عليها بين الأطراف السودانية المتفاوضة في جوبا شملت نظام الحكم وعلاقة الدين والدولة وأن تبدأ الفترة الانتقالية مع توقيع اتفاقية السلام المرتقبة.",
        "timestamp": 1595610784000,
        "language": "ar",
        "passport": {
          "category": {
            "categoryId": "http://www.bbc.co.uk/ontologies/applicationlogic-news/Feature",
            "categoryName": "Feature"
          },
          "campaigns": [
            {
              "campaignId": "5a988e3739461b000e9dabfa",
              "campaignName": "WS - Give me perspective"
            }
          ],
          "taggings": []
        },
        "media": {
          "id": "53532580",
          "subType": "primary",
          "format": "video",
          "externalId": "p08lrfg0",
          "entityType": "Clip",
          "caption": "محمد حسن التعايشي عضو مجلس السيادة الانتقالي في السودان",
          "type": "external_vpid"
        },
        "indexImage": {
          "id": "113615346",
          "subType": "index",
          "href": "http://c.files.bbci.co.uk/FB5F/production/_113615346_p08lrgtx.jpg",
          "path": "/cpsprodpb/FB5F/production/_113615346_p08lrgtx.jpg",
          "height": 576,
          "width": 1024,
          "altText": "محمد حسن التعايشي عضو مجلس السيادة الانتقالي في السودان",
          "copyrightHolder": "BBC",
          "type": "image"
        },
        "id": "urn:bbc:ares::asset:arabic/tv-and-radio-53532579",
        "type": "cps"
      }
    },
    {
      "id": "a544f06d-1655-4f9f-9dac-705e027b9088",
      "rank": 16,
      "count": 4,
      "urn": "urn:bbc:curie:asset:a544f06d-1655-4f9f-9dac-705e027b9088",
      "promo": {
        "headlines": {
          "shortHeadline": "ما هو اللقاح الجديد ومتى سيكون متاحا؟",
          "headline": "فيروس كورونا: متى يكون اللقاح الجديد متاحا؟"
        },
        "locators": {
          "assetUri": "/arabic/media-53506433",
          "cpsUrn": "urn:bbc:content:assetUri:arabic/media-53506433",
          "curie": "http://www.bbc.co.uk/asset/a544f06d-1655-4f9f-9dac-705e027b9088",
          "assetId": "53506433"
        },
        "summary": "أظهرت تجارب جامعة أوكسفورد البريطانية الخاصة بتطوير لقاح لمكافحة فيروس كورونا أن اللقاح آمن وأنه تمكن من تنشيط جهاز المناعة. فمتى يكون متاحا؟",
        "timestamp": 1595436429000,
        "language": "ar",
        "passport": {
          "category": {
            "categoryId": "http://www.bbc.co.uk/ontologies/applicationlogic-news/Explainer",
            "categoryName": "Explainer"
          },
          "campaigns": [
            {
              "campaignId": "5a988e3739461b000e9dabfa",
              "campaignName": "WS - Give me perspective"
            }
          ],
          "taggings": []
        },
        "media": {
          "id": "53506434",
          "subType": "primary",
          "format": "video",
          "externalId": "p08ljrc9",
          "entityType": "Clip",
          "caption": "فيروس كورونا: متى يكون اللقاح الجديد متاحا؟",
          "type": "external_vpid"
        },
        "indexImage": {
          "id": "113580868",
          "subType": "index",
          "href": "http://c.files.bbci.co.uk/15318/production/_113580868_p08ljrrr.jpg",
          "path": "/cpsprodpb/15318/production/_113580868_p08ljrrr.jpg",
          "height": 576,
          "width": 1024,
          "altText": "لقاح",
          "copyrightHolder": "Getty Images",
          "type": "image"
        },
        "id": "urn:bbc:ares::asset:arabic/media-53506433",
        "type": "cps"
      }
    },
    {
      "id": "95e9d12b-09be-6040-a094-85559567d676",
      "rank": 17,
      "count": 4,
      "urn": "urn:bbc:curie:asset:95e9d12b-09be-6040-a094-85559567d676",
      "promo": {
        "headlines": {
          "shortHeadline": "صور سيلفي برائحة اللافندر!",
          "headline": "صور سيلفي برائحة اللافندر!"
        },
        "locators": {
          "assetUri": "/arabic/media-49474517",
          "cpsUrn": "urn:bbc:content:assetUri:arabic/media-49474517",
          "curie": "http://www.bbc.co.uk/asset/95e9d12b-09be-6040-a094-85559567d676",
          "assetId": "49474517"
        },
        "summary": "إنستغرام يساعد على رواج الأقبال على مزارع اللافندر",
        "timestamp": 1566825992000,
        "language": "ar",
        "passport": {
          "category": {
            "categoryId": "http://www.bbc.co.uk/ontologies/applicationlogic-news/Feature",
            "categoryName": "Feature"
          },
          "campaigns": [
            {
              "campaignId": "5a988e3e39461b000e9dabfb",
              "campaignName": "WS - Keep me on trend"
            }
          ],
          "taggings": []
        },
        "media": {
          "id": "49474518",
          "subType": "primary",
          "format": "video",
          "externalId": "p07lnfh0",
          "entityType": "Clip",
          "caption": "مزارع اللافندر تتحول لقبلة لمحبي السيلفي",
          "type": "external_vpid"
        },
        "indexImage": {
          "id": "108503072",
          "subType": "index",
          "href": "http://c.files.bbci.co.uk/6996/production/_108503072_p07lnfy1.jpg",
          "path": "/cpsprodpb/6996/production/_108503072_p07lnfy1.jpg",
          "height": 549,
          "width": 976,
          "altText": "مزارع اللافندر تتحول لقبلة لمحبي السيلفي",
          "caption": "مزارع اللافندر تتحول لقبلة لمحبي السيلفي",
          "copyrightHolder": "BBC",
          "type": "image"
        },
        "id": "urn:bbc:ares::asset:arabic/media-49474517",
        "type": "cps"
      }
    },
    {
      "id": "ed02ae1f-ad24-2d47-a2b9-719ac10a716b",
      "rank": 18,
      "count": 3,
      "urn": "urn:bbc:curie:asset:ed02ae1f-ad24-2d47-a2b9-719ac10a716b",
      "promo": {
        "headlines": {
          "shortHeadline": "ماذا قالت نجمة الأفلام الإباحية مايا خليفة عن داعش والعالم الإسلامي في مسلسل \"رامي\"؟",
          "headline": "ماذا قالت نجمة الأفلام الإباحية مايا خليفة عن داعش والعالم الإسلامي في مسلسل \"رامي\"؟"
        },
        "locators": {
          "assetUri": "/arabic/tv-and-radio-52985159",
          "cpsUrn": "urn:bbc:content:assetUri:arabic/tv-and-radio-52985159",
          "curie": "http://www.bbc.co.uk/asset/ed02ae1f-ad24-2d47-a2b9-719ac10a716b",
          "assetId": "52985159"
        },
        "summary": "جدل حول ظهور نجمة الأفلام الإباحية من أصل لبناني مايا خليفة في الجزء الثاني من المسلسل الأمريكي \"رامي\" من بطولة الممثل الأمريكي من أصل مصري رامي يوسف",
        "timestamp": 1591717730000,
        "language": "ar",
        "passport": {
          "category": {
            "categoryId": "http://www.bbc.co.uk/ontologies/applicationlogic-news/News",
            "categoryName": "News"
          },
          "campaigns": [
            {
              "campaignId": "5a988e3e39461b000e9dabfb",
              "campaignName": "WS - Keep me on trend"
            }
          ],
          "taggings": []
        },
        "media": {
          "id": "52985161",
          "subType": "primary",
          "format": "video",
          "externalId": "p08ggy8m",
          "entityType": "Clip",
          "caption": "ميا خليفة تثير جدلا واسعا بعد ظهورها في مسلسل \"رامي\"",
          "type": "external_vpid"
        },
        "indexImage": {
          "id": "112817321",
          "subType": "index",
          "href": "http://c.files.bbci.co.uk/3053/production/_112817321_p08ggybt.jpg",
          "path": "/cpsprodpb/3053/production/_112817321_p08ggybt.jpg",
          "height": 576,
          "width": 1024,
          "altText": "bbc",
          "caption": "bbc",
          "copyrightHolder": "BBC",
          "type": "image"
        },
        "id": "urn:bbc:ares::asset:arabic/tv-and-radio-52985159",
        "type": "cps"
      }
    },
    {
      "id": "cdf86979-9865-49c4-8d40-1931a417e47b",
      "rank": 19,
      "count": 3,
      "urn": "urn:bbc:curie:asset:cdf86979-9865-49c4-8d40-1931a417e47b",
      "promo": {
        "headlines": {
          "shortHeadline": "هل تصاب بفيروس كورونا مرتين؟",
          "headline": "هل تصاب بفيروس كورونا مرتين؟"
        },
        "locators": {
          "assetUri": "/arabic/media-53392016",
          "cpsUrn": "urn:bbc:content:assetUri:arabic/media-53392016",
          "curie": "http://www.bbc.co.uk/asset/cdf86979-9865-49c4-8d40-1931a417e47b",
          "assetId": "53392016"
        },
        "summary": "هل تمنحك الإصابة بفيروس كورونا مناعة تحول دون إعادة الإصابة به؟ أم هل تصاب مرة بعد أخرى؟ إليك ما يلزم معرفته بخصوص كوفيد-19.",
        "timestamp": 1594641356000,
        "language": "ar",
        "passport": {
          "category": {
            "categoryId": "http://www.bbc.co.uk/ontologies/applicationlogic-news/News",
            "categoryName": "News"
          },
          "campaigns": [
            {
              "campaignId": "5a988e1739461b000e9dabf6",
              "campaignName": "WS - CS"
            },
            {
              "campaignId": "5a988e3739461b000e9dabfa",
              "campaignName": "WS - Give me perspective"
            }
          ],
          "taggings": []
        },
        "media": {
          "id": "53392017",
          "subType": "primary",
          "format": "video",
          "externalId": "p08kmgkw",
          "entityType": "Clip",
          "caption": "هل تصاب بفيروس كورونا مرتين؟",
          "type": "external_vpid"
        },
        "indexImage": {
          "id": "113354673",
          "subType": "index",
          "href": "http://c.files.bbci.co.uk/930D/production/_113354673_p08kmh1w.jpg",
          "path": "/cpsprodpb/930D/production/_113354673_p08kmh1w.jpg",
          "height": 549,
          "width": 976,
          "altText": "هل لديك مناعة من فيروس كورونا؟",
          "copyrightHolder": "BBC",
          "type": "image"
        },
        "id": "urn:bbc:ares::asset:arabic/media-53392016",
        "type": "cps"
      }
    },
    {
      "id": "574ccaaa-3f30-4741-93e5-cb12e9c1abdb",
      "rank": 20,
      "count": 3,
      "urn": "urn:bbc:curie:asset:574ccaaa-3f30-4741-93e5-cb12e9c1abdb",
      "promo": {
        "headlines": {
          "shortHeadline": "غرفة أخبار كورونا: مصر والضفة أعداد تنخفض ولكن: \"هل نطمئن؟\"",
          "headline": "فيروس كورونا: في مصر والضفة إصابات تنخفض ولكن العالم \"يترقب\" موجة ثانية"
        },
        "locators": {
          "assetUri": "/arabic/tv-and-radio-53552998",
          "cpsUrn": "urn:bbc:content:assetUri:arabic/tv-and-radio-53552998",
          "curie": "http://www.bbc.co.uk/asset/574ccaaa-3f30-4741-93e5-cb12e9c1abdb",
          "assetId": "53552998"
        },
        "summary": "غريب أمر الوباء العالمي الذي يجعل مصر \"متعافوها أكثر من مصابيها\"..فماذا يجري؟! وغريب أمره أيضا في إقليم كاتالونيا الإسباني الذي يعود إلى \"حبس أنفاسه\"",
        "timestamp": 1595840082000,
        "language": "ar",
        "passport": {
          "category": {
            "categoryId": "http://www.bbc.co.uk/ontologies/applicationlogic-news/News",
            "categoryName": "News"
          },
          "campaigns": [
            {
              "campaignId": "5a988e4739461b000e9dabfc",
              "campaignName": "WS - Update me"
            }
          ],
          "taggings": []
        },
        "media": {
          "id": "53552999",
          "subType": "primary",
          "format": "audio",
          "externalId": "p08lxzr5",
          "entityType": "Clip",
          "caption": "فيروس كورونا: في مصر والضفة إصابات تنخفض ولكن العالم \"يترقب\" موجة ثانية",
          "type": "external_vpid"
        },
        "indexImage": {
          "id": "113660515",
          "subType": "index",
          "href": "http://c.files.bbci.co.uk/C932/production/_113660515_p08ly03s.jpg",
          "path": "/cpsprodpb/C932/production/_113660515_p08ly03s.jpg",
          "height": 360,
          "width": 640,
          "altText": "غرفة أخبار كورونا: مصر والضفة أعداد تنخفض ولكن: \"هل نطمئن؟\"",
          "copyrightHolder": "BBC",
          "type": "image"
        },
        "id": "urn:bbc:ares::asset:arabic/tv-and-radio-53552998",
        "type": "cps"
      }
    }
  ]
}
