{
  "data": {
    "article": {
      "content": {
        "model": {
          "blocks": [
            {
              "id": "2ee029f7",
              "type": "headline",
              "model": {
                "blocks": [
                  {
                    "id": "b2326fbc",
                    "type": "text",
                    "model": {
                      "blocks": [
                        {
                          "id": "019ddd51",
                          "type": "paragraph",
                          "model": {
                            "text": "ही या चाचणी लेखाची मथळा आहे",
                            "blocks": [
                              {
                                "id": "06006aa7",
                                "type": "fragment",
                                "model": {
                                  "text": "ही या चाचणी लेखाची मथळा आहे",
                                  "attributes": []
                                },
                                "position": [
                                  1,
                                  1,
                                  1,
                                  1
                                ]
                              }
                            ]
                          },
                          "position": [
                            1,
                            1,
                            1
                          ]
                        }
                      ]
                    },
                    "position": [
                      1,
                      1
                    ]
                  }
                ]
              },
              "position": [
                1
              ]
            },
            {
              "id": "9ba606c5",
              "type": "image",
              "model": {
                "blocks": [
                  {
                    "id": "e44aa951",
                    "type": "caption",
                    "model": {
                      "blocks": [
                        {
                          "id": "a872169b",
                          "type": "text",
                          "model": {
                            "blocks": [
                              {
                                "id": "17302a2d",
                                "type": "paragraph",
                                "model": {
                                  "text": "ही चाचणी प्रतिमा, बीबीसी कॉपीराइट, फ्रान्सचा नकाशा दर्शविते. प्रतिमा पहिल्या तीन ब्लॉक्समध्ये आहे आणि त्यास हे मथळा आहे.",
                                  "blocks": [
                                    {
                                      "id": "16dcb818",
                                      "type": "fragment",
                                      "model": {
                                        "text": "ही चाचणी प्रतिमा, बीबीसी कॉपीराइट, फ्रान्सचा नकाशा दर्शविते. प्रतिमा पहिल्या तीन ब्लॉक्समध्ये आहे आणि त्यास हे मथळा आहे.",
                                        "attributes": []
                                      },
                                      "position": [
                                        2,
                                        1,
                                        1,
                                        1,
                                        1
                                      ]
                                    }
                                  ]
                                },
                                "position": [
                                  2,
                                  1,
                                  1,
                                  1
                                ]
                              }
                            ]
                          },
                          "position": [
                            2,
                            1,
                            1
                          ]
                        }
                      ]
                    },
                    "position": [
                      2,
                      1
                    ]
                  },
                  {
                    "id": "474a2218",
                    "type": "altText",
                    "model": {
                      "blocks": [
                        {
                          "id": "21feff30",
                          "type": "text",
                          "model": {
                            "blocks": [
                              {
                                "id": "199006ba",
                                "type": "paragraph",
                                "model": {
                                  "text": "\rही चाचणी प्रतिमा, बीबीसी कॉपीराइट, फ्रान्सचा नकाशा दर्शविते. प्रतिमा पहिल्या तीन ब्लॉक्समध्ये आहे आणि त्यास हे मथळा आहे.",
                                  "blocks": [
                                    {
                                      "id": "92872145",
                                      "type": "fragment",
                                      "model": {
                                        "text": "\rही चाचणी प्रतिमा, बीबीसी कॉपीराइट, फ्रान्सचा नकाशा दर्शविते. प्रतिमा पहिल्या तीन ब्लॉक्समध्ये आहे आणि त्यास हे मथळा आहे.",
                                        "attributes": []
                                      },
                                      "position": [
                                        2,
                                        2,
                                        1,
                                        1,
                                        1
                                      ]
                                    }
                                  ]
                                },
                                "position": [
                                  2,
                                  2,
                                  1,
                                  1
                                ]
                              }
                            ]
                          },
                          "position": [
                            2,
                            2,
                            1
                          ]
                        }
                      ]
                    },
                    "position": [
                      2,
                      2
                    ]
                  },
                  {
                    "id": "0ace7c1d",
                    "type": "rawImage",
                    "model": {
                      "width": 624,
                      "height": 351,
                      "locator": "9563/test/1b98b910-fcb3-11e9-9afe-1371928331c5.jpg",
                      "originCode": "cpsdevpb",
                      "copyrightHolder": "BBC"
                    },
                    "position": [
                      2,
                      3
                    ]
                  }
                ]
              },
              "position": [
                2
              ]
            },
            {
              "id": "bbb12751",
              "type": "timestamp",
              "model": {
                "firstPublished": 1562942287715,
                "lastPublished": 1562942287715
              },
              "position": [
                3
              ]
            },
            {
              "id": "c896c29f",
              "type": "text",
              "model": {
                "blocks": [
                  {
                    "id": "0d7de450",
                    "type": "paragraph",
                    "model": {
                      "text": "हा मजकूर ब्लॉक आहे, ज्यात बीबीसी हवामान मुख्यपृष्ठाचा दुवा आहे.",
                      "blocks": [
                        {
                          "id": "a1f7b342",
                          "type": "fragment",
                          "model": {
                            "text": "हा मजकूर ब्लॉक आहे, ज्यात बीबीसी हवामान",
                            "attributes": []
                          },
                          "position": [
                            4,
                            1,
                            1
                          ]
                        },
                        {
                          "id": "41df1832",
                          "type": "urlLink",
                          "model": {
                            "text": " मुख्यपृष्ठाचा दुवा आहे",
                            "blocks": [
                              {
                                "id": "7dae0eb7",
                                "type": "fragment",
                                "model": {
                                  "text": " मुख्यपृष्ठाचा दुवा आहे",
                                  "attributes": []
                                },
                                "position": [
                                  4,
                                  1,
                                  2,
                                  1
                                ]
                              }
                            ],
                            "locator": "https://www.bbc.co.uk/weather",
                            "isExternal": false
                          },
                          "position": [
                            4,
                            1,
                            2
                          ]
                        },
                        {
                          "id": "c263da94",
                          "type": "fragment",
                          "model": {
                            "text": ".",
                            "attributes": []
                          },
                          "position": [
                            4,
                            1,
                            3
                          ]
                        }
                      ]
                    },
                    "position": [
                      4,
                      1
                    ]
                  }
                ]
              },
              "position": [
                4
              ]
            },
            {
              "id": "b94d9b17",
              "type": "video",
              "model": {
                "locator": "urn:bbc:pips:pid:p019qd7g",
                "blocks": [
                  {
                    "id": "28d9c1c0",
                    "type": "caption",
                    "model": {
                      "blocks": [
                        {
                          "id": "73272b80",
                          "type": "text",
                          "model": {
                            "blocks": [
                              {
                                "id": "d6d5c1c8",
                                "type": "paragraph",
                                "model": {
                                  "text": "हा एक व्हिडिओ ब्लॉक आहे ज्यामध्ये फाईल आहे",
                                  "blocks": [
                                    {
                                      "id": "e03f624e",
                                      "type": "fragment",
                                      "model": {
                                        "text": "हा एक व्हिडिओ ब्लॉक आहे ज्यामध्ये फाईल आहे",
                                        "attributes": []
                                      },
                                      "position": [
                                        5,
                                        1,
                                        1,
                                        1,
                                        1
                                      ]
                                    }
                                  ]
                                },
                                "position": [
                                  5,
                                  1,
                                  1,
                                  1
                                ]
                              }
                            ]
                          },
                          "position": [
                            5,
                            1,
                            1
                          ]
                        }
                      ]
                    },
                    "position": [
                      5,
                      1
                    ]
                  },
                  {
                    "id": "702452f6",
                    "type": "aresMedia",
                    "model": {
                      "blocks": [
                        {
                          "id": "143e1088",
                          "blockId": "urn:bbc:ares::clip:p019qd7g",
                          "type": "aresMediaMetadata",
                          "model": {
                            "id": "p019qd7g",
                            "subType": "clip",
                            "format": "audio_video",
                            "title": "Test asset with square image",
                            "synopses": {
                              "short": "test asset"
                            },
                            "imageUrl": "ichef.test.bbci.co.uk/images/ic/$recipe/p019qd93.jpg",
                            "embedding": false,
                            "advertising": true,
                            "versions": [
                              {
                                "versionId": "p019qd7k",
                                "types": [
                                  "Original"
                                ],
                                "duration": 16,
                                "durationISO8601": "PT16S",
                                "warnings": {},
                                "availableTerritories": {
                                  "uk": true,
                                  "nonUk": true
                                },
                                "availableFrom": 1493293493000
                              }
                            ],
                            "syndication": {
                              "destinations": []
                            },
                            "smpKind": "programme"
                          },
                          "position": [
                            5,
                            2,
                            1
                          ]
                        },
                        {
                          "id": "251e721e",
                          "type": "image",
                          "model": {
                            "blocks": [
                              {
                                "id": "0b348177",
                                "type": "rawImage",
                                "model": {
                                  "locator": "ichef.test.bbci.co.uk/images/ic/$widthxn/p019qd93.jpg",
                                  "originCode": "mpv"
                                },
                                "position": [
                                  5,
                                  2,
                                  2,
                                  1
                                ]
                              }
                            ]
                          },
                          "position": [
                            5,
                            2,
                            2
                          ]
                        }
                      ]
                    },
                    "position": [
                      5,
                      2
                    ]
                  }
                ]
              },
              "position": [
                5
              ]
            },
            {
              "id": "a7fcf685",
              "type": "subheadline",
              "model": {
                "blocks": [
                  {
                    "id": "62b112cf",
                    "type": "text",
                    "model": {
                      "blocks": [
                        {
                          "id": "c5778841",
                          "type": "paragraph",
                          "model": {
                            "text": "ही एक उपशीर्षक आहे\r",
                            "blocks": [
                              {
                                "id": "8f212003",
                                "type": "fragment",
                                "model": {
                                  "text": "ही एक उपशीर्षक आहे\r",
                                  "attributes": []
                                },
                                "position": [
                                  6,
                                  1,
                                  1,
                                  1
                                ]
                              }
                            ]
                          },
                          "position": [
                            6,
                            1,
                            1
                          ]
                        }
                      ]
                    },
                    "position": [
                      6,
                      1
                    ]
                  }
                ]
              },
              "position": [
                6
              ]
            },
            {
              "id": "248a52da",
              "type": "image",
              "model": {
                "blocks": [
                  {
                    "id": "e23a56c4",
                    "type": "altText",
                    "model": {
                      "blocks": [
                        {
                          "id": "78c04f3e",
                          "type": "text",
                          "model": {
                            "blocks": [
                              {
                                "id": "3fa89133",
                                "type": "paragraph",
                                "model": {
                                  "text": "ही एक उपशीर्षक आहे\r",
                                  "blocks": [
                                    {
                                      "id": "7ad4dfa9",
                                      "type": "fragment",
                                      "model": {
                                        "text": "ही एक उपशीर्षक आहे\r",
                                        "attributes": []
                                      },
                                      "position": [
                                        7,
                                        1,
                                        1,
                                        1,
                                        1
                                      ]
                                    }
                                  ]
                                },
                                "position": [
                                  7,
                                  1,
                                  1,
                                  1
                                ]
                              }
                            ]
                          },
                          "position": [
                            7,
                            1,
                            1
                          ]
                        }
                      ]
                    },
                    "position": [
                      7,
                      1
                    ]
                  },
                  {
                    "id": "1e889b83",
                    "type": "rawImage",
                    "model": {
                      "width": 800,
                      "height": 450,
                      "locator": "14a4/test/93248360-fcb3-11e9-9afe-1371928331c5.jpg",
                      "originCode": "cpsdevpb",
                      "copyrightHolder": "Getty Images"
                    },
                    "position": [
                      7,
                      2
                    ]
                  }
                ]
              },
              "position": [
                7
              ]
            },
            {
              "id": "7719b116",
              "type": "text",
              "model": {
                "blocks": [
                  {
                    "id": "80050f41",
                    "type": "paragraph",
                    "model": {
                      "text": "हा चाचणी लेख तयार केला गेला आहे जेणेकरून आम्ही आमच्या वेबसाइटवर चाचण्या करू शकू.",
                      "blocks": [
                        {
                          "id": "5cb1ca67",
                          "type": "fragment",
                          "model": {
                            "text": "हा चाचणी लेख तयार केला गेला आहे जेणेकरून आम्ही आमच्या वेबसाइटवर चाचण्या करू शकू.",
                            "attributes": []
                          },
                          "position": [
                            8,
                            1,
                            1
                          ]
                        }
                      ]
                    },
                    "position": [
                      8,
                      1
                    ]
                  }
                ]
              },
              "position": [
                8
              ]
            },
            {
              "id": "328ed4ab",
              "type": "mpu",
              "model": {},
              "position": [
                9
              ]
            },
            {
              "id": "290f3ece",
              "type": "wsoj",
              "model": {
                "type": "recommendations"
              },
              "position": [
                10
              ]
            }
          ]
        }
      },
      "metadata": {
        "id": "urn:bbc:ares::article:cp47g4myxz7o",
        "locators": {
          "optimoUrn": "urn:bbc:optimo:asset:cp47g4myxz7o",
          "canonicalUrl": "https://www.bbc.com/marathi/articles/cp47g4myxz7o"
        },
        "type": "article",
        "createdBy": "Marathi",
        "language": "mr",
        "firstPublished": 1562942287715,
        "lastPublished": 1562942287715,
        "analyticsLabels": {
          "producer": "Marathi",
          "page": "marathi.articles.cp47g4myxz7o.page"
        },
        "passport": {
          "language": "mr",
          "home": "http://www.bbc.co.uk/ontologies/passport/home/Marathi",
          "taggings": []
        },
        "blockTypes": [
          "headline",
          "text",
          "paragraph",
          "fragment",
          "image",
          "caption",
          "altText",
          "rawImage",
          "urlLink",
          "video",
          "subheadline",
          "aresMedia"
        ],
        "allowAdvertising": true
      },
      "promo": {
        "headlines": {
          "seoHeadline": "चांद्रमोहीम : कसं होतं अपोलो 11 मिशन?"
        }
      }
    },
    "secondaryData": {
      "topStories": [
        {
          "name": "मेळावर आली कारवी Radio promo",
          "summary": "दही व साखर मिसळून घ्यावे. साखर विरघळली की नंतर त्यात दूध, रवा, वेलचीपूड, चारोळी, मीठ, लोणी, रंग व सोडा क्रमाने घालून चांगले मिसळावे.",
          "indexImage": {
            "id": "63692548",
            "subType": "index",
            "href": "http://b.files.bbci.co.uk/14A31/test/_63692548_000327537-1.jpg",
            "path": "/cpsdevpb/14A31/test/_63692548_000327537-1.jpg",
            "height": 549,
            "width": 976,
            "altText": "A lone Koala perches in a eucalyptus tree",
            "caption": "Koalas are from Australia",
            "copyrightHolder": "BBC",
            "type": "image"
          },
          "uri": "http://www.bbc.com/azeri",
          "contentType": "RadioBulletin",
          "assetTypeCode": "PRO",
          "timestamp": 1565099388000,
          "type": "link"
        },
        {
          "name": "Podcast promo",
          "summary": "Summary",
          "indexImage": {
            "id": "63692548",
            "subType": "index",
            "href": "http://b.files.bbci.co.uk/14A31/test/_63692548_000327537-1.jpg",
            "path": "/cpsdevpb/14A31/test/_63692548_000327537-1.jpg",
            "height": 549,
            "width": 976,
            "altText": "A lone Koala perches in a eucalyptus tree",
            "caption": "Koalas are from Australia",
            "copyrightHolder": "BBC",
            "type": "image"
          },
          "uri": "http://www.bbc.com/azeri",
          "contentType": "Podcast",
          "assetTypeCode": "PRO",
          "timestamp": 1565099366000,
          "type": "link"
        },
        {
          "name": "Feature promo",
          "summary": "Summary",
          "indexImage": {
            "id": "63692548",
            "subType": "index",
            "href": "http://b.files.bbci.co.uk/14A31/test/_63692548_000327537-1.jpg",
            "path": "/cpsdevpb/14A31/test/_63692548_000327537-1.jpg",
            "height": 549,
            "width": 976,
            "altText": "A lone Koala perches in a eucalyptus tree",
            "caption": "Koalas are from Australia",
            "copyrightHolder": "BBC",
            "type": "image"
          },
          "uri": "http://www.bbc.com/azeri",
          "contentType": "Feature",
          "assetTypeCode": "PRO",
          "timestamp": 1565099350000,
          "type": "link"
        }
      ],
      "features": [
        {
          "headlines": {
            "headline": "युद्धभूमीवर महिला सैनिक पाठविणारे देश 5"
          },
          "locators": {
            "assetUri": "/marathi/india-23129746",
            "cpsUrn": "urn:bbc:content:assetUri:marathi/india-23129746",
            "assetId": "23129746"
          },
          "summary": "जर्मनी, ऑस्ट्रेलिया, कॅनडा, अमेरिका, ब्रिटन, डेन्मार्क, फिनलंड, फ्रान्स, नॉर्वे, स्वीडन, इस्रायल",
          "timestamp": 1496630897000,
          "language": "mr",
          "cpsType": "STY",
          "indexImage": {
            "id": "63539164",
            "subType": "index",
            "href": "http://b.files.bbci.co.uk/B471/test/_63539164_976.jpg",
            "path": "/cpsdevpb/B471/test/_63539164_976.jpg",
            "height": 549,
            "width": 976,
            "altText": "सध्या लष्कराच्या वैद्यकीय",
            "copyrightHolder": "Wolfgang Ecklebeng",
            "originCode": "cpsdevpb",
            "type": "image"
          },
          "options": {
            "isBreakingNews": false,
            "isFactCheck": false
          },
          "id": "urn:bbc:ares::asset:marathi/india-23129746",
          "type": "cps"
        },
        {
          "headlines": {
            "headline": "मेळावर आली कारवी 15"
          },
          "locators": {
            "assetUri": "/marathi/india-23126108",
            "cpsUrn": "urn:bbc:content:assetUri:marathi/india-23126108",
            "assetId": "23126108"
          },
          "summary": "मेळावर आली कारवी 3",
          "timestamp": 1495021780000,
          "language": "en-gb",
          "cpsType": "STY",
          "indexImage": {
            "id": "63537097",
            "subType": "index",
            "href": "http://b.files.bbci.co.uk/134E1/test/_63537097__96071455_vespa976.jpg",
            "path": "/cpsdevpb/134E1/test/_63537097__96071455_vespa976.jpg",
            "height": 371,
            "width": 660,
            "altText": "मध्यम",
            "caption": "मध्यम",
            "copyrightHolder": "BBC",
            "originCode": "cpsdevpb",
            "type": "image"
          },
          "imageThumbnail": {
            "id": "63537099",
            "subType": "index-thumbnail",
            "href": "http://b.files.bbci.co.uk/18301/test/_63537099__96071455_vespa976.jpg",
            "path": "/cpsdevpb/18301/test/_63537099__96071455_vespa976.jpg",
            "height": 180,
            "width": 320,
            "altText": "मध्यम",
            "caption": "मध्यम",
            "copyrightHolder": "BBC",
            "type": "image"
          },
          "options": {
            "isBreakingNews": false,
            "isFactCheck": false
          },
          "id": "urn:bbc:ares::asset:marathi/india-23126108",
          "type": "cps"
        },
        {
          "headlines": {
            "headline": "मेळावर आली कारवी 16"
          },
          "locators": {
            "assetUri": "/marathi/india-23126109",
            "cpsUrn": "urn:bbc:content:assetUri:marathi/india-23126109",
            "assetId": "23126109"
          },
          "summary": "मेळावर आली कारवी 3",
          "timestamp": 1495021793000,
          "language": "en-gb",
          "cpsType": "STY",
          "indexImage": {
            "id": "63537097",
            "subType": "index",
            "href": "http://b.files.bbci.co.uk/134E1/test/_63537097__96071455_vespa976.jpg",
            "path": "/cpsdevpb/134E1/test/_63537097__96071455_vespa976.jpg",
            "height": 371,
            "width": 660,
            "altText": "मध्यम",
            "caption": "मध्यम",
            "copyrightHolder": "BBC",
            "originCode": "cpsdevpb",
            "type": "image"
          },
          "imageThumbnail": {
            "id": "63537099",
            "subType": "index-thumbnail",
            "href": "http://b.files.bbci.co.uk/18301/test/_63537099__96071455_vespa976.jpg",
            "path": "/cpsdevpb/18301/test/_63537099__96071455_vespa976.jpg",
            "height": 180,
            "width": 320,
            "altText": "मध्यम",
            "caption": "मध्यम",
            "copyrightHolder": "BBC",
            "type": "image"
          },
          "options": {
            "isBreakingNews": false,
            "isFactCheck": false
          },
          "id": "urn:bbc:ares::asset:marathi/india-23126109",
          "type": "cps"
        },
        {
          "headlines": {
            "headline": "मेळावर आली कारवी 17"
          },
          "locators": {
            "assetUri": "/marathi/india-23126110",
            "cpsUrn": "urn:bbc:content:assetUri:marathi/india-23126110",
            "assetId": "23126110"
          },
          "summary": "मेळावर आली कारवी 3",
          "timestamp": 1495021834000,
          "language": "en-gb",
          "cpsType": "STY",
          "indexImage": {
            "id": "63537097",
            "subType": "index",
            "href": "http://b.files.bbci.co.uk/134E1/test/_63537097__96071455_vespa976.jpg",
            "path": "/cpsdevpb/134E1/test/_63537097__96071455_vespa976.jpg",
            "height": 371,
            "width": 660,
            "altText": "मध्यम",
            "caption": "मध्यम",
            "copyrightHolder": "BBC",
            "originCode": "cpsdevpb",
            "type": "image"
          },
          "imageThumbnail": {
            "id": "63537099",
            "subType": "index-thumbnail",
            "href": "http://b.files.bbci.co.uk/18301/test/_63537099__96071455_vespa976.jpg",
            "path": "/cpsdevpb/18301/test/_63537099__96071455_vespa976.jpg",
            "height": 180,
            "width": 320,
            "altText": "मध्यम",
            "caption": "मध्यम",
            "copyrightHolder": "BBC",
            "type": "image"
          },
          "options": {
            "isBreakingNews": false,
            "isFactCheck": false
          },
          "id": "urn:bbc:ares::asset:marathi/india-23126110",
          "type": "cps"
        },
        {
          "headlines": {
            "headline": "मेळावर आली कारवी 18"
          },
          "locators": {
            "assetUri": "/marathi/india-23126111",
            "cpsUrn": "urn:bbc:content:assetUri:marathi/india-23126111",
            "assetId": "23126111"
          },
          "summary": "मेळावर आली कारवी 3",
          "timestamp": 1495021853000,
          "language": "en-gb",
          "cpsType": "STY",
          "indexImage": {
            "id": "63537097",
            "subType": "index",
            "href": "http://b.files.bbci.co.uk/134E1/test/_63537097__96071455_vespa976.jpg",
            "path": "/cpsdevpb/134E1/test/_63537097__96071455_vespa976.jpg",
            "height": 371,
            "width": 660,
            "altText": "मध्यम",
            "caption": "मध्यम",
            "copyrightHolder": "BBC",
            "originCode": "cpsdevpb",
            "type": "image"
          },
          "imageThumbnail": {
            "id": "63537099",
            "subType": "index-thumbnail",
            "href": "http://b.files.bbci.co.uk/18301/test/_63537099__96071455_vespa976.jpg",
            "path": "/cpsdevpb/18301/test/_63537099__96071455_vespa976.jpg",
            "height": 180,
            "width": 320,
            "altText": "मध्यम",
            "caption": "मध्यम",
            "copyrightHolder": "BBC",
            "type": "image"
          },
          "options": {
            "isBreakingNews": false,
            "isFactCheck": false
          },
          "id": "urn:bbc:ares::asset:marathi/india-23126111",
          "type": "cps"
        },
        {
          "headlines": {
            "headline": "युद्धभूमीवर महिला सैनिक पाठविणारे देश 6"
          },
          "locators": {
            "assetUri": "/marathi/international-23129747",
            "cpsUrn": "urn:bbc:content:assetUri:marathi/international-23129747",
            "assetId": "23129747"
          },
          "summary": "जर्मनी, ऑस्ट्रेलिया, कॅनडा, अमेरिका, ब्रिटन, डेन्मार्क, फिनलंड, फ्रान्स, नॉर्वे, स्वीडन, इस्रायल",
          "timestamp": 1496630396000,
          "language": "mr",
          "cpsType": "STY",
          "indexImage": {
            "id": "63539164",
            "subType": "index",
            "href": "http://b.files.bbci.co.uk/B471/test/_63539164_976.jpg",
            "path": "/cpsdevpb/B471/test/_63539164_976.jpg",
            "height": 549,
            "width": 976,
            "altText": "सध्या लष्कराच्या वैद्यकीय",
            "copyrightHolder": "Wolfgang Ecklebeng",
            "originCode": "cpsdevpb",
            "type": "image"
          },
          "options": {
            "isBreakingNews": false,
            "isFactCheck": false
          },
          "id": "urn:bbc:ares::asset:marathi/international-23129747",
          "type": "cps"
        },
        {
          "headlines": {
            "headline": "मेळावर आली कारवी 19"
          },
          "locators": {
            "assetUri": "/marathi/india-23126112",
            "cpsUrn": "urn:bbc:content:assetUri:marathi/india-23126112",
            "assetId": "23126112"
          },
          "summary": "मेळावर आली कारवी 3",
          "timestamp": 1495021863000,
          "language": "en-gb",
          "cpsType": "STY",
          "indexImage": {
            "id": "63537097",
            "subType": "index",
            "href": "http://b.files.bbci.co.uk/134E1/test/_63537097__96071455_vespa976.jpg",
            "path": "/cpsdevpb/134E1/test/_63537097__96071455_vespa976.jpg",
            "height": 371,
            "width": 660,
            "altText": "मध्यम",
            "caption": "मध्यम",
            "copyrightHolder": "BBC",
            "originCode": "cpsdevpb",
            "type": "image"
          },
          "imageThumbnail": {
            "id": "63537099",
            "subType": "index-thumbnail",
            "href": "http://b.files.bbci.co.uk/18301/test/_63537099__96071455_vespa976.jpg",
            "path": "/cpsdevpb/18301/test/_63537099__96071455_vespa976.jpg",
            "height": 180,
            "width": 320,
            "altText": "मध्यम",
            "caption": "मध्यम",
            "copyrightHolder": "BBC",
            "type": "image"
          },
          "options": {
            "isBreakingNews": false,
            "isFactCheck": false
          },
          "id": "urn:bbc:ares::asset:marathi/india-23126112",
          "type": "cps"
        },
        {
          "headlines": {
            "headline": "युद्धभूमीवर महिला सैनिक पाठविणारे देश 7"
          },
          "locators": {
            "assetUri": "/marathi/international-23129748",
            "cpsUrn": "urn:bbc:content:assetUri:marathi/international-23129748",
            "assetId": "23129748"
          },
          "summary": "जर्मनी, ऑस्ट्रेलिया, कॅनडा, अमेरिका, ब्रिटन, डेन्मार्क, फिनलंड, फ्रान्स, नॉर्वे, स्वीडन, इस्रायल",
          "timestamp": 1496630429000,
          "language": "mr",
          "cpsType": "STY",
          "indexImage": {
            "id": "63539164",
            "subType": "index",
            "href": "http://b.files.bbci.co.uk/B471/test/_63539164_976.jpg",
            "path": "/cpsdevpb/B471/test/_63539164_976.jpg",
            "height": 549,
            "width": 976,
            "altText": "सध्या लष्कराच्या वैद्यकीय",
            "copyrightHolder": "Wolfgang Ecklebeng",
            "originCode": "cpsdevpb",
            "type": "image"
          },
          "options": {
            "isBreakingNews": false,
            "isFactCheck": false
          },
          "id": "urn:bbc:ares::asset:marathi/international-23129748",
          "type": "cps"
        },
        {
          "headlines": {
            "headline": "मेळावर आली कारवी 27"
          },
          "locators": {
            "assetUri": "/marathi/india-23126130",
            "cpsUrn": "urn:bbc:content:assetUri:marathi/india-23126130",
            "assetId": "23126130"
          },
          "summary": "मेळावर आली कारवी 3",
          "timestamp": 1495021957000,
          "language": "en-gb",
          "cpsType": "STY",
          "indexImage": {
            "id": "63537097",
            "subType": "index",
            "href": "http://b.files.bbci.co.uk/134E1/test/_63537097__96071455_vespa976.jpg",
            "path": "/cpsdevpb/134E1/test/_63537097__96071455_vespa976.jpg",
            "height": 371,
            "width": 660,
            "altText": "मध्यम",
            "caption": "मध्यम",
            "copyrightHolder": "BBC",
            "originCode": "cpsdevpb",
            "type": "image"
          },
          "imageThumbnail": {
            "id": "63537099",
            "subType": "index-thumbnail",
            "href": "http://b.files.bbci.co.uk/18301/test/_63537099__96071455_vespa976.jpg",
            "path": "/cpsdevpb/18301/test/_63537099__96071455_vespa976.jpg",
            "height": 180,
            "width": 320,
            "altText": "मध्यम",
            "caption": "मध्यम",
            "copyrightHolder": "BBC",
            "type": "image"
          },
          "options": {
            "isBreakingNews": false,
            "isFactCheck": false
          },
          "id": "urn:bbc:ares::asset:marathi/india-23126130",
          "type": "cps"
        }
      ],
      "mostRead": {
        "generated": "2023-02-17T18:08:59.036Z",
        "lastRecordTimeStamp": "2021-05-04T11:53:00Z",
        "firstRecordTimeStamp": "2021-05-04T09:53:00Z",
        "totalRecords": 20,
        "records": [
          {
            "id": "62b23ed0-eaab-b54b-a2f6-a22c1430ecd5",
            "rank": 1,
            "count": 9900,
            "urn": "urn:bbc:curie:asset:62b23ed0-eaab-b54b-a2f6-a22c1430ecd5",
            "promo": {
              "headlines": {
                "shortHeadline": "मेळावर आली कारवी 17",
                "headline": "मेळावर आली कारवी 17"
              },
              "locators": {
                "assetUri": "/marathi/india-23126110",
                "curieCpsUrn": "urn:bbc:cps:curie:asset:62b23ed0-eaab-b54b-a2f6-a22c1430ecd5",
                "assetId": "23126110",
                "cpsUrn": "urn:bbc:content:assetUri:marathi/india-23126110",
                "curie": "http://www.bbc.co.uk/asset/62b23ed0-eaab-b54b-a2f6-a22c1430ecd5"
              },
              "summary": "मेळावर आली कारवी 3",
              "timestamp": 1495021834000,
              "language": "en-gb",
              "passport": {
                "home": "http://www.bbc.co.uk/ontologies/passport/home/Marathi",
                "taggings": []
              },
              "indexImage": {
                "id": "63537097",
                "subType": "index",
                "href": "http://b.files.bbci.co.uk/134E1/test/_63537097__96071455_vespa976.jpg",
                "path": "/cpsdevpb/134E1/test/_63537097__96071455_vespa976.jpg",
                "height": 371,
                "width": 660,
                "altText": "मध्यम",
                "caption": "मध्यम",
                "copyrightHolder": "BBC",
                "originCode": "cpsdevpb",
                "type": "image"
              },
              "id": "urn:bbc:ares::asset:marathi/india-23126110",
              "type": "cps"
            }
          },
          {
            "id": "b7d16b6b-6431-fc43-89b6-4d82568cbdcf",
            "rank": 2,
            "count": 9417,
            "urn": "urn:bbc:curie:asset:b7d16b6b-6431-fc43-89b6-4d82568cbdcf",
            "promo": {
              "headlines": {
                "shortHeadline": "मेळावर आली कारवी 40",
                "headline": "मेळावर आली कारवी 40"
              },
              "locators": {
                "assetUri": "/marathi/india-23126143",
                "curieCpsUrn": "urn:bbc:cps:curie:asset:b7d16b6b-6431-fc43-89b6-4d82568cbdcf",
                "assetId": "23126143",
                "cpsUrn": "urn:bbc:content:assetUri:marathi/india-23126143",
                "curie": "http://www.bbc.co.uk/asset/b7d16b6b-6431-fc43-89b6-4d82568cbdcf"
              },
              "summary": "मेळावर आली कारवी 3",
              "timestamp": 1495022244000,
              "language": "en-gb",
              "passport": {
                "home": "http://www.bbc.co.uk/ontologies/passport/home/Marathi",
                "taggings": []
              },
              "indexImage": {
                "id": "63537097",
                "subType": "index",
                "href": "http://b.files.bbci.co.uk/134E1/test/_63537097__96071455_vespa976.jpg",
                "path": "/cpsdevpb/134E1/test/_63537097__96071455_vespa976.jpg",
                "height": 371,
                "width": 660,
                "altText": "मध्यम",
                "caption": "मध्यम",
                "copyrightHolder": "BBC",
                "originCode": "cpsdevpb",
                "type": "image"
              },
              "id": "urn:bbc:ares::asset:marathi/india-23126143",
              "type": "cps"
            }
          },
          {
            "id": "5d13ccc0-69fb-f643-a5fd-5ba9946ac3f2",
            "rank": 3,
            "count": 9272,
            "urn": "urn:bbc:curie:asset:5d13ccc0-69fb-f643-a5fd-5ba9946ac3f2",
            "promo": {
              "headlines": {
                "shortHeadline": "मेळावर आली कारवी 31",
                "headline": "मेळावर आली कारवी 31"
              },
              "locators": {
                "assetUri": "/marathi/india-23126134",
                "curieCpsUrn": "urn:bbc:cps:curie:asset:5d13ccc0-69fb-f643-a5fd-5ba9946ac3f2",
                "assetId": "23126134",
                "cpsUrn": "urn:bbc:content:assetUri:marathi/india-23126134",
                "curie": "http://www.bbc.co.uk/asset/5d13ccc0-69fb-f643-a5fd-5ba9946ac3f2"
              },
              "summary": "मेळावर आली कारवी 3",
              "timestamp": 1495022116000,
              "language": "en-gb",
              "passport": {
                "home": "http://www.bbc.co.uk/ontologies/passport/home/Marathi",
                "taggings": []
              },
              "indexImage": {
                "id": "63537097",
                "subType": "index",
                "href": "http://b.files.bbci.co.uk/134E1/test/_63537097__96071455_vespa976.jpg",
                "path": "/cpsdevpb/134E1/test/_63537097__96071455_vespa976.jpg",
                "height": 371,
                "width": 660,
                "altText": "मध्यम",
                "caption": "मध्यम",
                "copyrightHolder": "BBC",
                "originCode": "cpsdevpb",
                "type": "image"
              },
              "id": "urn:bbc:ares::asset:marathi/india-23126134",
              "type": "cps"
            }
          },
          {
            "id": "2bbea3c3-1db6-4443-88a6-d037551e4951",
            "rank": 4,
            "count": 9258,
            "urn": "urn:bbc:curie:asset:2bbea3c3-1db6-4443-88a6-d037551e4951",
            "promo": {
              "headlines": {
                "shortHeadline": "मेळावर आली कारवी 15",
                "headline": "मेळावर आली कारवी 15"
              },
              "locators": {
                "assetUri": "/marathi/india-23126108",
                "curieCpsUrn": "urn:bbc:cps:curie:asset:2bbea3c3-1db6-4443-88a6-d037551e4951",
                "assetId": "23126108",
                "cpsUrn": "urn:bbc:content:assetUri:marathi/india-23126108",
                "curie": "http://www.bbc.co.uk/asset/2bbea3c3-1db6-4443-88a6-d037551e4951"
              },
              "summary": "मेळावर आली कारवी 3",
              "timestamp": 1495021780000,
              "language": "en-gb",
              "passport": {
                "home": "http://www.bbc.co.uk/ontologies/passport/home/Marathi",
                "taggings": []
              },
              "indexImage": {
                "id": "63537097",
                "subType": "index",
                "href": "http://b.files.bbci.co.uk/134E1/test/_63537097__96071455_vespa976.jpg",
                "path": "/cpsdevpb/134E1/test/_63537097__96071455_vespa976.jpg",
                "height": 371,
                "width": 660,
                "altText": "मध्यम",
                "caption": "मध्यम",
                "copyrightHolder": "BBC",
                "originCode": "cpsdevpb",
                "type": "image"
              },
              "id": "urn:bbc:ares::asset:marathi/india-23126108",
              "type": "cps"
            }
          },
          {
            "id": "e8b62451-c151-8f4b-a220-862972aa1c41",
            "rank": 5,
            "count": 9257,
            "urn": "urn:bbc:curie:asset:e8b62451-c151-8f4b-a220-862972aa1c41",
            "promo": {
              "headlines": {
                "shortHeadline": "मेळावर आली कारवी 42",
                "headline": "मेळावर आली कारवी 42"
              },
              "locators": {
                "assetUri": "/marathi/india-23126145",
                "curieCpsUrn": "urn:bbc:cps:curie:asset:e8b62451-c151-8f4b-a220-862972aa1c41",
                "assetId": "23126145",
                "cpsUrn": "urn:bbc:content:assetUri:marathi/india-23126145",
                "curie": "http://www.bbc.co.uk/asset/e8b62451-c151-8f4b-a220-862972aa1c41"
              },
              "summary": "मेळावर आली कारवी 3",
              "timestamp": 1495022267000,
              "language": "en-gb",
              "passport": {
                "home": "http://www.bbc.co.uk/ontologies/passport/home/Marathi",
                "taggings": []
              },
              "indexImage": {
                "id": "63537097",
                "subType": "index",
                "href": "http://b.files.bbci.co.uk/134E1/test/_63537097__96071455_vespa976.jpg",
                "path": "/cpsdevpb/134E1/test/_63537097__96071455_vespa976.jpg",
                "height": 371,
                "width": 660,
                "altText": "मध्यम",
                "caption": "मध्यम",
                "copyrightHolder": "BBC",
                "originCode": "cpsdevpb",
                "type": "image"
              },
              "id": "urn:bbc:ares::asset:marathi/india-23126145",
              "type": "cps"
            }
          },
          {
            "id": "47c50f34-0ba6-ec46-b332-904a770ec0b2",
            "rank": 6,
            "count": 8532,
            "urn": "urn:bbc:curie:asset:47c50f34-0ba6-ec46-b332-904a770ec0b2",
            "promo": {
              "headlines": {
                "shortHeadline": "मेळावर आली कारवी 25",
                "headline": "मेळावर आली कारवी 25"
              },
              "locators": {
                "assetUri": "/marathi/india-23126128",
                "cpsUrn": "urn:bbc:content:assetUri:marathi/india-23126128",
                "curie": "http://www.bbc.co.uk/asset/47c50f34-0ba6-ec46-b332-904a770ec0b2",
                "assetId": "23126128"
              },
              "summary": "मेळावर आली कारवी 3",
              "timestamp": 1495021937000,
              "language": "en-gb",
              "indexImage": {
                "id": "63537097",
                "subType": "index",
                "href": "http://b.files.bbci.co.uk/134E1/test/_63537097__96071455_vespa976.jpg",
                "path": "/cpsdevpb/134E1/test/_63537097__96071455_vespa976.jpg",
                "height": 371,
                "width": 660,
                "altText": "मध्यम",
                "caption": "मध्यम",
                "copyrightHolder": "BBC",
                "originCode": "cpsdevpb",
                "type": "image"
              },
              "id": "urn:bbc:ares::asset:marathi/india-23126128",
              "type": "cps"
            }
          },
          {
            "id": "765300d9-7e97-7d44-9abf-43d809bbbc0a",
            "rank": 7,
            "count": 8492,
            "urn": "urn:bbc:curie:asset:765300d9-7e97-7d44-9abf-43d809bbbc0a",
            "promo": {
              "headlines": {
                "shortHeadline": "मेळावर आली कारवी 8",
                "headline": "मेळावर आली कारवी 8"
              },
              "locators": {
                "assetUri": "/marathi/india-23126101",
                "curieCpsUrn": "urn:bbc:cps:curie:asset:765300d9-7e97-7d44-9abf-43d809bbbc0a",
                "assetId": "23126101",
                "cpsUrn": "urn:bbc:content:assetUri:marathi/india-23126101",
                "curie": "http://www.bbc.co.uk/asset/765300d9-7e97-7d44-9abf-43d809bbbc0a"
              },
              "summary": "मेळावर आली कारवी 3",
              "timestamp": 1495020431000,
              "language": "en-gb",
              "passport": {
                "home": "http://www.bbc.co.uk/ontologies/passport/home/Marathi",
                "taggings": []
              },
              "indexImage": {
                "id": "63537097",
                "subType": "index",
                "href": "http://b.files.bbci.co.uk/134E1/test/_63537097__96071455_vespa976.jpg",
                "path": "/cpsdevpb/134E1/test/_63537097__96071455_vespa976.jpg",
                "height": 371,
                "width": 660,
                "altText": "मध्यम",
                "caption": "मध्यम",
                "copyrightHolder": "BBC",
                "originCode": "cpsdevpb",
                "type": "image"
              },
              "id": "urn:bbc:ares::asset:marathi/india-23126101",
              "type": "cps"
            }
          },
          {
            "id": "9c8ebf97-541b-8b4b-8ca4-dd05a7ce55bb",
            "rank": 8,
            "count": 8408,
            "urn": "urn:bbc:curie:asset:9c8ebf97-541b-8b4b-8ca4-dd05a7ce55bb",
            "promo": {
              "headlines": {
                "shortHeadline": "मेळावर आली कारवी 43",
                "headline": "मेळावर आली कारवी 43"
              },
              "locators": {
                "assetUri": "/marathi/india-23126146",
                "curieCpsUrn": "urn:bbc:cps:curie:asset:9c8ebf97-541b-8b4b-8ca4-dd05a7ce55bb",
                "assetId": "23126146",
                "cpsUrn": "urn:bbc:content:assetUri:marathi/india-23126146",
                "curie": "http://www.bbc.co.uk/asset/9c8ebf97-541b-8b4b-8ca4-dd05a7ce55bb"
              },
              "summary": "मेळावर आली कारवी 3",
              "timestamp": 1495022499000,
              "language": "en-gb",
              "passport": {
                "home": "http://www.bbc.co.uk/ontologies/passport/home/Marathi",
                "taggings": []
              },
              "indexImage": {
                "id": "63537097",
                "subType": "index",
                "href": "http://b.files.bbci.co.uk/134E1/test/_63537097__96071455_vespa976.jpg",
                "path": "/cpsdevpb/134E1/test/_63537097__96071455_vespa976.jpg",
                "height": 371,
                "width": 660,
                "altText": "मध्यम",
                "caption": "मध्यम",
                "copyrightHolder": "BBC",
                "originCode": "cpsdevpb",
                "type": "image"
              },
              "id": "urn:bbc:ares::asset:marathi/india-23126146",
              "type": "cps"
            }
          },
          {
            "id": "70420e80-381c-2645-af7e-8894b84610eb",
            "rank": 9,
            "count": 8372,
            "urn": "urn:bbc:curie:asset:70420e80-381c-2645-af7e-8894b84610eb",
            "promo": {
              "headlines": {
                "shortHeadline": "मेळावर आली कारवी 38",
                "headline": "मेळावर आली कारवी 38"
              },
              "locators": {
                "assetUri": "/marathi/india-23126141",
                "curieCpsUrn": "urn:bbc:cps:curie:asset:70420e80-381c-2645-af7e-8894b84610eb",
                "assetId": "23126141",
                "cpsUrn": "urn:bbc:content:assetUri:marathi/india-23126141",
                "curie": "http://www.bbc.co.uk/asset/70420e80-381c-2645-af7e-8894b84610eb"
              },
              "summary": "मेळावर आली कारवी 3",
              "timestamp": 1495022224000,
              "language": "en-gb",
              "passport": {
                "home": "http://www.bbc.co.uk/ontologies/passport/home/Marathi",
                "taggings": []
              },
              "indexImage": {
                "id": "63537097",
                "subType": "index",
                "href": "http://b.files.bbci.co.uk/134E1/test/_63537097__96071455_vespa976.jpg",
                "path": "/cpsdevpb/134E1/test/_63537097__96071455_vespa976.jpg",
                "height": 371,
                "width": 660,
                "altText": "मध्यम",
                "caption": "मध्यम",
                "copyrightHolder": "BBC",
                "originCode": "cpsdevpb",
                "type": "image"
              },
              "id": "urn:bbc:ares::asset:marathi/india-23126141",
              "type": "cps"
            }
          },
          {
            "id": "df2d001c-bb8a-ed4d-a52f-0ab20134253e",
            "rank": 10,
            "count": 8224,
            "urn": "urn:bbc:curie:asset:df2d001c-bb8a-ed4d-a52f-0ab20134253e",
            "promo": {
              "headlines": {
                "shortHeadline": "तत्पूर्वी, मुंबई इंडियन्सने नाणेफेक जिंकून प्रथम क्षेत्ररक्षणाचा निर्णय घेतला",
                "headline": "तत्पूर्वी, मुंबई इंडियन्सने नाणेफेक जिंकून प्रथम क्षेत्ररक्षणाचा निर्णय घेतला"
              },
              "locators": {
                "assetUri": "/marathi/other-news-23127398",
                "curieCpsUrn": "urn:bbc:cps:curie:asset:df2d001c-bb8a-ed4d-a52f-0ab20134253e",
                "assetId": "23127398",
                "cpsUrn": "urn:bbc:content:assetUri:marathi/other-news-23127398",
                "curie": "http://www.bbc.co.uk/asset/df2d001c-bb8a-ed4d-a52f-0ab20134253e"
              },
              "summary": "मिचेल मॅक्लेनघनने सामन्याच्या पहिल्याच षटकांत फॉर्मात असलेल्या पुणे सुपरजायंटच्या राहुल त्रिपाठीला डगआउटमध्ये धाडले.",
              "timestamp": 1495470142000,
              "language": "mr",
              "passport": {
                "category": {
                  "categoryId": "http://www.bbc.co.uk/ontologies/applicationlogic-news/News",
                  "categoryName": "News"
                },
                "home": "http://www.bbc.co.uk/ontologies/passport/home/Marathi",
                "taggings": []
              },
              "indexImage": {
                "id": "63538177",
                "subType": "index",
                "href": "http://b.files.bbci.co.uk/12D7F/test/_63538177_160705081421_juno_512x288_getty.jpg",
                "path": "/cpsdevpb/12D7F/test/_63538177_160705081421_juno_512x288_getty.jpg",
                "height": 549,
                "width": 976,
                "altText": "त्याने मनोज तिवारीला सोबत घेत पुण्याचा डाव उभारण्याचा प्रयत्न केला.",
                "caption": "त्याने मनोज तिवारीला सोबत घेत पुण्याचा डाव उभारण्याचा प्रयत्न केला.",
                "copyrightHolder": "हार्दिक पंड्या",
                "originCode": "cpsdevpb",
                "type": "image"
              },
              "id": "urn:bbc:ares::asset:marathi/other-news-23127398",
              "type": "cps"
            }
          },
          {
            "id": "399f433f-39ee-6047-ae3e-fcb97eaeca10",
            "rank": 11,
            "count": 7932,
            "urn": "urn:bbc:curie:asset:399f433f-39ee-6047-ae3e-fcb97eaeca10",
            "promo": {
              "headlines": {
                "shortHeadline": "मेळावर आली कारवी 39",
                "headline": "मेळावर आली कारवी 39"
              },
              "locators": {
                "assetUri": "/marathi/india-23126142",
                "curieCpsUrn": "urn:bbc:cps:curie:asset:399f433f-39ee-6047-ae3e-fcb97eaeca10",
                "assetId": "23126142",
                "cpsUrn": "urn:bbc:content:assetUri:marathi/india-23126142",
                "curie": "http://www.bbc.co.uk/asset/399f433f-39ee-6047-ae3e-fcb97eaeca10"
              },
              "summary": "मेळावर आली कारवी 3",
              "timestamp": 1495022233000,
              "language": "en-gb",
              "passport": {
                "home": "http://www.bbc.co.uk/ontologies/passport/home/Marathi",
                "taggings": []
              },
              "indexImage": {
                "id": "63537097",
                "subType": "index",
                "href": "http://b.files.bbci.co.uk/134E1/test/_63537097__96071455_vespa976.jpg",
                "path": "/cpsdevpb/134E1/test/_63537097__96071455_vespa976.jpg",
                "height": 371,
                "width": 660,
                "altText": "मध्यम",
                "caption": "मध्यम",
                "copyrightHolder": "BBC",
                "originCode": "cpsdevpb",
                "type": "image"
              },
              "id": "urn:bbc:ares::asset:marathi/india-23126142",
              "type": "cps"
            }
          },
          {
            "id": "a046d2f1-78de-3248-8daf-44e8769f980c",
            "rank": 12,
            "count": 7898,
            "urn": "urn:bbc:curie:asset:a046d2f1-78de-3248-8daf-44e8769f980c",
            "promo": {
              "headlines": {
                "shortHeadline": "मेळावर आली कारवी 9",
                "headline": "मेळावर आली कारवी 9"
              },
              "locators": {
                "assetUri": "/marathi/india-23126102",
                "curieCpsUrn": "urn:bbc:cps:curie:asset:a046d2f1-78de-3248-8daf-44e8769f980c",
                "assetId": "23126102",
                "cpsUrn": "urn:bbc:content:assetUri:marathi/india-23126102",
                "curie": "http://www.bbc.co.uk/asset/a046d2f1-78de-3248-8daf-44e8769f980c"
              },
              "summary": "दही व साखर मिसळून घ्यावे. साखर विरघळली की नंतर त्यात दूध, रवा, वेलचीपूड, चारोळी, मीठ, लोणी, रंग व सोडा क्रमाने घालून चांगले मिसळावे.",
              "timestamp": 1495020443000,
              "language": "en-gb",
              "passport": {
                "home": "http://www.bbc.co.uk/ontologies/passport/home/Marathi",
                "taggings": []
              },
              "indexImage": {
                "id": "63537097",
                "subType": "index",
                "href": "http://b.files.bbci.co.uk/134E1/test/_63537097__96071455_vespa976.jpg",
                "path": "/cpsdevpb/134E1/test/_63537097__96071455_vespa976.jpg",
                "height": 371,
                "width": 660,
                "altText": "मध्यम",
                "caption": "मध्यम",
                "copyrightHolder": "BBC",
                "originCode": "cpsdevpb",
                "type": "image"
              },
              "id": "urn:bbc:ares::asset:marathi/india-23126102",
              "type": "cps"
            }
          },
          {
            "id": "4487179a-117f-5f48-9481-d732b6a7b608",
            "rank": 13,
            "count": 7696,
            "urn": "urn:bbc:curie:asset:4487179a-117f-5f48-9481-d732b6a7b608",
            "promo": {
              "headlines": {
                "shortHeadline": "युद्धभूमीवर महिला सैनिक पाठविणारे देश 6",
                "headline": "युद्धभूमीवर महिला सैनिक पाठविणारे देश 6"
              },
              "locators": {
                "assetUri": "/marathi/international-23129747",
                "curieCpsUrn": "urn:bbc:cps:curie:asset:4487179a-117f-5f48-9481-d732b6a7b608",
                "assetId": "23129747",
                "cpsUrn": "urn:bbc:content:assetUri:marathi/international-23129747",
                "curie": "http://www.bbc.co.uk/asset/4487179a-117f-5f48-9481-d732b6a7b608"
              },
              "summary": "जर्मनी, ऑस्ट्रेलिया, कॅनडा, अमेरिका, ब्रिटन, डेन्मार्क, फिनलंड, फ्रान्स, नॉर्वे, स्वीडन, इस्रायल",
              "timestamp": 1496630396000,
              "language": "mr",
              "passport": {
                "home": "http://www.bbc.co.uk/ontologies/passport/home/Marathi",
                "taggings": []
              },
              "indexImage": {
                "id": "63539164",
                "subType": "index",
                "href": "http://b.files.bbci.co.uk/B471/test/_63539164_976.jpg",
                "path": "/cpsdevpb/B471/test/_63539164_976.jpg",
                "height": 549,
                "width": 976,
                "altText": "सध्या लष्कराच्या वैद्यकीय",
                "copyrightHolder": "Wolfgang Ecklebeng",
                "originCode": "cpsdevpb",
                "type": "image"
              },
              "id": "urn:bbc:ares::asset:marathi/international-23129747",
              "type": "cps"
            }
          },
          {
            "id": "604d2919-8fb8-144d-bbcd-10b7003a1218",
            "rank": 14,
            "count": 7667,
            "urn": "urn:bbc:curie:asset:604d2919-8fb8-144d-bbcd-10b7003a1218",
            "promo": {
              "headlines": {
                "shortHeadline": "मेळावर आली कारवी 34",
                "headline": "मेळावर आली कारवी 34"
              },
              "locators": {
                "assetUri": "/marathi/india-23126137",
                "cpsUrn": "urn:bbc:content:assetUri:marathi/india-23126137",
                "curie": "http://www.bbc.co.uk/asset/604d2919-8fb8-144d-bbcd-10b7003a1218",
                "assetId": "23126137"
              },
              "summary": "मेळावर आली कारवी 3",
              "timestamp": 1495022156000,
              "language": "en-gb",
              "indexImage": {
                "id": "63537097",
                "subType": "index",
                "href": "http://b.files.bbci.co.uk/134E1/test/_63537097__96071455_vespa976.jpg",
                "path": "/cpsdevpb/134E1/test/_63537097__96071455_vespa976.jpg",
                "height": 371,
                "width": 660,
                "altText": "मध्यम",
                "caption": "मध्यम",
                "copyrightHolder": "BBC",
                "originCode": "cpsdevpb",
                "type": "image"
              },
              "id": "urn:bbc:ares::asset:marathi/india-23126137",
              "type": "cps"
            }
          },
          {
            "id": "82e9f37f-5d22-2246-a01e-4c1f77dce42e",
            "rank": 15,
            "count": 7648,
            "urn": "urn:bbc:curie:asset:82e9f37f-5d22-2246-a01e-4c1f77dce42e",
            "promo": {
              "headlines": {
                "shortHeadline": "मेळावर आली कारवी 23",
                "headline": "मेळावर आली कारवी 23"
              },
              "locators": {
                "assetUri": "/marathi/india-23126126",
                "curieCpsUrn": "urn:bbc:cps:curie:asset:82e9f37f-5d22-2246-a01e-4c1f77dce42e",
                "assetId": "23126126",
                "cpsUrn": "urn:bbc:content:assetUri:marathi/india-23126126",
                "curie": "http://www.bbc.co.uk/asset/82e9f37f-5d22-2246-a01e-4c1f77dce42e"
              },
              "summary": "मेळावर आली कारवी 3",
              "timestamp": 1495021911000,
              "language": "en-gb",
              "passport": {
                "home": "http://www.bbc.co.uk/ontologies/passport/home/Marathi",
                "taggings": []
              },
              "indexImage": {
                "id": "63537097",
                "subType": "index",
                "href": "http://b.files.bbci.co.uk/134E1/test/_63537097__96071455_vespa976.jpg",
                "path": "/cpsdevpb/134E1/test/_63537097__96071455_vespa976.jpg",
                "height": 371,
                "width": 660,
                "altText": "मध्यम",
                "caption": "मध्यम",
                "copyrightHolder": "BBC",
                "originCode": "cpsdevpb",
                "type": "image"
              },
              "id": "urn:bbc:ares::asset:marathi/india-23126126",
              "type": "cps"
            }
          },
          {
            "id": "c9149858-d056-864b-a530-94c419b66bd0",
            "rank": 16,
            "count": 7410,
            "urn": "urn:bbc:curie:asset:c9149858-d056-864b-a530-94c419b66bd0",
            "promo": {
              "headlines": {
                "shortHeadline": "मेळावर आली कारवी 10",
                "headline": "मेळावर आली कारवी 10"
              },
              "locators": {
                "assetUri": "/marathi/india-23126103",
                "curieCpsUrn": "urn:bbc:cps:curie:asset:c9149858-d056-864b-a530-94c419b66bd0",
                "assetId": "23126103",
                "cpsUrn": "urn:bbc:content:assetUri:marathi/india-23126103",
                "curie": "http://www.bbc.co.uk/asset/c9149858-d056-864b-a530-94c419b66bd0"
              },
              "summary": "दही व साखर मिसळून घ्यावे. साखर विरघळली की नंतर त्यात दूध, रवा, वेलचीपूड, चारोळी, मीठ, लोणी, रंग व सोडा क्रमाने घालून चांगले मिसळावे.",
              "timestamp": 1495020481000,
              "language": "en-gb",
              "passport": {
                "home": "http://www.bbc.co.uk/ontologies/passport/home/Marathi",
                "taggings": []
              },
              "indexImage": {
                "id": "63537097",
                "subType": "index",
                "href": "http://b.files.bbci.co.uk/134E1/test/_63537097__96071455_vespa976.jpg",
                "path": "/cpsdevpb/134E1/test/_63537097__96071455_vespa976.jpg",
                "height": 371,
                "width": 660,
                "altText": "मध्यम",
                "caption": "मध्यम",
                "copyrightHolder": "BBC",
                "originCode": "cpsdevpb",
                "type": "image"
              },
              "id": "urn:bbc:ares::asset:marathi/india-23126103",
              "type": "cps"
            }
          },
          {
            "id": "efaa8e89-8bb8-b945-aa6e-63b62ed2edd1",
            "rank": 17,
            "count": 7291,
            "urn": "urn:bbc:curie:asset:efaa8e89-8bb8-b945-aa6e-63b62ed2edd1",
            "promo": {
              "headlines": {
                "shortHeadline": "मेळावर आली कारवी 30",
                "headline": "मेळावर आली कारवी 30"
              },
              "locators": {
                "assetUri": "/marathi/india-23126133",
                "curieCpsUrn": "urn:bbc:cps:curie:asset:efaa8e89-8bb8-b945-aa6e-63b62ed2edd1",
                "assetId": "23126133",
                "cpsUrn": "urn:bbc:content:assetUri:marathi/india-23126133",
                "curie": "http://www.bbc.co.uk/asset/efaa8e89-8bb8-b945-aa6e-63b62ed2edd1"
              },
              "summary": "मेळावर आली कारवी 3",
              "timestamp": 1495022107000,
              "language": "en-gb",
              "passport": {
                "home": "http://www.bbc.co.uk/ontologies/passport/home/Marathi",
                "taggings": []
              },
              "indexImage": {
                "id": "63537097",
                "subType": "index",
                "href": "http://b.files.bbci.co.uk/134E1/test/_63537097__96071455_vespa976.jpg",
                "path": "/cpsdevpb/134E1/test/_63537097__96071455_vespa976.jpg",
                "height": 371,
                "width": 660,
                "altText": "मध्यम",
                "caption": "मध्यम",
                "copyrightHolder": "BBC",
                "originCode": "cpsdevpb",
                "type": "image"
              },
              "id": "urn:bbc:ares::asset:marathi/india-23126133",
              "type": "cps"
            }
          },
          {
            "id": "3c33bc22-3a38-d844-98ab-0ba3cf315d36",
            "rank": 18,
            "count": 6818,
            "urn": "urn:bbc:curie:asset:3c33bc22-3a38-d844-98ab-0ba3cf315d36",
            "promo": {
              "headlines": {
                "shortHeadline": "हवामान ढगाळ आहे",
                "headline": "हवामान ढगाळ आहे"
              },
              "locators": {
                "assetUri": "/marathi/india-23146584",
                "cpsUrn": "urn:bbc:content:assetUri:marathi/india-23146584",
                "curie": "http://www.bbc.co.uk/asset/3c33bc22-3a38-d844-98ab-0ba3cf315d36",
                "assetId": "23146584"
              },
              "summary": "हवामान ढगाळ आहे",
              "timestamp": 1502197905000,
              "language": "mr",
              "passport": {
                "category": {
                  "categoryId": "http://www.bbc.co.uk/ontologies/applicationlogic-news/News",
                  "categoryName": "News"
                },
                "taggings": []
              },
              "indexImage": {
                "id": "63585765",
                "subType": "index",
                "href": "http://b.files.bbci.co.uk/DDB6/test/_63585765_160412090949_ft1_640x360_zecaribeirocamaradosdeputados_nocredit.jpg",
                "path": "/cpsdevpb/DDB6/test/_63585765_160412090949_ft1_640x360_zecaribeirocamaradosdeputados_nocredit.jpg",
                "height": 371,
                "width": 660,
                "altText": "बीबीसी",
                "caption": "बीबीसी",
                "copyrightHolder": "बीबीसी",
                "originCode": "cpsdevpb",
                "type": "image"
              },
              "id": "urn:bbc:ares::asset:marathi/india-23146584",
              "type": "cps"
            }
          },
          {
            "id": "b493459d-a719-ed4a-8cee-0561c3717d29",
            "rank": 19,
            "count": 6775,
            "urn": "urn:bbc:curie:asset:b493459d-a719-ed4a-8cee-0561c3717d29",
            "promo": {
              "headlines": {
                "shortHeadline": "युद्धभूमीवर महिला सैनिक पाठविणारे देश 9",
                "headline": "युद्धभूमीवर महिला सैनिक पाठविणारे देश 9"
              },
              "locators": {
                "assetUri": "/marathi/international-23129750",
                "curieCpsUrn": "urn:bbc:cps:curie:asset:b493459d-a719-ed4a-8cee-0561c3717d29",
                "assetId": "23129750",
                "cpsUrn": "urn:bbc:content:assetUri:marathi/international-23129750",
                "curie": "http://www.bbc.co.uk/asset/b493459d-a719-ed4a-8cee-0561c3717d29"
              },
              "summary": "जर्मनी, ऑस्ट्रेलिया, कॅनडा, अमेरिका, ब्रिटन, डेन्मार्क, फिनलंड, फ्रान्स, नॉर्वे, स्वीडन, इस्रायल",
              "timestamp": 1496630483000,
              "language": "mr",
              "passport": {
                "home": "http://www.bbc.co.uk/ontologies/passport/home/Marathi",
                "taggings": []
              },
              "indexImage": {
                "id": "63539164",
                "subType": "index",
                "href": "http://b.files.bbci.co.uk/B471/test/_63539164_976.jpg",
                "path": "/cpsdevpb/B471/test/_63539164_976.jpg",
                "height": 549,
                "width": 976,
                "altText": "सध्या लष्कराच्या वैद्यकीय",
                "copyrightHolder": "Wolfgang Ecklebeng",
                "originCode": "cpsdevpb",
                "type": "image"
              },
              "id": "urn:bbc:ares::asset:marathi/international-23129750",
              "type": "cps"
            }
          },
          {
            "id": "e230fc7a-ceb4-7d48-8120-885fd01e6c1a",
            "rank": 20,
            "count": 6517,
            "urn": "urn:bbc:curie:asset:e230fc7a-ceb4-7d48-8120-885fd01e6c1a",
            "promo": {
              "headlines": {
                "shortHeadline": "मेळावर आली कारवी 14",
                "headline": "मेळावर आली कारवी 14"
              },
              "locators": {
                "assetUri": "/marathi/india-23126107",
                "curieCpsUrn": "urn:bbc:cps:curie:asset:e230fc7a-ceb4-7d48-8120-885fd01e6c1a",
                "assetId": "23126107",
                "cpsUrn": "urn:bbc:content:assetUri:marathi/india-23126107",
                "curie": "http://www.bbc.co.uk/asset/e230fc7a-ceb4-7d48-8120-885fd01e6c1a"
              },
              "summary": "मेळावर आली कारवी 3",
              "timestamp": 1495020558000,
              "language": "en-gb",
              "passport": {
                "home": "http://www.bbc.co.uk/ontologies/passport/home/Marathi",
                "taggings": []
              },
              "indexImage": {
                "id": "63537097",
                "subType": "index",
                "href": "http://b.files.bbci.co.uk/134E1/test/_63537097__96071455_vespa976.jpg",
                "path": "/cpsdevpb/134E1/test/_63537097__96071455_vespa976.jpg",
                "height": 371,
                "width": 660,
                "altText": "मध्यम",
                "caption": "मध्यम",
                "copyrightHolder": "BBC",
                "originCode": "cpsdevpb",
                "type": "image"
              },
              "id": "urn:bbc:ares::asset:marathi/india-23126107",
              "type": "cps"
            }
          }
        ]
      }
    }
  },
  "contentType": "application/json; charset=utf-8"
}