{
  "data": {
    "article": {
      "content": {
        "model": {
          "blocks": [
            {
              "id": "fe2815ba",
              "type": "headline",
              "model": {
                "blocks": [
                  {
                    "id": "ddd698d6",
                    "type": "text",
                    "model": {
                      "blocks": [
                        {
                          "id": "6fd97202",
                          "type": "paragraph",
                          "model": {
                            "text": "이것이이 테스트 기사의 헤드 라인입니다.",
                            "blocks": [
                              {
                                "id": "c4863318",
                                "type": "fragment",
                                "model": {
                                  "text": "이것이이 테스트 기사의 헤드 라인입니다.",
                                  "attributes": []
                                },
                                "position": [
                                  1,
                                  1,
                                  1,
                                  1
                                ]
                              }
                            ]
                          },
                          "position": [
                            1,
                            1,
                            1
                          ]
                        }
                      ]
                    },
                    "position": [
                      1,
                      1
                    ]
                  }
                ]
              },
              "position": [
                1
              ]
            },
            {
              "id": "7f65ed56",
              "type": "image",
              "model": {
                "blocks": [
                  {
                    "id": "5fc800dc",
                    "type": "caption",
                    "model": {
                      "blocks": [
                        {
                          "id": "cdaf1b50",
                          "type": "text",
                          "model": {
                            "blocks": [
                              {
                                "id": "140b4529",
                                "type": "paragraph",
                                "model": {
                                  "text": "이 테스트 이미지 인 저작권 는 프랑스지도를 보여줍니다. 이미지는 처음 세 블록에 있으며이 캡션이 있습니다.",
                                  "blocks": [
                                    {
                                      "id": "6c232a98",
                                      "type": "fragment",
                                      "model": {
                                        "text": "이 테스트 이미지 인 저작권 는 프랑스지도를 보여줍니다. 이미지는 처음 세 블록에 있으며이 캡션이 있습니다.",
                                        "attributes": []
                                      },
                                      "position": [
                                        2,
                                        1,
                                        1,
                                        1,
                                        1
                                      ]
                                    }
                                  ]
                                },
                                "position": [
                                  2,
                                  1,
                                  1,
                                  1
                                ]
                              }
                            ]
                          },
                          "position": [
                            2,
                            1,
                            1
                          ]
                        }
                      ]
                    },
                    "position": [
                      2,
                      1
                    ]
                  },
                  {
                    "id": "803f88ea",
                    "type": "altText",
                    "model": {
                      "blocks": [
                        {
                          "id": "4e26a544",
                          "type": "text",
                          "model": {
                            "blocks": [
                              {
                                "id": "fa4753b1",
                                "type": "paragraph",
                                "model": {
                                  "text": "이 테스트 이미지 인 저작권 BBC는 프랑스지도를 보여줍니다. 이미지는 처음 세 블록에 있으며이 캡션이 있습니다.",
                                  "blocks": [
                                    {
                                      "id": "06172f7a",
                                      "type": "fragment",
                                      "model": {
                                        "text": "이 테스트 이미지 인 저작권 BBC는 프랑스지도를 보여줍니다. 이미지는 처음 세 블록에 있으며이 캡션이 있습니다.",
                                        "attributes": []
                                      },
                                      "position": [
                                        2,
                                        2,
                                        1,
                                        1,
                                        1
                                      ]
                                    }
                                  ]
                                },
                                "position": [
                                  2,
                                  2,
                                  1,
                                  1
                                ]
                              }
                            ]
                          },
                          "position": [
                            2,
                            2,
                            1
                          ]
                        }
                      ]
                    },
                    "position": [
                      2,
                      2
                    ]
                  },
                  {
                    "id": "cc514a3f",
                    "type": "rawImage",
                    "model": {
                      "width": 624,
                      "height": 351,
                      "locator": "4017/test/ba378f90-110a-11ea-acaa-cd607a38aea4.jpg",
                      "originCode": "cpsdevpb",
                      "copyrightHolder": "BBC"
                    },
                    "position": [
                      2,
                      3
                    ]
                  }
                ]
              },
              "position": [
                2
              ]
            },
            {
              "id": "925cdea1",
              "type": "timestamp",
              "model": {
                "firstPublished": 1574855147209,
                "lastPublished": 1574855147209
              },
              "position": [
                3
              ]
            },
            {
              "id": "bce51b2c",
              "type": "text",
              "model": {
                "blocks": [
                  {
                    "id": "25705e20",
                    "type": "paragraph",
                    "model": {
                      "text": "이것은 홈페이지에 대한 링크를 포함하는 텍스트 블록입니다.",
                      "blocks": [
                        {
                          "id": "f34b7fd2",
                          "type": "fragment",
                          "model": {
                            "text": "이것은 ",
                            "attributes": []
                          },
                          "position": [
                            4,
                            1,
                            1
                          ]
                        },
                        {
                          "id": "a7a74e1f",
                          "type": "urlLink",
                          "model": {
                            "text": "홈페이지에 대한",
                            "blocks": [
                              {
                                "id": "e30f0e40",
                                "type": "fragment",
                                "model": {
                                  "text": "홈페이지에 대한",
                                  "attributes": []
                                },
                                "position": [
                                  4,
                                  1,
                                  2,
                                  1
                                ]
                              }
                            ],
                            "locator": "https://www.bbc.co.uk/weather",
                            "isExternal": false
                          },
                          "position": [
                            4,
                            1,
                            2
                          ]
                        },
                        {
                          "id": "5ffadbb2",
                          "type": "fragment",
                          "model": {
                            "text": " 링크를 포함하는 텍스트 블록입니다.",
                            "attributes": []
                          },
                          "position": [
                            4,
                            1,
                            3
                          ]
                        }
                      ]
                    },
                    "position": [
                      4,
                      1
                    ]
                  }
                ]
              },
              "position": [
                4
              ]
            },
            {
              "id": "a935bed2",
              "type": "video",
              "model": {
                "locator": "urn:bbc:pips:pid:p01k6msm",
                "blocks": [
                  {
                    "id": "916f4188",
                    "type": "caption",
                    "model": {
                      "blocks": [
                        {
                          "id": "bc8d0bd8",
                          "type": "text",
                          "model": {
                            "blocks": [
                              {
                                "id": "462fae3d",
                                "type": "paragraph",
                                "model": {
                                  "text": "이것은 크를 포함하는 텍스트 블록입니다.",
                                  "blocks": [
                                    {
                                      "id": "ac1c5b34",
                                      "type": "fragment",
                                      "model": {
                                        "text": "이것은 크를 포함하는 텍스트 블록입니다.",
                                        "attributes": []
                                      },
                                      "position": [
                                        5,
                                        1,
                                        1,
                                        1,
                                        1
                                      ]
                                    }
                                  ]
                                },
                                "position": [
                                  5,
                                  1,
                                  1,
                                  1
                                ]
                              }
                            ]
                          },
                          "position": [
                            5,
                            1,
                            1
                          ]
                        }
                      ]
                    },
                    "position": [
                      5,
                      1
                    ]
                  },
                  {
                    "id": "0cb1e3f1",
                    "type": "aresMedia",
                    "model": {
                      "blocks": [
                        {
                          "id": "517519f9",
                          "blockId": "urn:bbc:ares::clip:p01k6msm",
                          "type": "aresMediaMetadata",
                          "model": {
                            "id": "p01k6msm",
                            "subType": "clip",
                            "format": "audio_video",
                            "title": "Five things ants can teach us about management",
                            "synopses": {
                              "short": "They may be tiny, but us humans could learn a thing or two from ants."
                            },
                            "imageUrl": "ichef.test.bbci.co.uk/images/ic/$recipe/p01k6mtv.jpg",
                            "imageCopyright": "BBC",
                            "embedding": true,
                            "advertising": true,
                            "versions": [
                              {
                                "versionId": "p01k6msp",
                                "types": [
                                  "Original"
                                ],
                                "duration": 191,
                                "durationISO8601": "PT3M11S",
                                "warnings": {
                                  "short": "Contains strong language and adult humour.",
                                  "long": "Contains strong language and adult humour."
                                },
                                "availableTerritories": {
                                  "uk": true,
                                  "nonUk": true
                                },
                                "availableFrom": 1540218932000
                              }
                            ],
                            "syndication": {
                              "destinations": []
                            },
                            "smpKind": "programme"
                          },
                          "position": [
                            5,
                            2,
                            1
                          ]
                        },
                        {
                          "id": "56c69df3",
                          "type": "image",
                          "model": {
                            "blocks": [
                              {
                                "id": "7308c918",
                                "type": "rawImage",
                                "model": {
                                  "width": 1920,
                                  "height": 1080,
                                  "locator": "ichef.test.bbci.co.uk/images/ic/$widthxn/p01k6mtv.jpg",
                                  "originCode": "mpv",
                                  "copyrightHolder": "BBC"
                                },
                                "position": [
                                  5,
                                  2,
                                  2,
                                  1
                                ]
                              },
                              {
                                "id": "ba175a04",
                                "type": "altText",
                                "model": {
                                  "blocks": [
                                    {
                                      "id": "9295d271",
                                      "type": "text",
                                      "model": {
                                        "blocks": [
                                          {
                                            "id": "fc4498ba",
                                            "type": "paragraph",
                                            "model": {
                                              "text": "Ants",
                                              "blocks": [
                                                {
                                                  "id": "4c9b3467",
                                                  "type": "fragment",
                                                  "model": {
                                                    "text": "Ants",
                                                    "attributes": []
                                                  },
                                                  "position": [
                                                    5,
                                                    2,
                                                    2,
                                                    2,
                                                    1,
                                                    1,
                                                    1
                                                  ]
                                                }
                                              ]
                                            },
                                            "position": [
                                              5,
                                              2,
                                              2,
                                              2,
                                              1,
                                              1
                                            ]
                                          }
                                        ]
                                      },
                                      "position": [
                                        5,
                                        2,
                                        2,
                                        2,
                                        1
                                      ]
                                    }
                                  ]
                                },
                                "position": [
                                  5,
                                  2,
                                  2,
                                  2
                                ]
                              }
                            ]
                          },
                          "position": [
                            5,
                            2,
                            2
                          ]
                        }
                      ]
                    },
                    "position": [
                      5,
                      2
                    ]
                  }
                ]
              },
              "position": [
                5
              ]
            },
            {
              "id": "fb68f69d",
              "type": "subheadline",
              "model": {
                "blocks": [
                  {
                    "id": "45f800c4",
                    "type": "text",
                    "model": {
                      "blocks": [
                        {
                          "id": "99200130",
                          "type": "paragraph",
                          "model": {
                            "text": "이것은 소제목입니다",
                            "blocks": [
                              {
                                "id": "5cd63407",
                                "type": "fragment",
                                "model": {
                                  "text": "이것은 소제목입니다",
                                  "attributes": []
                                },
                                "position": [
                                  6,
                                  1,
                                  1,
                                  1
                                ]
                              }
                            ]
                          },
                          "position": [
                            6,
                            1,
                            1
                          ]
                        }
                      ]
                    },
                    "position": [
                      6,
                      1
                    ]
                  }
                ]
              },
              "position": [
                6
              ]
            },
            {
              "id": "47a5fbdb",
              "type": "image",
              "model": {
                "blocks": [
                  {
                    "id": "2ed3a6cd",
                    "type": "altText",
                    "model": {
                      "blocks": [
                        {
                          "id": "e94db00b",
                          "type": "text",
                          "model": {
                            "blocks": [
                              {
                                "id": "6da9cbe1",
                                "type": "paragraph",
                                "model": {
                                  "text": "이것은 소제목입니다",
                                  "blocks": [
                                    {
                                      "id": "73a81904",
                                      "type": "fragment",
                                      "model": {
                                        "text": "이것은 소제목입니다",
                                        "attributes": []
                                      },
                                      "position": [
                                        7,
                                        1,
                                        1,
                                        1,
                                        1
                                      ]
                                    }
                                  ]
                                },
                                "position": [
                                  7,
                                  1,
                                  1,
                                  1
                                ]
                              }
                            ]
                          },
                          "position": [
                            7,
                            1,
                            1
                          ]
                        }
                      ]
                    },
                    "position": [
                      7,
                      1
                    ]
                  },
                  {
                    "id": "71807372",
                    "type": "rawImage",
                    "model": {
                      "width": 800,
                      "height": 450,
                      "locator": "32d6/test/2e77d860-110b-11ea-acaa-cd607a38aea4.jpg",
                      "originCode": "cpsdevpb",
                      "copyrightHolder": "Getty Images"
                    },
                    "position": [
                      7,
                      2
                    ]
                  }
                ]
              },
              "position": [
                7
              ]
            },
            {
              "id": "fe001e80",
              "type": "text",
              "model": {
                "blocks": [
                  {
                    "id": "4ee70e54",
                    "type": "paragraph",
                    "model": {
                      "text": "이 테스트 기사는 웹 사이트에서 자동화 된 엔드 투 엔드 테스트를 실행할 수 있도록 작성되었습니다.",
                      "blocks": [
                        {
                          "id": "efa14baf",
                          "type": "fragment",
                          "model": {
                            "text": "이 테스트 기사는 웹 사이트에서 자동화 된 엔드 투 엔드 테스트를 실행할 수 있도록 작성되었습니다.",
                            "attributes": []
                          },
                          "position": [
                            8,
                            1,
                            1
                          ]
                        }
                      ]
                    },
                    "position": [
                      8,
                      1
                    ]
                  }
                ]
              },
              "position": [
                8
              ]
            },
            {
              "id": "90766087",
              "type": "mpu",
              "model": {},
              "position": [
                9
              ]
            },
            {
              "id": "5b35a0ba",
              "type": "wsoj",
              "model": {
                "type": "recommendations"
              },
              "position": [
                10
              ]
            }
          ]
        }
      },
      "metadata": {
        "id": "urn:bbc:ares::article:c3mn1lvz65xo",
        "locators": {
          "optimoUrn": "urn:bbc:optimo:asset:c3mn1lvz65xo",
          "canonicalUrl": "https://www.bbc.com/korean/articles/c3mn1lvz65xo"
        },
        "type": "article",
        "createdBy": "Korean",
        "language": "ko",
        "firstPublished": 1574855147209,
        "lastPublished": 1574855147209,
        "analyticsLabels": {
          "producer": "Korean",
          "page": "korean.articles.c3mn1lvz65xo.page"
        },
        "passport": {
          "language": "ko",
          "home": "http://www.bbc.co.uk/ontologies/passport/home/Korean",
          "taggings": []
        },
        "blockTypes": [
          "headline",
          "text",
          "paragraph",
          "fragment",
          "image",
          "caption",
          "altText",
          "rawImage",
          "urlLink",
          "video",
          "subheadline",
          "aresMedia"
        ],
        "allowAdvertising": true
      },
      "promo": {
        "headlines": {
          "seoHeadline": "이것이이 테스트 기사의 헤드 라인입니다."
        }
      }
    },
    "secondaryData": {
      "topStories": [
        {
          "headlines": {
            "headline": "Capturing East Harlem in the 80s"
          },
          "locators": {
            "assetUri": "/korean/23228543",
            "cpsUrn": "urn:bbc:content:assetUri:korean/23228543",
            "assetId": "23228543"
          },
          "summary": "The New York neighbourhood of East Harlem, or El Barrio, has long been the home of many of the city's Latino population.",
          "timestamp": 1548686658000,
          "language": "ko",
          "passport": {
            "category": {
              "categoryId": "http://www.bbc.co.uk/ontologies/applicationlogic-news/Feature",
              "categoryName": "Feature"
            },
            "campaigns": [
              {
                "campaignId": "5ad8625ac93a9f000eecb253",
                "campaignName": "Inspire me"
              }
            ],
            "taggings": []
          },
          "cpsType": "STY",
          "indexImage": {
            "id": "63698616",
            "subType": "index",
            "href": "http://b.files.bbci.co.uk/F0F9/test/_63698616__99079851_27_jr.sh.06.88.kindergardengraduate.corrected-1.jpg",
            "path": "/cpsdevpb/F0F9/test/_63698616__99079851_27_jr.sh.06.88.kindergardengraduate.corrected-1.jpg",
            "height": 549,
            "width": 976,
            "altText": "Pitcure of a girl",
            "caption": "A girl from East Harlem",
            "copyrightHolder": "Joseph Rodriguez",
            "originCode": "cpsdevpb",
            "type": "image"
          },
          "options": {
            "isBreakingNews": false,
            "isFactCheck": false
          },
          "section": {
            "subType": "IDX",
            "name": "홈페이지",
            "uri": "/korean/front_page",
            "type": "simple"
          },
          "id": "urn:bbc:ares::asset:korean/23228543",
          "type": "cps"
        },
        {
          "headlines": {
            "headline": "hjdgjlsddfb"
          },
          "locators": {
            "assetUri": "/gahuza/amakuru-23193186",
            "cpsUrn": "urn:bbc:content:assetUri:gahuza/amakuru-23193186",
            "assetId": "23193186"
          },
          "summary": "kageninnasfggeera dfgwgwg ggjkl;;iwe",
          "timestamp": 1521815245000,
          "language": "rw",
          "passport": {
            "category": {
              "categoryId": "http://www.bbc.co.uk/ontologies/applicationlogic-news/Opinion",
              "categoryName": "Opinion"
            },
            "taggings": []
          },
          "cpsType": "STY",
          "indexImage": {
            "id": "63661788",
            "subType": "index",
            "href": "http://b.files.bbci.co.uk/15A8C/test/_63661788_mediaitem63661787.jpg",
            "path": "/cpsdevpb/15A8C/test/_63661788_mediaitem63661787.jpg",
            "height": 1152,
            "width": 2048,
            "altText": "Trump congratulating Alicia",
            "copyrightHolder": "Getty Images",
            "originCode": "cpsdevpb",
            "type": "image"
          },
          "options": {
            "isBreakingNews": false,
            "isFactCheck": false
          },
          "site": {
            "subType": "site",
            "name": "BBC Gahuza",
            "uri": "/gahuza",
            "type": "simple"
          },
          "id": "urn:bbc:ares::asset:gahuza/amakuru-23193186",
          "type": "cps"
        },
        {
          "headlines": {
            "headline": "one"
          },
          "locators": {
            "assetUri": "/news/uk-23228568",
            "cpsUrn": "urn:bbc:content:assetUri:news/uk-23228568",
            "assetId": "23228568"
          },
          "summary": "two",
          "timestamp": 1548678258000,
          "language": "en-gb",
          "passport": {
            "category": {
              "categoryId": "http://www.bbc.co.uk/ontologies/applicationlogic-news/News",
              "categoryName": "News"
            },
            "campaigns": [
              {
                "campaignId": "5ad86270c93a9f000eecb255",
                "campaignName": "Amuse me"
              }
            ],
            "taggings": []
          },
          "cpsType": "STY",
          "options": {
            "isBreakingNews": false,
            "isFactCheck": false
          },
          "section": {
            "subType": "IDX",
            "name": "UK",
            "uri": "/news/uk",
            "type": "simple"
          },
          "site": {
            "subType": "site",
            "name": "BBC News",
            "uri": "/news",
            "type": "simple"
          },
          "id": "urn:bbc:ares::asset:news/uk-23228568",
          "type": "cps"
        }
      ],
      "features": [
        {
          "headlines": {
            "headline": "트럼프 \"선택지 없다\"…'트럼프케어' 통과 의지"
          },
          "locators": {
            "assetUri": "/korean/23136166",
            "cpsUrn": "urn:bbc:content:assetUri:korean/23136166",
            "assetId": "23136166"
          },
          "summary": "트럼프 대통령은 이날 폭스뉴스와 인터뷰에서 법안 처리에 대한 강력한 의지를 드러내며 이같이 밝혔다. 트럼프 대통령은 법안 통과 전망에 대해서는 낙관론을 폈다.",
          "timestamp": 1498578971000,
          "language": "ko",
          "byline": {
            "name": "한혜연이 갸",
            "title": "BBC 우리말",
            "persons": [
              {
                "name": "한혜연이 갸",
                "function": "BBC 우리말",
                "thumbnail": "http://b.files.bbci.co.uk/BC77/test/_63574284_160928204129_theo_walcott__640x360_pa_nocredit.jpg",
                "twitterName": "hanhyaneon"
              }
            ]
          },
          "passport": {
            "category": {
              "categoryId": "http://www.bbc.co.uk/ontologies/applicationlogic-news/News",
              "categoryName": "News"
            },
            "taggings": []
          },
          "cpsType": "STY",
          "indexImage": {
            "id": "63574134",
            "subType": "index",
            "href": "http://b.files.bbci.co.uk/A88B/test/_63574134_160507010017_japonesas_kuriles_624x351_getty_nocredit.jpg",
            "path": "/cpsdevpb/A88B/test/_63574134_160507010017_japonesas_kuriles_624x351_getty_nocredit.jpg",
            "height": 351,
            "width": 624,
            "altText": "또 \"(법안과 관련한) 협상이 진행 중\"이라며 \"이것이 입법 절차이고, 이것은 가는 바늘에 실을 꿰는 것\"이라고 덧붙였다.",
            "caption": "또 \"(법안과 관련한) 협상이 진행 중\"이라며 \"이것이 입법 절차이고, 이것은 가는 바늘에 실을 꿰는 것\"이라고 덧붙였다.",
            "copyrightHolder": "Getty Images",
            "originCode": "cpsdevpb",
            "type": "image"
          },
          "imageThumbnail": {
            "id": "63574136",
            "subType": "index-thumbnail",
            "href": "http://b.files.bbci.co.uk/F6AB/test/_63574136_160507010017_japonesas_kuriles_624x351_getty_nocredit.jpg",
            "path": "/cpsdevpb/F6AB/test/_63574136_160507010017_japonesas_kuriles_624x351_getty_nocredit.jpg",
            "height": 180,
            "width": 320,
            "altText": "또 \"(법안과 관련한) 협상이 진행 중\"이라며 \"이것이 입법 절차이고, 이것은 가는 바늘에 실을 꿰는 것\"이라고 덧붙였다.",
            "caption": "또 \"(법안과 관련한) 협상이 진행 중\"이라며 \"이것이 입법 절차이고, 이것은 가는 바늘에 실을 꿰는 것\"이라고 덧붙였다.",
            "copyrightHolder": "Getty Images",
            "type": "image"
          },
          "options": {
            "isBreakingNews": false,
            "isFactCheck": false
          },
          "section": {
            "subType": "IDX",
            "name": "홈페이지",
            "uri": "/korean/front_page",
            "type": "simple"
          },
          "id": "urn:bbc:ares::asset:korean/23136166",
          "type": "cps"
        },
        {
          "headlines": {
            "headline": "기아자동차 한국차 최초 2년 연속 최고 품질 1위 영광 2",
            "overtyped": "기아자동차 한국차 최초 2년 연속 최고 품질 1위 영광 2 overtype"
          },
          "locators": {
            "assetUri": "/korean/features-23136354",
            "cpsUrn": "urn:bbc:content:assetUri:korean/features-23136354",
            "assetId": "23136354"
          },
          "summary": "기아자동차가 2년 연속 미국의 최고 권위 시장조사 업체 제이디 파워 (J.D. Power)가 선정한 2017 최고 품질 상인 ‘Initial Quality Study (IQS)’를 수상했다 2.",
          "timestamp": 1498575673000,
          "language": "ko",
          "passport": {
            "category": {
              "categoryId": "http://www.bbc.co.uk/ontologies/applicationlogic-news/News",
              "categoryName": "News"
            },
            "taggings": []
          },
          "cpsType": "PGL",
          "indexImage": {
            "id": "63574187",
            "subType": "index",
            "href": "http://b.files.bbci.co.uk/13143/test/_63574187_160229092514_oscars--1.jpg",
            "path": "/cpsdevpb/13143/test/_63574187_160229092514_oscars--1.jpg",
            "height": 360,
            "width": 640,
            "altText": "2017 소형 SUV 하이브리드 기아 니로가 JD 파워 선정 최고 품질 컴팩사이즈로 선정됐다",
            "caption": "2017 소형 SUV 하이브리드 기아 니로가 JD 파워 선정 최고 품질 컴팩사이즈로 선정됐다",
            "copyrightHolder": "Getty Images",
            "originCode": "cpsdevpb",
            "type": "image"
          },
          "imageThumbnail": {
            "id": "63574189",
            "subType": "index-thumbnail",
            "href": "http://b.files.bbci.co.uk/17F63/test/_63574189_160229092514_oscars--1.jpg",
            "path": "/cpsdevpb/17F63/test/_63574189_160229092514_oscars--1.jpg",
            "height": 180,
            "width": 320,
            "altText": "2017 소형 SUV 하이브리드 기아 니로가 JD 파워 선정 최고 품질 컴팩사이즈로 선정됐다",
            "caption": "2017 소형 SUV 하이브리드 기아 니로가 JD 파워 선정 최고 품질 컴팩사이즈로 선정됐다",
            "copyrightHolder": "Getty Images",
            "type": "image"
          },
          "options": {
            "isBreakingNews": false,
            "isFactCheck": false
          },
          "overtypedSummary": "기아자동차가 2년 연속 미국의 최고 권위 시장조사 업체 제이디 파워 (J.D. Power)가 선정한 2017 최고 품질 상인 ‘Initial Quality Study (IQS)’를 수상했다 2 overtype.",
          "id": "urn:bbc:ares::asset:korean/features-23136354",
          "type": "cps"
        },
        {
          "headlines": {
            "headline": "진행자) '앙마르슈'의 대승은 프랑스 현대 일찍이 없었던 일이라고요? 6"
          },
          "locators": {
            "assetUri": "/korean/features-23132180",
            "cpsUrn": "urn:bbc:content:assetUri:korean/features-23132180",
            "assetId": "23132180"
          },
          "summary": "진행자) 지난달 초 대선 결선투표에서, 마크롱 당시 후보와 극우 정치인 마린 르펜이 맞붙어서 관심을 끌었는데, 극우정당은 의석을 얼마나 얻게 되나요?",
          "timestamp": 1497348429000,
          "language": "ko",
          "cpsType": "STY",
          "indexImage": {
            "id": "63539209",
            "subType": "index",
            "href": "http://b.files.bbci.co.uk/160B5/test/_63539209_mediaitem63539207.jpg",
            "path": "/cpsdevpb/160B5/test/_63539209_mediaitem63539207.jpg",
            "height": 549,
            "width": 976,
            "altText": "극우정당은",
            "copyrightHolder": "iStock",
            "originCode": "cpsdevpb",
            "type": "image"
          },
          "options": {
            "isBreakingNews": false,
            "isFactCheck": false
          },
          "id": "urn:bbc:ares::asset:korean/features-23132180",
          "type": "cps"
        },
        {
          "headlines": {
            "headline": "진행자) '앙마르슈'의 대승은 프랑스 현대 일찍이 없었던 일이라고요? 5"
          },
          "locators": {
            "assetUri": "/korean/news-23132179",
            "cpsUrn": "urn:bbc:content:assetUri:korean/news-23132179",
            "assetId": "23132179"
          },
          "summary": "진행자) 지난달 초 대선 결선투표에서, 마크롱 당시 후보와 극우 정치인 마린 르펜이 맞붙어서 관심을 끌었는데, 극우정당은 의석을 얼마나 얻게 되나요?",
          "timestamp": 1497348316000,
          "language": "ko",
          "cpsType": "STY",
          "indexImage": {
            "id": "63539209",
            "subType": "index",
            "href": "http://b.files.bbci.co.uk/160B5/test/_63539209_mediaitem63539207.jpg",
            "path": "/cpsdevpb/160B5/test/_63539209_mediaitem63539207.jpg",
            "height": 549,
            "width": 976,
            "altText": "극우정당은",
            "copyrightHolder": "iStock",
            "originCode": "cpsdevpb",
            "type": "image"
          },
          "options": {
            "isBreakingNews": false,
            "isFactCheck": false
          },
          "id": "urn:bbc:ares::asset:korean/news-23132179",
          "type": "cps"
        },
        {
          "headlines": {
            "headline": "진행자) '앙마르슈'의 대승은 프랑스 현대 일찍이 없었던 일이라고요? 2"
          },
          "locators": {
            "assetUri": "/korean/news-23132176",
            "cpsUrn": "urn:bbc:content:assetUri:korean/news-23132176",
            "assetId": "23132176"
          },
          "summary": "진행자) 지난달 초 대선 결선투표에서, 마크롱 당시 후보와 극우 정치인 마린 르펜이 맞붙어서 관심을 끌었는데, 극우정당은 의석을 얼마나 얻게 되나요?",
          "timestamp": 1497348123000,
          "language": "ko",
          "cpsType": "STY",
          "indexImage": {
            "id": "63539209",
            "subType": "index",
            "href": "http://b.files.bbci.co.uk/160B5/test/_63539209_mediaitem63539207.jpg",
            "path": "/cpsdevpb/160B5/test/_63539209_mediaitem63539207.jpg",
            "height": 549,
            "width": 976,
            "altText": "극우정당은",
            "copyrightHolder": "iStock",
            "originCode": "cpsdevpb",
            "type": "image"
          },
          "options": {
            "isBreakingNews": false,
            "isFactCheck": false
          },
          "id": "urn:bbc:ares::asset:korean/news-23132176",
          "type": "cps"
        },
        {
          "headlines": {
            "headline": "test in progress 진행자) '앙마르슈'의 대승은 프랑스 현대 일찍이 없었던 일이라고요? 11"
          },
          "locators": {
            "assetUri": "/korean/media-23132235",
            "cpsUrn": "urn:bbc:content:assetUri:korean/media-23132235",
            "assetId": "23132235"
          },
          "summary": "test in progress 진행자) 지난달 초 대선 결선투표에서, 마크롱 당시 후보와 극우 정치인 마린 르펜이 맞붙어서 관심을 끌었는데, 극우정당은 의석을 얼마나 얻게 되나요?",
          "timestamp": 1520333444000,
          "language": "ko",
          "passport": {
            "category": {
              "categoryId": "http://www.bbc.co.uk/ontologies/applicationlogic-news/News",
              "categoryName": "News"
            },
            "taggings": []
          },
          "cpsType": "STY",
          "indexImage": {
            "id": "63539209",
            "subType": "index",
            "href": "http://b.files.bbci.co.uk/160B5/test/_63539209_mediaitem63539207.jpg",
            "path": "/cpsdevpb/160B5/test/_63539209_mediaitem63539207.jpg",
            "height": 549,
            "width": 976,
            "altText": "극우정당은",
            "copyrightHolder": "iStock",
            "originCode": "cpsdevpb",
            "type": "image"
          },
          "options": {
            "isBreakingNews": false,
            "isFactCheck": false
          },
          "id": "urn:bbc:ares::asset:korean/media-23132235",
          "type": "cps"
        },
        {
          "headlines": {
            "headline": "진행자) '앙마르슈'의 대승은 프랑스 현대 일찍이 없었던 일이라고요? 10"
          },
          "locators": {
            "assetUri": "/korean/features-23132184",
            "cpsUrn": "urn:bbc:content:assetUri:korean/features-23132184",
            "assetId": "23132184"
          },
          "summary": "진행자) 지난달 초 대선 결선투표에서, 마크롱 당시 후보와 극우 정치인 마린 르펜이 맞붙어서 관심을 끌었는데, 극우정당은 의석을 얼마나 얻게 되나요?",
          "timestamp": 1497348785000,
          "language": "ko",
          "cpsType": "STY",
          "indexImage": {
            "id": "63539209",
            "subType": "index",
            "href": "http://b.files.bbci.co.uk/160B5/test/_63539209_mediaitem63539207.jpg",
            "path": "/cpsdevpb/160B5/test/_63539209_mediaitem63539207.jpg",
            "height": 549,
            "width": 976,
            "altText": "극우정당은",
            "copyrightHolder": "iStock",
            "originCode": "cpsdevpb",
            "type": "image"
          },
          "options": {
            "isBreakingNews": false,
            "isFactCheck": false
          },
          "id": "urn:bbc:ares::asset:korean/features-23132184",
          "type": "cps"
        },
        {
          "headlines": {
            "headline": "진행자) '앙마르슈'의 대승은 프랑스 현대 일찍이 없었던 일이라고요? 26"
          },
          "locators": {
            "assetUri": "/korean/news-23132255",
            "cpsUrn": "urn:bbc:content:assetUri:korean/news-23132255",
            "assetId": "23132255"
          },
          "summary": "진행자) 지난달 초 대선 결선투표에서, 마크롱 당시 후보와 극우 정치인 마린 르펜이 맞붙어서 관심을 끌었는데, 극우정당은 의석을 얼마나 얻게 되나요?",
          "timestamp": 1497350027000,
          "language": "ko",
          "cpsType": "STY",
          "indexImage": {
            "id": "63539209",
            "subType": "index",
            "href": "http://b.files.bbci.co.uk/160B5/test/_63539209_mediaitem63539207.jpg",
            "path": "/cpsdevpb/160B5/test/_63539209_mediaitem63539207.jpg",
            "height": 549,
            "width": 976,
            "altText": "극우정당은",
            "copyrightHolder": "iStock",
            "originCode": "cpsdevpb",
            "type": "image"
          },
          "options": {
            "isBreakingNews": false,
            "isFactCheck": false
          },
          "id": "urn:bbc:ares::asset:korean/news-23132255",
          "type": "cps"
        },
        {
          "headlines": {
            "headline": "진행자) '앙마르슈'의 대승은 프랑스 현대 일찍이 없었던 일이라고요? 21"
          },
          "locators": {
            "assetUri": "/korean/news-23132245",
            "cpsUrn": "urn:bbc:content:assetUri:korean/news-23132245",
            "assetId": "23132245"
          },
          "summary": "진행자) 지난달 초 대선 결선투표에서, 마크롱 당시 후보와 극우 정치인 마린 르펜이 맞붙어서 관심을 끌었는데, 극우정당은 의석을 얼마나 얻게 되나요?",
          "timestamp": 1497349274000,
          "language": "ko",
          "cpsType": "STY",
          "indexImage": {
            "id": "63539209",
            "subType": "index",
            "href": "http://b.files.bbci.co.uk/160B5/test/_63539209_mediaitem63539207.jpg",
            "path": "/cpsdevpb/160B5/test/_63539209_mediaitem63539207.jpg",
            "height": 549,
            "width": 976,
            "altText": "극우정당은",
            "copyrightHolder": "iStock",
            "originCode": "cpsdevpb",
            "type": "image"
          },
          "options": {
            "isBreakingNews": false,
            "isFactCheck": false
          },
          "id": "urn:bbc:ares::asset:korean/news-23132245",
          "type": "cps"
        }
      ],
      "mostRead": {
        "generated": "2023-02-17T18:07:56.626Z",
        "lastRecordTimeStamp": "2021-05-04T11:53:00Z",
        "firstRecordTimeStamp": "2021-05-04T09:53:00Z",
        "totalRecords": 20,
        "records": [
          {
            "id": "ca008945-ebe7-a44e-85ad-a12f7e243758",
            "rank": 1,
            "count": 9855,
            "urn": "urn:bbc:curie:asset:ca008945-ebe7-a44e-85ad-a12f7e243758",
            "promo": {
              "headlines": {
                "shortHeadline": "진행자) '앙마르슈'의 대승은 프랑스 현대 일찍이 없었던 일이라고요? 3",
                "headline": "진행자) '앙마르슈'의 대승은 프랑스 현대 일찍이 없었던 일이라고요? 3"
              },
              "locators": {
                "assetUri": "/korean/news-23132177",
                "cpsUrn": "urn:bbc:content:assetUri:korean/news-23132177",
                "curie": "http://www.bbc.co.uk/asset/ca008945-ebe7-a44e-85ad-a12f7e243758",
                "assetId": "23132177"
              },
              "summary": "진행자) 지난달 초 대선 결선투표에서, 마크롱 당시 후보와 극우 정치인 마린 르펜이 맞붙어서 관심을 끌었는데, 극우정당은 의석을 얼마나 얻게 되나요?",
              "timestamp": 1497349406000,
              "language": "ko",
              "indexImage": {
                "id": "63539209",
                "subType": "index",
                "href": "http://b.files.bbci.co.uk/160B5/test/_63539209_mediaitem63539207.jpg",
                "path": "/cpsdevpb/160B5/test/_63539209_mediaitem63539207.jpg",
                "height": 549,
                "width": 976,
                "altText": "극우정당은",
                "copyrightHolder": "iStock",
                "originCode": "cpsdevpb",
                "type": "image"
              },
              "id": "urn:bbc:ares::asset:korean/news-23132177",
              "type": "cps"
            }
          },
          {
            "id": "2594e25d-31f0-1a48-b6ca-f050ee6c577b",
            "rank": 2,
            "count": 9655,
            "urn": "urn:bbc:curie:asset:2594e25d-31f0-1a48-b6ca-f050ee6c577b",
            "promo": {
              "headlines": {
                "shortHeadline": "진행자) '앙마르슈'의 대승은 프랑스 현대 일찍이 없었던 일이라고요? 34",
                "headline": "진행자) '앙마르슈'의 대승은 프랑스 현대 일찍이 없었던 일이라고요? 34"
              },
              "locators": {
                "assetUri": "/korean/news-23132263",
                "cpsUrn": "urn:bbc:content:assetUri:korean/news-23132263",
                "curie": "http://www.bbc.co.uk/asset/2594e25d-31f0-1a48-b6ca-f050ee6c577b",
                "assetId": "23132263"
              },
              "summary": "진행자) 지난달 초 대선 결선투표에서, 마크롱 당시 후보와 극우 정치인 마린 르펜이 맞붙어서 관심을 끌었는데, 극우정당은 의석을 얼마나 얻게 되나요?",
              "timestamp": 1497350274000,
              "language": "ko",
              "indexImage": {
                "id": "63539209",
                "subType": "index",
                "href": "http://b.files.bbci.co.uk/160B5/test/_63539209_mediaitem63539207.jpg",
                "path": "/cpsdevpb/160B5/test/_63539209_mediaitem63539207.jpg",
                "height": 549,
                "width": 976,
                "altText": "극우정당은",
                "copyrightHolder": "iStock",
                "originCode": "cpsdevpb",
                "type": "image"
              },
              "id": "urn:bbc:ares::asset:korean/news-23132263",
              "type": "cps"
            }
          },
          {
            "id": "2f1aed06-6fbf-6541-adaa-ccbded91746f",
            "rank": 3,
            "count": 9639,
            "urn": "urn:bbc:curie:asset:2f1aed06-6fbf-6541-adaa-ccbded91746f",
            "promo": {
              "headlines": {
                "shortHeadline": "진행자) '앙마르슈'의 대승은 프랑스 현대 일찍이 없었던 일이라고요? 27",
                "headline": "진행자) '앙마르슈'의 대승은 프랑스 현대 일찍이 없었던 일이라고요? 27"
              },
              "locators": {
                "assetUri": "/korean/news-23132256",
                "cpsUrn": "urn:bbc:content:assetUri:korean/news-23132256",
                "curie": "http://www.bbc.co.uk/asset/2f1aed06-6fbf-6541-adaa-ccbded91746f",
                "assetId": "23132256"
              },
              "summary": "진행자) 지난달 초 대선 결선투표에서, 마크롱 당시 후보와 극우 정치인 마린 르펜이 맞붙어서 관심을 끌었는데, 극우정당은 의석을 얼마나 얻게 되나요?",
              "timestamp": 1497350044000,
              "language": "ko",
              "indexImage": {
                "id": "63539209",
                "subType": "index",
                "href": "http://b.files.bbci.co.uk/160B5/test/_63539209_mediaitem63539207.jpg",
                "path": "/cpsdevpb/160B5/test/_63539209_mediaitem63539207.jpg",
                "height": 549,
                "width": 976,
                "altText": "극우정당은",
                "copyrightHolder": "iStock",
                "originCode": "cpsdevpb",
                "type": "image"
              },
              "id": "urn:bbc:ares::asset:korean/news-23132256",
              "type": "cps"
            }
          },
          {
            "id": "710074a0-ab04-8445-a0b2-0905fdade89e",
            "rank": 4,
            "count": 9450,
            "urn": "urn:bbc:curie:asset:710074a0-ab04-8445-a0b2-0905fdade89e",
            "promo": {
              "headlines": {
                "shortHeadline": "Handsome guys and penguins",
                "headline": "David Beckham tops handsome guy list"
              },
              "locators": {
                "assetUri": "/azeri/international-23193166",
                "cpsUrn": "urn:bbc:content:assetUri:azeri/international-23193166",
                "curie": "http://www.bbc.co.uk/asset/710074a0-ab04-8445-a0b2-0905fdade89e",
                "assetId": "23193166"
              },
              "summary": "Jamila indi trainingdədir",
              "timestamp": 1521815171000,
              "language": "az",
              "byline": {
                "name": "Jamila Ibrahimova",
                "title": "BBC Azeri",
                "persons": [
                  {
                    "name": "Jamila Ibrahimova",
                    "function": "BBC Azeri"
                  }
                ]
              },
              "indexImage": {
                "id": "63661671",
                "subType": "index",
                "href": "http://b.files.bbci.co.uk/44D0/test/_63661671_mediaitem63661670.jpg",
                "path": "/cpsdevpb/44D0/test/_63661671_mediaitem63661670.jpg",
                "height": 1041,
                "width": 1850,
                "altText": "Brad Pitt",
                "caption": "Bradd Pitt is the best",
                "copyrightHolder": "AFP",
                "originCode": "cpsdevpb",
                "type": "image"
              },
              "id": "urn:bbc:ares::asset:azeri/international-23193166",
              "type": "cps"
            }
          },
          {
            "id": "31074277-75bc-844b-a35c-b3c94ab82a7c",
            "rank": 5,
            "count": 9153,
            "urn": "urn:bbc:curie:asset:31074277-75bc-844b-a35c-b3c94ab82a7c",
            "promo": {
              "headlines": {
                "shortHeadline": "진행자) '앙마르슈'의 대승은 프랑스 현대 일찍이 없었던 일이라고요? 22",
                "headline": "진행자) '앙마르슈'의 대승은 프랑스 현대 일찍이 없었던 일이라고요? 22"
              },
              "locators": {
                "assetUri": "/korean/news-23132246",
                "cpsUrn": "urn:bbc:content:assetUri:korean/news-23132246",
                "curie": "http://www.bbc.co.uk/asset/31074277-75bc-844b-a35c-b3c94ab82a7c",
                "assetId": "23132246"
              },
              "summary": "진행자) 지난달 초 대선 결선투표에서, 마크롱 당시 후보와 극우 정치인 마린 르펜이 맞붙어서 관심을 끌었는데, 극우정당은 의석을 얼마나 얻게 되나요?",
              "timestamp": 1497349285000,
              "language": "ko",
              "indexImage": {
                "id": "63539209",
                "subType": "index",
                "href": "http://b.files.bbci.co.uk/160B5/test/_63539209_mediaitem63539207.jpg",
                "path": "/cpsdevpb/160B5/test/_63539209_mediaitem63539207.jpg",
                "height": 549,
                "width": 976,
                "altText": "극우정당은",
                "copyrightHolder": "iStock",
                "originCode": "cpsdevpb",
                "type": "image"
              },
              "id": "urn:bbc:ares::asset:korean/news-23132246",
              "type": "cps"
            }
          },
          {
            "id": "e0962240-5487-fb49-8f29-fcce61d1cee3",
            "rank": 6,
            "count": 9072,
            "urn": "urn:bbc:curie:asset:e0962240-5487-fb49-8f29-fcce61d1cee3",
            "promo": {
              "headlines": {
                "shortHeadline": "진행자) '앙마르슈'의 대승은 프랑스 현대 일찍이 없었던 일이라고요? 13",
                "headline": "진행자) '앙마르슈'의 대승은 프랑스 현대 일찍이 없었던 일이라고요? 13"
              },
              "locators": {
                "assetUri": "/korean/media-23132237",
                "cpsUrn": "urn:bbc:content:assetUri:korean/media-23132237",
                "curie": "http://www.bbc.co.uk/asset/e0962240-5487-fb49-8f29-fcce61d1cee3",
                "assetId": "23132237"
              },
              "summary": "진행자) 지난달 초 대선 결선투표에서, 마크롱 당시 후보와 극우 정치인 마린 르펜이 맞붙어서 관심을 끌었는데, 극우정당은 의석을 얼마나 얻게 되나요?",
              "timestamp": 1497348925000,
              "language": "ko",
              "indexImage": {
                "id": "63539209",
                "subType": "index",
                "href": "http://b.files.bbci.co.uk/160B5/test/_63539209_mediaitem63539207.jpg",
                "path": "/cpsdevpb/160B5/test/_63539209_mediaitem63539207.jpg",
                "height": 549,
                "width": 976,
                "altText": "극우정당은",
                "copyrightHolder": "iStock",
                "originCode": "cpsdevpb",
                "type": "image"
              },
              "id": "urn:bbc:ares::asset:korean/media-23132237",
              "type": "cps"
            }
          },
          {
            "id": "d5321c91-342f-7c4b-8a61-6db1d7de62b5",
            "rank": 7,
            "count": 9027,
            "urn": "urn:bbc:curie:asset:d5321c91-342f-7c4b-8a61-6db1d7de62b5",
            "promo": {
              "headlines": {
                "shortHeadline": "진행자) '앙마르슈'의 대승은 프랑스 현대 일찍이 없었던 일이라고요? 23",
                "headline": "진행자) '앙마르슈'의 대승은 프랑스 현대 일찍이 없었던 일이라고요? 23"
              },
              "locators": {
                "assetUri": "/korean/news-23132247",
                "cpsUrn": "urn:bbc:content:assetUri:korean/news-23132247",
                "curie": "http://www.bbc.co.uk/asset/d5321c91-342f-7c4b-8a61-6db1d7de62b5",
                "assetId": "23132247"
              },
              "summary": "진행자) 지난달 초 대선 결선투표에서, 마크롱 당시 후보와 극우 정치인 마린 르펜이 맞붙어서 관심을 끌었는데, 극우정당은 의석을 얼마나 얻게 되나요?",
              "timestamp": 1497349307000,
              "language": "ko",
              "indexImage": {
                "id": "63539209",
                "subType": "index",
                "href": "http://b.files.bbci.co.uk/160B5/test/_63539209_mediaitem63539207.jpg",
                "path": "/cpsdevpb/160B5/test/_63539209_mediaitem63539207.jpg",
                "height": 549,
                "width": 976,
                "altText": "극우정당은",
                "copyrightHolder": "iStock",
                "originCode": "cpsdevpb",
                "type": "image"
              },
              "id": "urn:bbc:ares::asset:korean/news-23132247",
              "type": "cps"
            }
          },
          {
            "id": "f7f0744b-8b0f-9d47-935f-6de68402007e",
            "rank": 8,
            "count": 8920,
            "urn": "urn:bbc:curie:asset:f7f0744b-8b0f-9d47-935f-6de68402007e",
            "promo": {
              "headlines": {
                "shortHeadline": "트럼프 \"선택지 없다\"…'트럼프케어' 통과 의지 institutional",
                "headline": "트럼프 \"선택지 없다\"…'트럼프케어' 통과 의지 institutional"
              },
              "locators": {
                "assetUri": "/korean/institutional-23136170",
                "cpsUrn": "urn:bbc:content:assetUri:korean/institutional-23136170",
                "curie": "http://www.bbc.co.uk/asset/f7f0744b-8b0f-9d47-935f-6de68402007e",
                "assetId": "23136170"
              },
              "summary": "트럼프 대통령은 이날 폭스뉴스와 인터뷰에서 법안 처리에 대한 강력한 의지를 드러내며 이같이 밝혔다. 트럼프 대통령은 법안 통과 전망에 대해서는 낙관론을 폈다.",
              "timestamp": 1498472576000,
              "language": "ko",
              "indexImage": {
                "id": "63574134",
                "subType": "index",
                "href": "http://b.files.bbci.co.uk/A88B/test/_63574134_160507010017_japonesas_kuriles_624x351_getty_nocredit.jpg",
                "path": "/cpsdevpb/A88B/test/_63574134_160507010017_japonesas_kuriles_624x351_getty_nocredit.jpg",
                "height": 351,
                "width": 624,
                "altText": "또 \"(법안과 관련한) 협상이 진행 중\"이라며 \"이것이 입법 절차이고, 이것은 가는 바늘에 실을 꿰는 것\"이라고 덧붙였다.",
                "caption": "또 \"(법안과 관련한) 협상이 진행 중\"이라며 \"이것이 입법 절차이고, 이것은 가는 바늘에 실을 꿰는 것\"이라고 덧붙였다.",
                "copyrightHolder": "Getty Images",
                "originCode": "cpsdevpb",
                "type": "image"
              },
              "id": "urn:bbc:ares::asset:korean/institutional-23136170",
              "type": "cps"
            }
          },
          {
            "id": "17183deb-9e01-a34c-b0c5-2f7442ab4010",
            "rank": 9,
            "count": 8776,
            "urn": "urn:bbc:curie:asset:17183deb-9e01-a34c-b0c5-2f7442ab4010",
            "promo": {
              "headlines": {
                "shortHeadline": "BBC 우리말 - test live coverage 세계에서 가장 비싼 차는 480만불짜리 ‘트레비타’",
                "headline": "BBC 우리말 - test live coverage 세계에서 가장 비싼 차는 480만불짜리 ‘트레비타’"
              },
              "locators": {
                "assetUri": "/korean/live/news-23136272",
                "curieCpsUrn": "urn:bbc:cps:curie:asset:17183deb-9e01-a34c-b0c5-2f7442ab4010",
                "assetId": "23136272",
                "cpsUrn": "urn:bbc:content:assetUri:korean/live/news-23136272",
                "curie": "http://www.bbc.co.uk/asset/17183deb-9e01-a34c-b0c5-2f7442ab4010"
              },
              "summary": "세계에서 가장 비싼 자동차 1위로 코닉세그의 ‘CCXR 트레비타(Trevita·사진)’가 꼽혔다.",
              "timestamp": 1498570646000,
              "language": "ko",
              "passport": {
                "home": "http://www.bbc.co.uk/ontologies/passport/home/Korean",
                "taggings": []
              },
              "indexImage": {
                "id": "63574231",
                "subType": "index",
                "href": "http://b.files.bbci.co.uk/33BF/test/_63574231_160507010424_abe_kuriles_624x415_getty_nocredit.jpg",
                "path": "/cpsdevpb/33BF/test/_63574231_160507010424_abe_kuriles_624x415_getty_nocredit.jpg",
                "height": 360,
                "width": 640,
                "altText": "올해 1~3위 슈퍼카 서열은 지난해와 변동이 없었지만 5위부터는 바뀌었다.",
                "caption": "올해 1~3위 슈퍼카 서열은 지난해와 변동이 없었지만 5위부터는 바뀌었다.",
                "copyrightHolder": "Getty Images",
                "type": "image"
              },
              "isLive": true,
              "scheduledStartTime": 1498548600000,
              "scheduledEndTime": 1514763000000,
              "liveStatus": "LIVE",
              "id": "urn:bbc:ares::asset:korean/live/news-23136272",
              "type": "cps"
            }
          },
          {
            "id": "b2292f8a-a5a7-d04b-8f52-0b9838ba4ee4",
            "rank": 10,
            "count": 8582,
            "urn": "urn:bbc:curie:asset:b2292f8a-a5a7-d04b-8f52-0b9838ba4ee4",
            "promo": {
              "headlines": {
                "shortHeadline": "진행자) '앙마르슈'의 대승은 프랑스 현대 일찍이 없었던 일이라고요? 19",
                "headline": "진행자) '앙마르슈'의 대승은 프랑스 현대 일찍이 없었던 일이라고요? 19"
              },
              "locators": {
                "assetUri": "/korean/media-23132243",
                "cpsUrn": "urn:bbc:content:assetUri:korean/media-23132243",
                "curie": "http://www.bbc.co.uk/asset/b2292f8a-a5a7-d04b-8f52-0b9838ba4ee4",
                "assetId": "23132243"
              },
              "summary": "진행자) 지난달 초 대선 결선투표에서, 마크롱 당시 후보와 극우 정치인 마린 르펜이 맞붙어서 관심을 끌었는데, 극우정당은 의석을 얼마나 얻게 되나요?",
              "timestamp": 1497349134000,
              "language": "ko",
              "indexImage": {
                "id": "63539209",
                "subType": "index",
                "href": "http://b.files.bbci.co.uk/160B5/test/_63539209_mediaitem63539207.jpg",
                "path": "/cpsdevpb/160B5/test/_63539209_mediaitem63539207.jpg",
                "height": 549,
                "width": 976,
                "altText": "극우정당은",
                "copyrightHolder": "iStock",
                "originCode": "cpsdevpb",
                "type": "image"
              },
              "id": "urn:bbc:ares::asset:korean/media-23132243",
              "type": "cps"
            }
          },
          {
            "id": "5e6905f2-4e6a-ad47-9d50-11fd6d444fa9",
            "rank": 11,
            "count": 8334,
            "urn": "urn:bbc:curie:asset:5e6905f2-4e6a-ad47-9d50-11fd6d444fa9",
            "promo": {
              "headlines": {
                "shortHeadline": "Best restaurant ever in Lancaster Gate",
                "headline": "Zorba: the best restaurant ever in Lancaster Gate"
              },
              "locators": {
                "assetUri": "/korean/news-23146156",
                "cpsUrn": "urn:bbc:content:assetUri:korean/news-23146156",
                "curie": "http://www.bbc.co.uk/asset/5e6905f2-4e6a-ad47-9d50-11fd6d444fa9",
                "assetId": "23146156"
              },
              "summary": "The place everybody's talking about",
              "timestamp": 1502112050000,
              "language": "ko",
              "byline": {
                "name": "Jong Un Kim",
                "title": "Korea Correspondent",
                "persons": [
                  {
                    "name": "Jong Un Kim",
                    "function": "Korea Correspondent"
                  }
                ]
              },
              "indexImage": {
                "id": "63585259",
                "subType": "index",
                "href": "http://b.files.bbci.co.uk/1741A/test/_63585259_capture.png",
                "path": "/cpsdevpb/1741A/test/_63585259_capture.png",
                "height": 549,
                "width": 976,
                "altText": "Zorba",
                "copyrightHolder": "Someone on the web",
                "originCode": "cpsdevpb",
                "type": "image"
              },
              "id": "urn:bbc:ares::asset:korean/news-23146156",
              "type": "cps"
            }
          },
          {
            "id": "81dda200-3bb5-314c-8471-3313d6c2bbaf",
            "rank": 12,
            "count": 8238,
            "urn": "urn:bbc:curie:asset:81dda200-3bb5-314c-8471-3313d6c2bbaf",
            "promo": {
              "headlines": {
                "shortHeadline": "진행자) '앙마르슈'의 대승은 프랑스 현대 일찍이 없었던 일이라고요? 14",
                "headline": "진행자) '앙마르슈'의 대승은 프랑스 현대 일찍이 없었던 일이라고요? 14"
              },
              "locators": {
                "assetUri": "/korean/media-23132238",
                "cpsUrn": "urn:bbc:content:assetUri:korean/media-23132238",
                "curie": "http://www.bbc.co.uk/asset/81dda200-3bb5-314c-8471-3313d6c2bbaf",
                "assetId": "23132238"
              },
              "summary": "진행자) 지난달 초 대선 결선투표에서, 마크롱 당시 후보와 극우 정치인 마린 르펜이 맞붙어서 관심을 끌었는데, 극우정당은 의석을 얼마나 얻게 되나요?",
              "timestamp": 1497348950000,
              "language": "ko",
              "indexImage": {
                "id": "63539209",
                "subType": "index",
                "href": "http://b.files.bbci.co.uk/160B5/test/_63539209_mediaitem63539207.jpg",
                "path": "/cpsdevpb/160B5/test/_63539209_mediaitem63539207.jpg",
                "height": 549,
                "width": 976,
                "altText": "극우정당은",
                "copyrightHolder": "iStock",
                "originCode": "cpsdevpb",
                "type": "image"
              },
              "id": "urn:bbc:ares::asset:korean/media-23132238",
              "type": "cps"
            }
          },
          {
            "id": "51de8e26-6cad-1c46-9c6d-6ade0c8ea326",
            "rank": 13,
            "count": 8234,
            "urn": "urn:bbc:curie:asset:51de8e26-6cad-1c46-9c6d-6ade0c8ea326",
            "promo": {
              "headlines": {
                "shortHeadline": "진행자) '앙마르슈'의 대승은 프랑스 현대 일찍이 없었던 일이라고요? 10",
                "headline": "진행자) '앙마르슈'의 대승은 프랑스 현대 일찍이 없었던 일이라고요? 10"
              },
              "locators": {
                "assetUri": "/korean/features-23132184",
                "cpsUrn": "urn:bbc:content:assetUri:korean/features-23132184",
                "curie": "http://www.bbc.co.uk/asset/51de8e26-6cad-1c46-9c6d-6ade0c8ea326",
                "assetId": "23132184"
              },
              "summary": "진행자) 지난달 초 대선 결선투표에서, 마크롱 당시 후보와 극우 정치인 마린 르펜이 맞붙어서 관심을 끌었는데, 극우정당은 의석을 얼마나 얻게 되나요?",
              "timestamp": 1497348785000,
              "language": "ko",
              "indexImage": {
                "id": "63539209",
                "subType": "index",
                "href": "http://b.files.bbci.co.uk/160B5/test/_63539209_mediaitem63539207.jpg",
                "path": "/cpsdevpb/160B5/test/_63539209_mediaitem63539207.jpg",
                "height": 549,
                "width": 976,
                "altText": "극우정당은",
                "copyrightHolder": "iStock",
                "originCode": "cpsdevpb",
                "type": "image"
              },
              "id": "urn:bbc:ares::asset:korean/features-23132184",
              "type": "cps"
            }
          },
          {
            "id": "b7787e82-15e5-2b4f-ae88-4ac787d6f772",
            "rank": 14,
            "count": 8144,
            "urn": "urn:bbc:curie:asset:b7787e82-15e5-2b4f-ae88-4ac787d6f772",
            "promo": {
              "headlines": {
                "shortHeadline": "진행자) '앙마르슈'의 대승은 프랑스 현대 일찍이 없었던 일이라고요? 26",
                "headline": "진행자) '앙마르슈'의 대승은 프랑스 현대 일찍이 없었던 일이라고요? 26"
              },
              "locators": {
                "assetUri": "/korean/news-23132255",
                "cpsUrn": "urn:bbc:content:assetUri:korean/news-23132255",
                "curie": "http://www.bbc.co.uk/asset/b7787e82-15e5-2b4f-ae88-4ac787d6f772",
                "assetId": "23132255"
              },
              "summary": "진행자) 지난달 초 대선 결선투표에서, 마크롱 당시 후보와 극우 정치인 마린 르펜이 맞붙어서 관심을 끌었는데, 극우정당은 의석을 얼마나 얻게 되나요?",
              "timestamp": 1497350027000,
              "language": "ko",
              "indexImage": {
                "id": "63539209",
                "subType": "index",
                "href": "http://b.files.bbci.co.uk/160B5/test/_63539209_mediaitem63539207.jpg",
                "path": "/cpsdevpb/160B5/test/_63539209_mediaitem63539207.jpg",
                "height": 549,
                "width": 976,
                "altText": "극우정당은",
                "copyrightHolder": "iStock",
                "originCode": "cpsdevpb",
                "type": "image"
              },
              "id": "urn:bbc:ares::asset:korean/news-23132255",
              "type": "cps"
            }
          },
          {
            "id": "75c731c6-53ab-f440-a5a9-dedc6502f00e",
            "rank": 15,
            "count": 7934,
            "urn": "urn:bbc:curie:asset:75c731c6-53ab-f440-a5a9-dedc6502f00e",
            "promo": {
              "headlines": {
                "shortHeadline": "'박근혜 뇌물' 이재용에 징역 12년 구형",
                "headline": "'박근혜 뇌물' 이재용에 징역 12년 구형"
              },
              "locators": {
                "assetUri": "/korean/23146155",
                "cpsUrn": "urn:bbc:content:assetUri:korean/23146155",
                "curie": "http://www.bbc.co.uk/asset/75c731c6-53ab-f440-a5a9-dedc6502f00e",
                "assetId": "23146155"
              },
              "summary": "박근혜 전 대통령(65)과 최순실씨(61) 일가에 수백억원의 뇌물을 준 혐의",
              "timestamp": 1502104518000,
              "language": "ko",
              "passport": {
                "category": {
                  "categoryId": "http://www.bbc.co.uk/ontologies/applicationlogic-news/News",
                  "categoryName": "News"
                },
                "taggings": []
              },
              "indexImage": {
                "id": "63585155",
                "subType": "index",
                "href": "http://b.files.bbci.co.uk/D776/test/_63585155_d3f0a12a-8a39-4087-96d8-8587be520c72.jpg",
                "path": "/cpsdevpb/D776/test/_63585155_d3f0a12a-8a39-4087-96d8-8587be520c72.jpg",
                "height": 549,
                "width": 976,
                "altText": "Lee Jae-yong yong",
                "caption": "Lee Jae-yong",
                "copyrightHolder": "KCNA",
                "originCode": "cpsdevpb",
                "type": "image"
              },
              "id": "urn:bbc:ares::asset:korean/23146155",
              "type": "cps"
            }
          },
          {
            "id": "04458332-2111-5049-b84b-5cd86e803623",
            "rank": 16,
            "count": 7815,
            "urn": "urn:bbc:curie:asset:04458332-2111-5049-b84b-5cd86e803623",
            "promo": {
              "headlines": {
                "shortHeadline": "진행자) '앙마르슈'의 대승은 프랑스 현대 일찍이 없었던 일이라고요? 30",
                "headline": "진행자) '앙마르슈'의 대승은 프랑스 현대 일찍이 없었던 일이라고요? 30"
              },
              "locators": {
                "assetUri": "/korean/news-23132259",
                "cpsUrn": "urn:bbc:content:assetUri:korean/news-23132259",
                "curie": "http://www.bbc.co.uk/asset/04458332-2111-5049-b84b-5cd86e803623",
                "assetId": "23132259"
              },
              "summary": "진행자) 지난달 초 대선 결선투표에서, 마크롱 당시 후보와 극우 정치인 마린 르펜이 맞붙어서 관심을 끌었는데, 극우정당은 의석을 얼마나 얻게 되나요?",
              "timestamp": 1497350106000,
              "language": "ko",
              "indexImage": {
                "id": "63539209",
                "subType": "index",
                "href": "http://b.files.bbci.co.uk/160B5/test/_63539209_mediaitem63539207.jpg",
                "path": "/cpsdevpb/160B5/test/_63539209_mediaitem63539207.jpg",
                "height": 549,
                "width": 976,
                "altText": "극우정당은",
                "copyrightHolder": "iStock",
                "originCode": "cpsdevpb",
                "type": "image"
              },
              "id": "urn:bbc:ares::asset:korean/news-23132259",
              "type": "cps"
            }
          },
          {
            "id": "216ac143-8cd5-f24c-b7a8-18f1012587b6",
            "rank": 17,
            "count": 7764,
            "urn": "urn:bbc:curie:asset:216ac143-8cd5-f24c-b7a8-18f1012587b6",
            "promo": {
              "headlines": {
                "shortHeadline": "진행자) '앙마르슈'의 대승은 프랑스 현대 일찍이 없었던 일이라고요? 20",
                "headline": "진행자) '앙마르슈'의 대승은 프랑스 현대 일찍이 없었던 일이라고요? 20"
              },
              "locators": {
                "assetUri": "/korean/media-23132244",
                "cpsUrn": "urn:bbc:content:assetUri:korean/media-23132244",
                "curie": "http://www.bbc.co.uk/asset/216ac143-8cd5-f24c-b7a8-18f1012587b6",
                "assetId": "23132244"
              },
              "summary": "진행자) 지난달 초 대선 결선투표에서, 마크롱 당시 후보와 극우 정치인 마린 르펜이 맞붙어서 관심을 끌었는데, 극우정당은 의석을 얼마나 얻게 되나요?",
              "timestamp": 1497349151000,
              "language": "ko",
              "indexImage": {
                "id": "63539209",
                "subType": "index",
                "href": "http://b.files.bbci.co.uk/160B5/test/_63539209_mediaitem63539207.jpg",
                "path": "/cpsdevpb/160B5/test/_63539209_mediaitem63539207.jpg",
                "height": 549,
                "width": 976,
                "altText": "극우정당은",
                "copyrightHolder": "iStock",
                "originCode": "cpsdevpb",
                "type": "image"
              },
              "id": "urn:bbc:ares::asset:korean/media-23132244",
              "type": "cps"
            }
          },
          {
            "id": "6555e35a-a62a-be4b-a595-521070bf263c",
            "rank": 18,
            "count": 7663,
            "urn": "urn:bbc:curie:asset:6555e35a-a62a-be4b-a595-521070bf263c",
            "promo": {
              "headlines": {
                "shortHeadline": "진행자) '앙마르슈'의 대승은 프랑스 현대 일찍이 없었던 일이라고요? 9",
                "headline": "진행자) '앙마르슈'의 대승은 프랑스 현대 일찍이 없었던 일이라고요? 9"
              },
              "locators": {
                "assetUri": "/korean/features-23132183",
                "cpsUrn": "urn:bbc:content:assetUri:korean/features-23132183",
                "curie": "http://www.bbc.co.uk/asset/6555e35a-a62a-be4b-a595-521070bf263c",
                "assetId": "23132183"
              },
              "summary": "진행자) 지난달 초 대선 결선투표에서, 마크롱 당시 후보와 극우 정치인 마린 르펜이 맞붙어서 관심을 끌었는데, 극우정당은 의석을 얼마나 얻게 되나요?",
              "timestamp": 1497348720000,
              "language": "ko",
              "indexImage": {
                "id": "63539209",
                "subType": "index",
                "href": "http://b.files.bbci.co.uk/160B5/test/_63539209_mediaitem63539207.jpg",
                "path": "/cpsdevpb/160B5/test/_63539209_mediaitem63539207.jpg",
                "height": 549,
                "width": 976,
                "altText": "극우정당은",
                "copyrightHolder": "iStock",
                "originCode": "cpsdevpb",
                "type": "image"
              },
              "id": "urn:bbc:ares::asset:korean/features-23132183",
              "type": "cps"
            }
          },
          {
            "id": "dfb23128-fa0d-2b41-b9fc-7ddffa0127e8",
            "rank": 19,
            "count": 7536,
            "urn": "urn:bbc:curie:asset:dfb23128-fa0d-2b41-b9fc-7ddffa0127e8",
            "promo": {
              "headlines": {
                "shortHeadline": "진행자) '앙마르슈'의 대승은 프랑스 현대 일찍이 없었던 일이라고요? 18",
                "headline": "진행자) '앙마르슈'의 대승은 프랑스 현대 일찍이 없었던 일이라고요? 18"
              },
              "locators": {
                "assetUri": "/korean/media-23132242",
                "cpsUrn": "urn:bbc:content:assetUri:korean/media-23132242",
                "curie": "http://www.bbc.co.uk/asset/dfb23128-fa0d-2b41-b9fc-7ddffa0127e8",
                "assetId": "23132242"
              },
              "summary": "진행자) 지난달 초 대선 결선투표에서, 마크롱 당시 후보와 극우 정치인 마린 르펜이 맞붙어서 관심을 끌었는데, 극우정당은 의석을 얼마나 얻게 되나요?",
              "timestamp": 1497349105000,
              "language": "ko",
              "indexImage": {
                "id": "63539209",
                "subType": "index",
                "href": "http://b.files.bbci.co.uk/160B5/test/_63539209_mediaitem63539207.jpg",
                "path": "/cpsdevpb/160B5/test/_63539209_mediaitem63539207.jpg",
                "height": 549,
                "width": 976,
                "altText": "극우정당은",
                "copyrightHolder": "iStock",
                "originCode": "cpsdevpb",
                "type": "image"
              },
              "id": "urn:bbc:ares::asset:korean/media-23132242",
              "type": "cps"
            }
          },
          {
            "id": "2b84e91b-c936-9b48-8c49-356d574acdb1",
            "rank": 20,
            "count": 7216,
            "urn": "urn:bbc:curie:asset:2b84e91b-c936-9b48-8c49-356d574acdb1",
            "promo": {
              "headlines": {
                "shortHeadline": "hjdgjlsddfb",
                "headline": "hjdgjlsddfb Burundiiu"
              },
              "locators": {
                "assetUri": "/gahuza/amakuru-23193186",
                "cpsUrn": "urn:bbc:content:assetUri:gahuza/amakuru-23193186",
                "curie": "http://www.bbc.co.uk/asset/2b84e91b-c936-9b48-8c49-356d574acdb1",
                "assetId": "23193186"
              },
              "summary": "kageninnasfggeera dfgwgwg ggjkl;;iwe",
              "timestamp": 1521815245000,
              "language": "rw",
              "passport": {
                "category": {
                  "categoryId": "http://www.bbc.co.uk/ontologies/applicationlogic-news/Opinion",
                  "categoryName": "Opinion"
                },
                "taggings": []
              },
              "indexImage": {
                "id": "63661788",
                "subType": "index",
                "href": "http://b.files.bbci.co.uk/15A8C/test/_63661788_mediaitem63661787.jpg",
                "path": "/cpsdevpb/15A8C/test/_63661788_mediaitem63661787.jpg",
                "height": 1152,
                "width": 2048,
                "altText": "Trump congratulating Alicia",
                "copyrightHolder": "Getty Images",
                "originCode": "cpsdevpb",
                "type": "image"
              },
              "id": "urn:bbc:ares::asset:gahuza/amakuru-23193186",
              "type": "cps"
            }
          }
        ]
      }
    }
  },
  "contentType": "application/json; charset=utf-8"
}