{
  "schedules": [
    {
      "brand": {
        "image": "ichef.bbci.co.uk/images/ic/$recipe/p08b2kb7.png",
        "pid": "p030vjwg",
        "synopses": {
          "medium": "বিবিসি বাংলা থেকে সংবাদ, সমসাময়িক ঘটনা, বিশেষ প্রতিবেদন, খেলা-ধুলা, ফোন-ইন আর বিতর্ক",
          "short": "বিবিসি বাংলা থেকে সংবাদ, সমসাময়িক ঘটনা, বিশেষ প্রতিবেদন, খেলা-ধুলা, ফোন-ইন আর বিতর্ক"
        },
        "title": "প্রবাহ"
      },
      "broadcast": {
        "bid": "w1mshks64vp83k5.imi:ws.bbc.co.uk/BENGA1597239000",
        "pid": "p08mfwlk"
      },
      "episode": {
        "image": "ichef.bbci.co.uk/images/ic/$recipe/p08b2kb7.png",
        "pid": "w172xdwnn9psb9n",
        "presentationTitle": "12/08/2020 GMT",
        "synopses": {
          "medium": "বিবিসি বাংলা থেকে সংবাদ, সমসাময়িক ঘটনা, বিশেষ প্রতিবেদন, খেলা-ধুলা, ফোন-ইন আর বিতর্ক",
          "short": "বিবিসি বাংলা থেকে সংবাদ, সমসাময়িক ঘটনা, বিশেষ প্রতিবেদন, খেলা-ধুলা, ফোন-ইন আর বিতর্ক"
        }
      },
      "isAudioDescribed": false,
      "isBlanked": false,
      "isCritical": false,
      "isRepeat": false,
      "isSimulcast": true,
      "partnerId": "s0000001",
      "publishedTimeDuration": "PT29M30S",
      "publishedTimeEnd": 1597240770000,
      "publishedTimeStart": 1597239000000,
      "serviceId": "bbc_bangla_radio",
      "transmissionTimeEnd": 1597240770000,
      "transmissionTimeStart": 1597239000000,
      "updateTime": 1596245874000,
      "urn": "urn:bbc:ares:ws_media:schedule:bbc_bangla_radio",
      "version": {
        "pid": "w1mshks64vp83k5"
      }
    },
    {
      "brand": {
        "image": "ichef.bbci.co.uk/images/ic/$recipe/p08b2kb7.png",
        "pid": "p030vjwm",
        "synopses": {
          "medium": "সংবাদ বুলেটিনসহ সমসাময়িক ঘটনা নিয়ে দৈনিক অনুষ্ঠান, সাথে সাপ্তাহিক ফোন-ইন, বিতর্ক ও ফিচার",
          "short": "সংবাদ বুলেটিনসহ সমসাময়িক ঘটনা নিয়ে দৈনিক অনুষ্ঠান, সাথে সাপ্তাহিক ফোন-ইন, বিতর্ক ও ফিচার"
        },
        "title": "পরিক্রমা"
      },
      "broadcast": {
        "bid": "w1mshkrsfhcxtkx.imi:ws.bbc.co.uk/BENGA1597249800",
        "pid": "p08mgz2r"
      },
      "episode": {
        "image": "ichef.bbci.co.uk/images/ic/$recipe/p08b2kb7.png",
        "pid": "w172xdw7xydg1bd",
        "presentationTitle": "12/08/2020 GMT",
        "synopses": {
          "medium": "সংবাদ বুলেটিনসহ সমসাময়িক ঘটনা নিয়ে দৈনিক অনুষ্ঠান, সাথে সাপ্তাহিক ফোন-ইন, বিতর্ক ও ফিচার",
          "short": "সংবাদ বুলেটিনসহ সমসাময়িক ঘটনা নিয়ে দৈনিক অনুষ্ঠান, সাথে সাপ্তাহিক ফোন-ইন, বিতর্ক ও ফিচার"
        }
      },
      "isAudioDescribed": false,
      "isBlanked": false,
      "isCritical": false,
      "isRepeat": false,
      "isSimulcast": true,
      "partnerId": "s0000001",
      "publishedTimeDuration": "PT29M30S",
      "publishedTimeEnd": 1597251570000,
      "publishedTimeStart": 1597249800000,
      "serviceId": "bbc_bangla_radio",
      "transmissionTimeEnd": 1597251570000,
      "transmissionTimeStart": 1597249800000,
      "updateTime": 1596289045000,
      "urn": "urn:bbc:ares:ws_media:schedule:bbc_bangla_radio",
      "version": {
        "pid": "w1mshkrsfhcxtkx"
      }
    },
    {
      "brand": {
        "image": "ichef.bbci.co.uk/images/ic/$recipe/p08b2kb7.png",
        "pid": "p030vjwg",
        "synopses": {
          "medium": "বিবিসি বাংলা থেকে সংবাদ, সমসাময়িক ঘটনা, বিশেষ প্রতিবেদন, খেলা-ধুলা, ফোন-ইন আর বিতর্ক",
          "short": "বিবিসি বাংলা থেকে সংবাদ, সমসাময়িক ঘটনা, বিশেষ প্রতিবেদন, খেলা-ধুলা, ফোন-ইন আর বিতর্ক"
        },
        "title": "প্রবাহ"
      },
      "broadcast": {
        "bid": "w1mshks64vpc0g8.imi:ws.bbc.co.uk/BENGA1597325400",
        "pid": "p08mj3nk"
      },
      "episode": {
        "image": "ichef.bbci.co.uk/images/ic/$recipe/p08b2kb7.png",
        "pid": "w172xdwnn9pw76r",
        "presentationTitle": "13/08/2020 GMT",
        "synopses": {
          "medium": "বিবিসি বাংলা থেকে সংবাদ, সমসাময়িক ঘটনা, বিশেষ প্রতিবেদন, খেলা-ধুলা, ফোন-ইন আর বিতর্ক",
          "short": "বিবিসি বাংলা থেকে সংবাদ, সমসাময়িক ঘটনা, বিশেষ প্রতিবেদন, খেলা-ধুলা, ফোন-ইন আর বিতর্ক"
        }
      },
      "isAudioDescribed": false,
      "isBlanked": false,
      "isCritical": false,
      "isRepeat": false,
      "isSimulcast": true,
      "partnerId": "s0000001",
      "publishedTimeDuration": "PT29M30S",
      "publishedTimeEnd": 1597327170000,
      "publishedTimeStart": 1597325400000,
      "serviceId": "bbc_bangla_radio",
      "transmissionTimeEnd": 1597327170000,
      "transmissionTimeStart": 1597325400000,
      "updateTime": 1596332264000,
      "urn": "urn:bbc:ares:ws_media:schedule:bbc_bangla_radio",
      "version": {
        "pid": "w1mshks64vpc0g8"
      }
    },
    {
      "brand": {
        "image": "ichef.bbci.co.uk/images/ic/$recipe/p08b2kb7.png",
        "pid": "p030vjwm",
        "synopses": {
          "medium": "সংবাদ বুলেটিনসহ সমসাময়িক ঘটনা নিয়ে দৈনিক অনুষ্ঠান, সাথে সাপ্তাহিক ফোন-ইন, বিতর্ক ও ফিচার",
          "short": "সংবাদ বুলেটিনসহ সমসাময়িক ঘটনা নিয়ে দৈনিক অনুষ্ঠান, সাথে সাপ্তাহিক ফোন-ইন, বিতর্ক ও ফিচার"
        },
        "title": "পরিক্রমা"
      },
      "broadcast": {
        "bid": "w1mshkrsfhd0qh0.imi:ws.bbc.co.uk/BENGA1597336200",
        "pid": "p08mjyzw"
      },
      "episode": {
        "image": "ichef.bbci.co.uk/images/ic/$recipe/p08b2kb7.png",
        "pid": "w172xdw7xydjy7h",
        "presentationTitle": "13/08/2020 GMT",
        "synopses": {
          "medium": "সংবাদ বুলেটিনসহ সমসাময়িক ঘটনা নিয়ে দৈনিক অনুষ্ঠান, সাথে সাপ্তাহিক ফোন-ইন, বিতর্ক ও ফিচার",
          "short": "সংবাদ বুলেটিনসহ সমসাময়িক ঘটনা নিয়ে দৈনিক অনুষ্ঠান, সাথে সাপ্তাহিক ফোন-ইন, বিতর্ক ও ফিচার"
        }
      },
      "isAudioDescribed": false,
      "isBlanked": false,
      "isCritical": false,
      "isRepeat": false,
      "isSimulcast": true,
      "partnerId": "s0000001",
      "publishedTimeDuration": "PT29M30S",
      "publishedTimeEnd": 1597337970000,
      "publishedTimeStart": 1597336200000,
      "serviceId": "bbc_bangla_radio",
      "transmissionTimeEnd": 1597337970000,
      "transmissionTimeStart": 1597336200000,
      "updateTime": 1596375443000,
      "urn": "urn:bbc:ares:ws_media:schedule:bbc_bangla_radio",
      "version": {
        "pid": "w1mshkrsfhd0qh0"
      }
    },
    {
      "brand": {
        "image": "ichef.bbci.co.uk/images/ic/$recipe/p08b2kb7.png",
        "pid": "p030vjwg",
        "synopses": {
          "medium": "বিবিসি বাংলা থেকে সংবাদ, সমসাময়িক ঘটনা, বিশেষ প্রতিবেদন, খেলা-ধুলা, ফোন-ইন আর বিতর্ক",
          "short": "বিবিসি বাংলা থেকে সংবাদ, সমসাময়িক ঘটনা, বিশেষ প্রতিবেদন, খেলা-ধুলা, ফোন-ইন আর বিতর্ক"
        },
        "title": "প্রবাহ"
      },
      "broadcast": {
        "bid": "w1mshks64vpfxcc.imi:ws.bbc.co.uk/BENGA1597411800",
        "pid": "p08mktwg"
      },
      "episode": {
        "image": "ichef.bbci.co.uk/images/ic/$recipe/p08b2kb7.png",
        "pid": "w172xdwnn9pz43v",
        "presentationTitle": "14/08/2020 GMT",
        "synopses": {
          "medium": "বিবিসি বাংলা থেকে সংবাদ, সমসাময়িক ঘটনা, বিশেষ প্রতিবেদন, খেলা-ধুলা, ফোন-ইন আর বিতর্ক",
          "short": "বিবিসি বাংলা থেকে সংবাদ, সমসাময়িক ঘটনা, বিশেষ প্রতিবেদন, খেলা-ধুলা, ফোন-ইন আর বিতর্ক"
        }
      },
      "isAudioDescribed": false,
      "isBlanked": false,
      "isCritical": false,
      "isRepeat": false,
      "isSimulcast": true,
      "partnerId": "s0000001",
      "publishedTimeDuration": "PT29M30S",
      "publishedTimeEnd": 1597413570000,
      "publishedTimeStart": 1597411800000,
      "serviceId": "bbc_bangla_radio",
      "transmissionTimeEnd": 1597413570000,
      "transmissionTimeStart": 1597411800000,
      "updateTime": 1596418674000,
      "urn": "urn:bbc:ares:ws_media:schedule:bbc_bangla_radio",
      "version": {
        "pid": "w1mshks64vpfxcc"
      }
    },
    {
      "brand": {
        "image": "ichef.bbci.co.uk/images/ic/$recipe/p08b2kb7.png",
        "pid": "p030vjwm",
        "synopses": {
          "medium": "সংবাদ বুলেটিনসহ সমসাময়িক ঘটনা নিয়ে দৈনিক অনুষ্ঠান, সাথে সাপ্তাহিক ফোন-ইন, বিতর্ক ও ফিচার",
          "short": "সংবাদ বুলেটিনসহ সমসাময়িক ঘটনা নিয়ে দৈনিক অনুষ্ঠান, সাথে সাপ্তাহিক ফোন-ইন, বিতর্ক ও ফিচার"
        },
        "title": "পরিক্রমা"
      },
      "broadcast": {
        "bid": "w1mshkrsfhd3md3.imi:ws.bbc.co.uk/BENGA1597422600",
        "pid": "p08mms5g"
      },
      "episode": {
        "image": "ichef.bbci.co.uk/images/ic/$recipe/p08b2kb7.png",
        "pid": "w172xdw7xydmv4l",
        "presentationTitle": "14/08/2020 GMT",
        "synopses": {
          "medium": "সংবাদ বুলেটিনসহ সমসাময়িক ঘটনা নিয়ে দৈনিক অনুষ্ঠান, সাথে সাপ্তাহিক ফোন-ইন, বিতর্ক ও ফিচার",
          "short": "সংবাদ বুলেটিনসহ সমসাময়িক ঘটনা নিয়ে দৈনিক অনুষ্ঠান, সাথে সাপ্তাহিক ফোন-ইন, বিতর্ক ও ফিচার"
        }
      },
      "isAudioDescribed": false,
      "isBlanked": false,
      "isCritical": false,
      "isRepeat": false,
      "isSimulcast": true,
      "partnerId": "s0000001",
      "publishedTimeDuration": "PT29M30S",
      "publishedTimeEnd": 1597424370000,
      "publishedTimeStart": 1597422600000,
      "serviceId": "bbc_bangla_radio",
      "transmissionTimeEnd": 1597424370000,
      "transmissionTimeStart": 1597422600000,
      "updateTime": 1596461844000,
      "urn": "urn:bbc:ares:ws_media:schedule:bbc_bangla_radio",
      "version": {
        "pid": "w1mshkrsfhd3md3"
      }
    }
  ]
}
