{
  "metadata": {
    "id": "urn:bbc:ares:ws_media:page:bbc_korean_radio/w3ct0kn5",
    "locators": { "pid": "w3ct0kn5", "brandPid": "w13xttll" },
    "type": "WSRADIO",
    "createdBy": "bbc_korean_radio",
    "language": "ko",
    "lastUpdated": 1608294121623,
    "firstPublished": 1588580293000,
    "lastPublished": 1588580293000,
    "timestamp": 1588580293000,
    "options": {},
    "analyticsLabels": {
      "pageTitle": "BBC 코리아 라디오 - BBC News 코리아",
      "pageIdentifier": "korean.bbc_korean_radio.w3ct0kn5.page",
      "producerId": "57",
      "contentType": "player-episode",
      "producer": "KOREAN"
    },
    "tags": {},
    "version": "v1.3.11",
    "blockTypes": ["media"],
    "title": "BBC 코리아 라디오",
    "releaseDateTimeStamp": 1588550400000,
    "atiAnalytics": {}
  },
  "content": {
    "blocks": [
      {
        "id": "w3ct0kn5",
        "subType": "episode",
        "format": "Audio",
        "title": "2020/05/04 GMT",
        "synopses": {
          "short": "한반도와 세계 곳곳의 다양한 소식을 공정하고 객관적으로 전달해 드립니다.",
          "medium": "한반도와 세계 곳곳의 다양한 소식을 공정하고 객관적으로 전달해 드립니다."
        },
        "imageUrl": "ichef.bbci.co.uk/images/ic/$recipe/p08b8lzc.png",
        "embedding": false,
        "advertising": false,
        "versions": [],
        "availability": "notAvailable",
        "smpKind": "radioProgramme",
        "type": "media"
      }
    ]
  },
  "promo": {
    "headlines": { "headline": "BBC 코리아 라디오" },
    "locators": { "pid": "w3ct0kn5", "brandPid": "w13xttll" },
    "media": {
      "id": "w3ct0kn5",
      "subType": "episode",
      "format": "Audio",
      "title": "2020/05/04 GMT",
      "synopses": {
        "short": "한반도와 세계 곳곳의 다양한 소식을 공정하고 객관적으로 전달해 드립니다.",
        "medium": "한반도와 세계 곳곳의 다양한 소식을 공정하고 객관적으로 전달해 드립니다."
      },
      "imageUrl": "ichef.bbci.co.uk/images/ic/$recipe/p08b8lzc.png",
      "embedding": false,
      "advertising": false,
      "versions": [],
      "availability": "notAvailable",
      "smpKind": "radioProgramme",
      "type": "media"
    },
    "indexImage": {
      "id": "",
      "subType": "index",
      "href": "ichef.bbci.co.uk/images/ic/$recipe/p08b8lzc.png",
      "path": "ichef.bbci.co.uk/images/ic/$recipe/p08b8lzc.png",
      "height": 0,
      "width": 0,
      "altText": null,
      "copyrightHolder": null,
      "type": "image"
    },
    "releaseDateTimestamp": 1588550400000,
    "brand": { "pid": "w13xttll", "title": "BBC 코리아 라디오" },
    "id": "urn:bbc:ares:ws_media:page:bbc_korean_radio/w3ct0kn5",
    "type": "ws_radio"
  },
  "relatedContent": {
    "site": {
      "subType": "site",
      "name": "Korean",
      "uri": "/korean",
      "type": "simple"
    },
    "groups": [
      {
        "type": "other-episode",
        "promos": [
          {
            "headlines": { "headline": "BBC 코리아 라디오" },
            "locators": { "pid": "w3ct11yt", "brandPid": "w13xttll" },
            "media": {
              "id": "w3ct11yt",
              "subType": "episode",
              "format": "Audio",
              "title": "2020/12/17 GMT",
              "synopses": {
                "short": "한반도와 세계 곳곳의 다양한 소식을 공정하고 객관적으로 전달해 드립니다.",
                "medium": "한반도와 세계 곳곳의 다양한 소식을 공정하고 객관적으로 전달해 드립니다."
              },
              "imageUrl": "ichef.bbci.co.uk/images/ic/$recipe/p08b8lzc.png",
              "embedding": false,
              "advertising": false,
              "versions": [
                {
                  "versionId": "w4hqwr16",
                  "types": ["Original"],
                  "duration": 1140,
                  "durationISO8601": "PT19M",
                  "warnings": {},
                  "availableTerritories": {
                    "uk": false,
                    "nonUk": false,
                    "world": true
                  },
                  "availableUntil": 1608833940000,
                  "availableFrom": 1608220140000,
                  "availabilityStatus": "available"
                }
              ],
              "availability": "available",
              "smpKind": "radioProgramme",
              "type": "media"
            },
            "indexImage": {
              "id": "",
              "subType": "index",
              "href": "ichef.bbci.co.uk/images/ic/$recipe/p08b8lzc.png",
              "path": "ichef.bbci.co.uk/images/ic/$recipe/p08b8lzc.png",
              "height": 0,
              "width": 0,
              "altText": null,
              "copyrightHolder": null,
              "type": "image"
            },
            "releaseDateTimestamp": 1608163200000,
            "brand": { "pid": "w13xttll", "title": "BBC 코리아 라디오" },
            "id": "urn:bbc:ares:ws_media:page:bbc_korean_radio/w3ct11yt",
            "type": "ws_radio"
          },
          {
            "headlines": { "headline": "BBC 코리아 라디오" },
            "locators": { "pid": "w3ct1212", "brandPid": "w13xttll" },
            "media": {
              "id": "w3ct1212",
              "subType": "episode",
              "format": "Audio",
              "title": "2020/12/16 GMT",
              "synopses": {
                "short": "한반도와 세계 곳곳의 다양한 소식을 공정하고 객관적으로 전달해 드립니다.",
                "medium": "한반도와 세계 곳곳의 다양한 소식을 공정하고 객관적으로 전달해 드립니다."
              },
              "imageUrl": "ichef.bbci.co.uk/images/ic/$recipe/p08b8lzc.png",
              "embedding": false,
              "advertising": false,
              "versions": [
                {
                  "versionId": "w4hqwr3g",
                  "types": ["Original"],
                  "duration": 1140,
                  "durationISO8601": "PT19M",
                  "warnings": {},
                  "availableTerritories": {
                    "uk": false,
                    "nonUk": false,
                    "world": true
                  },
                  "availableUntil": 1608747540000,
                  "availableFrom": 1608133740000,
                  "availabilityStatus": "available"
                }
              ],
              "availability": "available",
              "smpKind": "radioProgramme",
              "type": "media"
            },
            "indexImage": {
              "id": "",
              "subType": "index",
              "href": "ichef.bbci.co.uk/images/ic/$recipe/p08b8lzc.png",
              "path": "ichef.bbci.co.uk/images/ic/$recipe/p08b8lzc.png",
              "height": 0,
              "width": 0,
              "altText": null,
              "copyrightHolder": null,
              "type": "image"
            },
            "releaseDateTimestamp": 1608076800000,
            "brand": { "pid": "w13xttll", "title": "BBC 코리아 라디오" },
            "id": "urn:bbc:ares:ws_media:page:bbc_korean_radio/w3ct1212",
            "type": "ws_radio"
          },
          {
            "headlines": { "headline": "BBC 코리아 라디오" },
            "locators": { "pid": "w3ct11zy", "brandPid": "w13xttll" },
            "media": {
              "id": "w3ct11zy",
              "subType": "episode",
              "format": "Audio",
              "title": "2020/12/15 GMT",
              "synopses": {
                "short": "한반도와 세계 곳곳의 다양한 소식을 공정하고 객관적으로 전달해 드립니다.",
                "medium": "한반도와 세계 곳곳의 다양한 소식을 공정하고 객관적으로 전달해 드립니다."
              },
              "imageUrl": "ichef.bbci.co.uk/images/ic/$recipe/p08b8lzc.png",
              "embedding": false,
              "advertising": false,
              "versions": [
                {
                  "versionId": "w4hqwr2b",
                  "types": ["Original"],
                  "duration": 1140,
                  "durationISO8601": "PT19M",
                  "warnings": {},
                  "availableTerritories": {
                    "uk": false,
                    "nonUk": false,
                    "world": true
                  },
                  "availableUntil": 1608661140000,
                  "availableFrom": 1608047340000,
                  "availabilityStatus": "available"
                }
              ],
              "availability": "available",
              "smpKind": "radioProgramme",
              "type": "media"
            },
            "indexImage": {
              "id": "",
              "subType": "index",
              "href": "ichef.bbci.co.uk/images/ic/$recipe/p08b8lzc.png",
              "path": "ichef.bbci.co.uk/images/ic/$recipe/p08b8lzc.png",
              "height": 0,
              "width": 0,
              "altText": null,
              "copyrightHolder": null,
              "type": "image"
            },
            "releaseDateTimestamp": 1607990400000,
            "brand": { "pid": "w13xttll", "title": "BBC 코리아 라디오" },
            "id": "urn:bbc:ares:ws_media:page:bbc_korean_radio/w3ct11zy",
            "type": "ws_radio"
          },
          {
            "headlines": { "headline": "BBC 코리아 라디오" },
            "locators": { "pid": "w3ct11xp", "brandPid": "w13xttll" },
            "media": {
              "id": "w3ct11xp",
              "subType": "episode",
              "format": "Audio",
              "title": "2020/12/14 GMT",
              "synopses": {
                "short": "한반도와 세계 곳곳의 다양한 소식을 공정하고 객관적으로 전달해 드립니다.",
                "medium": "한반도와 세계 곳곳의 다양한 소식을 공정하고 객관적으로 전달해 드립니다."
              },
              "imageUrl": "ichef.bbci.co.uk/images/ic/$recipe/p08b8lzc.png",
              "embedding": false,
              "advertising": false,
              "versions": [
                {
                  "versionId": "w4hqwr02",
                  "types": ["Original"],
                  "duration": 1140,
                  "durationISO8601": "PT19M",
                  "warnings": {},
                  "availableTerritories": {
                    "uk": false,
                    "nonUk": false,
                    "world": true
                  },
                  "availableUntil": 1608574740000,
                  "availableFrom": 1607960940000,
                  "availabilityStatus": "available"
                }
              ],
              "availability": "available",
              "smpKind": "radioProgramme",
              "type": "media"
            },
            "indexImage": {
              "id": "",
              "subType": "index",
              "href": "ichef.bbci.co.uk/images/ic/$recipe/p08b8lzc.png",
              "path": "ichef.bbci.co.uk/images/ic/$recipe/p08b8lzc.png",
              "height": 0,
              "width": 0,
              "altText": null,
              "copyrightHolder": null,
              "type": "image"
            },
            "releaseDateTimestamp": 1607904000000,
            "brand": { "pid": "w13xttll", "title": "BBC 코리아 라디오" },
            "id": "urn:bbc:ares:ws_media:page:bbc_korean_radio/w3ct11xp",
            "type": "ws_radio"
          },
          {
            "headlines": { "headline": "BBC 코리아 라디오" },
            "locators": { "pid": "w3ct11wj", "brandPid": "w13xttll" },
            "media": {
              "id": "w3ct11wj",
              "subType": "episode",
              "format": "Audio",
              "title": "2020/12/11 GMT",
              "synopses": {
                "short": "한반도와 세계 곳곳의 다양한 소식을 공정하고 객관적으로 전달해 드립니다.",
                "medium": "한반도와 세계 곳곳의 다양한 소식을 공정하고 객관적으로 전달해 드립니다."
              },
              "imageUrl": "ichef.bbci.co.uk/images/ic/$recipe/p08b8lzc.png",
              "embedding": false,
              "advertising": false,
              "versions": [
                {
                  "versionId": "w4hqwqyx",
                  "types": ["Original"],
                  "duration": 1140,
                  "durationISO8601": "PT19M",
                  "warnings": {},
                  "availableTerritories": {
                    "uk": false,
                    "nonUk": false,
                    "world": true
                  },
                  "availableUntil": 1608315540000,
                  "availableFrom": 1607701740000,
                  "availabilityStatus": "available"
                }
              ],
              "availability": "available",
              "smpKind": "radioProgramme",
              "type": "media"
            },
            "indexImage": {
              "id": "",
              "subType": "index",
              "href": "ichef.bbci.co.uk/images/ic/$recipe/p08b8lzc.png",
              "path": "ichef.bbci.co.uk/images/ic/$recipe/p08b8lzc.png",
              "height": 0,
              "width": 0,
              "altText": null,
              "copyrightHolder": null,
              "type": "image"
            },
            "releaseDateTimestamp": 1607644800000,
            "brand": { "pid": "w13xttll", "title": "BBC 코리아 라디오" },
            "id": "urn:bbc:ares:ws_media:page:bbc_korean_radio/w3ct11wj",
            "type": "ws_radio"
          },
          {
            "headlines": { "headline": "BBC 코리아 라디오" },
            "locators": { "pid": "w3csvzmp", "brandPid": "w13xttll" },
            "media": {
              "id": "w3csvzmp",
              "subType": "episode",
              "format": "Audio",
              "title": "2017/10/24 GMT",
              "synopses": {
                "short": "한반도와 세계 곳곳의 다양한 소식을 공정하고 객관적으로 전달해 드립니다.",
                "medium": "한반도와 세계 곳곳의 다양한 소식을 공정하고 객관적으로 전달해 드립니다."
              },
              "imageUrl": "ichef.bbci.co.uk/images/ic/$recipe/p08b8lzc.png",
              "embedding": false,
              "advertising": false,
              "versions": [
                {
                  "versionId": "w4hqqcmm",
                  "types": ["Original"],
                  "duration": 1140,
                  "durationISO8601": "PT19M",
                  "warnings": {},
                  "availableTerritories": {
                    "uk": false,
                    "nonUk": false,
                    "world": true
                  },
                  "availableFrom": 1508860140000,
                  "availabilityStatus": "available"
                }
              ],
              "availability": "available",
              "smpKind": "radioProgramme",
              "type": "media"
            },
            "indexImage": {
              "id": "",
              "subType": "index",
              "href": "ichef.bbci.co.uk/images/ic/$recipe/p08b8lzc.png",
              "path": "ichef.bbci.co.uk/images/ic/$recipe/p08b8lzc.png",
              "height": 0,
              "width": 0,
              "altText": null,
              "copyrightHolder": null,
              "type": "image"
            },
            "releaseDateTimestamp": 1508803200000,
            "brand": { "pid": "w13xttll", "title": "BBC 코리아 라디오" },
            "id": "urn:bbc:ares:ws_media:page:bbc_korean_radio/w3csvzmp",
            "type": "ws_radio"
          }
        ]
      }
    ]
  }
}
