{
  "data": {
    "generated": "2023-06-19T15:00:28.763Z",
    "lastRecordTimeStamp": "2023-06-19T14:58:00Z",
    "firstRecordTimeStamp": "2023-06-19T14:43:00Z",
    "items": [
      {
        "id": "urn:bbc:optimo:asset:cjrqqdd585vo",
        "rank": 1,
        "title": "माधव नेपालको पार्टीका सांसदहरू ‘विद्रोहको मनस्थितिमा’",
        "href": "https://www.bbc.com/nepali/articles/cjrqqdd585vo",
        "timestamp": 1687182842828
      },
      {
        "id": "urn:bbc:optimo:asset:cd1nz5zn1n1o",
        "rank": 2,
        "title": "बाढीपहिरो प्रभावितलाई 'तत्काल राहत र अस्थायी पुनर्निर्माण' सरकारको प्राथमिकता",
        "href": "https://www.bbc.com/nepali/articles/cd1nz5zn1n1o",
        "timestamp": 1687182636473
      },
      {
        "id": "urn:bbc:optimo:asset:cv2172376zdo",
        "rank": 3,
        "title": "काठमाण्डू र पोखरामा हिन्दी चलचित्रमा रोक, अदालत जाने सिनेमाघर सञ्चालकहरूको तयारी ",
        "href": "https://www.bbc.com/nepali/articles/cv2172376zdo",
        "timestamp": 1687158980401
      },
      {
        "id": "urn:bbc:optimo:asset:cv2jq8w8v61o",
        "rank": 4,
        "title": "५४ ‍ सीटसहितको समाजवादी मोर्चा घोषणामा 'वाम एकता'को चर्चा",
        "href": "https://www.bbc.com/nepali/articles/cv2jq8w8v61o",
        "timestamp": 1687180221334
      },
      {
        "id": "urn:bbc:optimo:asset:ce5nzzpym04o",
        "rank": 5,
        "title": "टेस्ट राष्ट्र जिम्बाब्वेसँग नेपाल पराजित",
        "href": "https://www.bbc.com/nepali/articles/ce5nzzpym04o",
        "timestamp": 1687098457025
      },
      {
        "id": "urn:bbc:optimo:asset:cglvjpgmvrro",
        "rank": 6,
        "title": "एउटा एप जसले यूएईमा नेपाली कामदारलाई ‘ठगीबाट जोगिन मद्दत गर्न सक्छ’",
        "href": "https://www.bbc.com/nepali/articles/cglvjpgmvrro",
        "timestamp": 1687150301618
      },
      {
        "id": "urn:bbc:optimo:asset:cw5gn3vqy0xo",
        "rank": 7,
        "title": "काठमाण्डूमा 'आदिपुरुष' को प्रदर्शन रोकियो, भारतमा पनि चर्चा ",
        "href": "https://www.bbc.com/nepali/articles/cw5gn3vqy0xo",
        "timestamp": 1686909694233
      },
      {
        "id": "urn:bbc:optimo:asset:ck591y8nyrdo",
        "rank": 8,
        "title": "चिनियाँ र अमेरिकी विदेशमन्त्रीबीच ‘खुलस्त’ कुराकानी",
        "href": "https://www.bbc.com/nepali/articles/ck591y8nyrdo",
        "timestamp": 1687146199502
      },
      {
        "id": "urn:bbc:optimo:asset:cw8l53jn4v5o",
        "rank": 9,
        "title": "दक्षिण कोरियाली पानीजहाज कम्पनीका लागि रोजगारदाताले नेपाली कामदार 'छान्ने प्रक्रिया सुरु'",
        "href": "https://www.bbc.com/nepali/articles/cw8l53jn4v5o",
        "timestamp": 1687135162504
      },
      {
        "id": "urn:bbc:optimo:asset:cv2m781j5pko",
        "rank": 10,
        "title": "काठमाण्डूका मेयर बालेन्द्र शाहका कतिपय टिप्पणी किन विवादमा पर्छन्?",
        "href": "https://www.bbc.com/nepali/articles/cv2m781j5pko",
        "timestamp": 1683106174942
      },
      {
        "id": "urn:bbc:optimo:asset:crgd2r5w0y1o",
        "rank": 11,
        "title": "'तीन जनाको  वंशाणु लिएर जन्मेका बच्चाहरू'",
        "href": "https://www.bbc.com/nepali/articles/crgd2r5w0y1o",
        "timestamp": 1687139007683
      },
      {
        "id": "urn:bbc:optimo:asset:c0k97gjl9g7o",
        "rank": 12,
        "title": "अस्ट्रेलियामा बढिरहेको छ नेपालीको सङ्ख्या, आप्रवासन नीति फेरिँदा कस्तो प्रभाव",
        "href": "https://www.bbc.com/nepali/articles/c0k97gjl9g7o",
        "timestamp": 1686893672558
      },
      {
        "id": "urn:bbc:optimo:asset:cgrm1q03zddo",
        "rank": 13,
        "title": "विश्वकप क्रिकेट छनोट: टेस्ट राष्ट्र जिम्बाब्वेको सामना गर्दै नेपाल ",
        "href": "https://www.bbc.com/nepali/articles/cgrm1q03zddo",
        "timestamp": 1687059371953
      },
      {
        "id": "urn:bbc:optimo:asset:c80d5y87dnno",
        "rank": 14,
        "title": "भ्यालरी जालुज्नी: युक्रेनी प्रत्याक्रमणका योजनाकार चिन्नुहोस्",
        "href": "https://www.bbc.com/nepali/articles/c80d5y87dnno",
        "timestamp": 1687068797122
      },
      {
        "id": "urn:bbc:optimo:asset:c72x9yy7n91o",
        "rank": 15,
        "title": "युक्रेन युद्ध: बेलारुसमा परमाणुअस्त्र पठाइएको रुसी राष्ट्रपति पुटिनद्वारा पुष्टि",
        "href": "https://www.bbc.com/nepali/articles/c72x9yy7n91o",
        "timestamp": 1686985685105
      },
      {
        "id": "ca3170bd-5c97-4ac5-8b16-a54ccc1db515",
        "rank": 16,
        "title": "यी हुन् महाकाली सन्धिमा नेपालले गरेका प्रमुख तीन 'गल्ती'",
        "href": "/nepali/news-62393464",
        "timestamp": 1659494927000
      },
      {
        "id": "674d81eb-dd59-9b41-8e34-cccf5f5a7c3e",
        "rank": 17,
        "title": "साउनदेखि लागु हुने सामाजिक सुरक्षा कोष के हो? के होइन?",
        "href": "/nepali/news-48878410",
        "timestamp": 1562340884000
      },
      {
        "id": "urn:bbc:optimo:asset:cd1k7nvr40do",
        "rank": 18,
        "title": "अमेरिकामा ट्रम्प प्रशासनविरुद्ध मुद्दा दायर गर्ने नेपालीले बाइडनबाट पाए 'न्याय'",
        "href": "https://www.bbc.com/nepali/articles/cd1k7nvr40do",
        "timestamp": 1686971325218
      },
      {
        "id": "urn:bbc:optimo:asset:c3g7njzz29po",
        "rank": 19,
        "title": "हर्क साम्पाङ: खानेपानी आपूर्तिपछि 'राजनीतिको परिभाषा बदल्ने' धरानका मेयरको सङ्कल्प",
        "href": "https://www.bbc.com/nepali/articles/c3g7njzz29po",
        "timestamp": 1686969223971
      },
      {
        "id": "4bc9e5d1-cfab-fe4a-82f6-9781693328fa",
        "rank": 20,
        "title": "के पृथ्वीनारायण शाहलाई 'बाघले खाएको' थियो",
        "href": "/nepali/news-46824299",
        "timestamp": 1673261784000
      }
    ]
  }
}
