{
  "generated": "2020-07-23T17:14:23.607Z",
  "lastRecordTimeStamp": "2030-01-01T17:00:00Z",
  "firstRecordTimeStamp": "2020-07-23T16:54:00Z",
  "totalRecords": 20,
  "records": [
    {
      "id": "faa3d930-3d87-4f0e-b5c1-2f27c6fdcb6d",
      "rank": 1,
      "count": 13,
      "urn": "urn:bbc:curie:asset:faa3d930-3d87-4f0e-b5c1-2f27c6fdcb6d",
      "promo": {
        "headlines": {
          "shortHeadline": "BBC Minute, escucha las noticias del día en 60 segundos",
          "headline": "¡Esto es BBC Minute en español!"
        },
        "locators": {
          "assetUri": "/mundo/media-53327598",
          "cpsUrn": "urn:bbc:content:assetUri:mundo/media-53327598",
          "curie": "http://www.bbc.co.uk/asset/faa3d930-3d87-4f0e-b5c1-2f27c6fdcb6d",
          "assetId": "53327598"
        },
        "summary": "Un minuto con las noticias más importantes y compartidas del mundo.",
        "timestamp": 1595519769000,
        "language": "es",
        "media": {
          "id": "53513304",
          "subType": "primary",
          "format": "audio",
          "externalId": "p08lmx7h",
          "entityType": "Clip",
          "caption": "¡Esto es BBC Minute en español!",
          "type": "external_vpid"
        },
        "indexImage": {
          "id": "108194541",
          "subType": "index",
          "href": "http://c.files.bbci.co.uk/38D5/production/_108194541_promopic.jpg",
          "path": "/cpsprodpb/38D5/production/_108194541_promopic.jpg",
          "height": 549,
          "width": 976,
          "altText": "BBC Minute con Beatriz y Jose",
          "copyrightHolder": "BBC",
          "type": "image"
        },
        "id": "urn:bbc:ares::asset:mundo/media-53327598",
        "type": "cps"
      }
    },
    {
      "id": "d2f67e69-3d3f-d44d-9f04-3f10cd6461f3",
      "rank": 2,
      "count": 5,
      "urn": "urn:bbc:curie:asset:d2f67e69-3d3f-d44d-9f04-3f10cd6461f3",
      "promo": {
        "headlines": {
          "shortHeadline": "\"Fue tan doloroso que por casi dos semanas me costó caminar\": la tragedia de los niños víctimas de abusos sexuales en India",
          "headline": "\"Fue tan doloroso que por casi dos semanas me costó caminar\": la tragedia de los niños víctimas de abusos sexuales en India"
        },
        "locators": {
          "assetUri": "/mundo/noticias-44213530",
          "cpsUrn": "urn:bbc:content:assetUri:mundo/noticias-44213530",
          "curie": "http://www.bbc.co.uk/asset/d2f67e69-3d3f-d44d-9f04-3f10cd6461f3",
          "assetId": "44213530"
        },
        "summary": "Era un adolescente cuando un “baba”, como se conocen a los sanadores espirituales en India, lo violó. Su propia familia lo llevó porque quería recibir \"bendiciones\". Se estima que cada 15 minutos, un menor de edad es abusado sexualmente en ese país, según cifras oficiales.",
        "timestamp": 1527155434000,
        "language": "es",
        "passport": {
          "category": {
            "categoryId": "http://www.bbc.co.uk/ontologies/applicationlogic-news/Feature",
            "categoryName": "Feature"
          },
          "taggings": []
        },
        "media": {
          "id": "44213531",
          "subType": "primary",
          "format": "video",
          "externalId": "p067x197",
          "entityType": "Clip",
          "caption": "Víctima de abuso",
          "type": "external_vpid"
        },
        "indexImage": {
          "id": "101678413",
          "subType": "index",
          "href": "http://c.files.bbci.co.uk/7AFF/production/_101678413_p067xf66.jpg",
          "path": "/cpsprodpb/7AFF/production/_101678413_p067xf66.jpg",
          "height": 549,
          "width": 976,
          "altText": "Victima de abuso infantil",
          "copyrightHolder": "BBC",
          "type": "image"
        },
        "id": "urn:bbc:ares::asset:mundo/noticias-44213530",
        "type": "cps"
      }
    },
    {
      "id": "9d7281a7-68be-6047-9973-edcb01d59f9f",
      "rank": 3,
      "count": 3,
      "urn": "urn:bbc:curie:asset:9d7281a7-68be-6047-9973-edcb01d59f9f",
      "promo": {
        "headlines": {
          "shortHeadline": "¿Qué significan las figuras del cuadro Guernica, la obra maestra de Pablo Picasso?",
          "headline": "¿Qué significan las figuras del cuadro Guernica, la obra maestra de Pablo Picasso?"
        },
        "locators": {
          "assetUri": "/mundo/media-39706314",
          "cpsUrn": "urn:bbc:content:assetUri:mundo/media-39706314",
          "curie": "http://www.bbc.co.uk/asset/9d7281a7-68be-6047-9973-edcb01d59f9f",
          "assetId": "39706314"
        },
        "summary": "El pintor malagueño decía que el Guernica significaba lo que cada persona viera en él. Pero los expertos siempre han intentado desentrañar el significado de la famosa pintura.",
        "timestamp": 1493144057000,
        "language": "es",
        "passport": {
          "category": {
            "categoryId": "http://www.bbc.co.uk/ontologies/applicationlogic-news/News",
            "categoryName": "News"
          },
          "taggings": []
        },
        "media": {
          "id": "39706315",
          "subType": "primary",
          "format": "video",
          "externalId": "p0510mjp",
          "entityType": "Clip",
          "caption": "Mira aquí qué significan las figuras del Guernica.",
          "type": "external_vpid"
        },
        "indexImage": {
          "id": "95777610",
          "subType": "index",
          "href": "http://c.files.bbci.co.uk/068D/production/_95777610_guernica_promo3.jpg",
          "path": "/cpsprodpb/068D/production/_95777610_guernica_promo3.jpg",
          "height": 1080,
          "width": 1920,
          "altText": "Fragmento del Guernica",
          "caption": "Fragmento del Guernica",
          "copyrightHolder": "BBC",
          "type": "image"
        },
        "id": "urn:bbc:ares::asset:mundo/media-39706314",
        "type": "cps"
      }
    },
    {
      "id": "9c955050-24f0-1140-8950-abd201937025",
      "rank": 4,
      "count": 3,
      "urn": "urn:bbc:curie:asset:9c955050-24f0-1140-8950-abd201937025",
      "promo": {
        "headlines": {
          "shortHeadline": "Documentales BBC: por qué es tan atractiva la marca \"hecho en Italia\" en los bolsos de mano de lujo",
          "headline": "Bolsos de mano de lujo: por qué es tan atractiva la marca \"hecho en Italia\" | Documentales BBC"
        },
        "locators": {
          "assetUri": "/mundo/noticias-49771545",
          "cpsUrn": "urn:bbc:content:assetUri:mundo/noticias-49771545",
          "curie": "http://www.bbc.co.uk/asset/9c955050-24f0-1140-8950-abd201937025",
          "assetId": "49771545"
        },
        "summary": "El clásico bolso de cuero italiano ha sido icono de estilo por décadas y no hay señales de que vayan a desaparecer.",
        "timestamp": 1581686974000,
        "language": "es",
        "passport": {
          "category": {
            "categoryId": "http://www.bbc.co.uk/ontologies/applicationlogic-news/Feature",
            "categoryName": "Feature"
          },
          "campaigns": [
            {
              "campaignId": "5a988e3739461b000e9dabfa",
              "campaignName": "WS - Give me perspective"
            }
          ],
          "taggings": []
        },
        "media": {
          "id": "50183535",
          "subType": "primary",
          "format": "video",
          "externalId": "p07s1h0v",
          "entityType": "Clip",
          "caption": "Made on Earth: Bolsos de mano",
          "type": "external_vpid"
        },
        "indexImage": {
          "id": "109369649",
          "subType": "index",
          "href": "http://c.files.bbci.co.uk/171E8/production/_109369649_p07s1k06.jpg",
          "path": "/cpsprodpb/171E8/production/_109369649_p07s1k06.jpg",
          "height": 549,
          "width": 976,
          "altText": "Bolso",
          "caption": "Bolso de mano",
          "copyrightHolder": "BBC",
          "type": "image"
        },
        "id": "urn:bbc:ares::asset:mundo/noticias-49771545",
        "type": "cps"
      }
    },
    {
      "id": "6f3ab22a-2a4d-4931-a2a3-221614ae7508",
      "rank": 5,
      "count": 3,
      "urn": "urn:bbc:curie:asset:6f3ab22a-2a4d-4931-a2a3-221614ae7508",
      "promo": {
        "headlines": {
          "shortHeadline": "¿Qué es el privilegio blanco?",
          "headline": "¿Qué es el privilegio blanco?"
        },
        "locators": {
          "assetUri": "/mundo/noticias-internacional-53179710",
          "cpsUrn": "urn:bbc:content:assetUri:mundo/noticias-internacional-53179710",
          "curie": "http://www.bbc.co.uk/asset/6f3ab22a-2a4d-4931-a2a3-221614ae7508",
          "assetId": "53179710"
        },
        "summary": "Después de la muerte de George Floyd, es posible que hayas visto o escuchado debates sobre el llamado privilegio blanco. En este video analizamos a quién impacta y cómo.",
        "timestamp": 1593083234000,
        "language": "es",
        "passport": {
          "category": {
            "categoryId": "http://www.bbc.co.uk/ontologies/applicationlogic-news/Feature",
            "categoryName": "Feature"
          },
          "campaigns": [
            {
              "campaignId": "5a988e3e39461b000e9dabfb",
              "campaignName": "WS - Keep me on trend"
            }
          ],
          "taggings": []
        },
        "media": {
          "id": "53179711",
          "subType": "primary",
          "format": "video",
          "externalId": "p08hzb6r",
          "entityType": "Clip",
          "caption": "¿Qué es el privilegio blanco?",
          "type": "external_vpid"
        },
        "indexImage": {
          "id": "113094409",
          "subType": "index",
          "href": "http://c.files.bbci.co.uk/16151/production/_113094409_p08hzbvd.jpg",
          "path": "/cpsprodpb/16151/production/_113094409_p08hzbvd.jpg",
          "height": 576,
          "width": 1024,
          "altText": "Balanza que ilustra elcomcepto de privilegio blaco",
          "copyrightHolder": "BBC",
          "type": "image"
        },
        "id": "urn:bbc:ares::asset:mundo/noticias-internacional-53179710",
        "type": "cps"
      }
    },
    {
      "id": "6eb010ff-83ec-ee43-855a-3db22c005d97",
      "rank": 6,
      "count": 3,
      "urn": "urn:bbc:curie:asset:6eb010ff-83ec-ee43-855a-3db22c005d97",
      "promo": {
        "headlines": {
          "shortHeadline": "La extraordinaria red oculta que permite a los árboles ayudarse o atacarse entre sí",
          "headline": "La extraordinaria red oculta que permite a los árboles ayudarse o atacarse entre sí"
        },
        "locators": {
          "assetUri": "/mundo/media-44704228",
          "cpsUrn": "urn:bbc:content:assetUri:mundo/media-44704228",
          "curie": "http://www.bbc.co.uk/asset/6eb010ff-83ec-ee43-855a-3db22c005d97",
          "assetId": "44704228"
        },
        "summary": "Los árboles se comunican a nivel subterráneo a través de un asombroso sistema que los nutre y del cual otras plantas buscan aprovecharse.",
        "timestamp": 1530707002000,
        "language": "es",
        "passport": {
          "category": {
            "categoryId": "http://www.bbc.co.uk/ontologies/applicationlogic-news/Explainer",
            "categoryName": "Explainer"
          },
          "campaigns": [
            {
              "campaignId": "5a988e2939461b000e9dabf8",
              "campaignName": "Educate me"
            }
          ],
          "taggings": []
        },
        "media": {
          "id": "44704229",
          "subType": "primary",
          "format": "video",
          "externalId": "p06crypy",
          "entityType": "Clip",
          "caption": "Los árboles hablan entre ellos en secreto y esto es lo que dicen",
          "type": "external_vpid"
        },
        "indexImage": {
          "id": "102319325",
          "subType": "index",
          "href": "http://c.files.bbci.co.uk/CCA7/production/_102319325_p06crzzk.jpg",
          "path": "/cpsprodpb/CCA7/production/_102319325_p06crzzk.jpg",
          "height": 576,
          "width": 1024,
          "altText": "Dibujo que simboliza a dos árboles comunicándose bajo la tierra",
          "copyrightHolder": "BBC",
          "type": "image"
        },
        "id": "urn:bbc:ares::asset:mundo/media-44704228",
        "type": "cps"
      }
    },
    {
      "id": "f644babb-8f18-9143-b140-9ca9bc932a3b",
      "rank": 7,
      "count": 2,
      "urn": "urn:bbc:curie:asset:f644babb-8f18-9143-b140-9ca9bc932a3b",
      "promo": {
        "headlines": {
          "shortHeadline": "¿Cómo se hace el chocolate más caro del mundo y cuánto cuesta?",
          "headline": "¿Cómo se hace el chocolate más caro del mundo y cuánto cuesta?"
        },
        "locators": {
          "assetUri": "/mundo/media-43474840",
          "cpsUrn": "urn:bbc:content:assetUri:mundo/media-43474840",
          "curie": "http://www.bbc.co.uk/asset/f644babb-8f18-9143-b140-9ca9bc932a3b",
          "assetId": "43474840"
        },
        "summary": "¿Cuánto pagarías por un bombón de chocolate? Este dulce de diamante tiene el Récord Guinness por ser el más costoso, ¿qué lo hace tan especial?",
        "timestamp": 1521554419000,
        "language": "es",
        "passport": {
          "category": {
            "categoryId": "http://www.bbc.co.uk/ontologies/applicationlogic-news/News",
            "categoryName": "News"
          },
          "taggings": []
        },
        "media": {
          "id": "43474841",
          "subType": "primary",
          "format": "video",
          "externalId": "p061ql31",
          "entityType": "Clip",
          "caption": "¿Cómo se hace el chocolate más caro del mundo y cuánto cuesta?",
          "type": "external_vpid"
        },
        "indexImage": {
          "id": "100496331",
          "subType": "index",
          "href": "http://c.files.bbci.co.uk/3439/production/_100496331_p061qltn.jpg",
          "path": "/cpsprodpb/3439/production/_100496331_p061qltn.jpg",
          "height": 549,
          "width": 976,
          "altText": "chocolate con forma de diamante",
          "caption": "chocolate con forma de diamante",
          "copyrightHolder": "BBC",
          "type": "image"
        },
        "id": "urn:bbc:ares::asset:mundo/media-43474840",
        "type": "cps"
      }
    },
    {
      "id": "f03dc7e0-acd9-b549-aeac-06ae192c5ee1",
      "rank": 8,
      "count": 2,
      "urn": "urn:bbc:curie:asset:f03dc7e0-acd9-b549-aeac-06ae192c5ee1",
      "promo": {
        "headlines": {
          "shortHeadline": "\"Sacó su machete y les cortó el cuello\": la mujer que perdonó al asesino de sus hijos",
          "headline": "25 años del genocidio en Ruanda: la mujer que perdonó al asesino de sus hijos"
        },
        "locators": {
          "assetUri": "/mundo/noticias-internacional-47829336",
          "cpsUrn": "urn:bbc:content:assetUri:mundo/noticias-internacional-47829336",
          "curie": "http://www.bbc.co.uk/asset/f03dc7e0-acd9-b549-aeac-06ae192c5ee1",
          "assetId": "47829336"
        },
        "summary": "El vecino de Anne-Marie se volvió contra ella y les cortó el cuello a dos de sus hijos durante el genocidio de Ruanda, durante el cual 800.000 personas fueron asesinadas.",
        "timestamp": 1554500604000,
        "language": "es",
        "passport": {
          "category": {
            "categoryId": "http://www.bbc.co.uk/ontologies/applicationlogic-news/News",
            "categoryName": "News"
          },
          "campaigns": [
            {
              "campaignId": "5a988e3739461b000e9dabfa",
              "campaignName": "WS - Give me perspective"
            }
          ],
          "taggings": []
        },
        "media": {
          "id": "47829337",
          "subType": "primary",
          "format": "video",
          "externalId": "p075m81h",
          "entityType": "Clip",
          "caption": "Se cumplen 25 años del genocidio de Ruanda, en el que 800.000 personas fueron asesinadas.",
          "type": "external_vpid"
        },
        "indexImage": {
          "id": "106315678",
          "subType": "index",
          "href": "http://c.files.bbci.co.uk/15663/production/_106315678_p075m9m4.jpg",
          "path": "/cpsprodpb/15663/production/_106315678_p075m9m4.jpg",
          "height": 576,
          "width": 1024,
          "altText": "Anne-Marie.",
          "copyrightHolder": "BBC",
          "type": "image"
        },
        "id": "urn:bbc:ares::asset:mundo/noticias-internacional-47829336",
        "type": "cps"
      }
    },
    {
      "id": "e6b99972-7860-7d49-9159-b47c5689b641",
      "rank": 9,
      "count": 2,
      "urn": "urn:bbc:curie:asset:e6b99972-7860-7d49-9159-b47c5689b641",
      "promo": {
        "headlines": {
          "shortHeadline": "La inmensa grieta que muestra cómo el Cuerno de África se está separando del continente",
          "headline": "La inmensa grieta que muestra cómo el Cuerno de África se está separando del continente"
        },
        "locators": {
          "assetUri": "/mundo/media-43620005",
          "cpsUrn": "urn:bbc:content:assetUri:mundo/media-43620005",
          "curie": "http://www.bbc.co.uk/asset/e6b99972-7860-7d49-9159-b47c5689b641",
          "assetId": "43620005"
        },
        "summary": "Según algunos geólogos, una gigantesca fisura en el suroeste de Kenia muestra cómo, en millones de años, una región del continente africano podría quedar separada del resto.",
        "timestamp": 1522685309000,
        "language": "es",
        "passport": {
          "category": {
            "categoryId": "http://www.bbc.co.uk/ontologies/applicationlogic-news/News",
            "categoryName": "News"
          },
          "taggings": []
        },
        "media": {
          "id": "43620006",
          "subType": "primary",
          "format": "video",
          "externalId": "p0632m1p",
          "entityType": "Clip",
          "caption": "La inmensa grieta que muestra cómo el Cuerno de África se está separando del continente",
          "type": "external_vpid"
        },
        "indexImage": {
          "id": "100662784",
          "subType": "index",
          "href": "http://c.files.bbci.co.uk/BE56/production/_100662784_p0632ndc.jpg",
          "path": "/cpsprodpb/BE56/production/_100662784_p0632ndc.jpg",
          "height": 549,
          "width": 976,
          "altText": "Grieta en Kenia",
          "copyrightHolder": "BBC",
          "type": "image"
        },
        "id": "urn:bbc:ares::asset:mundo/media-43620005",
        "type": "cps"
      }
    },
    {
      "id": "e54d04ca-4044-6041-8853-104e28ceeae4",
      "rank": 10,
      "count": 2,
      "urn": "urn:bbc:curie:asset:e54d04ca-4044-6041-8853-104e28ceeae4",
      "promo": {
        "headlines": {
          "shortHeadline": "Los curiosos nuevos saludos para evitar el contagio del coronavirus",
          "headline": "Coronavirus: curiosos nuevos saludos para evitar el contagio del covid-19"
        },
        "locators": {
          "assetUri": "/mundo/media-51759653",
          "cpsUrn": "urn:bbc:content:assetUri:mundo/media-51759653",
          "curie": "http://www.bbc.co.uk/asset/e54d04ca-4044-6041-8853-104e28ceeae4",
          "assetId": "51759653"
        },
        "summary": "A pesar del avance de la epidemia del nuevo coronavirus, en distintas partes del mundo se han inventado curiosas formas de saludarse, como una forma de evitar el contagio.",
        "timestamp": 1583429931000,
        "language": "es",
        "passport": {
          "category": {
            "categoryId": "http://www.bbc.co.uk/ontologies/applicationlogic-news/Explainer",
            "categoryName": "Explainer"
          },
          "campaigns": [
            {
              "campaignId": "5a988e3139461b000e9dabf9",
              "campaignName": "WS - Divert me"
            }
          ],
          "taggings": []
        },
        "media": {
          "id": "51759654",
          "subType": "primary",
          "format": "video",
          "externalId": "p085ry0x",
          "entityType": "Clip",
          "caption": "Coronavirus: curiosos nuevos saludos para evitar el contagio del covid-19",
          "type": "external_vpid"
        },
        "indexImage": {
          "id": "111154463",
          "subType": "index",
          "href": "http://c.files.bbci.co.uk/8E5D/production/_111154463_p085s09l.jpg",
          "path": "/cpsprodpb/8E5D/production/_111154463_p085s09l.jpg",
          "height": 549,
          "width": 976,
          "altText": "A pesar del avance de la epidemia del nuevo coronavirus, en distintas partes del mundo se han inventado divertidas formas de saludarse, como una forma de evitar el contagio.",
          "copyrightHolder": "El \"saludo de Wuhan\", el toque de un codo contra o",
          "type": "image"
        },
        "id": "urn:bbc:ares::asset:mundo/media-51759653",
        "type": "cps"
      }
    },
    {
      "id": "d13b7ce8-6377-734b-a766-1d462fdab108",
      "rank": 11,
      "count": 2,
      "urn": "urn:bbc:curie:asset:d13b7ce8-6377-734b-a766-1d462fdab108",
      "promo": {
        "headlines": {
          "shortHeadline": "El movimiento de los agujeros negros gigantes que prueba teorías de Einstein y Hawking",
          "headline": "Agujero negros: el \"baile\" de dos gigantes en el espacio que prueba teorías de Einstein y Hawking"
        },
        "locators": {
          "assetUri": "/mundo/media-52481764",
          "cpsUrn": "urn:bbc:content:assetUri:mundo/media-52481764",
          "curie": "http://www.bbc.co.uk/asset/d13b7ce8-6377-734b-a766-1d462fdab108",
          "assetId": "52481764"
        },
        "summary": "El agujero negro más pequeño perfora el disco de acreción, compuesto de gas y polvo, dos veces cada 12 años.",
        "timestamp": 1588284871000,
        "language": "es",
        "passport": {
          "category": {
            "categoryId": "http://www.bbc.co.uk/ontologies/applicationlogic-news/Explainer",
            "categoryName": "Explainer"
          },
          "campaigns": [
            {
              "campaignId": "5a988e3739461b000e9dabfa",
              "campaignName": "WS - Give me perspective"
            }
          ],
          "taggings": []
        },
        "media": {
          "id": "52465236",
          "subType": "primary",
          "format": "video",
          "externalId": "p08bqgrx",
          "entityType": "Clip",
          "caption": "Ilustración de OJ 287: el agujero negro más pequeño perfora el disco de acreción, compuesto de gas y polvo, dos veces cada 12 años.",
          "type": "external_vpid"
        },
        "indexImage": {
          "id": "112014911",
          "subType": "index",
          "href": "http://c.files.bbci.co.uk/2EA5/production/_112014911_p08bql52.jpg",
          "path": "/cpsprodpb/2EA5/production/_112014911_p08bql52.jpg",
          "height": 576,
          "width": 1024,
          "altText": "Artwork of OJ 287",
          "copyrightHolder": "R.Hurt/Abhimanyu.S",
          "type": "image"
        },
        "id": "urn:bbc:ares::asset:mundo/media-52481764",
        "type": "cps"
      }
    },
    {
      "id": "94d08dd0-dbce-11e5-8e9a-3df13db9bd6e",
      "rank": 12,
      "count": 2,
      "urn": "urn:bbc:curie:asset:94d08dd0-dbce-11e5-8e9a-3df13db9bd6e",
      "promo": {
        "headlines": {
          "shortHeadline": "¿Cuántas veces se le escapó de las manos el Oscar a Leonardo DiCaprio?",
          "headline": "¿Cuántas veces se le escapó de las manos el Oscar a Leonardo DiCaprio?"
        },
        "locators": {
          "assetUri": "/mundo/video_fotos/2016/02/160225_video_oscar_nominaciones_leonardo_dicaprio_lp",
          "cpsUrn": "urn:bbc:content:assetUri:mundo/video_fotos/2016/02/160225_video_oscar_nominaciones_leonardo_dicaprio_lp",
          "curie": "http://www.bbc.co.uk/asset/94d08dd0-dbce-11e5-8e9a-3df13db9bd6e",
          "assetId": "42747602"
        },
        "summary": "Su talento le ha valido numerosas nominaciones. Sin embargo, en cada ocasión, otro actor se ha llevado la prestigiosa estatuilla. Te contamos quienes le arrebataron el honor, con qué películas y cuándo. ",
        "timestamp": 1456412913000,
        "language": "es",
        "passport": {
          "taggings": []
        },
        "media": {
          "id": "42747602",
          "subType": "primary",
          "format": "video",
          "image": {
            "id": "42747602",
            "subType": "thumbnail",
            "href": "http://a.files.bbci.co.uk/worldservice/live/assets/images/2016/02/25/160225150146_leo2_640x360_ap_nocredit.jpg",
            "path": "/amz/worldservice/live/assets/images/2016/02/25/160225150146_leo2_640x360_ap_nocredit.jpg",
            "height": 360,
            "width": 640,
            "altText": "Leonardo DiCaprio",
            "copyrightHolder": "",
            "type": "image"
          },
          "aspectRatio": "16:9",
          "live": false,
          "href": "http://www.bbc.co.uk/mundo/meta/dps/2016/02/emp/160225_video_oscar_nominaciones_leonardo_dicaprio_lp.emp.xml",
          "playlist": [
            {
              "format": "mp4",
              "bitrate": "168000",
              "url": "https://wsodprogrf.akamaized.net/mundo/dps/2016/02/video_dicaprio_16x9_lo.mp4"
            },
            {
              "format": "mp4",
              "bitrate": "320000",
              "url": "https://wsodprogrf.akamaized.net/mundo/dps/2016/02/video_dicaprio_16x9_med.mp4"
            },
            {
              "format": "mp4",
              "bitrate": "904000",
              "url": "https://wsodprogrf.akamaized.net/mundo/dps/2016/02/video_dicaprio_16x9_hi.mp4"
            }
          ],
          "type": "legacyMedia"
        },
        "indexImage": {
          "id": "d5e250",
          "subType": "index",
          "href": "http://a.files.bbci.co.uk/worldservice/live/assets/images/2016/02/25/160225150146_leo2_144x81_ap_nocredit.jpg",
          "path": "/amz/worldservice/live/assets/images/2016/02/25/160225150146_leo2_144x81_ap_nocredit.jpg",
          "height": 81,
          "width": 144,
          "altText": "Leonardo DiCaprio",
          "copyrightHolder": "AP",
          "type": "image"
        },
        "id": "urn:bbc:ares::asset:mundo/video_fotos/2016/02/160225_video_oscar_nominaciones_leonardo_dicaprio_lp",
        "type": "cps"
      }
    },
    {
      "id": "8dfda996-16c7-11e6-a5a9-58ba3db9bd6e",
      "rank": 13,
      "count": 2,
      "urn": "urn:bbc:curie:asset:8dfda996-16c7-11e6-a5a9-58ba3db9bd6e",
      "promo": {
        "headlines": {
          "shortHeadline": "¿Por qué flotan los astronautas en el espacio? (y no es por la falta de gravedad)",
          "headline": "¿Por qué flotan los astronautas en el espacio? (y no es por la falta de gravedad)"
        },
        "locators": {
          "assetUri": "/mundo/video_fotos/2016/05/160510_video_por_que_flotan_astronautas_gravedad_gtg",
          "cpsUrn": "urn:bbc:content:assetUri:mundo/video_fotos/2016/05/160510_video_por_que_flotan_astronautas_gravedad_gtg",
          "curie": "http://www.bbc.co.uk/asset/8dfda996-16c7-11e6-a5a9-58ba3db9bd6e",
          "assetId": "43769007"
        },
        "summary": "Una de las imágenes que quizás nos viene a la cabeza cuando hablamos del espacio es la de objetos y personas suspendidas, como si volaran. Puede que asumamos que es por la falta de gravedad, pero te contamos por qué eso no es cierto.",
        "timestamp": 1462960692000,
        "language": "es",
        "passport": {
          "taggings": []
        },
        "media": {
          "id": "43769007",
          "subType": "primary",
          "format": "video",
          "image": {
            "id": "43769007",
            "subType": "thumbnail",
            "href": "http://a.files.bbci.co.uk/worldservice/live/assets/images/2016/05/10/160510171809_astronauta_640x360_getty_nocredit.jpg",
            "path": "/amz/worldservice/live/assets/images/2016/05/10/160510171809_astronauta_640x360_getty_nocredit.jpg",
            "height": 360,
            "width": 640,
            "altText": "Astronauta Sandy Magnus",
            "copyrightHolder": "",
            "type": "image"
          },
          "aspectRatio": "16:9",
          "live": false,
          "href": "http://www.bbc.co.uk/mundo/meta/dps/2016/05/emp/160510_video_por_que_flotan_astronautas_gravedad_gtg.emp.xml",
          "playlist": [
            {
              "format": "mp4",
              "bitrate": "168000",
              "url": "https://wsodprogrf.akamaized.net/mundo/dps/2016/05/microgravedad_final_16x9_lo.mp4"
            },
            {
              "format": "mp4",
              "bitrate": "320000",
              "url": "https://wsodprogrf.akamaized.net/mundo/dps/2016/05/microgravedad_final_16x9_med.mp4"
            },
            {
              "format": "mp4",
              "bitrate": "904000",
              "url": "https://wsodprogrf.akamaized.net/mundo/dps/2016/05/microgravedad_final_16x9_hi.mp4"
            }
          ],
          "type": "legacyMedia"
        },
        "indexImage": {
          "id": "d5e303",
          "subType": "index",
          "href": "http://a.files.bbci.co.uk/worldservice/live/assets/images/2016/05/10/160510171809_astronauta_640x360_getty_nocredit.jpg",
          "path": "/amz/worldservice/live/assets/images/2016/05/10/160510171809_astronauta_640x360_getty_nocredit.jpg",
          "height": 360,
          "width": 640,
          "altText": "Astronauta Sandy Magnus",
          "copyrightHolder": "Getty",
          "type": "image"
        },
        "id": "urn:bbc:ares::asset:mundo/video_fotos/2016/05/160510_video_por_que_flotan_astronautas_gravedad_gtg",
        "type": "cps"
      }
    },
    {
      "id": "86bc98a0-9663-6745-99db-a0441a8d139e",
      "rank": 14,
      "count": 2,
      "urn": "urn:bbc:curie:asset:86bc98a0-9663-6745-99db-a0441a8d139e",
      "promo": {
        "headlines": {
          "shortHeadline": "¿En qué se diferencian el idioma chino mandarín y el cantonés?",
          "headline": "¿En qué se diferencian el idioma chino mandarín y el cantonés?"
        },
        "locators": {
          "assetUri": "/mundo/media-40459362",
          "cpsUrn": "urn:bbc:content:assetUri:mundo/media-40459362",
          "curie": "http://www.bbc.co.uk/asset/86bc98a0-9663-6745-99db-a0441a8d139e",
          "assetId": "40459362"
        },
        "summary": "Uno es el idioma oficial de China, el otro se habla en Hong Kong, Macao y la provincia de Cantón. ¿Pero sabrías distinguirlos? Esta es una guía básica para entender las diferencias.",
        "timestamp": 1498825054000,
        "language": "es",
        "passport": {
          "category": {
            "categoryId": "http://www.bbc.co.uk/ontologies/applicationlogic-news/News",
            "categoryName": "News"
          },
          "taggings": []
        },
        "media": {
          "id": "40459363",
          "subType": "primary",
          "format": "video",
          "externalId": "p057cyss",
          "entityType": "Clip",
          "caption": "¿En qué se diferencian el idioma mandarín y el cantonés?",
          "type": "external_vpid"
        },
        "indexImage": {
          "id": "96750647",
          "subType": "index",
          "href": "http://c.files.bbci.co.uk/1236D/production/_96750647_p057d15t.jpg",
          "path": "/cpsprodpb/1236D/production/_96750647_p057d15t.jpg",
          "height": 576,
          "width": 1024,
          "altText": "Ideograma chino",
          "copyrightHolder": "Getty Images",
          "type": "image"
        },
        "id": "urn:bbc:ares::asset:mundo/media-40459362",
        "type": "cps"
      }
    },
    {
      "id": "8649d31b-6c34-bc46-9027-e8a83e91c297",
      "rank": 15,
      "count": 2,
      "urn": "urn:bbc:curie:asset:8649d31b-6c34-bc46-9027-e8a83e91c297",
      "promo": {
        "headlines": {
          "shortHeadline": "Las imágenes del hallazgo de Víctor Vescovo, récord de la inmersión más profunda en la fosa de las Marianas",
          "headline": "Fosa de las Marianas: las imágenes del hallazgo de Víctor Vescovo, récord de la inmersión más profunda"
        },
        "locators": {
          "assetUri": "/mundo/noticias-48274790",
          "cpsUrn": "urn:bbc:content:assetUri:mundo/noticias-48274790",
          "curie": "http://www.bbc.co.uk/asset/8649d31b-6c34-bc46-9027-e8a83e91c297",
          "assetId": "48274790"
        },
        "summary": "El explorador estadounidense Víctor Vescovo logró un récord sin precedentes y estas son las imágenes de su inmersión en la fosa de las Marianas, en el océano Pacífico.",
        "timestamp": 1557853296000,
        "language": "es",
        "passport": {
          "category": {
            "categoryId": "http://www.bbc.co.uk/ontologies/applicationlogic-news/News",
            "categoryName": "News"
          },
          "campaigns": [
            {
              "campaignId": "5a988e1739461b000e9dabf6",
              "campaignName": "WS - CS"
            }
          ],
          "taggings": []
        },
        "media": {
          "id": "48274793",
          "subType": "primary",
          "format": "video",
          "externalId": "p0796c23",
          "entityType": "Clip",
          "caption": "Las imágenes del hallazgo de Víctor Vescovo, récord de la inmersión más profunda en la fosa de las Marianas",
          "type": "external_vpid"
        },
        "indexImage": {
          "id": "106959888",
          "subType": "index",
          "href": "http://c.files.bbci.co.uk/15B3F/production/_106959888_p0796dhy.jpg",
          "path": "/cpsprodpb/15B3F/production/_106959888_p0796dhy.jpg",
          "height": 549,
          "width": 976,
          "altText": "Profundidad del mar",
          "copyrightHolder": "BBC",
          "type": "image"
        },
        "id": "urn:bbc:ares::asset:mundo/noticias-48274790",
        "type": "cps"
      }
    },
    {
      "id": "83a1e880-44af-764a-b041-f74e06862d25",
      "rank": 16,
      "count": 2,
      "urn": "urn:bbc:curie:asset:83a1e880-44af-764a-b041-f74e06862d25",
      "promo": {
        "headlines": {
          "shortHeadline": "Aprende inglés: la empresa que crea carne de pollo en un laboratorio",
          "headline": "Aprende inglés: la empresa que crea carne de pollo en un laboratorio"
        },
        "locators": {
          "assetUri": "/mundo/aprenda-ingles-45991978",
          "cpsUrn": "urn:bbc:content:assetUri:mundo/aprenda-ingles-45991978",
          "curie": "http://www.bbc.co.uk/asset/83a1e880-44af-764a-b041-f74e06862d25",
          "assetId": "45991978"
        },
        "summary": "En esta nueva serie, los periodistas de la BBC te ayudan a practicar inglés con una noticia de la semana. Mira el video y aprende nuevo vocabulario.",
        "timestamp": 1540811757000,
        "language": "es",
        "passport": {
          "category": {
            "categoryId": "http://www.bbc.co.uk/ontologies/applicationlogic-news/News",
            "categoryName": "News"
          },
          "campaigns": [
            {
              "campaignId": "5a988e2939461b000e9dabf8",
              "campaignName": "Educate me"
            }
          ],
          "taggings": []
        },
        "media": {
          "id": "45991979",
          "subType": "primary",
          "format": "video",
          "externalId": "p06pygfn",
          "entityType": "Clip",
          "caption": "Aprende inglés: la empresa que crea carne de pollo en un laboratorio",
          "type": "external_vpid"
        },
        "indexImage": {
          "id": "104042248",
          "subType": "index",
          "href": "http://c.files.bbci.co.uk/14900/production/_104042248_p06pyhc2.jpg",
          "path": "/cpsprodpb/14900/production/_104042248_p06pyhc2.jpg",
          "height": 549,
          "width": 976,
          "altText": "Carne de laboratorio",
          "copyrightHolder": "BBC",
          "type": "image"
        },
        "id": "urn:bbc:ares::asset:mundo/aprenda-ingles-45991978",
        "type": "cps"
      }
    },
    {
      "id": "6d50f055-a5cd-974c-b775-f1e8b64c8fc0",
      "rank": 17,
      "count": 2,
      "urn": "urn:bbc:curie:asset:6d50f055-a5cd-974c-b775-f1e8b64c8fc0",
      "promo": {
        "headlines": {
          "shortHeadline": "Especias: los sabores que cambiaron el mundo",
          "headline": "Documentales BBC: cómo las especias cambiaron el mundo"
        },
        "locators": {
          "assetUri": "/mundo/noticias-49771544",
          "cpsUrn": "urn:bbc:content:assetUri:mundo/noticias-49771544",
          "curie": "http://www.bbc.co.uk/asset/6d50f055-a5cd-974c-b775-f1e8b64c8fc0",
          "assetId": "49771544"
        },
        "summary": "El apetito insaciable por especias de todo el mundo fue la chispa que dio inicio a la globalización.",
        "timestamp": 1581089608000,
        "language": "es",
        "passport": {
          "category": {
            "categoryId": "http://www.bbc.co.uk/ontologies/applicationlogic-news/Feature",
            "categoryName": "Feature"
          },
          "campaigns": [
            {
              "campaignId": "5a988e3739461b000e9dabfa",
              "campaignName": "WS - Give me perspective"
            }
          ],
          "taggings": []
        },
        "media": {
          "id": "50063490",
          "subType": "primary",
          "format": "video",
          "externalId": "p07r3g3v",
          "entityType": "Clip",
          "caption": "Los sabores que cambiaron el mundo",
          "type": "external_vpid"
        },
        "indexImage": {
          "id": "109248052",
          "subType": "index",
          "href": "http://c.files.bbci.co.uk/61FC/production/_109248052_p07r3yp9.jpg",
          "path": "/cpsprodpb/61FC/production/_109248052_p07r3yp9.jpg",
          "height": 576,
          "width": 1024,
          "altText": "Especias",
          "copyrightHolder": "BBC",
          "type": "image"
        },
        "id": "urn:bbc:ares::asset:mundo/noticias-49771544",
        "type": "cps"
      }
    },
    {
      "id": "1ebea599-57d3-483d-b346-8e0091354978",
      "rank": 18,
      "count": 2,
      "urn": "urn:bbc:curie:asset:1ebea599-57d3-483d-b346-8e0091354978",
      "promo": {
        "headlines": {
          "shortHeadline": "Así funcionan las barreras contra inundaciones que Venecia probó por primera vez",
          "headline": "Venecia: así funcionan las barreras contra inundaciones que probó la ciudad por primera vez"
        },
        "locators": {
          "assetUri": "/mundo/media-53378564",
          "cpsUrn": "urn:bbc:content:assetUri:mundo/media-53378564",
          "curie": "http://www.bbc.co.uk/asset/1ebea599-57d3-483d-b346-8e0091354978",
          "assetId": "53378564"
        },
        "summary": "Por primera vez en 15 años desde que comenzó su construcción, Venecia llevó a cabo pruebas de uso de las 78 compuertas móviles para prevenir futuras inundaciones.",
        "timestamp": 1594508524000,
        "language": "es",
        "passport": {
          "category": {
            "categoryId": "http://www.bbc.co.uk/ontologies/applicationlogic-news/News",
            "categoryName": "News"
          },
          "campaigns": [
            {
              "campaignId": "5a988e3e39461b000e9dabfb",
              "campaignName": "WS - Keep me on trend"
            }
          ],
          "taggings": []
        },
        "media": {
          "id": "53361512",
          "subType": "primary",
          "format": "video",
          "externalId": "p08kd4vn",
          "entityType": "Clip",
          "caption": "La prueba de 78 compuertas móviles fue un éxito, según las autoridades",
          "type": "external_vpid"
        },
        "indexImage": {
          "id": "113324348",
          "subType": "index",
          "href": "http://c.files.bbci.co.uk/14976/production/_113324348_p08kd8kp.jpg",
          "path": "/cpsprodpb/14976/production/_113324348_p08kd8kp.jpg",
          "height": 576,
          "width": 1024,
          "altText": "Barreras en Venice",
          "copyrightHolder": "Reuters",
          "type": "image"
        },
        "id": "urn:bbc:ares::asset:mundo/media-53378564",
        "type": "cps"
      }
    },
    {
      "id": "e91b60c8-a86d-11e2-9c4c-3738a79c3f60",
      "rank": 19,
      "count": 1,
      "urn": "urn:bbc:curie:asset:e91b60c8-a86d-11e2-9c4c-3738a79c3f60",
      "promo": {
        "headlines": {
          "shortHeadline": "El sonido del Big Bang",
          "headline": "El sonido del Big Bang"
        },
        "locators": {
          "assetUri": "/mundo/video_fotos/2013/04/130418_audio_big_bang_tsb",
          "cpsUrn": "urn:bbc:content:assetUri:mundo/video_fotos/2013/04/130418_audio_big_bang_tsb",
          "curie": "http://www.bbc.co.uk/asset/e91b60c8-a86d-11e2-9c4c-3738a79c3f60"
        },
        "summary": "Escuche a continuación cómo sonó el Big Bang.",
        "timestamp": 1366321868000,
        "language": "es",
        "passport": {
          "taggings": []
        },
        "media": {
          "id": "24193481",
          "subType": "primary",
          "format": "audio",
          "live": false,
          "href": "http://www.bbc.co.uk/mundo/meta/dps/2013/04/emp/130418_audio_big_bang_tsb.emp.xml",
          "playlist": [
            {
              "format": "mp3",
              "bitrate": "32000",
              "url": "https://wsodprogrf.akamaized.net/mp3/mundo/2013/04/bbsnd100_130418_audio_big_bang_tsb_au_nb.mp3"
            },
            {
              "format": "mp3",
              "bitrate": "96000",
              "url": "https://wsodprogrf.akamaized.net/mundo/dps/2013/04/bbsnd100_130418_audio_big_bang_tsb_au_bb.mp3"
            }
          ],
          "type": "legacyMedia"
        },
        "indexImage": {
          "id": "d5e213",
          "subType": "index",
          "href": "http://a.files.bbci.co.uk/worldservice/live/assets/images/2013/04/19/130419153925_plank_big_bang_112x63_bbc_nocredit.jpg",
          "path": "/amz/worldservice/live/assets/images/2013/04/19/130419153925_plank_big_bang_112x63_bbc_nocredit.jpg",
          "height": 63,
          "width": 112,
          "altText": "",
          "copyrightHolder": "",
          "type": "image"
        },
        "id": "urn:bbc:ares::asset:mundo/video_fotos/2013/04/130418_audio_big_bang_tsb",
        "type": "cps"
      }
    },
    {
      "id": "d5f41d1e-615d-e04d-9aaf-ad6cb5c493c8",
      "rank": 20,
      "count": 1,
      "urn": "urn:bbc:curie:asset:d5f41d1e-615d-e04d-9aaf-ad6cb5c493c8",
      "promo": {
        "headlines": {
          "shortHeadline": "La reina guerrera africana que con cada batalla se llevaba a un marido como botín (y luego lo condenaba a muerte)",
          "headline": "Amina de Zaria, la reina guerrera africana que dirigió un ejército de 20.000 hombres"
        },
        "locators": {
          "assetUri": "/mundo/media-45008727",
          "cpsUrn": "urn:bbc:content:assetUri:mundo/media-45008727",
          "curie": "http://www.bbc.co.uk/asset/d5f41d1e-615d-e04d-9aaf-ad6cb5c493c8",
          "assetId": "45008727"
        },
        "summary": "Amina fue una legendaria reina guerrera que lideró en el siglo XVI a un ejército hausa de 20.000 hombres, con el que hizo numerosas conquistas en lo que hoy es Nigeria.",
        "timestamp": 1532957811000,
        "language": "es",
        "passport": {
          "category": {
            "categoryId": "http://www.bbc.co.uk/ontologies/applicationlogic-news/Feature",
            "categoryName": "Feature"
          },
          "campaigns": [
            {
              "campaignId": "5a988e1739461b000e9dabf6",
              "campaignName": "CS"
            },
            {
              "campaignId": "5a988e2139461b000e9dabf7",
              "campaignName": "Inspire me"
            },
            {
              "campaignId": "5a988e2939461b000e9dabf8",
              "campaignName": "Educate me"
            }
          ],
          "taggings": []
        },
        "media": {
          "id": "45008728",
          "subType": "primary",
          "format": "video",
          "externalId": "p06g37vd",
          "entityType": "Clip",
          "caption": "Amina fue una legendaria reina guerrera que lideró a 20.000 hombres en el siglo XVI.",
          "type": "external_vpid"
        },
        "indexImage": {
          "id": "102758837",
          "subType": "index",
          "href": "http://c.files.bbci.co.uk/1209D/production/_102758837_p06g3ch9.jpg",
          "path": "/cpsprodpb/1209D/production/_102758837_p06g3ch9.jpg",
          "height": 576,
          "width": 1024,
          "altText": "Ilustración de la reina Amina delante de su ejército",
          "copyrightHolder": "BBC",
          "type": "image"
        },
        "id": "urn:bbc:ares::asset:mundo/media-45008727",
        "type": "cps"
      }
    }
  ]
}
