{
  "video": false,
  "chromeWebSecurity": false,
  "blockHosts": "gn-web-assets.api.bbc.com",
  "env": {
    "APP_ENV": "local",
    "SMOKE": true,
    "UK": false
  },
  "ignoreTestFiles": [
    "**/README.md",
    "**/pages/**/tests.js",
    "**/pages/**/urls.js",
    "**/pages/**/testsForAMPOnly.js",
    "**/*/pages/**/testsForCanonicalOnly.js",
    "**/pages/testsForAllPages.js",
    "**/pages/testsForAllAMPPages.js",
    "**/pages/testsForAllCanonicalPages.js",
    "**/pages/**/helper.js",
    "**/pages/**/helpers.js",
    "**/pages/**/getErrorPath.js",
    "**/pages/**/mostReadAssertions.js",
    "**/123PlaygroundForTests/**",
    "**/specialFeatures/utilities/**",
    "**/specialFeatures/**/testsForAMPOnly.js",
    "**/specialFeatures/**/testsForCanonicalOnly.js",
    "**/specialFeatures/**/config.js"
  ],
  "defaultCommandTimeout": 10000,
  "pageLoadTimeout": 100000,
  "responseTimeout": 50000
}
