{
  "generated": "2020-07-07T16:00:22.523Z",
  "lastRecordTimeStamp": "2030-01-01T17:00:00Z",
  "firstRecordTimeStamp": "2020-07-07T15:39:00Z",
  "totalRecords": 19,
  "records": [
    {
      "id": "bd54a4e2-5196-443d-9685-5ab5fb95d182",
      "rank": 1,
      "count": 39,
      "urn": "urn:bbc:curie:asset:bd54a4e2-5196-443d-9685-5ab5fb95d182",
      "promo": {
        "headlines": {
          "shortHeadline": "'यति पसिना आउँछ कि हामी टाउकोदेखि खुट्टासम्म भिज्छौँ'",
          "headline": "कोरोना भाइरस भारत: 'यति पसिना आउँछ कि हामी टाउकोदेखि खुट्टासम्म भिज्छौँ'"
        },
        "locators": {
          "assetUri": "/nepali/news-53307185",
          "cpsUrn": "urn:bbc:content:assetUri:nepali/news-53307185",
          "curie": "http://www.bbc.co.uk/asset/bd54a4e2-5196-443d-9685-5ab5fb95d182",
          "assetId": "53307185"
        },
        "summary": "भारतको मुम्बईमा कोरोनाभाइरस सङ्क्रमणका बिरामीहरूको हेरचाह गरिरहेका प्रत्येक स्वास्थ्यकर्मीसँग एउटा-एउटा कथा छ।",
        "timestamp": 1594028881000,
        "language": "ne",
        "passport": {
          "category": {
            "categoryId": "http://www.bbc.co.uk/ontologies/applicationlogic-news/News",
            "categoryName": "News"
          },
          "campaigns": [
            {
              "campaignId": "5a988e1739461b000e9dabf6",
              "campaignName": "WS - CS"
            },
            {
              "campaignId": "5a988e3739461b000e9dabfa",
              "campaignName": "WS - Give me perspective"
            }
          ],
          "taggings": []
        },
        "media": {
          "id": "53307186",
          "subType": "primary",
          "format": "video",
          "externalId": "p08jywy2",
          "entityType": "Clip",
          "caption": "कोरोना भाइरस भारत: 'यति पसिना आउँछ कि हामी टाउकोदेखि खुट्टासम्म भिज्छौँ'",
          "type": "external_vpid"
        },
        "indexImage": {
          "id": "113252209",
          "subType": "index",
          "href": "http://c.files.bbci.co.uk/16071/production/_113252209_p08jywz3.jpg",
          "path": "/cpsprodpb/16071/production/_113252209_p08jywz3.jpg",
          "height": 576,
          "width": 1024,
          "altText": "मुम्बई चिकित्सक",
          "copyrightHolder": "BBC",
          "type": "image"
        },
        "id": "urn:bbc:ares::asset:nepali/news-53307185",
        "type": "cps"
      }
    },
    {
      "id": "01ad96fe-d680-b740-b280-aad928f51353",
      "rank": 2,
      "count": 29,
      "urn": "urn:bbc:curie:asset:01ad96fe-d680-b740-b280-aad928f51353",
      "promo": {
        "headlines": {
          "shortHeadline": "कसरी बन्यो भाइरसविरुद्ध पहिलो खोप",
          "headline": "कोरोना भाइरसः कोभिड-१९ नियन्त्रण गर्न खोप चाहिन सक्छ, तर कसरी विकसित भएको थियो बिफरविरुद्ध पहिलो खोप?"
        },
        "locators": {
          "assetUri": "/nepali/news-52210116",
          "cpsUrn": "urn:bbc:content:assetUri:nepali/news-52210116",
          "curie": "http://www.bbc.co.uk/asset/01ad96fe-d680-b740-b280-aad928f51353",
          "assetId": "52210116"
        },
        "summary": "अहिले विश्वव्यापी महामारीका रूपमा फैलिएको कोरोनाभाइरस नियन्त्रण गर्न पनि खोप आवश्यक पर्न सक्छ। यस्तो छ खोपको इतिहास।",
        "timestamp": 1586321361000,
        "language": "ne",
        "passport": {
          "category": {
            "categoryId": "http://www.bbc.co.uk/ontologies/applicationlogic-news/Explainer",
            "categoryName": "Explainer"
          },
          "campaigns": [
            {
              "campaignId": "5a988e3739461b000e9dabfa",
              "campaignName": "WS - Give me perspective"
            }
          ],
          "taggings": []
        },
        "media": {
          "id": "52210117",
          "subType": "primary",
          "format": "video",
          "externalId": "p088yg11",
          "entityType": "Clip",
          "caption": "कसरी बन्यो भाइरसविरुद्ध पहिलो खोप",
          "type": "external_vpid"
        },
        "indexImage": {
          "id": "111692452",
          "subType": "index",
          "href": "http://c.files.bbci.co.uk/6355/production/_111692452_injection.jpg",
          "path": "/cpsprodpb/6355/production/_111692452_injection.jpg",
          "height": 830,
          "width": 1475,
          "altText": "खोप",
          "copyrightHolder": "BBC",
          "type": "image"
        },
        "id": "urn:bbc:ares::asset:nepali/news-52210116",
        "type": "cps"
      }
    },
    {
      "id": "92714119-1d33-48ad-83b4-1238c4baf8b1",
      "rank": 3,
      "count": 22,
      "urn": "urn:bbc:curie:asset:92714119-1d33-48ad-83b4-1238c4baf8b1",
      "promo": {
        "headlines": {
          "shortHeadline": "तपा‌ईँले फालेको मास्कले ह्वेलको ज्यान लिन सक्छ",
          "headline": "कोरोना भाइरस महामारीः तपा‌ईँले फालेको मास्कले ह्वेलको ज्यान लिन सक्छ"
        },
        "locators": {
          "assetUri": "/nepali/news-53317564",
          "cpsUrn": "urn:bbc:content:assetUri:nepali/news-53317564",
          "curie": "http://www.bbc.co.uk/asset/92714119-1d33-48ad-83b4-1238c4baf8b1",
          "assetId": "53317564"
        },
        "summary": "तपाईँले फालेको एउटा मास्कले विशाल समुद्री जीव ह्वेलको ज्यान पनि जान सक्छ भन्ने ख्याल राख्नुपर्ने संरक्षणकर्मीहरू बताउँछन्।",
        "timestamp": 1594105056000,
        "language": "ne",
        "passport": {
          "category": {
            "categoryId": "http://www.bbc.co.uk/ontologies/applicationlogic-news/News",
            "categoryName": "News"
          },
          "campaigns": [
            {
              "campaignId": "5a988e1739461b000e9dabf6",
              "campaignName": "WS - CS"
            },
            {
              "campaignId": "5a988e3739461b000e9dabfa",
              "campaignName": "WS - Give me perspective"
            }
          ],
          "taggings": []
        },
        "media": {
          "id": "53317565",
          "subType": "primary",
          "format": "video",
          "externalId": "p08k1xfg",
          "entityType": "Clip",
          "caption": "तपा‌ईँले फालेको मास्कले ह्वेलको ज्यान लिन सक्छ",
          "type": "external_vpid"
        },
        "indexImage": {
          "id": "113264541",
          "subType": "index",
          "href": "http://c.files.bbci.co.uk/38D2/production/_113264541_p08k1xh3.jpg",
          "path": "/cpsprodpb/38D2/production/_113264541_p08k1xh3.jpg",
          "height": 576,
          "width": 1024,
          "altText": "मास्क",
          "copyrightHolder": "BBC",
          "type": "image"
        },
        "id": "urn:bbc:ares::asset:nepali/news-53317564",
        "type": "cps"
      }
    },
    {
      "id": "49c212fd-c0ec-4c9b-adcc-6e27674fa0f4",
      "rank": 4,
      "count": 19,
      "urn": "urn:bbc:curie:asset:49c212fd-c0ec-4c9b-adcc-6e27674fa0f4",
      "promo": {
        "headlines": {
          "shortHeadline": "प्रदर्शनको सिर्जनात्मक शैली: बेसार, कविता र सुट पाइन्ट",
          "headline": "प्रदर्शनको सिर्जनात्मक शैली: बेसार, कविता र सुट पाइन्ट"
        },
        "locators": {
          "assetUri": "/nepali/news-53307853",
          "cpsUrn": "urn:bbc:content:assetUri:nepali/news-53307853",
          "curie": "http://www.bbc.co.uk/asset/49c212fd-c0ec-4c9b-adcc-6e27674fa0f4",
          "assetId": "53307853"
        },
        "summary": "नेपालमा सरकारले कोरोनाभाइरस नियन्त्रणमा गरेको प्रयास यथेष्ट नभएको भन्दै विरोध गरिरहेको युवा समूहले प्रदर्शनमा नयाँ शैली अपनाएको छ। एउटा भिडिओ।",
        "timestamp": 1594086872000,
        "language": "ne",
        "passport": {
          "category": {
            "categoryId": "http://www.bbc.co.uk/ontologies/applicationlogic-news/News",
            "categoryName": "News"
          },
          "campaigns": [
            {
              "campaignId": "5a988e3139461b000e9dabf9",
              "campaignName": "WS - Divert me"
            }
          ],
          "taggings": []
        },
        "media": {
          "id": "53307854",
          "subType": "primary",
          "format": "video",
          "externalId": "p08jzbx2",
          "entityType": "Clip",
          "caption": "बिरोधको शैली: प्रदर्शनमा बेसार, सुट पाइन्ट र कविता",
          "type": "external_vpid"
        },
        "indexImage": {
          "id": "113255438",
          "subType": "index",
          "href": "http://c.files.bbci.co.uk/145FF/production/_113255438_p08jzfnj.jpg",
          "path": "/cpsprodpb/145FF/production/_113255438_p08jzfnj.jpg",
          "height": 549,
          "width": 976,
          "altText": "कोरोनाभाइरस: युवाहरूले कसरी फरक तरिकाले प्रदर्शन गरिरहेका छन्।",
          "copyrightHolder": "Enough is Enough",
          "type": "image"
        },
        "id": "urn:bbc:ares::asset:nepali/news-53307853",
        "type": "cps"
      }
    },
    {
      "id": "71e4d123-8bee-4541-9dbb-208b15c4c231",
      "rank": 5,
      "count": 13,
      "urn": "urn:bbc:curie:asset:71e4d123-8bee-4541-9dbb-208b15c4c231",
      "promo": {
        "headlines": {
          "shortHeadline": "टीभीको प्रत्यक्ष प्रसारणमा अन्तर्वार्ता दिँदै गर्दा सानी छोरीले अलमल्याएपछि...",
          "headline": "बीबीसीको प्रत्यक्ष प्रसारणमा अन्तर्वार्ता दिँदै गर्दा सानी छोरीले अलमल्याएपछि..."
        },
        "locators": {
          "assetUri": "/nepali/news-53272144",
          "cpsUrn": "urn:bbc:content:assetUri:nepali/news-53272144",
          "curie": "http://www.bbc.co.uk/asset/71e4d123-8bee-4541-9dbb-208b15c4c231",
          "assetId": "53272144"
        },
        "summary": "डा. क्लेअर वेनमले बीबीसी न्यूज च्यानललाई इङ्ग्ल्यान्डमा स्थानीय लकडाउनको विषयमा अन्तर्वाता दिँदै गर्दा उनकी छोरी यसरी देखा परिन्।",
        "timestamp": 1593747120000,
        "language": "ne",
        "passport": {
          "category": {
            "categoryId": "http://www.bbc.co.uk/ontologies/applicationlogic-news/Feature",
            "categoryName": "Feature"
          },
          "campaigns": [
            {
              "campaignId": "5a988e1739461b000e9dabf6",
              "campaignName": "WS - CS"
            },
            {
              "campaignId": "5a988e3139461b000e9dabf9",
              "campaignName": "WS - Divert me"
            }
          ],
          "taggings": []
        },
        "media": {
          "id": "53272009",
          "subType": "primary",
          "format": "video",
          "externalId": "p08jqcs9",
          "entityType": "Clip",
          "caption": "बीबीसीको प्रत्यक्ष प्रसारणमा अन्तर्वार्ता दिँदै गर्दा सानी छोरीले अलमल्याएपछि...",
          "type": "external_vpid"
        },
        "indexImage": {
          "id": "113220823",
          "subType": "index",
          "href": "http://c.files.bbci.co.uk/8022/production/_113220823_p08jqd29.jpg",
          "path": "/cpsprodpb/8022/production/_113220823_p08jqd29.jpg",
          "height": 576,
          "width": 1024,
          "altText": "महिला",
          "copyrightHolder": "BBC",
          "type": "image"
        },
        "id": "urn:bbc:ares::asset:nepali/news-53272144",
        "type": "cps"
      }
    },
    {
      "id": "4d03397a-26e5-4f79-ad47-9669ef435f48",
      "rank": 6,
      "count": 6,
      "urn": "urn:bbc:curie:asset:4d03397a-26e5-4f79-ad47-9669ef435f48",
      "promo": {
        "headlines": {
          "shortHeadline": "टुहुरो लोखर्केले खाएको भिडिओ भाइरल",
          "headline": "टुहुरो लोखर्केले खाएको भिडिओ भाइरल"
        },
        "locators": {
          "assetUri": "/nepali/news-53276491",
          "cpsUrn": "urn:bbc:content:assetUri:nepali/news-53276491",
          "curie": "http://www.bbc.co.uk/asset/4d03397a-26e5-4f79-ad47-9669ef435f48",
          "assetId": "53276491"
        },
        "summary": "वन्यजन्तुको फोटो खिच्ने जीवशास्त्री डानी कोनले लोखर्केको बच्चालाई आहारा खुवाउँदा यो भिडिओ खिचिएको हो।",
        "timestamp": 1593761778000,
        "language": "ne",
        "passport": {
          "category": {
            "categoryId": "http://www.bbc.co.uk/ontologies/applicationlogic-news/Feature",
            "categoryName": "Feature"
          },
          "campaigns": [
            {
              "campaignId": "5a988e1739461b000e9dabf6",
              "campaignName": "WS - CS"
            },
            {
              "campaignId": "5a988e3139461b000e9dabf9",
              "campaignName": "WS - Divert me"
            }
          ],
          "taggings": []
        },
        "media": {
          "id": "53276492",
          "subType": "primary",
          "format": "video",
          "externalId": "p08jqysk",
          "entityType": "Clip",
          "caption": "टुहुरो लोखर्केले खाएको भिडिओ भाइरल",
          "type": "external_vpid"
        },
        "indexImage": {
          "id": "113222458",
          "subType": "index",
          "href": "http://c.files.bbci.co.uk/14DAE/production/_113222458_p08jqz46.jpg",
          "path": "/cpsprodpb/14DAE/production/_113222458_p08jqz46.jpg",
          "height": 576,
          "width": 1024,
          "altText": "लोखर्के",
          "copyrightHolder": "BBC",
          "type": "image"
        },
        "id": "urn:bbc:ares::asset:nepali/news-53276491",
        "type": "cps"
      }
    },
    {
      "id": "8886f4b4-64f3-4acc-b594-afc6210cf867",
      "rank": 7,
      "count": 5,
      "urn": "urn:bbc:curie:asset:8886f4b4-64f3-4acc-b594-afc6210cf867",
      "promo": {
        "headlines": {
          "shortHeadline": "सबैभन्दा लामो समयसम्म रुसमा शासन गर्न लागेका भ्लादिमिर पुटिन को हुन्?",
          "headline": "सबैभन्दा लामो समयसम्म रुसमा शासन गर्न लागेका भ्लादिमिर पुटिन को हुन्?"
        },
        "locators": {
          "assetUri": "/nepali/news-53274358",
          "cpsUrn": "urn:bbc:content:assetUri:nepali/news-53274358",
          "curie": "http://www.bbc.co.uk/asset/8886f4b4-64f3-4acc-b594-afc6210cf867",
          "assetId": "53274358"
        },
        "summary": "रुसमा सबैभन्दा लामो समस शासन गर्न लागेका भ्लादिमिर पुटिन बारे जानकारी।",
        "timestamp": 1593837029000,
        "language": "ne",
        "passport": {
          "category": {
            "categoryId": "http://www.bbc.co.uk/ontologies/applicationlogic-news/News",
            "categoryName": "News"
          },
          "campaigns": [
            {
              "campaignId": "5a988e1739461b000e9dabf6",
              "campaignName": "WS - CS"
            },
            {
              "campaignId": "5a988e2939461b000e9dabf8",
              "campaignName": "WS - Educate me"
            }
          ],
          "taggings": []
        },
        "media": {
          "id": "53274359",
          "subType": "primary",
          "format": "video",
          "externalId": "p08jqlqy",
          "entityType": "Clip",
          "caption": "सबैभन्दा लामो समयसम्म रुसमा शासन गर्न लागेका भ्लादिमिर पुटिन को हुन?",
          "type": "external_vpid"
        },
        "indexImage": {
          "id": "113220527",
          "subType": "index",
          "href": "http://c.files.bbci.co.uk/11B36/production/_113220527_p08jqm0q.jpg",
          "path": "/cpsprodpb/11B36/production/_113220527_p08jqm0q.jpg",
          "height": 576,
          "width": 1024,
          "altText": "भ्लादिमिर पुटिन",
          "copyrightHolder": "BBC",
          "type": "image"
        },
        "id": "urn:bbc:ares::asset:nepali/news-53274358",
        "type": "cps"
      }
    },
    {
      "id": "c11c9b86-fc11-8044-a948-d58a01667b7e",
      "rank": 8,
      "count": 3,
      "urn": "urn:bbc:curie:asset:c11c9b86-fc11-8044-a948-d58a01667b7e",
      "promo": {
        "headlines": {
          "shortHeadline": "पुटिन जब चिप्लिएर लडे",
          "headline": "आठ गोल गरेका रुसी राष्ट्रपति पुटिन चिप्लिएर लडे"
        },
        "locators": {
          "assetUri": "/nepali/news-48236784",
          "cpsUrn": "urn:bbc:content:assetUri:nepali/news-48236784",
          "curie": "http://www.bbc.co.uk/asset/c11c9b86-fc11-8044-a948-d58a01667b7e",
          "assetId": "48236784"
        },
        "summary": "रुसी राष्ट्रपति भ्लादिमिर पुटिन एउटा आइस हकी खेल सकिएपछि जितको खुसीयालीमा रिङ घुम्दै गर्दा चिप्लिएर लडे।",
        "timestamp": 1557550510000,
        "language": "ne",
        "passport": {
          "taggings": []
        },
        "media": {
          "id": "48236430",
          "subType": "primary",
          "format": "video",
          "externalId": "p078x5g7",
          "entityType": "Clip",
          "caption": "आठ गोल गरेका रुसी राष्ट्रपति पुटिन चिप्लिएर लडे",
          "type": "external_vpid"
        },
        "indexImage": {
          "id": "106912851",
          "subType": "index",
          "href": "http://c.files.bbci.co.uk/3DCD/production/_106912851_p078x63z.jpg",
          "path": "/cpsprodpb/3DCD/production/_106912851_p078x63z.jpg",
          "height": 549,
          "width": 976,
          "altText": "Vladimir Putin falls on ice",
          "copyrightHolder": "Reuters",
          "type": "image"
        },
        "id": "urn:bbc:ares::asset:nepali/news-48236784",
        "type": "cps"
      }
    },
    {
      "id": "a738d3d2-a065-4d45-addc-ccbf9c154089",
      "rank": 9,
      "count": 3,
      "urn": "urn:bbc:curie:asset:a738d3d2-a065-4d45-addc-ccbf9c154089",
      "promo": {
        "headlines": {
          "shortHeadline": "भोका सलह भगाउन भाँडा र ढ्याङ्ग्रो ठटाउँदै...",
          "headline": "सलहः किसानहरू भन्छन्, 'भाँडा र ढ्याङ्ग्रो ठटाउँदा पनि भागेनन् अटेरी कीराहरू'"
        },
        "locators": {
          "assetUri": "/nepali/news-53265753",
          "cpsUrn": "urn:bbc:content:assetUri:nepali/news-53265753",
          "curie": "http://www.bbc.co.uk/asset/a738d3d2-a065-4d45-addc-ccbf9c154089",
          "assetId": "53265753"
        },
        "summary": "भाँडा ठटाउने, आगो बालेर धुवाँ पुत्ताउने, ठूलो स्वरमा कराउने आदि गरे पनि सलह धपाउन नसकिएको किसानहरूको गुनासो छ।",
        "timestamp": 1593752854000,
        "language": "ne",
        "passport": {
          "category": {
            "categoryId": "http://www.bbc.co.uk/ontologies/applicationlogic-news/Feature",
            "categoryName": "Feature"
          },
          "campaigns": [
            {
              "campaignId": "5a988e3e39461b000e9dabfb",
              "campaignName": "WS - Keep me on trend"
            }
          ],
          "taggings": []
        },
        "media": {
          "id": "53265756",
          "subType": "primary",
          "format": "video",
          "externalId": "p08jnpkn",
          "entityType": "Clip",
          "caption": "‘भाँडा ठटाएर सलहबाट बाली जोगाउनै गाह्रो’",
          "type": "external_vpid"
        },
        "indexImage": {
          "id": "113214546",
          "subType": "index",
          "href": "http://c.files.bbci.co.uk/FC1D/production/_113214546_p08jnr8d.jpg",
          "path": "/cpsprodpb/FC1D/production/_113214546_p08jnr8d.jpg",
          "height": 549,
          "width": 976,
          "altText": "भाँडा ठटाउने, आगो बालेर धुवाँ पुत्ताउने, ठूलो स्वरमा कराउने आदि गरेपनि सलह धपाउन नसकिएको उनीहरूको गुनासो छ।",
          "copyrightHolder": "Aatit Kuswar",
          "type": "image"
        },
        "id": "urn:bbc:ares::asset:nepali/news-53265753",
        "type": "cps"
      }
    },
    {
      "id": "2b2427a1-79a5-d143-97ec-4a9fb7a5a357",
      "rank": 10,
      "count": 3,
      "urn": "urn:bbc:curie:asset:2b2427a1-79a5-d143-97ec-4a9fb7a5a357",
      "promo": {
        "headlines": {
          "shortHeadline": "वास्तवमा कोरोनाभाइरस के हो?",
          "headline": "पूरै विश्वलाई आतङ्कित पारेको कोरोनाभाइरस वास्तवमा के हो?"
        },
        "locators": {
          "assetUri": "/nepali/news-52015281",
          "cpsUrn": "urn:bbc:content:assetUri:nepali/news-52015281",
          "curie": "http://www.bbc.co.uk/asset/2b2427a1-79a5-d143-97ec-4a9fb7a5a357",
          "assetId": "52015281"
        },
        "summary": "पूरै विश्वलाई आतङ्कित पारेको कोरोनाभाइरस वास्तवमा के हो? यसले तपाईँलाई कसरी असर पार्न सक्छ?",
        "timestamp": 1585102092000,
        "language": "ne",
        "passport": {
          "category": {
            "categoryId": "http://www.bbc.co.uk/ontologies/applicationlogic-news/Explainer",
            "categoryName": "Explainer"
          },
          "campaigns": [
            {
              "campaignId": "5a988e1739461b000e9dabf6",
              "campaignName": "WS - CS"
            },
            {
              "campaignId": "5a988e2939461b000e9dabf8",
              "campaignName": "WS - Educate me"
            }
          ],
          "taggings": []
        },
        "media": {
          "id": "52015282",
          "subType": "primary",
          "format": "video",
          "externalId": "p087h6y8",
          "entityType": "Clip",
          "caption": "वास्तवमा कोरोनाभाइरस के हो?",
          "type": "external_vpid"
        },
        "indexImage": {
          "id": "111402581",
          "subType": "index",
          "href": "http://c.files.bbci.co.uk/4858/production/_111402581_p087h8zt.jpg",
          "path": "/cpsprodpb/4858/production/_111402581_p087h8zt.jpg",
          "height": 576,
          "width": 1024,
          "altText": "कोरोना भाइरस",
          "copyrightHolder": "BBC",
          "type": "image"
        },
        "id": "urn:bbc:ares::asset:nepali/news-52015281",
        "type": "cps"
      }
    },
    {
      "id": "f0113857-1150-7c41-9ea2-764ea116927e",
      "rank": 11,
      "count": 2,
      "urn": "urn:bbc:curie:asset:f0113857-1150-7c41-9ea2-764ea116927e",
      "promo": {
        "headlines": {
          "shortHeadline": "बच्चाले बिथोलेको 'बीबीसी ड्याड'को अन्तर्वार्तालाई उपाधि",
          "headline": "बच्चाले बिथोलेको 'बीबीसी ड्याड'को अन्तर्वार्तालाई उपाधि"
        },
        "locators": {
          "assetUri": "/nepali/news-43056941",
          "cpsUrn": "urn:bbc:content:assetUri:nepali/news-43056941",
          "curie": "http://www.bbc.co.uk/asset/f0113857-1150-7c41-9ea2-764ea116927e",
          "assetId": "43056941"
        },
        "summary": "प्राध्यापक रोबर्ट केलीसँग बीसीसीले अन्तर्वार्ता लिँदै गर्दा दृश्यमा उनका बच्चाहरू र श्रीमती अकस्मात् देखापरेका थिए। यसले उनलाई अन्तर्राष्ट्रिय ख्याति दिएको थियो।",
        "timestamp": 1518612451000,
        "language": "ne",
        "passport": {
          "category": {
            "categoryId": "http://www.bbc.co.uk/ontologies/applicationlogic-news/News",
            "categoryName": "News"
          },
          "taggings": []
        },
        "media": {
          "id": "43060942",
          "subType": "primary",
          "format": "video",
          "externalId": "p05xx3yg",
          "entityType": "Clip",
          "caption": "बीबीसी ड्याड: भाइरल भिडिओ",
          "type": "external_vpid"
        },
        "indexImage": {
          "id": "100024368",
          "subType": "index",
          "href": "http://c.files.bbci.co.uk/15146/production/_100024368_p05y4m9x.jpg",
          "path": "/cpsprodpb/15146/production/_100024368_p05y4m9x.jpg",
          "height": 576,
          "width": 1024,
          "altText": "BBC Dad",
          "copyrightHolder": "BBC",
          "type": "image"
        },
        "id": "urn:bbc:ares::asset:nepali/news-43056941",
        "type": "cps"
      }
    },
    {
      "id": "d66d0776-f7a2-3747-9442-9d421dd376ae",
      "rank": 12,
      "count": 2,
      "urn": "urn:bbc:curie:asset:d66d0776-f7a2-3747-9442-9d421dd376ae",
      "promo": {
        "headlines": {
          "shortHeadline": "विमानस्थलमा यसरी जाँचियो भूतपूर्व राजा र रानीको तापक्रम",
          "headline": "कोरोनाभाइरस: यसरी जाँचियो विमानस्थलमा पूर्वराजा ज्ञानेन्द्र र पूर्वरानी कोमलको शरीरको तापक्रम"
        },
        "locators": {
          "assetUri": "/nepali/news-51702650",
          "cpsUrn": "urn:bbc:content:assetUri:nepali/news-51702650",
          "curie": "http://www.bbc.co.uk/asset/d66d0776-f7a2-3747-9442-9d421dd376ae",
          "assetId": "51702650"
        },
        "summary": "नेपालको एक मात्र अन्तर्राष्ट्रिय विमानस्थलबाट दिनहुँ झन्डै ७,००० यात्रुको परीक्षण हुने गरेको अधिकारीहरूले बताएका छन्।",
        "timestamp": 1583131536000,
        "language": "ne",
        "passport": {
          "category": {
            "categoryId": "http://www.bbc.co.uk/ontologies/applicationlogic-news/News",
            "categoryName": "News"
          },
          "campaigns": [
            {
              "campaignId": "5a988e4739461b000e9dabfc",
              "campaignName": "WS - Update me"
            }
          ],
          "taggings": []
        },
        "media": {
          "id": "51702651",
          "subType": "primary",
          "format": "video",
          "externalId": "p085c395",
          "entityType": "Clip",
          "caption": "कोरोनाभाइरस: पूर्वराजारानीको परीक्षण",
          "type": "external_vpid"
        },
        "indexImage": {
          "id": "111098358",
          "subType": "index",
          "href": "http://c.files.bbci.co.uk/14D8D/production/_111098358_kingg.png",
          "path": "/cpsprodpb/14D8D/production/_111098358_kingg.png",
          "height": 261,
          "width": 464,
          "altText": "ज्ञानेन्द्र",
          "copyrightHolder": "BBC",
          "type": "image"
        },
        "id": "urn:bbc:ares::asset:nepali/news-51702650",
        "type": "cps"
      }
    },
    {
      "id": "bdbf1121-cdc2-4504-be67-58f4baf8de66",
      "rank": 13,
      "count": 1,
      "urn": "urn:bbc:curie:asset:bdbf1121-cdc2-4504-be67-58f4baf8de66",
      "promo": {
        "headlines": {
          "shortHeadline": "बालबालिकाले पोर्न हेरे भने के गर्ने",
          "headline": "बालबालिकालाई पोर्न सामग्रीबाट जोगाउन यस्तो विज्ञापन"
        },
        "locators": {
          "assetUri": "/nepali/news-53174658",
          "cpsUrn": "urn:bbc:content:assetUri:nepali/news-53174658",
          "curie": "http://www.bbc.co.uk/asset/bdbf1121-cdc2-4504-be67-58f4baf8de66",
          "assetId": "53174658"
        },
        "summary": "न्यूजील्यान्ड सरकारले जनहितमा बनाएको एउटा विज्ञापनमा पोर्न सामग्रीबाट यौनबारे सिक्न खोज्नु उपयुक्त तरिका नभएको देखाउन खोजिएको छ।",
        "timestamp": 1593059005000,
        "language": "ne",
        "passport": {
          "category": {
            "categoryId": "http://www.bbc.co.uk/ontologies/applicationlogic-news/Explainer",
            "categoryName": "Explainer"
          },
          "campaigns": [
            {
              "campaignId": "5a988e1739461b000e9dabf6",
              "campaignName": "WS - CS"
            },
            {
              "campaignId": "5a988e2939461b000e9dabf8",
              "campaignName": "WS - Educate me"
            }
          ],
          "taggings": []
        },
        "media": {
          "id": "53174659",
          "subType": "primary",
          "format": "video",
          "externalId": "p08hyf68",
          "entityType": "Clip",
          "caption": "बालबालिकालाई पोर्नबाट जोगाउन यस्तो उपाय",
          "type": "external_vpid"
        },
        "indexImage": {
          "id": "113090314",
          "subType": "index",
          "href": "http://c.files.bbci.co.uk/A15D/production/_113090314_p08hyf9f.jpg",
          "path": "/cpsprodpb/A15D/production/_113090314_p08hyf9f.jpg",
          "height": 576,
          "width": 1024,
          "altText": "पोर्न कलाकार",
          "copyrightHolder": "BBC",
          "type": "image"
        },
        "id": "urn:bbc:ares::asset:nepali/news-53174658",
        "type": "cps"
      }
    },
    {
      "id": "90d29d5a-253a-11e4-afda-88a93db9bd6e",
      "rank": 14,
      "count": 1,
      "urn": "urn:bbc:curie:asset:90d29d5a-253a-11e4-afda-88a93db9bd6e",
      "promo": {
        "headlines": {
          "shortHeadline": "LIsten live",
          "headline": "Listen live"
        },
        "locators": {
          "assetUri": "/nepali/multimedia/2014/08/000001_live_radio",
          "cpsUrn": "urn:bbc:content:assetUri:nepali/multimedia/2014/08/000001_live_radio",
          "curie": "http://www.bbc.co.uk/asset/90d29d5a-253a-11e4-afda-88a93db9bd6e",
          "assetId": "34052557"
        },
        "summary": "Summary",
        "timestamp": 1408189432000,
        "language": "ne",
        "passport": {
          "taggings": []
        },
        "media": {
          "id": "34052557",
          "subType": "primary",
          "format": "audio",
          "image": {
            "id": "34052557",
            "subType": "thumbnail",
            "href": "http://a.files.bbci.co.uk/worldservice/live/assets/images/2014/02/11/140211121107_microphone_640x360.jpg",
            "path": "/amz/worldservice/live/assets/images/2014/02/11/140211121107_microphone_640x360.jpg",
            "height": 360,
            "width": 640,
            "altText": "microphone",
            "copyrightHolder": "",
            "type": "image"
          },
          "live": true,
          "href": "http://wsdownload.bbc.co.uk/worldservice/meta/live/smp/nepla.xml",
          "playlist": [],
          "type": "legacyMedia"
        },
        "indexImage": {
          "id": "d5e201",
          "subType": "index",
          "href": "http://a.files.bbci.co.uk/worldservice/live/assets/images/2014/02/11/140211121111_microphone_144x81.jpg",
          "path": "/amz/worldservice/live/assets/images/2014/02/11/140211121111_microphone_144x81.jpg",
          "height": 81,
          "width": 144,
          "altText": "microphone",
          "copyrightHolder": "BBC World Service",
          "type": "image"
        },
        "id": "urn:bbc:ares::asset:nepali/multimedia/2014/08/000001_live_radio",
        "type": "cps"
      }
    },
    {
      "id": "6ce5f9ce-d72c-4ef1-a01f-aecdc7e903d1",
      "rank": 15,
      "count": 1,
      "urn": "urn:bbc:curie:asset:6ce5f9ce-d72c-4ef1-a01f-aecdc7e903d1",
      "promo": {
        "headlines": {
          "shortHeadline": "सरकारका पछिल्ला भारत लक्षित गतिविधिले समस्या सुल्झाउँछन् कि उल्झाउँछन्",
          "headline": "बीबीसी बहस: नेपाल-सरकारका पछिल्ला भारत लक्षित गतिविधिले समस्या सुल्झाउँछन् कि उल्झाउँछन्"
        },
        "locators": {
          "assetUri": "/nepali/news-53296464",
          "cpsUrn": "urn:bbc:content:assetUri:nepali/news-53296464",
          "curie": "http://www.bbc.co.uk/asset/6ce5f9ce-d72c-4ef1-a01f-aecdc7e903d1",
          "assetId": "53296464"
        },
        "summary": "नेपालमा कोरोनाभाइरस महामारी चलिरहेका बेला राजनीति र कुटनीतिक बहस पनि चर्किरहेका छन्। महामारीकै बीच सरकारको भारत लक्षित क्रियाकलापले दुई छिमेकी राष्ट्रबीचको दूरी बढ्दै गएको कतिपयको आकलन छ।",
        "timestamp": 1593937296000,
        "language": "ne",
        "passport": {
          "category": {
            "categoryId": "http://www.bbc.co.uk/ontologies/applicationlogic-news/News",
            "categoryName": "News"
          },
          "campaigns": [
            {
              "campaignId": "5a988e3739461b000e9dabfa",
              "campaignName": "WS - Give me perspective"
            }
          ],
          "taggings": []
        },
        "media": {
          "id": "53296465",
          "subType": "primary",
          "format": "audio",
          "externalId": "p08jx6yw",
          "entityType": "Clip",
          "caption": "नेपाल भारत सम्बन्ध",
          "type": "external_vpid"
        },
        "indexImage": {
          "id": "113244785",
          "subType": "index",
          "href": "http://c.files.bbci.co.uk/E578/production/_113244785_p08jx718.jpg",
          "path": "/cpsprodpb/E578/production/_113244785_p08jx718.jpg",
          "height": 576,
          "width": 1024,
          "altText": "nepal map",
          "copyrightHolder": "BBC",
          "type": "image"
        },
        "id": "urn:bbc:ares::asset:nepali/news-53296464",
        "type": "cps"
      }
    },
    {
      "id": "59770de0-ae43-6241-af43-54bd927ecfd3",
      "rank": 16,
      "count": 1,
      "urn": "urn:bbc:curie:asset:59770de0-ae43-6241-af43-54bd927ecfd3",
      "promo": {
        "headlines": {
          "shortHeadline": "नेपालको नयाँ नक्सा: साङ्केतिक अर्थ मात्र कि थप केही?",
          "headline": "नेपालको नयाँ नक्सा: साङ्केतिक अर्थ मात्र कि थप केही?"
        },
        "locators": {
          "assetUri": "/nepali/news-52755013",
          "cpsUrn": "urn:bbc:content:assetUri:nepali/news-52755013",
          "curie": "http://www.bbc.co.uk/asset/59770de0-ae43-6241-af43-54bd927ecfd3",
          "assetId": "52755013"
        },
        "summary": "वार्ताका लागि भारतसँग लामो समय प्रतिक्षा गरेपछि सरकारले पछिल्लो कदम लिएको बताउँदै मन्त्री पद्मा अर्यालले नेपालको 'अद्यावधिक नक्सा' अब संयुक्त राष्ट्रसङ्घमा बुझाइने बताएकी छन्।",
        "timestamp": 1590108354000,
        "language": "ne",
        "passport": {
          "category": {
            "categoryId": "http://www.bbc.co.uk/ontologies/applicationlogic-news/Analysis",
            "categoryName": "Analysis"
          },
          "campaigns": [
            {
              "campaignId": "5a988e3739461b000e9dabfa",
              "campaignName": "WS - Give me perspective"
            }
          ],
          "taggings": []
        },
        "media": {
          "id": "52755014",
          "subType": "primary",
          "format": "audio",
          "externalId": "p08dsj3y",
          "entityType": "Clip",
          "caption": "नेपालको नयाँ नक्सा: साङ्केतिक अर्थ मात्र कि थप केही?",
          "type": "external_vpid"
        },
        "indexImage": {
          "id": "112401020",
          "subType": "index",
          "href": "http://c.files.bbci.co.uk/07DA/production/_112401020_p08dsjcc.jpg",
          "path": "/cpsprodpb/07DA/production/_112401020_p08dsjcc.jpg",
          "height": 549,
          "width": 976,
          "altText": "मन्त्री पद्मा अर्याल",
          "copyrightHolder": "RSS",
          "type": "image"
        },
        "id": "urn:bbc:ares::asset:nepali/news-52755013",
        "type": "cps"
      }
    },
    {
      "id": "0aee838f-94c1-4267-8b6f-f353622497de",
      "rank": 17,
      "count": 1,
      "urn": "urn:bbc:curie:asset:0aee838f-94c1-4267-8b6f-f353622497de",
      "promo": {
        "headlines": {
          "shortHeadline": "'४० पटक दूतावास धाएँ, मेरो कुरा कसैले सुनेन'",
          "headline": "रोजगारीका लागि यूएई गएका यी नेपाली युवक भन्छन्, '४० पटक दूतावास धाएँ, मेरो कुरा कसैले सुनेन'"
        },
        "locators": {
          "assetUri": "/nepali/news-53193242",
          "cpsUrn": "urn:bbc:content:assetUri:nepali/news-53193242",
          "curie": "http://www.bbc.co.uk/asset/0aee838f-94c1-4267-8b6f-f353622497de",
          "assetId": "53193242"
        },
        "summary": "यूएईमा अलपत्र परेपछि नेपाली दूतावास गुहार्न जाँदा सहयोग नपाएका बाराका यी युवकको भिडिओ केही समयअघि भाइरल भएको थियो।",
        "timestamp": 1593229686000,
        "language": "ne",
        "passport": {
          "category": {
            "categoryId": "http://www.bbc.co.uk/ontologies/applicationlogic-news/News",
            "categoryName": "News"
          },
          "campaigns": [
            {
              "campaignId": "5a988e3739461b000e9dabfa",
              "campaignName": "WS - Give me perspective"
            }
          ],
          "taggings": []
        },
        "media": {
          "id": "53202594",
          "subType": "primary",
          "format": "video",
          "externalId": "p08j2fht",
          "entityType": "Clip",
          "caption": "रोजगारीका लागि यूएई गएका एक नेपाली भन्छन्, '४० पटक दूतावास धाएँ, मेरो कुरा कसैले सुनेन'",
          "type": "external_vpid"
        },
        "indexImage": {
          "id": "113120786",
          "subType": "index",
          "href": "http://c.files.bbci.co.uk/10C5E/production/_113120786_p08j34sz.jpg",
          "path": "/cpsprodpb/10C5E/production/_113120786_p08j34sz.jpg",
          "height": 576,
          "width": 1024,
          "altText": "शिव रौनियार",
          "copyrightHolder": "BBC",
          "type": "image"
        },
        "id": "urn:bbc:ares::asset:nepali/news-53193242",
        "type": "cps"
      }
    },
    {
      "id": "06463fa4-6f2e-4b0f-9243-5d6be0634772",
      "rank": 18,
      "count": 1,
      "urn": "urn:bbc:curie:asset:06463fa4-6f2e-4b0f-9243-5d6be0634772",
      "promo": {
        "headlines": {
          "shortHeadline": "नासाले १० वर्षमा खिचेका सूर्यका करोडौँ तस्बिर",
          "headline": "नासाले १० वर्षमा खिचेका सूर्यका करोडौँ तस्बिर"
        },
        "locators": {
          "assetUri": "/nepali/news-53264369",
          "cpsUrn": "urn:bbc:content:assetUri:nepali/news-53264369",
          "curie": "http://www.bbc.co.uk/asset/06463fa4-6f2e-4b0f-9243-5d6be0634772",
          "assetId": "53264369"
        },
        "summary": "नासाले गएको १० वर्षमा सूर्यका ४२ करोड ५० लाख तस्बिर खिचेको छ। हेर्नुहोस् एउटा भिडिओ।",
        "timestamp": 1593740800000,
        "language": "ne",
        "passport": {
          "category": {
            "categoryId": "http://www.bbc.co.uk/ontologies/applicationlogic-news/News",
            "categoryName": "News"
          },
          "campaigns": [
            {
              "campaignId": "5a988e1739461b000e9dabf6",
              "campaignName": "WS - CS"
            },
            {
              "campaignId": "5a988e3139461b000e9dabf9",
              "campaignName": "WS - Divert me"
            }
          ],
          "taggings": []
        },
        "media": {
          "id": "53266341",
          "subType": "primary",
          "format": "video",
          "externalId": "p08jn5yf",
          "entityType": "Clip",
          "caption": "नासाले १० वर्ष खिचेका सूर्यका करोडौँ तस्बिर",
          "type": "external_vpid"
        },
        "indexImage": {
          "id": "113203659",
          "subType": "index",
          "href": "http://c.files.bbci.co.uk/1758E/production/_113203659_p08jn6gj.jpg",
          "path": "/cpsprodpb/1758E/production/_113203659_p08jn6gj.jpg",
          "height": 549,
          "width": 976,
          "altText": "सूर्य",
          "copyrightHolder": "BBC",
          "type": "image"
        },
        "id": "urn:bbc:ares::asset:nepali/news-53264369",
        "type": "cps"
      }
    },
    {
      "id": "05b8d046-9be9-4bb1-954a-444ac6b0e0c6",
      "rank": 19,
      "count": 1,
      "urn": "urn:bbc:curie:asset:05b8d046-9be9-4bb1-954a-444ac6b0e0c6",
      "promo": {
        "headlines": {
          "shortHeadline": "एउटा अमेरिकी सहरमा कसरी फेरियो प्रहरी बल",
          "headline": "एउटा अमेरिकी सहरले कसरी प्रहरी बलमा परिवर्तन र अपराध दर कम गर्न सक्यो?"
        },
        "locators": {
          "assetUri": "/nepali/news-53228104",
          "cpsUrn": "urn:bbc:content:assetUri:nepali/news-53228104",
          "curie": "http://www.bbc.co.uk/asset/05b8d046-9be9-4bb1-954a-444ac6b0e0c6",
          "assetId": "53228104"
        },
        "summary": "एउटा अमेरिकी सहरले कसरी प्रहरी बलमा परिवर्तन र अपराध दर कम गर्न सक्यो?",
        "timestamp": 1593476744000,
        "language": "ne",
        "passport": {
          "category": {
            "categoryId": "http://www.bbc.co.uk/ontologies/applicationlogic-news/News",
            "categoryName": "News"
          },
          "campaigns": [
            {
              "campaignId": "5a988e1739461b000e9dabf6",
              "campaignName": "WS - CS"
            }
          ],
          "taggings": []
        },
        "media": {
          "id": "53228105",
          "subType": "primary",
          "format": "video",
          "externalId": "p08jd135",
          "entityType": "Clip",
          "caption": "एउटा अमेरिकी सहरले कसरी प्रहरी बलमा परिवर्तन र अपराध दर कम गर्न सक्यो?",
          "type": "external_vpid"
        },
        "indexImage": {
          "id": "113159617",
          "subType": "index",
          "href": "http://c.files.bbci.co.uk/1180F/production/_113159617_p08jd1kd.jpg",
          "path": "/cpsprodpb/1180F/production/_113159617_p08jd1kd.jpg",
          "height": 576,
          "width": 1024,
          "altText": "प्रहरी",
          "copyrightHolder": "BBC",
          "type": "image"
        },
        "id": "urn:bbc:ares::asset:nepali/news-53228104",
        "type": "cps"
      }
    }
  ]
}
