{
  "metadata": {
    "id": "urn:bbc:ares:ws_media:page:bbc_hausa_tv/w172xcg0kg6vph8",
    "locators": { "pid": "w172xcg0kg6vph8", "brandPid": "w13xttn0" },
    "type": "WSTV",
    "createdBy": "bbc_hausa_tv",
    "language": "ha",
    "lastUpdated": 1608630259201,
    "firstPublished": 1603733197000,
    "lastPublished": 1603733197000,
    "timestamp": 1603733197000,
    "options": {},
    "analyticsLabels": {
      "pageTitle": "Labaran Talabijin - BBC News Hausa",
      "pageIdentifier": "hausa.bbc_hausa_tv.tv.w172xcg0kg6vph8.page",
      "producerId": "51",
      "contentType": "player-episode",
      "producer": "HAUSA"
    },
    "tags": {},
    "version": "v1.3.11",
    "blockTypes": ["media"],
    "title": "Labaran Talabijin",
    "releaseDateTimeStamp": 1606089600000,
    "atiAnalytics": {}
  },
  "content": {
    "blocks": [
      {
        "id": "w172xcg0kg6vph8",
        "subType": "episode",
        "format": "Video",
        "title": "23/11/2020 GMT",
        "synopses": {
          "short": "Sashen Hausa na BBC ya fara gabatar da shirin talabijin a ranakun Litinin zuwa Juma'a na kowane mako.",
          "medium": "Sashen Hausa na BBC ya fara gabatar da shirin talabijin a ranakun Litinin zuwa Juma'a na kowane mako."
        },
        "imageUrl": "ichef.bbci.co.uk/images/ic/$recipe/p08b216l.png",
        "embedding": false,
        "advertising": false,
        "versions": [
          {
            "versionId": "w1mshjb5sq2h6ks",
            "types": ["Original"],
            "duration": 600,
            "durationISO8601": "PT10M",
            "warnings": {},
            "availableTerritories": {
              "uk": false,
              "nonUk": false,
              "world": true
            },
            "availableUntil": 1618185600000,
            "availableFrom": 1606162200000,
            "availabilityStatus": "available"
          }
        ],
        "availability": "available",
        "smpKind": "programme",
        "type": "media"
      }
    ]
  },
  "promo": {
    "headlines": { "headline": "Labaran Talabijin" },
    "locators": { "pid": "w172xcg0kg6vph8", "brandPid": "w13xttn0" },
    "media": {
      "id": "w172xcg0kg6vph8",
      "subType": "episode",
      "format": "Video",
      "title": "23/11/2020 GMT",
      "synopses": {
        "short": "Sashen Hausa na BBC ya fara gabatar da shirin talabijin a ranakun Litinin zuwa Juma'a na kowane mako.",
        "medium": "Sashen Hausa na BBC ya fara gabatar da shirin talabijin a ranakun Litinin zuwa Juma'a na kowane mako."
      },
      "imageUrl": "ichef.bbci.co.uk/images/ic/$recipe/p08b216l.png",
      "embedding": false,
      "advertising": false,
      "versions": [
        {
          "versionId": "w1mshjb5sq2h6ks",
          "types": ["Original"],
          "duration": 600,
          "durationISO8601": "PT10M",
          "warnings": {},
          "availableTerritories": {
            "uk": false,
            "nonUk": false,
            "world": true
          },
          "availableUntil": 1618185600000,
          "availableFrom": 1606162200000,
          "availabilityStatus": "available"
        }
      ],
      "availability": "available",
      "smpKind": "programme",
      "type": "media"
    },
    "indexImage": {
      "id": "",
      "subType": "index",
      "href": "ichef.bbci.co.uk/images/ic/$recipe/p08b216l.png",
      "path": "ichef.bbci.co.uk/images/ic/$recipe/p08b216l.png",
      "height": 0,
      "width": 0,
      "altText": null,
      "copyrightHolder": null,
      "type": "image"
    },
    "releaseDateTimestamp": 1606089600000,
    "brand": { "pid": "w13xttn0", "title": "Labaran Talabijin" },
    "id": "urn:bbc:ares:ws_media:page:bbc_hausa_tv/w172xcg0kg6vph8",
    "type": "ws_tv"
  },
  "relatedContent": {
    "site": {
      "subType": "site",
      "name": "Hausa",
      "uri": "/hausa",
      "type": "simple"
    },
    "groups": [
      {
        "type": "other-episode",
        "promos": [
          {
            "headlines": { "headline": "Labaran Talabijin" },
            "locators": { "pid": "w172xcg20jgz8xm", "brandPid": "w13xttn0" },
            "media": {
              "id": "w172xcg20jgz8xm",
              "subType": "episode",
              "format": "Video",
              "title": "21/12/2020 GMT",
              "synopses": {
                "short": "Sashen Hausa na BBC ya fara gabatar da shirin talabijin a ranakun Litinin zuwa Juma'a na kowane mako.",
                "medium": "Sashen Hausa na BBC ya fara gabatar da shirin talabijin a ranakun Litinin zuwa Juma'a na kowane mako."
              },
              "imageUrl": "ichef.bbci.co.uk/images/ic/$recipe/p08b216l.png",
              "embedding": false,
              "advertising": false,
              "versions": [
                {
                  "versionId": "w1mshjb77sblt04",
                  "types": ["Original"],
                  "duration": 600,
                  "durationISO8601": "PT10M",
                  "warnings": {},
                  "availableTerritories": {
                    "uk": false,
                    "nonUk": false,
                    "world": true
                  },
                  "availableUntil": 1618185600000,
                  "availableFrom": 1608581400000,
                  "availabilityStatus": "available"
                }
              ],
              "availability": "available",
              "smpKind": "programme",
              "type": "media"
            },
            "indexImage": {
              "id": "",
              "subType": "index",
              "href": "ichef.bbci.co.uk/images/ic/$recipe/p08b216l.png",
              "path": "ichef.bbci.co.uk/images/ic/$recipe/p08b216l.png",
              "height": 0,
              "width": 0,
              "altText": null,
              "copyrightHolder": null,
              "type": "image"
            },
            "releaseDateTimestamp": 1608508800000,
            "brand": { "pid": "w13xttn0", "title": "Labaran Talabijin" },
            "id": "urn:bbc:ares:ws_media:page:bbc_hausa_tv/w172xcg20jgz8xm",
            "type": "ws_tv"
          },
          {
            "headlines": { "headline": "Labaran Talabijin" },
            "locators": { "pid": "w172xcg1n85kqy5", "brandPid": "w13xttn0" },
            "media": {
              "id": "w172xcg1n85kqy5",
              "subType": "episode",
              "format": "Video",
              "title": "18/12/2020 GMT",
              "synopses": {
                "short": "Sashen Hausa na BBC ya fara gabatar da shirin talabijin a ranakun Litinin zuwa Juma'a na kowane mako.",
                "medium": "Sashen Hausa na BBC ya fara gabatar da shirin talabijin a ranakun Litinin zuwa Juma'a na kowane mako."
              },
              "imageUrl": "ichef.bbci.co.uk/images/ic/$recipe/p08b216l.png",
              "embedding": false,
              "advertising": false,
              "versions": [
                {
                  "versionId": "w1mshjb6wj1680p",
                  "types": ["Original"],
                  "duration": 600,
                  "durationISO8601": "PT10M",
                  "warnings": {},
                  "availableTerritories": {
                    "uk": false,
                    "nonUk": false,
                    "world": true
                  },
                  "availableUntil": 1618185600000,
                  "availableFrom": 1608322200000,
                  "availabilityStatus": "available"
                }
              ],
              "availability": "available",
              "smpKind": "programme",
              "type": "media"
            },
            "indexImage": {
              "id": "",
              "subType": "index",
              "href": "ichef.bbci.co.uk/images/ic/$recipe/p08b216l.png",
              "path": "ichef.bbci.co.uk/images/ic/$recipe/p08b216l.png",
              "height": 0,
              "width": 0,
              "altText": null,
              "copyrightHolder": null,
              "type": "image"
            },
            "releaseDateTimestamp": 1608249600000,
            "brand": { "pid": "w13xttn0", "title": "Labaran Talabijin" },
            "id": "urn:bbc:ares:ws_media:page:bbc_hausa_tv/w172xcg1n85kqy5",
            "type": "ws_tv"
          },
          {
            "headlines": { "headline": "Labaran Talabijin" },
            "locators": { "pid": "w172xcg1n85gv12", "brandPid": "w13xttn0" },
            "media": {
              "id": "w172xcg1n85gv12",
              "subType": "episode",
              "format": "Video",
              "title": "17/12/2020 GMT",
              "synopses": {
                "short": "Sashen Hausa na BBC ya fara gabatar da shirin talabijin a ranakun Litinin zuwa Juma'a na kowane mako.",
                "medium": "Sashen Hausa na BBC ya fara gabatar da shirin talabijin a ranakun Litinin zuwa Juma'a na kowane mako."
              },
              "imageUrl": "ichef.bbci.co.uk/images/ic/$recipe/p08b216l.png",
              "embedding": false,
              "advertising": false,
              "versions": [
                {
                  "versionId": "w1mshjb6wj13c3l",
                  "types": ["Original"],
                  "duration": 600,
                  "durationISO8601": "PT10M",
                  "warnings": {},
                  "availableTerritories": {
                    "uk": false,
                    "nonUk": false,
                    "world": true
                  },
                  "availableUntil": 1618185600000,
                  "availableFrom": 1608235800000,
                  "availabilityStatus": "available"
                }
              ],
              "availability": "available",
              "smpKind": "programme",
              "type": "media"
            },
            "indexImage": {
              "id": "",
              "subType": "index",
              "href": "ichef.bbci.co.uk/images/ic/$recipe/p08b216l.png",
              "path": "ichef.bbci.co.uk/images/ic/$recipe/p08b216l.png",
              "height": 0,
              "width": 0,
              "altText": null,
              "copyrightHolder": null,
              "type": "image"
            },
            "releaseDateTimestamp": 1608163200000,
            "brand": { "pid": "w13xttn0", "title": "Labaran Talabijin" },
            "id": "urn:bbc:ares:ws_media:page:bbc_hausa_tv/w172xcg1n85gv12",
            "type": "ws_tv"
          },
          {
            "headlines": { "headline": "Labaran Talabijin" },
            "locators": { "pid": "w172xcg1n85cy3z", "brandPid": "w13xttn0" },
            "media": {
              "id": "w172xcg1n85cy3z",
              "subType": "episode",
              "format": "Video",
              "title": "16/12/2020 GMT",
              "synopses": {
                "short": "Sashen Hausa na BBC ya fara gabatar da shirin talabijin a ranakun Litinin zuwa Juma'a na kowane mako.",
                "medium": "Sashen Hausa na BBC ya fara gabatar da shirin talabijin a ranakun Litinin zuwa Juma'a na kowane mako."
              },
              "imageUrl": "ichef.bbci.co.uk/images/ic/$recipe/p08b216l.png",
              "embedding": false,
              "advertising": false,
              "versions": [
                {
                  "versionId": "w1mshjb6wj10g6h",
                  "types": ["Original"],
                  "duration": 600,
                  "durationISO8601": "PT10M",
                  "warnings": {},
                  "availableTerritories": {
                    "uk": false,
                    "nonUk": false,
                    "world": true
                  },
                  "availableUntil": 1618185600000,
                  "availableFrom": 1608149400000,
                  "availabilityStatus": "available"
                }
              ],
              "availability": "available",
              "smpKind": "programme",
              "type": "media"
            },
            "indexImage": {
              "id": "",
              "subType": "index",
              "href": "ichef.bbci.co.uk/images/ic/$recipe/p08b216l.png",
              "path": "ichef.bbci.co.uk/images/ic/$recipe/p08b216l.png",
              "height": 0,
              "width": 0,
              "altText": null,
              "copyrightHolder": null,
              "type": "image"
            },
            "releaseDateTimestamp": 1608076800000,
            "brand": { "pid": "w13xttn0", "title": "Labaran Talabijin" },
            "id": "urn:bbc:ares:ws_media:page:bbc_hausa_tv/w172xcg1n85cy3z",
            "type": "ws_tv"
          },
          {
            "headlines": { "headline": "Labaran Talabijin" },
            "locators": { "pid": "w172xcg1n85916w", "brandPid": "w13xttn0" },
            "media": {
              "id": "w172xcg1n85916w",
              "subType": "episode",
              "format": "Video",
              "title": "15/12/2020 GMT",
              "synopses": {
                "short": "Sashen Hausa na BBC ya fara gabatar da shirin talabijin a ranakun Litinin zuwa Juma'a na kowane mako.",
                "medium": "Sashen Hausa na BBC ya fara gabatar da shirin talabijin a ranakun Litinin zuwa Juma'a na kowane mako."
              },
              "imageUrl": "ichef.bbci.co.uk/images/ic/$recipe/p08b216l.png",
              "embedding": false,
              "advertising": false,
              "versions": [
                {
                  "versionId": "w1mshjb6wj0xk9d",
                  "types": ["Original"],
                  "duration": 600,
                  "durationISO8601": "PT10M",
                  "warnings": {},
                  "availableTerritories": {
                    "uk": false,
                    "nonUk": false,
                    "world": true
                  },
                  "availableUntil": 1618185600000,
                  "availableFrom": 1608063000000,
                  "availabilityStatus": "available"
                }
              ],
              "availability": "available",
              "smpKind": "programme",
              "type": "media"
            },
            "indexImage": {
              "id": "",
              "subType": "index",
              "href": "ichef.bbci.co.uk/images/ic/$recipe/p08b216l.png",
              "path": "ichef.bbci.co.uk/images/ic/$recipe/p08b216l.png",
              "height": 0,
              "width": 0,
              "altText": null,
              "copyrightHolder": null,
              "type": "image"
            },
            "releaseDateTimestamp": 1607990400000,
            "brand": { "pid": "w13xttn0", "title": "Labaran Talabijin" },
            "id": "urn:bbc:ares:ws_media:page:bbc_hausa_tv/w172xcg1n85916w",
            "type": "ws_tv"
          },
          {
            "headlines": { "headline": "Labaran Talabijin" },
            "locators": { "pid": "w172xcg1n85649s", "brandPid": "w13xttn0" },
            "media": {
              "id": "w172xcg1n85649s",
              "subType": "episode",
              "format": "Video",
              "title": "14/12/2020 GMT",
              "synopses": {
                "short": "Sashen Hausa na BBC ya fara gabatar da shirin talabijin a ranakun Litinin zuwa Juma'a na kowane mako.",
                "medium": "Sashen Hausa na BBC ya fara gabatar da shirin talabijin a ranakun Litinin zuwa Juma'a na kowane mako."
              },
              "imageUrl": "ichef.bbci.co.uk/images/ic/$recipe/p08b216l.png",
              "embedding": false,
              "advertising": false,
              "versions": [
                {
                  "versionId": "w1mshjb6wj0tnd9",
                  "types": ["Original"],
                  "duration": 600,
                  "durationISO8601": "PT10M",
                  "warnings": {},
                  "availableTerritories": {
                    "uk": false,
                    "nonUk": false,
                    "world": true
                  },
                  "availableUntil": 1618185600000,
                  "availableFrom": 1607976600000,
                  "availabilityStatus": "available"
                }
              ],
              "availability": "available",
              "smpKind": "programme",
              "type": "media"
            },
            "indexImage": {
              "id": "",
              "subType": "index",
              "href": "ichef.bbci.co.uk/images/ic/$recipe/p08b216l.png",
              "path": "ichef.bbci.co.uk/images/ic/$recipe/p08b216l.png",
              "height": 0,
              "width": 0,
              "altText": null,
              "copyrightHolder": null,
              "type": "image"
            },
            "releaseDateTimestamp": 1607904000000,
            "brand": { "pid": "w13xttn0", "title": "Labaran Talabijin" },
            "id": "urn:bbc:ares:ws_media:page:bbc_hausa_tv/w172xcg1n85649s",
            "type": "ws_tv"
          },
          {
            "headlines": { "headline": "Labaran Talabijin" },
            "locators": { "pid": "w172xcg18zvslbb", "brandPid": "w13xttn0" },
            "media": {
              "id": "w172xcg18zvslbb",
              "subType": "episode",
              "format": "Video",
              "title": "11/12/2020 GMT",
              "synopses": {
                "short": "Sashen Hausa na BBC ya fara gabatar da shirin talabijin a ranakun Litinin zuwa Juma'a na kowane mako.",
                "medium": "Sashen Hausa na BBC ya fara gabatar da shirin talabijin a ranakun Litinin zuwa Juma'a na kowane mako."
              },
              "imageUrl": "ichef.bbci.co.uk/images/ic/$recipe/p08b216l.png",
              "embedding": false,
              "advertising": false,
              "versions": [
                {
                  "versionId": "w1mshjb6j7qf3dv",
                  "types": ["Original"],
                  "duration": 600,
                  "durationISO8601": "PT10M",
                  "warnings": {},
                  "availableTerritories": {
                    "uk": false,
                    "nonUk": false,
                    "world": true
                  },
                  "availableUntil": 1618185600000,
                  "availableFrom": 1607717400000,
                  "availabilityStatus": "available"
                }
              ],
              "availability": "available",
              "smpKind": "programme",
              "type": "media"
            },
            "indexImage": {
              "id": "",
              "subType": "index",
              "href": "ichef.bbci.co.uk/images/ic/$recipe/p08b216l.png",
              "path": "ichef.bbci.co.uk/images/ic/$recipe/p08b216l.png",
              "height": 0,
              "width": 0,
              "altText": null,
              "copyrightHolder": null,
              "type": "image"
            },
            "releaseDateTimestamp": 1607644800000,
            "brand": { "pid": "w13xttn0", "title": "Labaran Talabijin" },
            "id": "urn:bbc:ares:ws_media:page:bbc_hausa_tv/w172xcg18zvslbb",
            "type": "ws_tv"
          },
          {
            "headlines": { "headline": "Labaran Talabijin" },
            "locators": { "pid": "w172xcg18zvppf7", "brandPid": "w13xttn0" },
            "media": {
              "id": "w172xcg18zvppf7",
              "subType": "episode",
              "format": "Video",
              "title": "10/12/2020 GMT",
              "synopses": {
                "short": "Sashen Hausa na BBC ya fara gabatar da shirin talabijin a ranakun Litinin zuwa Juma'a na kowane mako.",
                "medium": "Sashen Hausa na BBC ya fara gabatar da shirin talabijin a ranakun Litinin zuwa Juma'a na kowane mako."
              },
              "imageUrl": "ichef.bbci.co.uk/images/ic/$recipe/p08b216l.png",
              "embedding": false,
              "advertising": false,
              "versions": [
                {
                  "versionId": "w1mshjb6j7qb6hr",
                  "types": ["Original"],
                  "duration": 600,
                  "durationISO8601": "PT10M",
                  "warnings": {},
                  "availableTerritories": {
                    "uk": false,
                    "nonUk": false,
                    "world": true
                  },
                  "availableUntil": 1618185600000,
                  "availableFrom": 1607631000000,
                  "availabilityStatus": "available"
                }
              ],
              "availability": "available",
              "smpKind": "programme",
              "type": "media"
            },
            "indexImage": {
              "id": "",
              "subType": "index",
              "href": "ichef.bbci.co.uk/images/ic/$recipe/p08b216l.png",
              "path": "ichef.bbci.co.uk/images/ic/$recipe/p08b216l.png",
              "height": 0,
              "width": 0,
              "altText": null,
              "copyrightHolder": null,
              "type": "image"
            },
            "releaseDateTimestamp": 1607558400000,
            "brand": { "pid": "w13xttn0", "title": "Labaran Talabijin" },
            "id": "urn:bbc:ares:ws_media:page:bbc_hausa_tv/w172xcg18zvppf7",
            "type": "ws_tv"
          }
        ]
      }
    ]
  }
}
