{
  "generated": "2020-07-07T15:54:29.584Z",
  "lastRecordTimeStamp": "2030-01-01T17:00:00Z",
  "firstRecordTimeStamp": "2020-07-07T15:34:00Z",
  "totalRecords": 20,
  "records": [
    {
      "id": "dda413dd-eed2-41c3-a1b7-4232cc8aa9a6",
      "rank": 1,
      "count": 15,
      "urn": "urn:bbc:curie:asset:dda413dd-eed2-41c3-a1b7-4232cc8aa9a6",
      "promo": {
        "headlines": {
          "shortHeadline": "Yadda za a magance matsalar fyaɗe a Najeriya – Sheikh Aminu Daurawa",
          "headline": "Sheikh Aminu Daurawa ya bayyana hanyoyin magance matsalar fyaɗe a Najeriya"
        },
        "locators": {
          "assetUri": "/hausa/labarai-53277014",
          "cpsUrn": "urn:bbc:content:assetUri:hausa/labarai-53277014",
          "curie": "http://www.bbc.co.uk/asset/dda413dd-eed2-41c3-a1b7-4232cc8aa9a6",
          "assetId": "53277014"
        },
        "summary": "Fitaccen malamin addinin Musuluncin nan na Najeriya, Sheikh Aminu Daurawa, ya bayyana wa BBC matakan da suka kamata a dauka domin shawo kan matsalar fyade da ta addabi kasar.",
        "timestamp": 1593766198000,
        "language": "ha",
        "passport": {
          "category": {
            "categoryId": "http://www.bbc.co.uk/ontologies/applicationlogic-news/News",
            "categoryName": "News"
          },
          "campaigns": [
            {
              "campaignId": "5a988e2939461b000e9dabf8",
              "campaignName": "WS - Educate me"
            }
          ],
          "taggings": []
        },
        "media": {
          "id": "53277015",
          "subType": "primary",
          "format": "video",
          "externalId": "p08jp025",
          "entityType": "Clip",
          "caption": "Dole a rika hukunta masu fyade- Sheikh Aminu Daurawa",
          "type": "external_vpid"
        },
        "indexImage": {
          "id": "113223977",
          "subType": "index",
          "href": "http://c.files.bbci.co.uk/1306C/production/_113223977_daurawa.jpg",
          "path": "/cpsprodpb/1306C/production/_113223977_daurawa.jpg",
          "height": 549,
          "width": 976,
          "altText": "Sheikh Daurawa",
          "copyrightHolder": "BBC",
          "type": "image"
        },
        "id": "urn:bbc:ares::asset:hausa/labarai-53277014",
        "type": "cps"
      }
    },
    {
      "id": "99e10233-0b82-4bb8-8f3e-a44f7ece0c98",
      "rank": 2,
      "count": 8,
      "urn": "urn:bbc:curie:asset:99e10233-0b82-4bb8-8f3e-a44f7ece0c98",
      "promo": {
        "headlines": {
          "shortHeadline": "Minti Daya Da BBC Na Rana 07/07/2020",
          "headline": "Minti Daya Da BBC Na Rana 07/07/2020"
        },
        "locators": {
          "assetUri": "/hausa/labarai-53097134",
          "cpsUrn": "urn:bbc:content:assetUri:hausa/labarai-53097134",
          "curie": "http://www.bbc.co.uk/asset/99e10233-0b82-4bb8-8f3e-a44f7ece0c98",
          "assetId": "53097134"
        },
        "summary": "Minti Daya Da BBC Na Rana 07/07/2020",
        "timestamp": 1594106356000,
        "language": "ha",
        "passport": {
          "category": {
            "categoryId": "http://www.bbc.co.uk/ontologies/applicationlogic-news/News",
            "categoryName": "News"
          },
          "campaigns": [
            {
              "campaignId": "5a988e4739461b000e9dabfc",
              "campaignName": "WS - Update me"
            }
          ],
          "taggings": []
        },
        "media": {
          "id": "53320365",
          "subType": "primary",
          "format": "audio",
          "externalId": "p08k30fh",
          "entityType": "Clip",
          "caption": "Minti Daya Da BBC Na Rana 07/07/2020",
          "type": "external_vpid"
        },
        "indexImage": {
          "id": "113270861",
          "subType": "index",
          "href": "http://c.files.bbci.co.uk/41A7/production/_113270861_p08k30pr.png",
          "path": "/cpsprodpb/41A7/production/_113270861_p08k30pr.png",
          "height": 576,
          "width": 1024,
          "altText": "Minti Daya Da BBC Na Rana 07/07/2020",
          "copyrightHolder": "Minti Daya Da BBC Na Rana 07/07/2020",
          "type": "image"
        },
        "id": "urn:bbc:ares::asset:hausa/labarai-53097134",
        "type": "cps"
      }
    },
    {
      "id": "c882d9cf-2454-4844-a3eb-dd849ed04e97",
      "rank": 3,
      "count": 7,
      "urn": "urn:bbc:curie:asset:c882d9cf-2454-4844-a3eb-dd849ed04e97",
      "promo": {
        "headlines": {
          "shortHeadline": "Birnin da mamayar birrai ta hana mutane sakat",
          "headline": "Birnin da mamayar birrai ta hana mutane sakat"
        },
        "locators": {
          "assetUri": "/hausa/labarai-53258457",
          "cpsUrn": "urn:bbc:content:assetUri:hausa/labarai-53258457",
          "curie": "http://www.bbc.co.uk/asset/c882d9cf-2454-4844-a3eb-dd849ed04e97",
          "assetId": "53258457"
        },
        "summary": "Jama'a sun shige gida sun kulle kofa, bangarorin birrai masu hamayya da juna suna fada kuma wajen ya fi karfin zuwa mutum.",
        "timestamp": 1593662349000,
        "language": "ha",
        "passport": {
          "category": {
            "categoryId": "http://www.bbc.co.uk/ontologies/applicationlogic-news/Explainer",
            "categoryName": "Explainer"
          },
          "campaigns": [
            {
              "campaignId": "5a988e3139461b000e9dabf9",
              "campaignName": "WS - Divert me"
            }
          ],
          "taggings": []
        },
        "media": {
          "id": "53258458",
          "subType": "primary",
          "format": "video",
          "externalId": "p08jlbvn",
          "entityType": "Clip",
          "caption": "Garin da birrai suka kori mutane suka mamaye ko ina",
          "type": "external_vpid"
        },
        "indexImage": {
          "id": "113187671",
          "subType": "index",
          "href": "http://c.files.bbci.co.uk/450E/production/_113187671_p08jlgz7.jpg",
          "path": "/cpsprodpb/450E/production/_113187671_p08jlgz7.jpg",
          "height": 549,
          "width": 976,
          "altText": "Thailand",
          "copyrightHolder": "BBC",
          "type": "image"
        },
        "id": "urn:bbc:ares::asset:hausa/labarai-53258457",
        "type": "cps"
      }
    },
    {
      "id": "a4f59f3a-3b2a-472d-a024-873b27bc51c1",
      "rank": 4,
      "count": 5,
      "urn": "urn:bbc:curie:asset:a4f59f3a-3b2a-472d-a024-873b27bc51c1",
      "promo": {
        "headlines": {
          "shortHeadline": "Damben da Taufik ya buge Autan Dutsen Mari a Abuja",
          "headline": "Damben da Taufik ya buge Autan Dutsen Mari a Abuja"
        },
        "locators": {
          "assetUri": "/hausa/wasanni-53300471",
          "cpsUrn": "urn:bbc:content:assetUri:hausa/wasanni-53300471",
          "curie": "http://www.bbc.co.uk/asset/a4f59f3a-3b2a-472d-a024-873b27bc51c1",
          "assetId": "53300471"
        },
        "summary": "A turmi na biyu Taufik dogon Ebola daga Kiudu ya kashe Autan Dutsen Mari Guramada a damben safiyar Lahadi da aka yi a DeiDei da ke Abuja, Najeriya.",
        "timestamp": 1593963265000,
        "language": "ha",
        "media": {
          "id": "53300472",
          "subType": "primary",
          "format": "video",
          "externalId": "p08jxv82",
          "entityType": "Clip",
          "caption": "Damben da Taufik ya buge Autan Dutsen Mari a Abuja",
          "type": "external_vpid"
        },
        "indexImage": {
          "id": "113248716",
          "subType": "index",
          "href": "http://c.files.bbci.co.uk/F158/production/_113248716_p08jxvjs.jpg",
          "path": "/cpsprodpb/F158/production/_113248716_p08jxvjs.jpg",
          "height": 261,
          "width": 464,
          "altText": "Damben gargajiya",
          "copyrightHolder": "BBC",
          "type": "image"
        },
        "id": "urn:bbc:ares::asset:hausa/wasanni-53300471",
        "type": "cps"
      }
    },
    {
      "id": "b8fb5e79-b321-4986-bfee-9ca08560fb68",
      "rank": 5,
      "count": 4,
      "urn": "urn:bbc:curie:asset:b8fb5e79-b321-4986-bfee-9ca08560fb68",
      "promo": {
        "headlines": {
          "shortHeadline": "Yadda annobar cuta korona ta sauya duniya cikin wata shida",
          "headline": "Cooronavirus a duniya: Yadda annobar ta sauya duniya cikin wata shida"
        },
        "locators": {
          "assetUri": "/hausa/media-53267541",
          "cpsUrn": "urn:bbc:content:assetUri:hausa/media-53267541",
          "curie": "http://www.bbc.co.uk/asset/b8fb5e79-b321-4986-bfee-9ca08560fb68",
          "assetId": "53267541"
        },
        "summary": "A ranar 31 ga watan Disamba ne gidan talbajin na China ya bayar da rahoton cewa a karon farko an samu bullar cutar numoniya a Whuhan. Amma cikin wata shida kawa, annobar ta sauya duniya.",
        "timestamp": 1593705423000,
        "language": "ha",
        "passport": {
          "category": {
            "categoryId": "http://www.bbc.co.uk/ontologies/applicationlogic-news/Explainer",
            "categoryName": "Explainer"
          },
          "campaigns": [
            {
              "campaignId": "5a988e1739461b000e9dabf6",
              "campaignName": "WS - CS"
            }
          ],
          "taggings": []
        },
        "media": {
          "id": "53267542",
          "subType": "primary",
          "format": "video",
          "externalId": "p08jnqkw",
          "entityType": "Clip",
          "caption": "Bidiyon yadda annobar cuta korona ta sauya duniya cikin wata shida",
          "type": "external_vpid"
        },
        "indexImage": {
          "id": "113206219",
          "subType": "index",
          "href": "http://c.files.bbci.co.uk/1647C/production/_113206219_p08jnr05.jpg",
          "path": "/cpsprodpb/1647C/production/_113206219_p08jnr05.jpg",
          "height": 576,
          "width": 1024,
          "altText": "Corovirus",
          "copyrightHolder": "BBC",
          "type": "image"
        },
        "id": "urn:bbc:ares::asset:hausa/media-53267541",
        "type": "cps"
      }
    },
    {
      "id": "601d9cb7-7750-4bc8-afa1-23acd0db1d89",
      "rank": 6,
      "count": 4,
      "urn": "urn:bbc:curie:asset:601d9cb7-7750-4bc8-afa1-23acd0db1d89",
      "promo": {
        "headlines": {
          "shortHeadline": "Ra'ayi Riga: Rikicin shugabanci a jam'iyyar APC",
          "headline": "Ra'ayi Riga: Rikicin shugabanci a jam'iyyar APC"
        },
        "locators": {
          "assetUri": "/hausa/53115498",
          "cpsUrn": "urn:bbc:content:assetUri:hausa/53115498",
          "curie": "http://www.bbc.co.uk/asset/601d9cb7-7750-4bc8-afa1-23acd0db1d89",
          "assetId": "53115498"
        },
        "summary": "Jam'iyyar APC mai mulkin Nigeria ta samu kanta cikin rikicin Shugabanci, bayan dakatar da Adams Oshiomhole",
        "timestamp": 1592598980000,
        "language": "ha",
        "media": {
          "id": "53115499",
          "subType": "primary",
          "format": "audio",
          "externalId": "p08hhnkx",
          "entityType": "Clip",
          "caption": "apc",
          "type": "external_vpid"
        },
        "indexImage": {
          "id": "112997865",
          "subType": "index",
          "href": "http://c.files.bbci.co.uk/DE2F/production/_112997865_p08hhnpg.jpg",
          "path": "/cpsprodpb/DE2F/production/_112997865_p08hhnpg.jpg",
          "height": 549,
          "width": 976,
          "altText": "apc",
          "copyrightHolder": "BBC",
          "type": "image"
        },
        "id": "urn:bbc:ares::asset:hausa/53115498",
        "type": "cps"
      }
    },
    {
      "id": "c80db540-43d8-11e4-937a-93a23db9bd6e",
      "rank": 7,
      "count": 3,
      "urn": "urn:bbc:curie:asset:c80db540-43d8-11e4-937a-93a23db9bd6e",
      "promo": {
        "headlines": {
          "shortHeadline": "Liberia za ta daina sare dazukanta",
          "headline": "Liberia za ta daina sare dazukanta"
        },
        "locators": {
          "assetUri": "/hausa/multimedia/2014/09/140924_liberia_trees",
          "cpsUrn": "urn:bbc:content:assetUri:hausa/multimedia/2014/09/140924_liberia_trees",
          "curie": "http://www.bbc.co.uk/asset/c80db540-43d8-11e4-937a-93a23db9bd6e",
          "assetId": "34916260"
        },
        "summary": "Liberia za ta kasance kasa ta farko a nahiyar Afirka da za ta daina sare dazukanta bayan ta karbi tallafi daga Norway.",
        "timestamp": 1411556378000,
        "language": "ha",
        "passport": {
          "taggings": []
        },
        "media": {
          "id": "34916260",
          "subType": "primary",
          "format": "video",
          "image": {
            "id": "34916260",
            "subType": "thumbnail",
            "href": "http://a.files.bbci.co.uk/worldservice/live/assets/images/2014/09/23/140923160945_tree_liberia_640x360_afp.jpg",
            "path": "/amz/worldservice/live/assets/images/2014/09/23/140923160945_tree_liberia_640x360_afp.jpg",
            "height": 360,
            "width": 640,
            "altText": "Dazukan Liberia",
            "copyrightHolder": "",
            "type": "image"
          },
          "aspectRatio": "16:9",
          "live": false,
          "href": "http://www.bbc.co.uk/hausa/meta/dps/2014/09/emp/140924_liberia_trees.emp.xml",
          "playlist": [
            {
              "format": "mp4",
              "bitrate": "168000",
              "url": "https://wsodprogrf.akamaized.net/hausa/dps/2014/09/hausa~fliberia sh~f1041~f24~f9_16x9_lo.mp4"
            },
            {
              "format": "mp4",
              "bitrate": "320000",
              "url": "https://wsodprogrf.akamaized.net/hausa/dps/2014/09/hausa~fliberia sh~f1041~f24~f9_16x9_med.mp4"
            },
            {
              "format": "mp4",
              "bitrate": "904000",
              "url": "https://wsodprogrf.akamaized.net/hausa/dps/2014/09/hausa~fliberia sh~f1041~f24~f9_16x9_hi.mp4"
            }
          ],
          "type": "legacyMedia"
        },
        "indexImage": {
          "id": "d5e225",
          "subType": "index",
          "href": "http://a.files.bbci.co.uk/worldservice/live/assets/images/2014/09/23/140923161437_tree_liberia_144x81_.jpg",
          "path": "/amz/worldservice/live/assets/images/2014/09/23/140923161437_tree_liberia_144x81_.jpg",
          "height": 81,
          "width": 144,
          "altText": "",
          "copyrightHolder": " ",
          "type": "image"
        },
        "id": "urn:bbc:ares::asset:hausa/multimedia/2014/09/140924_liberia_trees",
        "type": "cps"
      }
    },
    {
      "id": "add6da41-ef9a-e94f-b8d2-aea5b8fa2e1b",
      "rank": 8,
      "count": 3,
      "urn": "urn:bbc:curie:asset:add6da41-ef9a-e94f-b8d2-aea5b8fa2e1b",
      "promo": {
        "headlines": {
          "shortHeadline": "Boyayyun abubuwa game da CP Wakili",
          "headline": "Abubuwan da ba ku sani ba game da CP Wakili Singham"
        },
        "locators": {
          "assetUri": "/hausa/labarai-47810770",
          "cpsUrn": "urn:bbc:content:assetUri:hausa/labarai-47810770",
          "curie": "http://www.bbc.co.uk/asset/add6da41-ef9a-e94f-b8d2-aea5b8fa2e1b",
          "assetId": "47810770"
        },
        "summary": "Tauraruwar kwamishinan 'yan sandan Kano CP Muhammad Wakili Singam na kara haskawa tun bayan da ya fara aiki a Kano. To sai dai mutane kadan ne suke da masaniya kan rayuwarsa.",
        "timestamp": 1554579781000,
        "language": "ha",
        "passport": {
          "category": {
            "categoryId": "http://www.bbc.co.uk/ontologies/applicationlogic-news/Explainer",
            "categoryName": "Explainer"
          },
          "campaigns": [
            {
              "campaignId": "5a988e3e39461b000e9dabfb",
              "campaignName": "WS - Keep me on trend"
            },
            {
              "campaignId": "5a988e4739461b000e9dabfc",
              "campaignName": "WS - Update me"
            }
          ],
          "taggings": []
        },
        "media": {
          "id": "47810772",
          "subType": "primary",
          "format": "video",
          "externalId": "p075gd4y",
          "entityType": "Clip",
          "caption": "CP Singham, dan Sanda abokin kowa",
          "type": "external_vpid"
        },
        "indexImage": {
          "id": "106294687",
          "subType": "index",
          "href": "http://c.files.bbci.co.uk/13339/production/_106294687_p075gf5b.jpg",
          "path": "/cpsprodpb/13339/production/_106294687_p075gf5b.jpg",
          "height": 549,
          "width": 976,
          "altText": "CP Wakili Singham",
          "copyrightHolder": "BBC",
          "type": "image"
        },
        "id": "urn:bbc:ares::asset:hausa/labarai-47810770",
        "type": "cps"
      }
    },
    {
      "id": "aa96d59f-fe97-4761-97a9-410529b3e7aa",
      "rank": 9,
      "count": 3,
      "urn": "urn:bbc:curie:asset:aa96d59f-fe97-4761-97a9-410529b3e7aa",
      "promo": {
        "headlines": {
          "shortHeadline": "Ko annobar korona za ta kawo tsauraran sauye-sauye a duniya?",
          "headline": "Bidiyo: Ko annobar korona za ta kawo tsauraran sauye-sauye a duniya?"
        },
        "locators": {
          "assetUri": "/hausa/media-53314513",
          "cpsUrn": "urn:bbc:content:assetUri:hausa/media-53314513",
          "curie": "http://www.bbc.co.uk/asset/aa96d59f-fe97-4761-97a9-410529b3e7aa",
          "assetId": "53314513"
        },
        "summary": "A shekarun baya can da suka gabata, san samu sauye-sauye sakamakon annoba daban-daban da suka addabi a duniya. Shin ko a wannan karon ma annobar korona za ta kawo tsauraran saue-sa",
        "timestamp": 1594094434000,
        "language": "ha",
        "passport": {
          "category": {
            "categoryId": "http://www.bbc.co.uk/ontologies/applicationlogic-news/Explainer",
            "categoryName": "Explainer"
          },
          "campaigns": [
            {
              "campaignId": "5a988e1739461b000e9dabf6",
              "campaignName": "WS - CS"
            }
          ],
          "taggings": []
        },
        "media": {
          "id": "53314514",
          "subType": "primary",
          "format": "video",
          "externalId": "p08k15qb",
          "entityType": "Clip",
          "caption": "Bidiyo: Ko annobar korona za ta kawo tsauraran saue-sauye a duniya?",
          "type": "external_vpid"
        },
        "indexImage": {
          "id": "113261719",
          "subType": "index",
          "href": "http://c.files.bbci.co.uk/16644/production/_113261719_p08k15yl.jpg",
          "path": "/cpsprodpb/16644/production/_113261719_p08k15yl.jpg",
          "height": 575,
          "width": 1024,
          "altText": "A shekarun baya can da suka gabata, san samu sauye-sauye sakamakon annoba daban-daban da suka addabi a duniya. Shin ko a wannan karon ma annobar korona za ta kawo tsauraran saue-sa",
          "copyrightHolder": "Ku latsa hoton da ke sama don kallon bidiyon:  A s",
          "type": "image"
        },
        "id": "urn:bbc:ares::asset:hausa/media-53314513",
        "type": "cps"
      }
    },
    {
      "id": "4f1909ba-ee6c-4088-a9c8-12e309237ef9",
      "rank": 10,
      "count": 3,
      "urn": "urn:bbc:curie:asset:4f1909ba-ee6c-4088-a9c8-12e309237ef9",
      "promo": {
        "headlines": {
          "shortHeadline": "Ra'ayi Riga: Shirin N-Power na janyo cece-kuce",
          "headline": "Ra'ayi Riga: Shirin N-Power na janyo cece-kuce"
        },
        "locators": {
          "assetUri": "/hausa/53283510",
          "cpsUrn": "urn:bbc:content:assetUri:hausa/53283510",
          "curie": "http://www.bbc.co.uk/asset/4f1909ba-ee6c-4088-a9c8-12e309237ef9",
          "assetId": "53283510"
        },
        "summary": "A Najeriya guraben aikin da gwamnatin tarayya ta ware wa matasa a daukacin kananan hukumomin kasar na ci gaba da janyo cece-kuce",
        "timestamp": 1593808614000,
        "language": "ha",
        "media": {
          "id": "53283511",
          "subType": "primary",
          "format": "audio",
          "externalId": "p08jtgnq",
          "entityType": "Clip",
          "caption": "Buhari",
          "type": "external_vpid"
        },
        "indexImage": {
          "id": "113234466",
          "subType": "index",
          "href": "http://c.files.bbci.co.uk/1038B/production/_113234466_bbc.jpg",
          "path": "/cpsprodpb/1038B/production/_113234466_bbc.jpg",
          "height": 549,
          "width": 976,
          "altText": "Buhari",
          "copyrightHolder": "BBC",
          "type": "image"
        },
        "id": "urn:bbc:ares::asset:hausa/53283510",
        "type": "cps"
      }
    },
    {
      "id": "d642f199-d2ff-4cf0-9e3f-7aa5b5a9bf7c",
      "rank": 11,
      "count": 2,
      "urn": "urn:bbc:curie:asset:d642f199-d2ff-4cf0-9e3f-7aa5b5a9bf7c",
      "promo": {
        "headlines": {
          "shortHeadline": "'Yar Afrikar da mutuwarta ta jawo zanga-zanga a Burtaniya",
          "headline": "'Yar Afrikar da mai cutar korona ya tofa mata yawu kuma mutuwarta ta jawo zanga-zanga a Burtaniya"
        },
        "locators": {
          "assetUri": "/hausa/media-53237325",
          "cpsUrn": "urn:bbc:content:assetUri:hausa/media-53237325",
          "curie": "http://www.bbc.co.uk/asset/d642f199-d2ff-4cf0-9e3f-7aa5b5a9bf7c",
          "assetId": "53237325"
        },
        "summary": "Belly Mujinga, ma'aikaciya ce a filin jirgin kasa kuma 'yar asalin Congo, wadda ta mutu bayan ta kamu da cutar korona sakamakon tofa mata yawu da wani mai dauke da cutar ya yi.",
        "timestamp": 1593522917000,
        "language": "ha",
        "passport": {
          "category": {
            "categoryId": "http://www.bbc.co.uk/ontologies/applicationlogic-news/News",
            "categoryName": "News"
          },
          "campaigns": [
            {
              "campaignId": "5a988e1739461b000e9dabf6",
              "campaignName": "WS - CS"
            }
          ],
          "taggings": []
        },
        "media": {
          "id": "53237326",
          "subType": "primary",
          "format": "video",
          "externalId": "p08jg5xk",
          "entityType": "Clip",
          "caption": "Matar da mutuwarta ya haifar da zanga-zanga a Birtaniya",
          "type": "external_vpid"
        },
        "indexImage": {
          "id": "113166906",
          "subType": "index",
          "href": "http://c.files.bbci.co.uk/EE26/production/_113166906_p08jg6jq.jpg",
          "path": "/cpsprodpb/EE26/production/_113166906_p08jg6jq.jpg",
          "height": 576,
          "width": 1024,
          "altText": "Belly Mujinga",
          "copyrightHolder": "BBC",
          "type": "image"
        },
        "id": "urn:bbc:ares::asset:hausa/media-53237325",
        "type": "cps"
      }
    },
    {
      "id": "cfd38fa3-571c-47d5-8778-0535d589a4ba",
      "rank": 12,
      "count": 2,
      "urn": "urn:bbc:curie:asset:cfd38fa3-571c-47d5-8778-0535d589a4ba",
      "promo": {
        "headlines": {
          "shortHeadline": "Bidiyon yadda 'yan sanda suka kama 'yan China a Abuja",
          "headline": "Bidiyon yadda 'yan sanda suka kama 'yan China a Abuja"
        },
        "locators": {
          "assetUri": "/hausa/labarai-53243856",
          "cpsUrn": "urn:bbc:content:assetUri:hausa/labarai-53243856",
          "curie": "http://www.bbc.co.uk/asset/cfd38fa3-571c-47d5-8778-0535d589a4ba",
          "assetId": "53243856"
        },
        "summary": "Rundunar 'yan sandan Najeriya ta kama wasu 'yan kasar China biyu bisa zargin kulle wasu 'yan Najeriya inda suka kwashe wata hudu suna tursasa musu yin aiki a otal dinsu.",
        "timestamp": 1593545845000,
        "language": "ha",
        "media": {
          "id": "53243857",
          "subType": "primary",
          "format": "video",
          "externalId": "p08jhc7t",
          "entityType": "Clip",
          "caption": "Bidiyon yadda 'yan sanda suka kama 'yan China a Abuja",
          "type": "external_vpid"
        },
        "indexImage": {
          "id": "113172211",
          "subType": "index",
          "href": "http://c.files.bbci.co.uk/2BDB/production/_113172211_p08jhcnq.jpg",
          "path": "/cpsprodpb/2BDB/production/_113172211_p08jhcnq.jpg",
          "height": 549,
          "width": 976,
          "altText": "'yan sanda",
          "caption": "'Yan sanda",
          "copyrightHolder": "BBC",
          "type": "image"
        },
        "id": "urn:bbc:ares::asset:hausa/labarai-53243856",
        "type": "cps"
      }
    },
    {
      "id": "efaf35a3-5518-4988-a6fa-d292a14937cf",
      "rank": 13,
      "count": 1,
      "urn": "urn:bbc:curie:asset:efaf35a3-5518-4988-a6fa-d292a14937cf",
      "promo": {
        "headlines": {
          "shortHeadline": "Taɓa kiɗi taɓa karatu na 05/07/2020",
          "headline": "Taɓa kiɗi taɓa karatu na 05/07/2020"
        },
        "locators": {
          "assetUri": "/hausa/labarai-53298109",
          "cpsUrn": "urn:bbc:content:assetUri:hausa/labarai-53298109",
          "curie": "http://www.bbc.co.uk/asset/efaf35a3-5518-4988-a6fa-d292a14937cf",
          "assetId": "53298109"
        },
        "summary": "Taɓa kidi taɓa karatu na 05/07/2020",
        "timestamp": 1593940694000,
        "language": "ha",
        "passport": {
          "category": {
            "categoryId": "http://www.bbc.co.uk/ontologies/applicationlogic-news/Feature",
            "categoryName": "Feature"
          },
          "campaigns": [
            {
              "campaignId": "5a988e3139461b000e9dabf9",
              "campaignName": "WS - Divert me"
            }
          ],
          "taggings": []
        },
        "media": {
          "id": "53298110",
          "subType": "primary",
          "format": "audio",
          "externalId": "p08jxc1r",
          "entityType": "Clip",
          "caption": "Taɓa kidi taɓa karatu na 05/07/2020",
          "type": "external_vpid"
        },
        "indexImage": {
          "id": "113246217",
          "subType": "index",
          "href": "http://c.files.bbci.co.uk/11660/production/_113246217_p08jxcpg.png",
          "path": "/cpsprodpb/11660/production/_113246217_p08jxcpg.png",
          "height": 576,
          "width": 1024,
          "altText": "Taɓa kidi taɓa karatu na 05/07/2020",
          "copyrightHolder": "Taɓa kidi taɓa karatu na 05/07/2020",
          "type": "image"
        },
        "id": "urn:bbc:ares::asset:hausa/labarai-53298109",
        "type": "cps"
      }
    },
    {
      "id": "bf3be9b5-35c0-48b3-a542-5353a5481668",
      "rank": 14,
      "count": 1,
      "urn": "urn:bbc:curie:asset:bf3be9b5-35c0-48b3-a542-5353a5481668",
      "promo": {
        "headlines": {
          "shortHeadline": "Kullen korona bai hana matasa shan miyagun kwayoyi ba in ji Dr Abdullahi Abdul",
          "headline": "Kullen korona bai hana matasa shan miyagun kwayoyi ba in ji Dr Abdullahi Abdul"
        },
        "locators": {
          "assetUri": "/hausa/media-53196514",
          "cpsUrn": "urn:bbc:content:assetUri:hausa/media-53196514",
          "curie": "http://www.bbc.co.uk/asset/bf3be9b5-35c0-48b3-a542-5353a5481668",
          "assetId": "53196514"
        },
        "summary": "Dr Abdullahi Abdul, shugaban Hukumar hana sha da fataucin miyagun kwayoyi ta Jihar Kano ya yi karin bayani akan kalubalen da ke addabar hukumar.",
        "timestamp": 1593193271000,
        "language": "ha",
        "passport": {
          "category": {
            "categoryId": "http://www.bbc.co.uk/ontologies/applicationlogic-news/Explainer",
            "categoryName": "Explainer"
          },
          "campaigns": [
            {
              "campaignId": "5a988e3739461b000e9dabfa",
              "campaignName": "WS - Give me perspective"
            }
          ],
          "taggings": []
        },
        "media": {
          "id": "53199506",
          "subType": "primary",
          "format": "video",
          "externalId": "p08j00rw",
          "entityType": "Clip",
          "caption": "Bidiyon hira da Dr Abdullahi Abdul kullen korona bai hana matasa shan miyagun kwayoyi ba",
          "type": "external_vpid"
        },
        "indexImage": {
          "id": "113111761",
          "subType": "index",
          "href": "http://c.files.bbci.co.uk/4147/production/_113111761_p08j0145.jpg",
          "path": "/cpsprodpb/4147/production/_113111761_p08j0145.jpg",
          "height": 576,
          "width": 1024,
          "altText": "Keyframe #7",
          "copyrightHolder": "BBC",
          "type": "image"
        },
        "id": "urn:bbc:ares::asset:hausa/media-53196514",
        "type": "cps"
      }
    },
    {
      "id": "a46705f0-0aca-3547-abcf-c7a72f8b56f7",
      "rank": 15,
      "count": 1,
      "urn": "urn:bbc:curie:asset:a46705f0-0aca-3547-abcf-c7a72f8b56f7",
      "promo": {
        "headlines": {
          "shortHeadline": "Lafiya Zinariya: Matsalar Yoyon Fitsari a tsakanin mata",
          "headline": "Lafiya Zinariya: Matsalar Yoyon Fitsari a tsakanin mata"
        },
        "locators": {
          "assetUri": "/hausa/shirye-shirye-na-musamman-53000424",
          "cpsUrn": "urn:bbc:content:assetUri:hausa/shirye-shirye-na-musamman-53000424",
          "curie": "http://www.bbc.co.uk/asset/a46705f0-0aca-3547-abcf-c7a72f8b56f7",
          "assetId": "53000424"
        },
        "summary": "A wannan makon, mun tattauna da wata baiwar Allah da ta gamu da yoyon fitsari a lokacin haihuwarta ta fari.",
        "timestamp": 1592023167000,
        "language": "ha",
        "passport": {
          "category": {
            "categoryId": "http://www.bbc.co.uk/ontologies/applicationlogic-news/Feature",
            "categoryName": "Feature"
          },
          "campaigns": [
            {
              "campaignId": "5a988e2939461b000e9dabf8",
              "campaignName": "WS - Educate me"
            }
          ],
          "taggings": []
        },
        "media": {
          "id": "53000425",
          "subType": "primary",
          "format": "audio",
          "externalId": "p08gl0pd",
          "entityType": "Clip",
          "caption": "Matsalar yoyon fitsari",
          "type": "external_vpid"
        },
        "indexImage": {
          "id": "112832214",
          "subType": "index",
          "href": "http://c.files.bbci.co.uk/A107/production/_112832214_p08gl1hg.jpg",
          "path": "/cpsprodpb/A107/production/_112832214_p08gl1hg.jpg",
          "height": 549,
          "width": 976,
          "altText": "Lafiya Zinariya",
          "copyrightHolder": "BBC",
          "type": "image"
        },
        "id": "urn:bbc:ares::asset:hausa/shirye-shirye-na-musamman-53000424",
        "type": "cps"
      }
    },
    {
      "id": "9bc11943-ff61-0f43-a311-3d7dabc8580d",
      "rank": 16,
      "count": 1,
      "urn": "urn:bbc:curie:asset:9bc11943-ff61-0f43-a311-3d7dabc8580d",
      "promo": {
        "headlines": {
          "shortHeadline": "Gane mini hanya na 04-07-2020",
          "headline": "Gane mini hanya na 04-07-2020"
        },
        "locators": {
          "assetUri": "/hausa/shirye-shirye-na-musamman-52954203",
          "cpsUrn": "urn:bbc:content:assetUri:hausa/shirye-shirye-na-musamman-52954203",
          "curie": "http://www.bbc.co.uk/asset/9bc11943-ff61-0f43-a311-3d7dabc8580d",
          "assetId": "52954203"
        },
        "summary": "Gane mini hanya na 04-07-2020",
        "timestamp": 1593941388000,
        "language": "ha",
        "passport": {
          "category": {
            "categoryId": "http://www.bbc.co.uk/ontologies/applicationlogic-news/Interactive",
            "categoryName": "Interactive"
          },
          "campaigns": [
            {
              "campaignId": "5a988e3739461b000e9dabfa",
              "campaignName": "WS - Give me perspective"
            },
            {
              "campaignId": "5a988e4739461b000e9dabfc",
              "campaignName": "WS - Update me"
            }
          ],
          "taggings": []
        },
        "media": {
          "id": "53290287",
          "subType": "primary",
          "format": "audio",
          "externalId": "p08jvthw",
          "entityType": "Clip",
          "caption": "Gane mini hanya na 04-07-2020",
          "type": "external_vpid"
        },
        "indexImage": {
          "id": "113240212",
          "subType": "index",
          "href": "http://c.files.bbci.co.uk/52D4/production/_113240212_p08jvtz9.png",
          "path": "/cpsprodpb/52D4/production/_113240212_p08jvtz9.png",
          "height": 576,
          "width": 1024,
          "altText": "Gane mini hanya na 04-07-2020",
          "copyrightHolder": "Gane mini hanya na 04-07-2020",
          "type": "image"
        },
        "id": "urn:bbc:ares::asset:hausa/shirye-shirye-na-musamman-52954203",
        "type": "cps"
      }
    },
    {
      "id": "8eace70d-b3aa-4542-8769-bdb3f22bdb07",
      "rank": 17,
      "count": 1,
      "urn": "urn:bbc:curie:asset:8eace70d-b3aa-4542-8769-bdb3f22bdb07",
      "promo": {
        "headlines": {
          "shortHeadline": "'Ni uwar jarumai maza da mata ce'",
          "headline": "Kalli bidiyon Hadizan Saima: Uwar jaruman Kannywood"
        },
        "locators": {
          "assetUri": "/hausa/labarai-42487685",
          "cpsUrn": "urn:bbc:content:assetUri:hausa/labarai-42487685",
          "curie": "http://www.bbc.co.uk/asset/8eace70d-b3aa-4542-8769-bdb3f22bdb07",
          "assetId": "42487685"
        },
        "summary": "Jarumar nan ta fina-finan Hausa Hadiza Muhammad da ake fi sani Hadizan Saima ta ce babu jarumin da ba ta fito a uwarsa ba a fina-finan na Hausa.",
        "timestamp": 1514344939000,
        "language": "ha",
        "passport": {
          "category": {
            "categoryId": "http://www.bbc.co.uk/ontologies/applicationlogic-news/Explainer",
            "categoryName": "Explainer"
          },
          "taggings": []
        },
        "media": {
          "id": "42487686",
          "subType": "primary",
          "format": "video",
          "externalId": "p05s1tkf",
          "entityType": "Clip",
          "caption": "Hadizan Saima",
          "type": "external_vpid"
        },
        "indexImage": {
          "id": "99369796",
          "subType": "index",
          "href": "http://c.files.bbci.co.uk/110A4/production/_99369796_p05s1v20.jpg",
          "path": "/cpsprodpb/110A4/production/_99369796_p05s1v20.jpg",
          "height": 261,
          "width": 464,
          "altText": "Hadizan saima",
          "copyrightHolder": "BBC",
          "type": "image"
        },
        "id": "urn:bbc:ares::asset:hausa/labarai-42487685",
        "type": "cps"
      }
    },
    {
      "id": "5323f0e5-fbce-4f4a-bb2e-9da2c6809e56",
      "rank": 18,
      "count": 1,
      "urn": "urn:bbc:curie:asset:5323f0e5-fbce-4f4a-bb2e-9da2c6809e56",
      "promo": {
        "headlines": {
          "shortHeadline": "Amsoshin Takardunku 20/06/2020",
          "headline": "Amsoshin Takardunku 20/06/2020"
        },
        "locators": {
          "assetUri": "/hausa/shirye-shirye-na-musamman-53137968",
          "cpsUrn": "urn:bbc:content:assetUri:hausa/shirye-shirye-na-musamman-53137968",
          "curie": "http://www.bbc.co.uk/asset/5323f0e5-fbce-4f4a-bb2e-9da2c6809e56",
          "assetId": "53137968"
        },
        "summary": "Amsoshin Takardunku 20/06/2020",
        "timestamp": 1592822034000,
        "language": "ha",
        "passport": {
          "category": {
            "categoryId": "http://www.bbc.co.uk/ontologies/applicationlogic-news/Feature",
            "categoryName": "Feature"
          },
          "campaigns": [
            {
              "campaignId": "5a988e2939461b000e9dabf8",
              "campaignName": "WS - Educate me"
            }
          ],
          "taggings": []
        },
        "media": {
          "id": "53137969",
          "subType": "primary",
          "format": "audio",
          "externalId": "p08hnv33",
          "entityType": "Clip",
          "caption": "Amsoshin Takardunku 20/06/2020",
          "type": "external_vpid"
        },
        "indexImage": {
          "id": "113020354",
          "subType": "index",
          "href": "http://c.files.bbci.co.uk/B0F6/production/_113020354_p08hnw4q.png",
          "path": "/cpsprodpb/B0F6/production/_113020354_p08hnw4q.png",
          "height": 549,
          "width": 976,
          "altText": "Amsohin Takardunku",
          "copyrightHolder": "BBC",
          "type": "image"
        },
        "id": "urn:bbc:ares::asset:hausa/shirye-shirye-na-musamman-53137968",
        "type": "cps"
      }
    },
    {
      "id": "08d1a614-4275-11e4-9620-adb93db9bd6e",
      "rank": 19,
      "count": 1,
      "urn": "urn:bbc:curie:asset:08d1a614-4275-11e4-9620-adb93db9bd6e",
      "promo": {
        "headlines": {
          "shortHeadline": "Ebola: An samu nasarar takaita fita a Saliyo",
          "headline": "Ebola: An samu nasarar takaita fita a Saliyo"
        },
        "locators": {
          "assetUri": "/hausa/multimedia/2014/09/140922_ebola_sierraleone_lockdown",
          "cpsUrn": "urn:bbc:content:assetUri:hausa/multimedia/2014/09/140922_ebola_sierraleone_lockdown",
          "curie": "http://www.bbc.co.uk/asset/08d1a614-4275-11e4-9620-adb93db9bd6e",
          "assetId": "34878308"
        },
        "summary": "----",
        "timestamp": 1411407737000,
        "language": "ha",
        "passport": {
          "taggings": []
        },
        "media": {
          "id": "34878308",
          "subType": "primary",
          "format": "video",
          "image": {
            "id": "34878308",
            "subType": "thumbnail",
            "href": "http://a.files.bbci.co.uk/worldservice/live/assets/images/2014/07/23/140723170919_ebola_nurses_sierra_leone_640x360__nocredit.jpg",
            "path": "/amz/worldservice/live/assets/images/2014/07/23/140723170919_ebola_nurses_sierra_leone_640x360__nocredit.jpg",
            "height": 360,
            "width": 640,
            "altText": "Sierra leone ebola",
            "copyrightHolder": "",
            "type": "image"
          },
          "aspectRatio": "16:9",
          "live": false,
          "href": "http://www.bbc.co.uk/hausa/meta/dps/2014/09/emp/140922_ebola_sierraleone_lockdown.emp.xml",
          "playlist": [
            {
              "format": "mp4",
              "bitrate": "168000",
              "url": "https://wsodprogrf.akamaized.net/hausa/dps/2014/09/hausa~fsleone sh~f1610~f22~f9_16x9_lo.mp4"
            },
            {
              "format": "mp4",
              "bitrate": "320000",
              "url": "https://wsodprogrf.akamaized.net/hausa/dps/2014/09/hausa~fsleone sh~f1610~f22~f9_16x9_med.mp4"
            },
            {
              "format": "mp4",
              "bitrate": "904000",
              "url": "https://wsodprogrf.akamaized.net/hausa/dps/2014/09/hausa~fsleone sh~f1610~f22~f9_16x9_hi.mp4"
            }
          ],
          "type": "legacyMedia"
        },
        "indexImage": {
          "id": "d5e221",
          "subType": "index",
          "href": "http://a.files.bbci.co.uk/worldservice/live/assets/images/2014/09/21/140921201004_sierra_leone_ebola_144x81_ap_nocredit.jpg",
          "path": "/amz/worldservice/live/assets/images/2014/09/21/140921201004_sierra_leone_ebola_144x81_ap_nocredit.jpg",
          "height": 81,
          "width": 144,
          "altText": "Ebola",
          "copyrightHolder": "AP",
          "type": "image"
        },
        "id": "urn:bbc:ares::asset:hausa/multimedia/2014/09/140922_ebola_sierraleone_lockdown",
        "type": "cps"
      }
    },
    {
      "id": "07eff274-244c-11e4-997b-b6ea3db9bd6e",
      "rank": 20,
      "count": 1,
      "urn": "urn:bbc:curie:asset:07eff274-244c-11e4-997b-b6ea3db9bd6e",
      "promo": {
        "headlines": {
          "shortHeadline": "Live radio",
          "headline": "Live radio"
        },
        "locators": {
          "assetUri": "/hausa/multimedia/2014/08/000001_live_radio",
          "cpsUrn": "urn:bbc:content:assetUri:hausa/multimedia/2014/08/000001_live_radio",
          "curie": "http://www.bbc.co.uk/asset/07eff274-244c-11e4-997b-b6ea3db9bd6e",
          "assetId": "34027400"
        },
        "summary": "Summary",
        "timestamp": 1408087635000,
        "language": "ha",
        "passport": {
          "taggings": []
        },
        "media": {
          "id": "34027400",
          "subType": "primary",
          "format": "audio",
          "image": {
            "id": "34027400",
            "subType": "thumbnail",
            "href": "http://a.files.bbci.co.uk/worldservice/live/assets/images/2014/02/11/140211120835_microphone_640x360.jpg",
            "path": "/amz/worldservice/live/assets/images/2014/02/11/140211120835_microphone_640x360.jpg",
            "height": 360,
            "width": 640,
            "altText": "microphone",
            "copyrightHolder": "",
            "type": "image"
          },
          "live": true,
          "href": "http://wsdownload.bbc.co.uk/worldservice/meta/live/smp/hausa.xml",
          "playlist": [],
          "type": "legacyMedia"
        },
        "indexImage": {
          "id": "d5e201",
          "subType": "index",
          "href": "http://a.files.bbci.co.uk/worldservice/live/assets/images/2014/02/11/140211121111_microphone_144x81.jpg",
          "path": "/amz/worldservice/live/assets/images/2014/02/11/140211121111_microphone_144x81.jpg",
          "height": 81,
          "width": 144,
          "altText": "microphone",
          "copyrightHolder": "BBC World Service",
          "type": "image"
        },
        "id": "urn:bbc:ares::asset:hausa/multimedia/2014/08/000001_live_radio",
        "type": "cps"
      }
    }
  ]
}
