{
  "metadata": {
    "id": "urn:bbc:ares::index:afaanoromoo/sport-23125110/mobile/domestic",
    "locators": {
      "assetUri": "/afaanoromoo/sport-23125110",
      "cpsUrn": "urn:bbc:content:assetUri:afaanoromoo/sport-23125110",
      "curie": "http://www.bbc.co.uk/asset/98d154ed-b740-9f4d-b02e-7a40d820a33f/desktop/domestic",
      "assetId": "23125110"
    },
    "type": "FIX",
    "createdBy": "oromo-v6",
    "language": "om",
    "lastUpdated": 1600172549337,
    "firstPublished": 1494860105000,
    "lastPublished": 1600172541000,
    "timestamp": 1494861315000,
    "options": {
      "allowAdvertising": true
    },
    "analyticsLabels": {
      "cps_asset_type": "fix",
      "counterName": "afaanoromoo.sport.feature_index.23125110.page",
      "cps_asset_id": "23125110"
    },
    "tags": {},
    "version": "v1.3.6",
    "blockTypes": [
      "container-top-stories",
      "av-stories-now",
      "container-guides"
    ],
    "title": "Test FIX - Xayyaarri Nam",
    "summary": "Test FIX - Xayyaarri Nam",
    "atiAnalytics": {
      "producerName": "AFAAN_OROMOO",
      "producerId": "2"
    }
  },
  "content": {
    "groups": [
      {
        "type": "container-top-stories",
        "title": "Container Top Stories",
        "items": [
          {
            "headlines": {
              "headline": "Testing: Angawoota Amerikaa Wajjiin Dubbachuu Qabna: Keniyaa"
            },
            "locators": {
              "assetUri": "/afaanoromoo/23124937",
              "cpsUrn": "urn:bbc:content:assetUri:afaanoromoo/23124937",
              "curie": "http://www.bbc.co.uk/asset/8360f9b4-01fb-6e4a-9bac-d958b68ded6c",
              "assetId": "23124937"
            },
            "summary": "Summary Angawoota Amerikaa Wajjiin Dubbachuu Qabna: Keniyaa",
            "timestamp": 1494595716000,
            "language": "om",
            "passport": {
              "category": {
                "categoryId": "http://www.bbc.co.uk/ontologies/applicationlogic-news/News",
                "categoryName": "News"
              },
              "taggings": []
            },
            "cpsType": "STY",
            "indexImage": {
              "id": "63536589",
              "subType": "index",
              "href": "http://b.files.bbci.co.uk/18103/test/_63536589_160412090949_ft1_640x360_zecaribeirocamaradosdeputados_nocredit.jpg",
              "path": "/cpsdevpb/18103/test/_63536589_160412090949_ft1_640x360_zecaribeirocamaradosdeputados_nocredit.jpg",
              "height": 549,
              "width": 976,
              "altText": "Demonstrators wear mock prison outfits to show",
              "caption": "Demonstrators wear mock prison outfits to show",
              "copyrightHolder": "Huw Evans picture agency",
              "type": "image"
            },
            "imageThumbnail": {
              "id": "63536591",
              "subType": "index-thumbnail",
              "href": "http://b.files.bbci.co.uk/4C6B/test/_63536591_160412090949_ft1_640x360_zecaribeirocamaradosdeputados_nocredit.jpg",
              "path": "/cpsdevpb/4C6B/test/_63536591_160412090949_ft1_640x360_zecaribeirocamaradosdeputados_nocredit.jpg",
              "height": 180,
              "width": 320,
              "altText": "Demonstrators wear mock prison outfits to show",
              "caption": "Demonstrators wear mock prison outfits to show",
              "copyrightHolder": "Huw Evans picture agency",
              "type": "image"
            },
            "options": {
              "isBreakingNews": false,
              "isFactCheck": false
            },
            "section": {
              "subType": "IDX",
              "name": "Oduu",
              "uri": "/afaanoromoo/front_page",
              "type": "simple"
            },
            "overtypedSummary": "Summary Angawoota Amerikaa Wajjiin Dubbachuu Qabna: Keniyaa overtype",
            "id": "urn:bbc:ares::asset:afaanoromoo/23124937",
            "type": "cps"
          },
          {
            "headlines": {
              "headline": "New BBC Oromo test live coverage"
            },
            "locators": {
              "assetUri": "/afaanoromoo/live/news-23125079",
              "cpsUrn": "urn:bbc:content:assetUri:afaanoromoo/live/news-23125079",
              "curie": "http://www.bbc.co.uk/asset/716d5a48-ce65-b542-9e3e-c9dccfaa2e00",
              "assetId": "23125079"
            },
            "summary": "BBC Oromo test live coverage Faransaayii fi Biyyoota Addunyaa Gama Lixaa Hedduu Keessatti Maal Tu Paariilee Sab-bootota yokaan Mirga-deemtota Kakaase?",
            "timestamp": 1494857615000,
            "language": "om",
            "cpsType": "LIV",
            "indexImage": {
              "id": "63531367",
              "subType": "index",
              "href": "http://b.files.bbci.co.uk/12A19/test/_63531367_160913160506_1_640x360_tasnim_nocredit.jpg",
              "path": "/cpsdevpb/12A19/test/_63531367_160913160506_1_640x360_tasnim_nocredit.jpg",
              "height": 360,
              "width": 640,
              "altText": "alt tag",
              "caption": "caption",
              "copyrightHolder": "Getty Images",
              "type": "image"
            },
            "commentary": {
              "order": "descending",
              "assetUUID": "4BA23A090DAC8E42BE380AA60AACEB9E",
              "channels": {
                "enhancedmobile": "bbc.cps.asset.23125080_EnhancedMobile",
                "desktop": "bbc.cps.asset.23125080_HighWeb",
                "highweb": "bbc.cps.asset.23125080_HighWeb",
                "mobile": "bbc.cps.asset.23125080_EnhancedMobile"
              }
            },
            "imageThumbnail": {
              "id": "63531369",
              "subType": "index-thumbnail",
              "href": "http://b.files.bbci.co.uk/17839/test/_63531369_160913160506_1_640x360_tasnim_nocredit.jpg",
              "path": "/cpsdevpb/17839/test/_63531369_160913160506_1_640x360_tasnim_nocredit.jpg",
              "height": 180,
              "width": 320,
              "altText": "alt tag",
              "caption": "caption",
              "copyrightHolder": "Getty Images",
              "type": "image"
            },
            "options": {
              "isBreakingNews": false,
              "isFactCheck": false
            },
            "id": "urn:bbc:ares::asset:afaanoromoo/live/news-23125079",
            "type": "cps"
          }
        ],
        "semanticGroupName": "Container Top Stories"
      },
      {
        "type": "av-stories-now",
        "title": "Watch/Listen",
        "items": [
          {
            "headlines": {
              "headline": "Title Beelaa fi Ongee Ardii Africa Muudate",
              "overtyped": "Title Beelaa fi Ongee Ardii Africa Muudate overtype"
            },
            "locators": {
              "assetUri": "/afaanoromoo/news-23125072",
              "cpsUrn": "urn:bbc:content:assetUri:afaanoromoo/news-23125072",
              "curie": "http://www.bbc.co.uk/asset/159d035a-448b-7249-9086-89ba9f7ff60f",
              "assetId": "23125072"
            },
            "summary": "Medium Intalli oggaa 16 hijaaba godhattee booksii tabattu, Amaiyaa Zaafar, cimanii mirga ofiiti falminaan, milkaa'uun in danda'ama jetti.",
            "timestamp": 1494847206000,
            "language": "om",
            "passport": {
              "category": {
                "categoryId": "http://www.bbc.co.uk/ontologies/applicationlogic-news/News",
                "categoryName": "News"
              },
              "taggings": []
            },
            "cpsType": "MAP",
            "media": {
              "id": "p01b37m7",
              "subType": "clip",
              "format": "video",
              "title": "Title Beelaa fi Ongee Ardii Africa Muudate",
              "synopses": {
                "short": "Short Intalli oggaa 16 hijaaba godhattee booksii tabattu",
                "medium": "Medium Intalli oggaa 16 hijaaba godhattee booksii tabattu, Amaiyaa Zaafar, cimanii mirga ofiiti falminaan, milkaa'uun in danda'ama jetti.",
                "long": "Long Intalli oggaa 16 hijaaba godhattee booksii tabattu, Amaiyaa Zaafar, cimanii mirga ofiiti falminaan, milkaa'uun in danda'ama jetti. Injifannoon ishii fakkenya gaarii ta'uus ibsiti.Long synopsis formatpoint 1point 2"
              },
              "imageUrl": "ichef.test.bbci.co.uk/images/ic/$recipe/p01b37qf.jpg",
              "embedding": true,
              "advertising": true,
              "caption": "Caption: test Beelaa fi Ongee Ardii Africa Muudate",
              "versions": [
                {
                  "versionId": "p01b37m9",
                  "types": [
                    "Original"
                  ],
                  "duration": 20,
                  "durationISO8601": "PT20S",
                  "warnings": {},
                  "availableTerritories": {
                    "uk": true,
                    "nonUk": true
                  },
                  "availableFrom": 1494843894000
                }
              ],
              "smpKind": "programme",
              "type": "media"
            },
            "indexImage": {
              "id": "63536637",
              "subType": "index",
              "href": "http://b.files.bbci.co.uk/11FBF/test/_63536637_p01b37qf.jpg",
              "path": "/cpsdevpb/11FBF/test/_63536637_p01b37qf.jpg",
              "height": 576,
              "width": 1024,
              "altText": "test Beelaa fi Ongee Ardii Africa Muudate",
              "copyrightHolder": "Getty Images",
              "type": "image"
            },
            "options": {
              "isBreakingNews": false,
              "isFactCheck": false
            },
            "id": "urn:bbc:ares::asset:afaanoromoo/news-23125072",
            "type": "cps"
          },
          {
            "headlines": {
              "headline": "Waggootii Torbaaf Lafa Qonnaaf Iyyannee Deebii Dhabnaan Lafoo Jimmatti Galle:Qubattoota"
            },
            "locators": {
              "assetUri": "/afaanoromoo/media-23125074",
              "cpsUrn": "urn:bbc:content:assetUri:afaanoromoo/media-23125074",
              "curie": "http://www.bbc.co.uk/asset/f0d2115b-280e-cb46-a994-faac0e5d92c1",
              "assetId": "23125074"
            },
            "summary": "Summary Waggootii Torbaaf Lafa Qonnaaf Iyyannee Deebii Dhabnaan Lafoo Jimmatti Galle:Qubattoota",
            "timestamp": 1494854731000,
            "language": "om",
            "passport": {
              "category": {
                "categoryId": "http://www.bbc.co.uk/ontologies/applicationlogic-news/News",
                "categoryName": "News"
              },
              "taggings": []
            },
            "cpsType": "MAP",
            "media": {
              "id": "p01b37q5",
              "subType": "clip",
              "format": "audio",
              "title": "Waggootii Torbaaf Lafa Qonnaaf Iyyannee Deebii Dhabnaan Lafoo Jimmatti Galle:Qubattoota",
              "synopses": {
                "short": "Waggootii Torbaaf Lafa Qonnaaf Iyyannee Deebii Dhabnaan Lafoo Jimmatti Galle:Qubattoota"
              },
              "imageUrl": "ichef.test.bbci.co.uk/images/ic/$recipe/legacy/clip/p01b37q5.jpg",
              "embedding": false,
              "advertising": true,
              "caption": "Waggootii Torbaaf Lafa Qonnaaf Iyyannee Deebii Dhabnaan Lafoo Jimmatti Galle:Qubattoota",
              "versions": [
                {
                  "versionId": "p01b37q8",
                  "types": [
                    "Original"
                  ],
                  "duration": 16,
                  "durationISO8601": "PT16S",
                  "warnings": {},
                  "availableTerritories": {
                    "uk": true,
                    "nonUk": true
                  },
                  "availableFrom": 1494844240000
                }
              ],
              "smpKind": "radioProgramme",
              "type": "media"
            },
            "options": {
              "isBreakingNews": false,
              "isFactCheck": false
            },
            "id": "urn:bbc:ares::asset:afaanoromoo/media-23125074",
            "type": "cps"
          }
        ],
        "semanticGroupName": "Watch/Listen"
      },
      {
        "type": "container-guides",
        "title": "Guides 1",
        "items": [
          {
            "headlines": {
              "headline": "'Yan gudun hijiran da suka samu matsuguni a fursuna clone"
            },
            "locators": {
              "assetUri": "/afaanoromoo/sport-23125077",
              "cpsUrn": "urn:bbc:content:assetUri:afaanoromoo/sport-23125077",
              "curie": "http://www.bbc.co.uk/asset/5d72784f-d14b-9148-bafe-6450babfe00b",
              "assetId": "23125077"
            },
            "summary": "A Najeriya, an fara samun kwanciyar hankali a garin Nimbo na jihar Enugu, wanda ake zargin wasu makiyaya sun kai wa hari a kwanakin baya. Ga hotunan da Abdussalam Ibrahim ya dauko mana daga garin clone summary.",
            "timestamp": 1494855288000,
            "language": "om",
            "passport": {
              "category": {
                "categoryId": "http://www.bbc.co.uk/ontologies/applicationlogic-news/News",
                "categoryName": "News"
              },
              "taggings": []
            },
            "cpsType": "PGL",
            "indexImage": {
              "id": "63497094",
              "subType": "index",
              "href": "http://b.files.bbci.co.uk/BFB7/test/_63497094_150914080046_bwpa-2015-3.jpg",
              "path": "/cpsdevpb/BFB7/test/_63497094_150914080046_bwpa-2015-3.jpg",
              "height": 549,
              "width": 976,
              "altText": "Hamed Karmi da matarsa, Farishta Morahami, sun tsere ne daga wani kauye ne da ke kusa da Kabul, babban birnin kasar Afghanistan, gabannin hare-hare daga kungiyar Taliban. Sun shaida cewa sai da suka biya masu safarar mutane dala 8,000 domin samun shiga Turai.",
              "caption": "Hamed Karmi da matarsa, Farishta Morahami, sun tsere ne daga wani kauye ne da ke kusa da Kabul, babban birnin kasar Afghanistan, gabannin hare-hare daga kungiyar Taliban. Sun shaida cewa sai da suka biya masu safarar mutane dala 8,000 domin samun shiga Turai.",
              "copyrightHolder": "Google",
              "type": "image"
            },
            "imageThumbnail": {
              "id": "63497096",
              "subType": "index-thumbnail",
              "href": "http://b.files.bbci.co.uk/10DD7/test/_63497096_150914080046_bwpa-2015-3.jpg",
              "path": "/cpsdevpb/10DD7/test/_63497096_150914080046_bwpa-2015-3.jpg",
              "height": 180,
              "width": 320,
              "altText": "Hamed Karmi da matarsa, Farishta Morahami, sun tsere ne daga wani kauye ne da ke kusa da Kabul, babban birnin kasar Afghanistan, gabannin hare-hare daga kungiyar Taliban. Sun shaida cewa sai da suka biya masu safarar mutane dala 8,000 domin samun shiga Turai.",
              "caption": "Hamed Karmi da matarsa, Farishta Morahami, sun tsere ne daga wani kauye ne da ke kusa da Kabul, babban birnin kasar Afghanistan, gabannin hare-hare daga kungiyar Taliban. Sun shaida cewa sai da suka biya masu safarar mutane dala 8,000 domin samun shiga Turai.",
              "copyrightHolder": "Google",
              "type": "image"
            },
            "options": {
              "isBreakingNews": false,
              "isFactCheck": false
            },
            "id": "urn:bbc:ares::asset:afaanoromoo/sport-23125077",
            "type": "cps"
          }
        ],
        "semanticGroupName": "Guides 1"
      },
      {
        "type": "container-guides",
        "title": "Guides 2",
        "items": [
          {
            "name": "Dho'iinsi Hamaan Moqaadishoo Keessaa Namoota Ja’a Galaafate test promo",
            "summary": "Haleellaa boombii konkolaataa irraa mana nyaataa Moqaadishoo jiru fuulleetti dho’e Jeneraala waraanaa Somaaliyaa tokko dabalatee namoota ja’a galaafatee jira.",
            "indexImage": {
              "id": "63536654",
              "subType": "index",
              "href": "http://b.files.bbci.co.uk/B25F/test/_63536654_160509100224_girls_parade_976x549_afp.jpg",
              "path": "/cpsdevpb/B25F/test/_63536654_160509100224_girls_parade_976x549_afp.jpg",
              "height": 371,
              "width": 660,
              "altText": "Dho’iinsi Hamaan Moqaadishoo Keessaa Namoota Ja’a Galaafate",
              "caption": "Dho’iinsi Hamaan Moqaadishoo Keessaa Namoota Ja’a Galaafate",
              "copyrightHolder": "Getty Images",
              "type": "image"
            },
            "indexThumbnail": {
              "id": "63536656",
              "subType": "index-thumbnail",
              "href": "http://b.files.bbci.co.uk/1007F/test/_63536656_160509100224_girls_parade_976x549_afp.jpg",
              "path": "/cpsdevpb/1007F/test/_63536656_160509100224_girls_parade_976x549_afp.jpg",
              "height": 180,
              "width": 320,
              "altText": "Dho’iinsi Hamaan Moqaadishoo Keessaa Namoota Ja’a Galaafate",
              "caption": "Dho’iinsi Hamaan Moqaadishoo Keessaa Namoota Ja’a Galaafate",
              "copyrightHolder": "Getty Images",
              "type": "image"
            },
            "uri": "http://www.voaafaanoromoo.com/a/boombiin-moqaadishootti-dhoohe-lubbuu-galaafate/3843958.html",
            "contentType": "Text",
            "assetTypeCode": "PRO",
            "timestamp": 1494858648000,
            "type": "link"
          }
        ],
        "semanticGroupName": "Guides 2"
      }
    ]
  },
  "promo": {
    "subType": "IDX",
    "name": "Test FIX - Xayyaarri Nam",
    "uri": "/afaanoromoo/sport-23125110",
    "id": "urn:bbc:ares::index:afaanoromoo/sport-23125110/desktop/domestic",
    "type": "simple"
  },
  "relatedContent": {
    "section": {
      "subType": "index",
      "name": "Isportii",
      "uri": "/afaanoromoo/isportii",
      "type": "simple"
    },
    "site": {
      "subType": "site",
      "name": "BBC Afaan Oromoo",
      "uri": "/afaanoromoo",
      "type": "simple"
    },
    "groups": []
  }
}