{
  "data": {
    "article": {
      "content": {
        "model": {
          "blocks": [
            {
              "id": "fd1203f0",
              "type": "headline",
              "model": {
                "blocks": [
                  {
                    "id": "2e71086e",
                    "type": "text",
                    "model": {
                      "blocks": [
                        {
                          "id": "a2f52f27",
                          "type": "paragraph",
                          "model": {
                            "text": "यह इस परीक्षण लेख का शीर्षक है",
                            "blocks": [
                              {
                                "id": "f6353eed",
                                "type": "fragment",
                                "model": {
                                  "text": "यह इस परीक्षण लेख का शीर्षक है",
                                  "attributes": []
                                },
                                "position": [
                                  1,
                                  1,
                                  1,
                                  1
                                ]
                              }
                            ]
                          },
                          "position": [
                            1,
                            1,
                            1
                          ]
                        }
                      ]
                    },
                    "position": [
                      1,
                      1
                    ]
                  }
                ]
              },
              "position": [
                1
              ]
            },
            {
              "id": "bfb66502",
              "type": "image",
              "model": {
                "blocks": [
                  {
                    "id": "1e0e43f8",
                    "type": "caption",
                    "model": {
                      "blocks": [
                        {
                          "id": "9d79dd2f",
                          "type": "text",
                          "model": {
                            "blocks": [
                              {
                                "id": "3e7658b2",
                                "type": "paragraph",
                                "model": {
                                  "text": "यह परीक्षण छवि, कॉपीराइट बीबीसी, फ्रांस का नक्शा दिखाता है। छवि पहले तीन ब्लॉकों में है और इसका शीर्षक है।",
                                  "blocks": [
                                    {
                                      "id": "5d8267c4",
                                      "type": "fragment",
                                      "model": {
                                        "text": "यह परीक्षण छवि, कॉपीराइट बीबीसी, फ्रांस का नक्शा दिखाता है। छवि पहले तीन ब्लॉकों में है और इसका शीर्षक है।",
                                        "attributes": []
                                      },
                                      "position": [
                                        2,
                                        1,
                                        1,
                                        1,
                                        1
                                      ]
                                    }
                                  ]
                                },
                                "position": [
                                  2,
                                  1,
                                  1,
                                  1
                                ]
                              }
                            ]
                          },
                          "position": [
                            2,
                            1,
                            1
                          ]
                        }
                      ]
                    },
                    "position": [
                      2,
                      1
                    ]
                  },
                  {
                    "id": "4025d814",
                    "type": "altText",
                    "model": {
                      "blocks": [
                        {
                          "id": "e19bc84c",
                          "type": "text",
                          "model": {
                            "blocks": [
                              {
                                "id": "0f33f431",
                                "type": "paragraph",
                                "model": {
                                  "text": "यह परीक्षण छवि, कॉपीराइट बीबीसी, फ्रांस का नक्शा दिखाता है। छवि पहले तीन ब्लॉकों में है और इसका शीर्षक है।",
                                  "blocks": [
                                    {
                                      "id": "e01e72f0",
                                      "type": "fragment",
                                      "model": {
                                        "text": "यह परीक्षण छवि, कॉपीराइट बीबीसी, फ्रांस का नक्शा दिखाता है। छवि पहले तीन ब्लॉकों में है और इसका शीर्षक है।",
                                        "attributes": []
                                      },
                                      "position": [
                                        2,
                                        2,
                                        1,
                                        1,
                                        1
                                      ]
                                    }
                                  ]
                                },
                                "position": [
                                  2,
                                  2,
                                  1,
                                  1
                                ]
                              }
                            ]
                          },
                          "position": [
                            2,
                            2,
                            1
                          ]
                        }
                      ]
                    },
                    "position": [
                      2,
                      2
                    ]
                  },
                  {
                    "id": "d8deadfb",
                    "type": "rawImage",
                    "model": {
                      "width": 624,
                      "height": 351,
                      "locator": "83a7/test/2d0fbac0-fcb0-11e9-9afe-1371928331c5.jpg",
                      "originCode": "cpsdevpb",
                      "copyrightHolder": "BBC"
                    },
                    "position": [
                      2,
                      3
                    ]
                  }
                ]
              },
              "position": [
                2
              ]
            },
            {
              "id": "9691c4de",
              "type": "timestamp",
              "model": {
                "firstPublished": 1562942209748,
                "lastPublished": 1562942209748
              },
              "position": [
                3
              ]
            },
            {
              "id": "f3f5fd24",
              "type": "text",
              "model": {
                "blocks": [
                  {
                    "id": "adc74bd6",
                    "type": "paragraph",
                    "model": {
                      "text": "यह एक टेक्स्ट ब्लॉक है, जिसमें बीबीसी वेदर होमपेज के लिए एक यूआरएल लिंक है।",
                      "blocks": [
                        {
                          "id": "665b0acf",
                          "type": "fragment",
                          "model": {
                            "text": "यह एक टेक्स्ट ब्लॉक है, जिसमें बीबीसी वेदर होमपेज के लिए एक ",
                            "attributes": []
                          },
                          "position": [
                            4,
                            1,
                            1
                          ]
                        },
                        {
                          "id": "24706968",
                          "type": "urlLink",
                          "model": {
                            "text": "यूआरएल लिंक है।",
                            "blocks": [
                              {
                                "id": "cec10e92",
                                "type": "fragment",
                                "model": {
                                  "text": "यूआरएल लिंक है।",
                                  "attributes": []
                                },
                                "position": [
                                  4,
                                  1,
                                  2,
                                  1
                                ]
                              }
                            ],
                            "locator": "https://www.bbc.co.uk/weather",
                            "isExternal": false
                          },
                          "position": [
                            4,
                            1,
                            2
                          ]
                        }
                      ]
                    },
                    "position": [
                      4,
                      1
                    ]
                  }
                ]
              },
              "position": [
                4
              ]
            },
            {
              "id": "19bbcb99",
              "type": "video",
              "model": {
                "locator": "urn:bbc:pips:pid:p019qd7g",
                "blocks": [
                  {
                    "id": "8ee5d643",
                    "type": "caption",
                    "model": {
                      "blocks": [
                        {
                          "id": "2c1441d2",
                          "type": "text",
                          "model": {
                            "blocks": [
                              {
                                "id": "c26a0cf8",
                                "type": "paragraph",
                                "model": {
                                  "text": "यह एक वीडियो ब्लॉक है जिसमें एक परीक्षण फ़ाइल है",
                                  "blocks": [
                                    {
                                      "id": "e7435cd1",
                                      "type": "fragment",
                                      "model": {
                                        "text": "यह एक वीडियो ब्लॉक है जिसमें एक परीक्षण फ़ाइल है",
                                        "attributes": []
                                      },
                                      "position": [
                                        5,
                                        1,
                                        1,
                                        1,
                                        1
                                      ]
                                    }
                                  ]
                                },
                                "position": [
                                  5,
                                  1,
                                  1,
                                  1
                                ]
                              }
                            ]
                          },
                          "position": [
                            5,
                            1,
                            1
                          ]
                        }
                      ]
                    },
                    "position": [
                      5,
                      1
                    ]
                  },
                  {
                    "id": "271fde93",
                    "type": "aresMedia",
                    "model": {
                      "blocks": [
                        {
                          "id": "153329da",
                          "blockId": "urn:bbc:ares::clip:p019qd7g",
                          "type": "aresMediaMetadata",
                          "model": {
                            "id": "p019qd7g",
                            "subType": "clip",
                            "format": "audio_video",
                            "title": "Test asset with square image",
                            "synopses": {
                              "short": "test asset"
                            },
                            "imageUrl": "ichef.test.bbci.co.uk/images/ic/$recipe/p019qd93.jpg",
                            "embedding": false,
                            "advertising": true,
                            "versions": [
                              {
                                "versionId": "p019qd7k",
                                "types": [
                                  "Original"
                                ],
                                "duration": 16,
                                "durationISO8601": "PT16S",
                                "warnings": {},
                                "availableTerritories": {
                                  "uk": true,
                                  "nonUk": true
                                },
                                "availableFrom": 1493293493000
                              }
                            ],
                            "syndication": {
                              "destinations": []
                            },
                            "smpKind": "programme"
                          },
                          "position": [
                            5,
                            2,
                            1
                          ]
                        },
                        {
                          "id": "4f14b878",
                          "type": "image",
                          "model": {
                            "blocks": [
                              {
                                "id": "c0d7b1e3",
                                "type": "rawImage",
                                "model": {
                                  "locator": "ichef.test.bbci.co.uk/images/ic/$widthxn/p019qd93.jpg",
                                  "originCode": "mpv"
                                },
                                "position": [
                                  5,
                                  2,
                                  2,
                                  1
                                ]
                              }
                            ]
                          },
                          "position": [
                            5,
                            2,
                            2
                          ]
                        }
                      ]
                    },
                    "position": [
                      5,
                      2
                    ]
                  }
                ]
              },
              "position": [
                5
              ]
            },
            {
              "id": "d390a3ed",
              "type": "subheadline",
              "model": {
                "blocks": [
                  {
                    "id": "aadb9cf3",
                    "type": "text",
                    "model": {
                      "blocks": [
                        {
                          "id": "aa6a11b0",
                          "type": "paragraph",
                          "model": {
                            "text": "यह एक सबहेडलाइन ब्लॉक है\r",
                            "blocks": [
                              {
                                "id": "42033fc6",
                                "type": "fragment",
                                "model": {
                                  "text": "यह एक सबहेडलाइन ब्लॉक है\r",
                                  "attributes": []
                                },
                                "position": [
                                  6,
                                  1,
                                  1,
                                  1
                                ]
                              }
                            ]
                          },
                          "position": [
                            6,
                            1,
                            1
                          ]
                        }
                      ]
                    },
                    "position": [
                      6,
                      1
                    ]
                  }
                ]
              },
              "position": [
                6
              ]
            },
            {
              "id": "f7c40569",
              "type": "image",
              "model": {
                "blocks": [
                  {
                    "id": "bf6c9da7",
                    "type": "altText",
                    "model": {
                      "blocks": [
                        {
                          "id": "57c02d1f",
                          "type": "text",
                          "model": {
                            "blocks": [
                              {
                                "id": "0e2dbeb4",
                                "type": "paragraph",
                                "model": {
                                  "text": "यह एक सबहेडलाइन ब्लॉक है\r",
                                  "blocks": [
                                    {
                                      "id": "f58acc2e",
                                      "type": "fragment",
                                      "model": {
                                        "text": "यह एक सबहेडलाइन ब्लॉक है\r",
                                        "attributes": []
                                      },
                                      "position": [
                                        7,
                                        1,
                                        1,
                                        1,
                                        1
                                      ]
                                    }
                                  ]
                                },
                                "position": [
                                  7,
                                  1,
                                  1,
                                  1
                                ]
                              }
                            ]
                          },
                          "position": [
                            7,
                            1,
                            1
                          ]
                        }
                      ]
                    },
                    "position": [
                      7,
                      1
                    ]
                  },
                  {
                    "id": "719abaf3",
                    "type": "rawImage",
                    "model": {
                      "width": 800,
                      "height": 450,
                      "locator": "4cc0/test/28ef1980-fcb1-11e9-9afe-1371928331c5.jpg",
                      "originCode": "cpsdevpb",
                      "copyrightHolder": "Getty Images"
                    },
                    "position": [
                      7,
                      2
                    ]
                  }
                ]
              },
              "position": [
                7
              ]
            },
            {
              "id": "4956435f",
              "type": "text",
              "model": {
                "blocks": [
                  {
                    "id": "267b4f02",
                    "type": "paragraph",
                    "model": {
                      "text": "यह परीक्षण लेख बनाया गया है ताकि हम अपनी वेबसाइट पर परीक्षण चला सकें।.",
                      "blocks": [
                        {
                          "id": "77982493",
                          "type": "fragment",
                          "model": {
                            "text": "यह परीक्षण लेख बनाया गया है ताकि हम अपनी वेबसाइट पर परीक्षण चला सकें।.",
                            "attributes": []
                          },
                          "position": [
                            8,
                            1,
                            1
                          ]
                        }
                      ]
                    },
                    "position": [
                      8,
                      1
                    ]
                  }
                ]
              },
              "position": [
                8
              ]
            },
            {
              "id": "97a22a4d",
              "type": "mpu",
              "model": {},
              "position": [
                9
              ]
            },
            {
              "id": "0f3ca7fb",
              "type": "wsoj",
              "model": {
                "type": "recommendations"
              },
              "position": [
                10
              ]
            }
          ]
        }
      },
      "metadata": {
        "id": "urn:bbc:ares::article:c0469479x9xo",
        "locators": {
          "optimoUrn": "urn:bbc:optimo:asset:c0469479x9xo",
          "canonicalUrl": "https://www.bbc.com/hindi/articles/c0469479x9xo"
        },
        "type": "article",
        "createdBy": "Hindi",
        "language": "hi",
        "firstPublished": 1562942209748,
        "lastPublished": 1562942209748,
        "analyticsLabels": {
          "producer": "Hindi",
          "page": "hindi.articles.c0469479x9xo.page"
        },
        "passport": {
          "language": "hi",
          "home": "http://www.bbc.co.uk/ontologies/passport/home/Hindi",
          "taggings": []
        },
        "blockTypes": [
          "headline",
          "text",
          "paragraph",
          "fragment",
          "image",
          "caption",
          "altText",
          "rawImage",
          "urlLink",
          "video",
          "subheadline",
          "aresMedia"
        ],
        "allowAdvertising": true
      },
      "promo": {
        "headlines": {
          "seoHeadline": "इंग्लैंड-न्यूज़ीलैंड के फ़ाइनल में पहुंचने पर पाकिस्तानी खुश क्यों हैं? #SOCIAL"
        }
      }
    },
    "secondaryData": {
      "topStories": [
        {
          "headlines": {
            "headline": "test"
          },
          "locators": {
            "assetUri": "/sport/23313187",
            "cpsUrn": "urn:bbc:content:assetUri:sport/23313187",
            "curie": "http://www.bbc.co.uk/asset/9decaf8a-15e0-44cb-a663-515ea7ed42d5",
            "assetId": "23313187"
          },
          "summary": "test",
          "timestamp": 1591609723000,
          "language": "en-gb",
          "cpsType": "STY",
          "options": {
            "isBreakingNews": false,
            "isFactCheck": false
          },
          "prominence": "standard",
          "section": {
            "subType": "IDX",
            "name": "Sport",
            "uri": "/sport",
            "type": "simple"
          },
          "site": {
            "subType": "site",
            "name": "BBC Sport",
            "uri": "/sport",
            "type": "simple"
          },
          "id": "urn:bbc:ares::asset:sport/23313187",
          "type": "cps"
        },
        {
          "headlines": {
            "headline": "LIV_test"
          },
          "locators": {
            "assetUri": "/sport/live/23313189",
            "cpsUrn": "urn:bbc:content:assetUri:sport/live/23313189",
            "curie": "http://www.bbc.co.uk/asset/f8e8e8a9-6ed7-4d95-b245-b29574811980",
            "assetId": "23313189"
          },
          "summary": "LIV_test",
          "timestamp": 1591609778000,
          "language": "en-gb",
          "cpsType": "LIV",
          "options": {
            "isBreakingNews": false,
            "isFactCheck": false
          },
          "prominence": "standard",
          "section": {
            "subType": "IDX",
            "name": "Sport",
            "uri": "/sport",
            "type": "simple"
          },
          "site": {
            "subType": "site",
            "name": "BBC Sport",
            "uri": "/sport",
            "type": "simple"
          },
          "id": "urn:bbc:ares::asset:sport/live/23313189",
          "type": "cps"
        },
        {
          "headlines": {
            "headline": "पाक: मोदी की 'तारीफ़' पर गद्दारी का मुकदमा! 30"
          },
          "locators": {
            "assetUri": "/hindi/23068699",
            "cpsUrn": "urn:bbc:content:assetUri:hindi/23068699",
            "curie": "http://www.bbc.co.uk/asset/9c9bf253-bc9a-2948-8608-738ad7159792",
            "assetId": "23068699"
          },
          "summary": "पाक: मोदी की 'तारीफ़' पर गद्दारी का मुकदमा!",
          "timestamp": 1471879728000,
          "language": "hi",
          "cpsType": "STY",
          "indexImage": {
            "id": "63503968",
            "subType": "index",
            "href": "http://b.files.bbci.co.uk/15392/test/_63503968_160822002233_rio_olympic_closing_624x351_afp.jpg",
            "path": "/cpsdevpb/15392/test/_63503968_160822002233_rio_olympic_closing_624x351_afp.jpg",
            "height": 549,
            "width": 976,
            "altText": "पढ़ें",
            "caption": "पढ़ें",
            "copyrightHolder": "BBC",
            "originCode": "cpsdevpb",
            "type": "image"
          },
          "imageThumbnail": {
            "id": "63503970",
            "subType": "index-thumbnail",
            "href": "http://b.files.bbci.co.uk/1EFA/test/_63503970_160822002233_rio_olympic_closing_624x351_afp.jpg",
            "path": "/cpsdevpb/1EFA/test/_63503970_160822002233_rio_olympic_closing_624x351_afp.jpg",
            "height": 180,
            "width": 320,
            "altText": "पढ़ें",
            "caption": "पढ़ें",
            "copyrightHolder": "BBC",
            "type": "image"
          },
          "options": {
            "isBreakingNews": false,
            "isFactCheck": false
          },
          "prominence": "standard",
          "section": {
            "subType": "IDX",
            "name": "ब्रेकिंग न्यूज़ समाचार, ताजा खबर | News, latest news, breaking news",
            "uri": "/hindi/front_page",
            "type": "simple"
          },
          "id": "urn:bbc:ares::asset:hindi/23068699",
          "type": "cps"
        }
      ],
      "features": [
        {
          "headlines": {
            "headline": "पाक: मोदी की 'तारीफ़' पर गद्दारी का मुकदमा! 11"
          },
          "locators": {
            "assetUri": "/hindi/23068670",
            "cpsUrn": "urn:bbc:content:assetUri:hindi/23068670",
            "curie": "http://www.bbc.co.uk/asset/4dd28f44-77f2-1d43-b512-c0817b057288",
            "assetId": "23068670"
          },
          "summary": "पाक: मोदी की 'तारीफ़' पर गद्दारी का मुकदमा!",
          "timestamp": 1471878199000,
          "language": "hi",
          "cpsType": "STY",
          "indexImage": {
            "id": "63503968",
            "subType": "index",
            "href": "http://b.files.bbci.co.uk/15392/test/_63503968_160822002233_rio_olympic_closing_624x351_afp.jpg",
            "path": "/cpsdevpb/15392/test/_63503968_160822002233_rio_olympic_closing_624x351_afp.jpg",
            "height": 549,
            "width": 976,
            "altText": "पढ़ें",
            "caption": "पढ़ें",
            "copyrightHolder": "BBC",
            "originCode": "cpsdevpb",
            "type": "image"
          },
          "imageThumbnail": {
            "id": "63503970",
            "subType": "index-thumbnail",
            "href": "http://b.files.bbci.co.uk/1EFA/test/_63503970_160822002233_rio_olympic_closing_624x351_afp.jpg",
            "path": "/cpsdevpb/1EFA/test/_63503970_160822002233_rio_olympic_closing_624x351_afp.jpg",
            "height": 180,
            "width": 320,
            "altText": "पढ़ें",
            "caption": "पढ़ें",
            "copyrightHolder": "BBC",
            "type": "image"
          },
          "options": {
            "isBreakingNews": false,
            "isFactCheck": false
          },
          "section": {
            "subType": "IDX",
            "name": "ब्रेकिंग न्यूज़ समाचार, ताजा खबर | News, latest news, breaking news",
            "uri": "/hindi/front_page",
            "type": "simple"
          },
          "id": "urn:bbc:ares::asset:hindi/23068670",
          "type": "cps"
        },
        {
          "headlines": {
            "headline": "पाक: मोदी की 'तारीफ़' पर गद्दारी का मुकदमा! 21"
          },
          "locators": {
            "assetUri": "/hindi/23068680",
            "cpsUrn": "urn:bbc:content:assetUri:hindi/23068680",
            "curie": "http://www.bbc.co.uk/asset/f908a929-4d4f-2945-b354-da30d5b3d9bb",
            "assetId": "23068680"
          },
          "summary": "पाक: मोदी की 'तारीफ़' पर गद्दारी का मुकदमा!",
          "timestamp": 1471879434000,
          "language": "hi",
          "cpsType": "STY",
          "indexImage": {
            "id": "63503968",
            "subType": "index",
            "href": "http://b.files.bbci.co.uk/15392/test/_63503968_160822002233_rio_olympic_closing_624x351_afp.jpg",
            "path": "/cpsdevpb/15392/test/_63503968_160822002233_rio_olympic_closing_624x351_afp.jpg",
            "height": 549,
            "width": 976,
            "altText": "पढ़ें",
            "caption": "पढ़ें",
            "copyrightHolder": "BBC",
            "originCode": "cpsdevpb",
            "type": "image"
          },
          "imageThumbnail": {
            "id": "63503970",
            "subType": "index-thumbnail",
            "href": "http://b.files.bbci.co.uk/1EFA/test/_63503970_160822002233_rio_olympic_closing_624x351_afp.jpg",
            "path": "/cpsdevpb/1EFA/test/_63503970_160822002233_rio_olympic_closing_624x351_afp.jpg",
            "height": 180,
            "width": 320,
            "altText": "पढ़ें",
            "caption": "पढ़ें",
            "copyrightHolder": "BBC",
            "type": "image"
          },
          "options": {
            "isBreakingNews": false,
            "isFactCheck": false
          },
          "section": {
            "subType": "IDX",
            "name": "ब्रेकिंग न्यूज़ समाचार, ताजा खबर | News, latest news, breaking news",
            "uri": "/hindi/front_page",
            "type": "simple"
          },
          "id": "urn:bbc:ares::asset:hindi/23068680",
          "type": "cps"
        },
        {
          "headlines": {
            "headline": "पाक: मोदी की 'तारीफ़' पर गद्दारी का मुकदमा! 9"
          },
          "locators": {
            "assetUri": "/hindi/23068658",
            "cpsUrn": "urn:bbc:content:assetUri:hindi/23068658",
            "curie": "http://www.bbc.co.uk/asset/59099be6-4999-1e47-a1ca-d364800e803c",
            "assetId": "23068658"
          },
          "summary": "पाक: मोदी की 'तारीफ़' पर गद्दारी का मुकदमा!",
          "timestamp": 1471878160000,
          "language": "hi",
          "cpsType": "STY",
          "indexImage": {
            "id": "63503968",
            "subType": "index",
            "href": "http://b.files.bbci.co.uk/15392/test/_63503968_160822002233_rio_olympic_closing_624x351_afp.jpg",
            "path": "/cpsdevpb/15392/test/_63503968_160822002233_rio_olympic_closing_624x351_afp.jpg",
            "height": 549,
            "width": 976,
            "altText": "पढ़ें",
            "caption": "पढ़ें",
            "copyrightHolder": "BBC",
            "originCode": "cpsdevpb",
            "type": "image"
          },
          "imageThumbnail": {
            "id": "63503970",
            "subType": "index-thumbnail",
            "href": "http://b.files.bbci.co.uk/1EFA/test/_63503970_160822002233_rio_olympic_closing_624x351_afp.jpg",
            "path": "/cpsdevpb/1EFA/test/_63503970_160822002233_rio_olympic_closing_624x351_afp.jpg",
            "height": 180,
            "width": 320,
            "altText": "पढ़ें",
            "caption": "पढ़ें",
            "copyrightHolder": "BBC",
            "type": "image"
          },
          "options": {
            "isBreakingNews": false,
            "isFactCheck": false
          },
          "section": {
            "subType": "IDX",
            "name": "ब्रेकिंग न्यूज़ समाचार, ताजा खबर | News, latest news, breaking news",
            "uri": "/hindi/front_page",
            "type": "simple"
          },
          "id": "urn:bbc:ares::asset:hindi/23068658",
          "type": "cps"
        },
        {
          "headlines": {
            "headline": "पाक: मोदी की 'तारीफ़' पर गद्दारी का मुकदमा! 22"
          },
          "locators": {
            "assetUri": "/hindi/23068681",
            "cpsUrn": "urn:bbc:content:assetUri:hindi/23068681",
            "curie": "http://www.bbc.co.uk/asset/e5af6bad-fdee-b543-9167-fbfef318f703",
            "assetId": "23068681"
          },
          "summary": "पाक: मोदी की 'तारीफ़' पर गद्दारी का मुकदमा!",
          "timestamp": 1471879450000,
          "language": "hi",
          "cpsType": "STY",
          "indexImage": {
            "id": "63503968",
            "subType": "index",
            "href": "http://b.files.bbci.co.uk/15392/test/_63503968_160822002233_rio_olympic_closing_624x351_afp.jpg",
            "path": "/cpsdevpb/15392/test/_63503968_160822002233_rio_olympic_closing_624x351_afp.jpg",
            "height": 549,
            "width": 976,
            "altText": "पढ़ें",
            "caption": "पढ़ें",
            "copyrightHolder": "BBC",
            "originCode": "cpsdevpb",
            "type": "image"
          },
          "imageThumbnail": {
            "id": "63503970",
            "subType": "index-thumbnail",
            "href": "http://b.files.bbci.co.uk/1EFA/test/_63503970_160822002233_rio_olympic_closing_624x351_afp.jpg",
            "path": "/cpsdevpb/1EFA/test/_63503970_160822002233_rio_olympic_closing_624x351_afp.jpg",
            "height": 180,
            "width": 320,
            "altText": "पढ़ें",
            "caption": "पढ़ें",
            "copyrightHolder": "BBC",
            "type": "image"
          },
          "options": {
            "isBreakingNews": false,
            "isFactCheck": false
          },
          "section": {
            "subType": "IDX",
            "name": "ब्रेकिंग न्यूज़ समाचार, ताजा खबर | News, latest news, breaking news",
            "uri": "/hindi/front_page",
            "type": "simple"
          },
          "id": "urn:bbc:ares::asset:hindi/23068681",
          "type": "cps"
        },
        {
          "headlines": {
            "headline": "पाक: मोदी की 'तारीफ़' पर गद्दारी का मुकदमा! 10"
          },
          "locators": {
            "assetUri": "/hindi/23068669",
            "cpsUrn": "urn:bbc:content:assetUri:hindi/23068669",
            "curie": "http://www.bbc.co.uk/asset/65f4e3bb-bd66-b348-b29f-24a0abbaf194",
            "assetId": "23068669"
          },
          "summary": "पाक: मोदी की 'तारीफ़' पर गद्दारी का मुकदमा!",
          "timestamp": 1471878183000,
          "language": "hi",
          "cpsType": "STY",
          "indexImage": {
            "id": "63503968",
            "subType": "index",
            "href": "http://b.files.bbci.co.uk/15392/test/_63503968_160822002233_rio_olympic_closing_624x351_afp.jpg",
            "path": "/cpsdevpb/15392/test/_63503968_160822002233_rio_olympic_closing_624x351_afp.jpg",
            "height": 549,
            "width": 976,
            "altText": "पढ़ें",
            "caption": "पढ़ें",
            "copyrightHolder": "BBC",
            "originCode": "cpsdevpb",
            "type": "image"
          },
          "imageThumbnail": {
            "id": "63503970",
            "subType": "index-thumbnail",
            "href": "http://b.files.bbci.co.uk/1EFA/test/_63503970_160822002233_rio_olympic_closing_624x351_afp.jpg",
            "path": "/cpsdevpb/1EFA/test/_63503970_160822002233_rio_olympic_closing_624x351_afp.jpg",
            "height": 180,
            "width": 320,
            "altText": "पढ़ें",
            "caption": "पढ़ें",
            "copyrightHolder": "BBC",
            "type": "image"
          },
          "options": {
            "isBreakingNews": false,
            "isFactCheck": false
          },
          "section": {
            "subType": "IDX",
            "name": "ब्रेकिंग न्यूज़ समाचार, ताजा खबर | News, latest news, breaking news",
            "uri": "/hindi/front_page",
            "type": "simple"
          },
          "id": "urn:bbc:ares::asset:hindi/23068669",
          "type": "cps"
        }
      ],
      "mostRead": {
        "generated": "2023-02-18T03:09:56.93Z",
        "lastRecordTimeStamp": "2021-05-04T11:53:00Z",
        "firstRecordTimeStamp": "2021-05-04T11:38:00Z",
        "totalRecords": 20,
        "records": [
          {
            "id": "c728846d-0159-4b49-a90b-b1b6273bd9e9",
            "rank": 1,
            "count": 9846,
            "urn": "urn:bbc:curie:asset:c728846d-0159-4b49-a90b-b1b6273bd9e9",
            "promo": {
              "headlines": {
                "shortHeadline": "पाक: मोदी की 'तारीफ़' पर गद्दारी का मुकदमा! 13",
                "headline": "पाक: मोदी की 'तारीफ़' पर गद्दारी का मुकदमा! 13"
              },
              "locators": {
                "assetUri": "/hindi/23068672",
                "cpsUrn": "urn:bbc:content:assetUri:hindi/23068672",
                "curie": "http://www.bbc.co.uk/asset/c728846d-0159-4b49-a90b-b1b6273bd9e9",
                "assetId": "23068672"
              },
              "summary": "पाक: मोदी की 'तारीफ़' पर गद्दारी का मुकदमा!",
              "timestamp": 1471878616000,
              "language": "hi",
              "indexImage": {
                "id": "63503968",
                "subType": "index",
                "href": "http://b.files.bbci.co.uk/15392/test/_63503968_160822002233_rio_olympic_closing_624x351_afp.jpg",
                "path": "/cpsdevpb/15392/test/_63503968_160822002233_rio_olympic_closing_624x351_afp.jpg",
                "height": 549,
                "width": 976,
                "altText": "पढ़ें",
                "caption": "पढ़ें",
                "copyrightHolder": "BBC",
                "originCode": "cpsdevpb",
                "type": "image"
              },
              "id": "urn:bbc:ares::asset:hindi/23068672",
              "type": "cps"
            }
          },
          {
            "id": "38577c7e-0021-bd4b-a8b5-c3b8e8b2ef19",
            "rank": 2,
            "count": 9718,
            "urn": "urn:bbc:curie:asset:38577c7e-0021-bd4b-a8b5-c3b8e8b2ef19",
            "promo": {
              "headlines": {
                "shortHeadline": "grdfjfzxczn",
                "headline": "grdfjfzxczn fafszvlkjsdfgsc`"
              },
              "locators": {
                "assetUri": "/hindi/india-23185273",
                "curieCpsUrn": "urn:bbc:cps:curie:asset:38577c7e-0021-bd4b-a8b5-c3b8e8b2ef19",
                "assetId": "23185273",
                "cpsUrn": "urn:bbc:content:assetUri:hindi/india-23185273",
                "curie": "http://www.bbc.co.uk/asset/38577c7e-0021-bd4b-a8b5-c3b8e8b2ef19"
              },
              "summary": "bhcvbjdfd fdfvdfgfg c sdlfksvz'vllvk mdfvbcxsdblkm dgbvfggf'dslfka' dsffglvzcv'mczd sfhbgd'fmsg' fcgvzs",
              "timestamp": 1517554751000,
              "language": "hi",
              "byline": {
                "name": "Adam Brookes,",
                "title": "BBC News, Washington",
                "persons": [
                  {
                    "name": "Adam Brookes,",
                    "function": "BBC News, Washington",
                    "thumbnail": "http://wwwpreview.test.newsonline.tc.nca.bbc.co.uk/media/images/49626000/jpg/_49626981_adambrookes-1.jpg"
                  }
                ]
              },
              "passport": {
                "home": "http://www.bbc.co.uk/ontologies/passport/home/Hindi",
                "taggings": []
              },
              "indexImage": {
                "id": "63654807",
                "subType": "index",
                "href": "http://b.files.bbci.co.uk/114BD/test/_63654807_mediaitem63654806.jpg",
                "path": "/cpsdevpb/114BD/test/_63654807_mediaitem63654806.jpg",
                "height": 432,
                "width": 768,
                "altText": "another view of cape town",
                "copyrightHolder": "BBC",
                "originCode": "cpsdevpb",
                "type": "image"
              },
              "id": "urn:bbc:ares::asset:hindi/india-23185273",
              "type": "cps"
            }
          },
          {
            "id": "9c9bf253-bc9a-2948-8608-738ad7159792",
            "rank": 3,
            "count": 9180,
            "urn": "urn:bbc:curie:asset:9c9bf253-bc9a-2948-8608-738ad7159792",
            "promo": {
              "headlines": {
                "shortHeadline": "पाक: मोदी की 'तारीफ़' पर गद्दारी का मुकदमा! 30",
                "headline": "पाक: मोदी की 'तारीफ़' पर गद्दारी का मुकदमा! 30"
              },
              "locators": {
                "assetUri": "/hindi/23068699",
                "curieCpsUrn": "urn:bbc:cps:curie:asset:9c9bf253-bc9a-2948-8608-738ad7159792",
                "assetId": "23068699",
                "cpsUrn": "urn:bbc:content:assetUri:hindi/23068699",
                "curie": "http://www.bbc.co.uk/asset/9c9bf253-bc9a-2948-8608-738ad7159792"
              },
              "summary": "पाक: मोदी की 'तारीफ़' पर गद्दारी का मुकदमा!",
              "timestamp": 1471879728000,
              "language": "hi",
              "passport": {
                "home": "http://www.bbc.co.uk/ontologies/passport/home/Hindi",
                "taggings": []
              },
              "indexImage": {
                "id": "63503968",
                "subType": "index",
                "href": "http://b.files.bbci.co.uk/15392/test/_63503968_160822002233_rio_olympic_closing_624x351_afp.jpg",
                "path": "/cpsdevpb/15392/test/_63503968_160822002233_rio_olympic_closing_624x351_afp.jpg",
                "height": 549,
                "width": 976,
                "altText": "पढ़ें",
                "caption": "पढ़ें",
                "copyrightHolder": "BBC",
                "originCode": "cpsdevpb",
                "type": "image"
              },
              "id": "urn:bbc:ares::asset:hindi/23068699",
              "type": "cps"
            }
          },
          {
            "id": "12b3ab8e-3dcb-6042-968c-6235170d00ae",
            "rank": 4,
            "count": 9107,
            "urn": "urn:bbc:curie:asset:12b3ab8e-3dcb-6042-968c-6235170d00ae",
            "promo": {
              "headlines": {
                "shortHeadline": "Brexit bill passed in parliament সা্ব",
                "headline": "Brexit: MPs to scrutinise EU Withdrawal bill সডয"
              },
              "locators": {
                "assetUri": "/news/uk-politics-23164548",
                "cpsUrn": "urn:bbc:content:assetUri:news/uk-politics-23164548",
                "curie": "http://www.bbc.co.uk/asset/12b3ab8e-3dcb-6042-968c-6235170d00ae",
                "assetId": "23164548"
              },
              "summary": "MPs table dozens of amendments on 1922 as to the news সা্বসক",
              "timestamp": 1510656667000,
              "language": "en-gb",
              "byline": {
                "name": "By Tafsirul Islam",
                "title": "BBC bangla",
                "persons": [
                  {
                    "name": "Tafsirul Islam",
                    "function": "Bbc bangla"
                  }
                ]
              },
              "passport": {
                "category": {
                  "categoryId": "http://www.bbc.co.uk/ontologies/applicationlogic-news/News",
                  "categoryName": "News"
                },
                "taggings": [],
                "predicates": {
                  "about": [
                    {
                      "value": "http://www.bbc.co.uk/things/1947f3fd-ff95-4d71-b762-59b6c2f60fd1#id",
                      "thingLabel": "UK Economy",
                      "thingUri": "http://www.bbc.co.uk/things/1947f3fd-ff95-4d71-b762-59b6c2f60fd1#id",
                      "thingId": "1947f3fd-ff95-4d71-b762-59b6c2f60fd1",
                      "thingType": [
                        "core:Theme",
                        "core:Thing",
                        "tagging:TagConcept"
                      ],
                      "thingSameAs": [
                        "http://dbpedia.org/resource/Economy_of_the_United_Kingdom"
                      ],
                      "thingEnglishLabel": "UK Economy",
                      "type": "about"
                    },
                    {
                      "value": "http://www.bbc.co.uk/things/fa69f525-24cb-4c7f-87ae-2740285abcf4#id",
                      "thingLabel": "Brexit",
                      "thingUri": "http://www.bbc.co.uk/things/fa69f525-24cb-4c7f-87ae-2740285abcf4#id",
                      "thingId": "fa69f525-24cb-4c7f-87ae-2740285abcf4",
                      "thingType": [
                        "core:Event",
                        "tagging:TagConcept",
                        "core:Thing"
                      ],
                      "thingSameAs": [
                        "http://dbpedia.org/resource/brexit"
                      ],
                      "thingEnglishLabel": "Brexit",
                      "type": "about"
                    }
                  ]
                }
              },
              "indexImage": {
                "id": "63600095",
                "subType": "index",
                "href": "http://b.files.bbci.co.uk/E678/test/_63600095_mediaitem63600094.jpg",
                "path": "/cpsdevpb/E678/test/_63600095_mediaitem63600094.jpg",
                "height": 1152,
                "width": 2048,
                "altText": "Sunny",
                "copyrightHolder": "AFP",
                "originCode": "cpsdevpb",
                "type": "image"
              },
              "id": "urn:bbc:ares::asset:news/uk-politics-23164548",
              "type": "cps"
            }
          },
          {
            "id": "5d5150f4-17e0-bc4c-aaba-55b25008c62d",
            "rank": 5,
            "count": 8656,
            "urn": "urn:bbc:curie:asset:5d5150f4-17e0-bc4c-aaba-55b25008c62d",
            "promo": {
              "headlines": {
                "shortHeadline": "Flights axed as Monarch ceases trading",
                "headline": "Monarch flights cancelled as airline ceases trading"
              },
              "locators": {
                "assetUri": "/gujarati/india-23155321",
                "curieCpsUrn": "urn:bbc:cps:curie:asset:5d5150f4-17e0-bc4c-aaba-55b25008c62d",
                "assetId": "23155321",
                "cpsUrn": "urn:bbc:content:assetUri:gujarati/india-23155321",
                "curie": "http://www.bbc.co.uk/asset/5d5150f4-17e0-bc4c-aaba-55b25008c62d"
              },
              "summary": "Passengers are warned not to visit airports as the airline's flights will not be departing.",
              "timestamp": 1506928576000,
              "language": "gu",
              "passport": {
                "category": {
                  "categoryId": "http://www.bbc.co.uk/ontologies/applicationlogic-news/News",
                  "categoryName": "News"
                },
                "home": "http://www.bbc.co.uk/ontologies/passport/home/Gujarati",
                "taggings": []
              },
              "indexImage": {
                "id": "63593788",
                "subType": "index",
                "href": "http://b.files.bbci.co.uk/15AA3/test/_63593788_hi042111718.jpg",
                "path": "/cpsdevpb/15AA3/test/_63593788_hi042111718.jpg",
                "height": 549,
                "width": 976,
                "altText": "Men standing at protest",
                "caption": "The men gathered in the field to protest ahead of the crucial vote",
                "copyrightHolder": "Getty Images",
                "originCode": "cpsdevpb",
                "type": "image"
              },
              "id": "urn:bbc:ares::asset:gujarati/india-23155321",
              "type": "cps"
            }
          },
          {
            "id": "a01e0390-9100-2f4a-990e-9451713127de",
            "rank": 6,
            "count": 8159,
            "urn": "urn:bbc:curie:asset:a01e0390-9100-2f4a-990e-9451713127de",
            "promo": {
              "headlines": {
                "shortHeadline": "क्या आपको भी समुद्र में उबकाई आती है? 2",
                "headline": "क्या आपको भी समुद्र में उबकाई आती है? 2"
              },
              "locators": {
                "assetUri": "/hindi/international-23069805",
                "curieCpsUrn": "urn:bbc:cps:curie:asset:a01e0390-9100-2f4a-990e-9451713127de",
                "assetId": "23069805",
                "cpsUrn": "urn:bbc:content:assetUri:hindi/international-23069805",
                "curie": "http://www.bbc.co.uk/asset/a01e0390-9100-2f4a-990e-9451713127de"
              },
              "summary": "समंदर की लहरों को देखना, उस पर तैरना किसे अच्छा नहीं लगता. बहुत से लोग नाव लेकर निकल जाते हैं, इन लहरों पर जीत हासिल करने के लिए. बहुत से लोग क्रूज़ शिप पर सवार होकर लंबी छुट्टियां बिताने निकल जाते हैं.",
              "timestamp": 1472189119000,
              "language": "hi",
              "passport": {
                "home": "http://www.bbc.co.uk/ontologies/passport/home/Hindi",
                "taggings": []
              },
              "indexImage": {
                "id": "63504893",
                "subType": "index",
                "href": "http://b.files.bbci.co.uk/9BA0/test/_63504893_e080a03d-64fc-4e41-9d4c-ba01ba3018ab.jpg",
                "path": "/cpsdevpb/9BA0/test/_63504893_e080a03d-64fc-4e41-9d4c-ba01ba3018ab.jpg",
                "height": 351,
                "width": 624,
                "altText": "Ship",
                "copyrightHolder": "Getty Images",
                "originCode": "cpsdevpb",
                "type": "image"
              },
              "id": "urn:bbc:ares::asset:hindi/international-23069805",
              "type": "cps"
            }
          },
          {
            "id": "989b725a-43aa-1649-b0c9-d5bf5ed176a6",
            "rank": 7,
            "count": 7993,
            "urn": "urn:bbc:curie:asset:989b725a-43aa-1649-b0c9-d5bf5ed176a6",
            "promo": {
              "headlines": {
                "shortHeadline": "फ़्लोरिडा शहर में खेले गए पहले टी-20 मैच",
                "headline": "फ़्लोरिडा शहर में खेले गए पहले टी-20 मैच hindi live coverage"
              },
              "locators": {
                "assetUri": "/hindi/live/sport-23070449",
                "curieCpsUrn": "urn:bbc:cps:curie:asset:989b725a-43aa-1649-b0c9-d5bf5ed176a6",
                "assetId": "23070449",
                "cpsUrn": "urn:bbc:content:assetUri:hindi/live/sport-23070449",
                "curie": "http://www.bbc.co.uk/asset/989b725a-43aa-1649-b0c9-d5bf5ed176a6"
              },
              "summary": "अमरीका के फ़्लोरिडा शहर में खेले गए पहले टी-20 मैच में वेस्ट इंडीज ने भारत को एक रन से हरा दिया.",
              "timestamp": 1472552678000,
              "language": "hi",
              "passport": {
                "home": "http://www.bbc.co.uk/ontologies/passport/home/Hindi",
                "taggings": []
              },
              "indexImage": {
                "id": "63505607",
                "subType": "index",
                "href": "http://b.files.bbci.co.uk/113FA/test/_63505607_160321110635_lanka_ireland_512x288_bbc_nocredit.jpg",
                "path": "/cpsdevpb/113FA/test/_63505607_160321110635_lanka_ireland_512x288_bbc_nocredit.jpg",
                "height": 351,
                "width": 624,
                "altText": "टी-20 मैच",
                "caption": "टी-20 मैच",
                "copyrightHolder": "BBC Sport",
                "type": "image"
              },
              "isLive": false,
              "scheduledStartTime": 1472542200000,
              "scheduledEndTime": 1488324600000,
              "liveStatus": "AUTO",
              "id": "urn:bbc:ares::asset:hindi/live/sport-23070449",
              "type": "cps"
            }
          },
          {
            "id": "65f4e3bb-bd66-b348-b29f-24a0abbaf194",
            "rank": 8,
            "count": 7925,
            "urn": "urn:bbc:curie:asset:65f4e3bb-bd66-b348-b29f-24a0abbaf194",
            "promo": {
              "headlines": {
                "shortHeadline": "पाक: मोदी की 'तारीफ़' पर गद्दारी का मुकदमा! 10",
                "headline": "पाक: मोदी की 'तारीफ़' पर गद्दारी का मुकदमा! 10"
              },
              "locators": {
                "assetUri": "/hindi/23068669",
                "curieCpsUrn": "urn:bbc:cps:curie:asset:65f4e3bb-bd66-b348-b29f-24a0abbaf194",
                "assetId": "23068669",
                "cpsUrn": "urn:bbc:content:assetUri:hindi/23068669",
                "curie": "http://www.bbc.co.uk/asset/65f4e3bb-bd66-b348-b29f-24a0abbaf194"
              },
              "summary": "पाक: मोदी की 'तारीफ़' पर गद्दारी का मुकदमा!",
              "timestamp": 1471878183000,
              "language": "hi",
              "passport": {
                "home": "http://www.bbc.co.uk/ontologies/passport/home/Hindi",
                "taggings": []
              },
              "indexImage": {
                "id": "63503968",
                "subType": "index",
                "href": "http://b.files.bbci.co.uk/15392/test/_63503968_160822002233_rio_olympic_closing_624x351_afp.jpg",
                "path": "/cpsdevpb/15392/test/_63503968_160822002233_rio_olympic_closing_624x351_afp.jpg",
                "height": 549,
                "width": 976,
                "altText": "पढ़ें",
                "caption": "पढ़ें",
                "copyrightHolder": "BBC",
                "originCode": "cpsdevpb",
                "type": "image"
              },
              "id": "urn:bbc:ares::asset:hindi/23068669",
              "type": "cps"
            }
          },
          {
            "id": "f49be585-3a3e-e54e-8436-462da1b08fb0",
            "rank": 9,
            "count": 7235,
            "urn": "urn:bbc:curie:asset:f49be585-3a3e-e54e-8436-462da1b08fb0",
            "promo": {
              "headlines": {
                "shortHeadline": "बिजनौर में तीन हत्याओं के बाद तनाव",
                "headline": "बिजनौर में तीन हत्याओं के बाद तनाव"
              },
              "locators": {
                "assetUri": "/hindi/india-23075154",
                "curieCpsUrn": "urn:bbc:cps:curie:asset:f49be585-3a3e-e54e-8436-462da1b08fb0",
                "assetId": "23075154",
                "cpsUrn": "urn:bbc:content:assetUri:hindi/india-23075154",
                "curie": "http://www.bbc.co.uk/asset/f49be585-3a3e-e54e-8436-462da1b08fb0"
              },
              "summary": "उत्तर प्रदेश के बिजनौर में तीन मुसलमान युवकों की हत्या के बाद सांप्रदायिक तनाव पैदा हो गया है.",
              "timestamp": 1498053653000,
              "language": "hi",
              "byline": {
                "name": "ककककक",
                "title": "बीबीसी हिंदी",
                "persons": [
                  {
                    "name": "Jerome Wirawan",
                    "function": "BBC Indonesia",
                    "twitterName": "jeromewirawan"
                  }
                ]
              },
              "passport": {
                "category": {
                  "categoryId": "http://www.bbc.co.uk/ontologies/applicationlogic-news/News",
                  "categoryName": "News"
                },
                "home": "http://www.bbc.co.uk/ontologies/passport/home/Hindi",
                "taggings": []
              },
              "indexImage": {
                "id": "63509093",
                "subType": "index",
                "href": "http://b.files.bbci.co.uk/98B2/test/_63509093_mediaitem63509092.jpg",
                "path": "/cpsdevpb/98B2/test/_63509093_mediaitem63509092.jpg",
                "height": 544,
                "width": 967,
                "altText": "ोतू ूोु",
                "copyrightHolder": "BBC",
                "originCode": "cpsdevpb",
                "type": "image"
              },
              "id": "urn:bbc:ares::asset:hindi/india-23075154",
              "type": "cps"
            }
          },
          {
            "id": "8b4a9029-86d0-3d4d-b6a4-57e97a0d668b",
            "rank": 10,
            "count": 6791,
            "urn": "urn:bbc:curie:asset:8b4a9029-86d0-3d4d-b6a4-57e97a0d668b",
            "promo": {
              "headlines": {
                "shortHeadline": "पाक: मोदी की 'तारीफ़' पर गद्दारी का मुकदमा! 23",
                "headline": "पाक: मोदी की 'तारीफ़' पर गद्दारी का मुकदमा! 23"
              },
              "locators": {
                "assetUri": "/hindi/23068682",
                "curieCpsUrn": "urn:bbc:cps:curie:asset:8b4a9029-86d0-3d4d-b6a4-57e97a0d668b",
                "assetId": "23068682",
                "cpsUrn": "urn:bbc:content:assetUri:hindi/23068682",
                "curie": "http://www.bbc.co.uk/asset/8b4a9029-86d0-3d4d-b6a4-57e97a0d668b"
              },
              "summary": "पाक: मोदी की 'तारीफ़' पर गद्दारी का मुकदमा!",
              "timestamp": 1471879470000,
              "language": "hi",
              "passport": {
                "home": "http://www.bbc.co.uk/ontologies/passport/home/Hindi",
                "taggings": []
              },
              "indexImage": {
                "id": "63503968",
                "subType": "index",
                "href": "http://b.files.bbci.co.uk/15392/test/_63503968_160822002233_rio_olympic_closing_624x351_afp.jpg",
                "path": "/cpsdevpb/15392/test/_63503968_160822002233_rio_olympic_closing_624x351_afp.jpg",
                "height": 549,
                "width": 976,
                "altText": "पढ़ें",
                "caption": "पढ़ें",
                "copyrightHolder": "BBC",
                "originCode": "cpsdevpb",
                "type": "image"
              },
              "id": "urn:bbc:ares::asset:hindi/23068682",
              "type": "cps"
            }
          },
          {
            "id": "4dd28f44-77f2-1d43-b512-c0817b057288",
            "rank": 11,
            "count": 6238,
            "urn": "urn:bbc:curie:asset:4dd28f44-77f2-1d43-b512-c0817b057288",
            "promo": {
              "headlines": {
                "shortHeadline": "पाक: मोदी की 'तारीफ़' पर गद्दारी का मुकदमा! 11",
                "headline": "पाक: मोदी की 'तारीफ़' पर गद्दारी का मुकदमा! 11"
              },
              "locators": {
                "assetUri": "/hindi/23068670",
                "curieCpsUrn": "urn:bbc:cps:curie:asset:4dd28f44-77f2-1d43-b512-c0817b057288",
                "assetId": "23068670",
                "cpsUrn": "urn:bbc:content:assetUri:hindi/23068670",
                "curie": "http://www.bbc.co.uk/asset/4dd28f44-77f2-1d43-b512-c0817b057288"
              },
              "summary": "पाक: मोदी की 'तारीफ़' पर गद्दारी का मुकदमा!",
              "timestamp": 1471878199000,
              "language": "hi",
              "passport": {
                "home": "http://www.bbc.co.uk/ontologies/passport/home/Hindi",
                "taggings": []
              },
              "indexImage": {
                "id": "63503968",
                "subType": "index",
                "href": "http://b.files.bbci.co.uk/15392/test/_63503968_160822002233_rio_olympic_closing_624x351_afp.jpg",
                "path": "/cpsdevpb/15392/test/_63503968_160822002233_rio_olympic_closing_624x351_afp.jpg",
                "height": 549,
                "width": 976,
                "altText": "पढ़ें",
                "caption": "पढ़ें",
                "copyrightHolder": "BBC",
                "originCode": "cpsdevpb",
                "type": "image"
              },
              "id": "urn:bbc:ares::asset:hindi/23068670",
              "type": "cps"
            }
          },
          {
            "id": "eadc2719-22bd-bc4f-bb3c-eeded4c41242",
            "rank": 12,
            "count": 5933,
            "urn": "urn:bbc:curie:asset:eadc2719-22bd-bc4f-bb3c-eeded4c41242",
            "promo": {
              "headlines": {
                "shortHeadline": "पाक: मोदी की 'तारीफ़' पर गद्दारी का मुकदमा! 15",
                "headline": "पाक: मोदी की 'तारीफ़' पर गद्दारी का मुकदमा! 15"
              },
              "locators": {
                "assetUri": "/hindi/23068674",
                "cpsUrn": "urn:bbc:content:assetUri:hindi/23068674",
                "curie": "http://www.bbc.co.uk/asset/eadc2719-22bd-bc4f-bb3c-eeded4c41242",
                "assetId": "23068674"
              },
              "summary": "पाक: मोदी की 'तारीफ़' पर गद्दारी का मुकदमा!",
              "timestamp": 1471878652000,
              "language": "hi",
              "indexImage": {
                "id": "63503968",
                "subType": "index",
                "href": "http://b.files.bbci.co.uk/15392/test/_63503968_160822002233_rio_olympic_closing_624x351_afp.jpg",
                "path": "/cpsdevpb/15392/test/_63503968_160822002233_rio_olympic_closing_624x351_afp.jpg",
                "height": 549,
                "width": 976,
                "altText": "पढ़ें",
                "caption": "पढ़ें",
                "copyrightHolder": "BBC",
                "originCode": "cpsdevpb",
                "type": "image"
              },
              "id": "urn:bbc:ares::asset:hindi/23068674",
              "type": "cps"
            }
          },
          {
            "id": "a5ebd401-3827-4845-b1d1-ffd665d13478",
            "rank": 13,
            "count": 5848,
            "urn": "urn:bbc:curie:asset:a5ebd401-3827-4845-b1d1-ffd665d13478",
            "promo": {
              "headlines": {
                "shortHeadline": "Netflix raises prices for UK and US",
                "headline": "Netflix raises prices for UK and US first time in two years"
              },
              "locators": {
                "assetUri": "/telugu/international-23156156",
                "curieCpsUrn": "urn:bbc:cps:curie:asset:a5ebd401-3827-4845-b1d1-ffd665d13478",
                "assetId": "23156156",
                "cpsUrn": "urn:bbc:content:assetUri:telugu/international-23156156",
                "curie": "http://www.bbc.co.uk/asset/a5ebd401-3827-4845-b1d1-ffd665d13478"
              },
              "summary": "The streaming video service will also increase subscription charges in some European countries.",
              "timestamp": 1507271383000,
              "language": "te",
              "byline": {
                "name": "Mark McGregor",
                "title": "BBC Telugu, Delhi",
                "persons": [
                  {
                    "name": "Mark McGregor",
                    "function": "BBC Telugu"
                  }
                ]
              },
              "passport": {
                "category": {
                  "categoryId": "http://www.bbc.co.uk/ontologies/applicationlogic-news/News",
                  "categoryName": "News"
                },
                "home": "http://www.bbc.co.uk/ontologies/passport/home/Telugu",
                "taggings": []
              },
              "indexImage": {
                "id": "63594378",
                "subType": "index",
                "href": "http://b.files.bbci.co.uk/15535/test/_63594378_gettyimages-855419562.jpg",
                "path": "/cpsdevpb/15535/test/_63594378_gettyimages-855419562.jpg",
                "height": 549,
                "width": 976,
                "altText": "Man at Mumbai railway station",
                "caption": "Nay commuters were distraught in the aftermath of the stampede",
                "copyrightHolder": "Type what you want",
                "originCode": "cpsdevpb",
                "type": "image"
              },
              "id": "urn:bbc:ares::asset:telugu/international-23156156",
              "type": "cps"
            }
          },
          {
            "id": "cf418288-f500-f04d-9984-145d41c880d3",
            "rank": 14,
            "count": 4357,
            "urn": "urn:bbc:curie:asset:cf418288-f500-f04d-9984-145d41c880d3",
            "promo": {
              "headlines": {
                "shortHeadline": "पाक: मोदी की 'तारीफ़' पर गद्दारी का मुकदमा! 20",
                "headline": "पाक: मोदी की 'तारीफ़' पर गद्दारी का मुकदमा! 20"
              },
              "locators": {
                "assetUri": "/hindi/23068679",
                "cpsUrn": "urn:bbc:content:assetUri:hindi/23068679",
                "curie": "http://www.bbc.co.uk/asset/cf418288-f500-f04d-9984-145d41c880d3",
                "assetId": "23068679"
              },
              "summary": "पाक: मोदी की 'तारीफ़' पर गद्दारी का मुकदमा!",
              "timestamp": 1471878774000,
              "language": "hi",
              "indexImage": {
                "id": "63503968",
                "subType": "index",
                "href": "http://b.files.bbci.co.uk/15392/test/_63503968_160822002233_rio_olympic_closing_624x351_afp.jpg",
                "path": "/cpsdevpb/15392/test/_63503968_160822002233_rio_olympic_closing_624x351_afp.jpg",
                "height": 549,
                "width": 976,
                "altText": "पढ़ें",
                "caption": "पढ़ें",
                "copyrightHolder": "BBC",
                "originCode": "cpsdevpb",
                "type": "image"
              },
              "id": "urn:bbc:ares::asset:hindi/23068679",
              "type": "cps"
            }
          },
          {
            "id": "5d749ace-f976-e946-b646-0c184224c1d6",
            "rank": 15,
            "count": 3532,
            "urn": "urn:bbc:curie:asset:5d749ace-f976-e946-b646-0c184224c1d6",
            "promo": {
              "headlines": {
                "shortHeadline": "Hello its saumya",
                "headline": "Hello its saumya from BBC"
              },
              "locators": {
                "assetUri": "/hindi/india-23185263",
                "cpsUrn": "urn:bbc:content:assetUri:hindi/india-23185263",
                "curie": "http://www.bbc.co.uk/asset/5d749ace-f976-e946-b646-0c184224c1d6",
                "assetId": "23185263"
              },
              "summary": "dzgfdh",
              "timestamp": 1517554866000,
              "language": "hi",
              "byline": {
                "name": "Adam Fleming",
                "title": "BBC News Political Correspondent",
                "persons": [
                  {
                    "name": "Adam Fleming",
                    "function": "BBC News Political Correspondent"
                  }
                ]
              },
              "indexImage": {
                "id": "63654837",
                "subType": "index",
                "href": "http://b.files.bbci.co.uk/12075/test/_63654837_mediaitem63654836.jpg",
                "path": "/cpsdevpb/12075/test/_63654837_mediaitem63654836.jpg",
                "height": 550,
                "width": 978,
                "altText": "Capetown",
                "copyrightHolder": "BBC",
                "originCode": "cpsdevpb",
                "type": "image"
              },
              "id": "urn:bbc:ares::asset:hindi/india-23185263",
              "type": "cps"
            }
          },
          {
            "id": "210c0cc2-ae77-3c43-a10e-6562cde28b9a",
            "rank": 16,
            "count": 3189,
            "urn": "urn:bbc:curie:asset:210c0cc2-ae77-3c43-a10e-6562cde28b9a",
            "promo": {
              "headlines": {
                "shortHeadline": "पाक: मोदी की 'तारीफ़' पर गद्दारी का मुकदमा! 31",
                "headline": "पाक: मोदी की 'तारीफ़' पर गद्दारी का मुकदमा! 31"
              },
              "locators": {
                "assetUri": "/hindi/23068700",
                "cpsUrn": "urn:bbc:content:assetUri:hindi/23068700",
                "curie": "http://www.bbc.co.uk/asset/210c0cc2-ae77-3c43-a10e-6562cde28b9a",
                "assetId": "23068700"
              },
              "summary": "पाक: मोदी की 'तारीफ़' पर गद्दारी का मुकदमा!",
              "timestamp": 1471879771000,
              "language": "hi",
              "indexImage": {
                "id": "63503968",
                "subType": "index",
                "href": "http://b.files.bbci.co.uk/15392/test/_63503968_160822002233_rio_olympic_closing_624x351_afp.jpg",
                "path": "/cpsdevpb/15392/test/_63503968_160822002233_rio_olympic_closing_624x351_afp.jpg",
                "height": 549,
                "width": 976,
                "altText": "पढ़ें",
                "caption": "पढ़ें",
                "copyrightHolder": "BBC",
                "originCode": "cpsdevpb",
                "type": "image"
              },
              "id": "urn:bbc:ares::asset:hindi/23068700",
              "type": "cps"
            }
          },
          {
            "id": "59099be6-4999-1e47-a1ca-d364800e803c",
            "rank": 17,
            "count": 2443,
            "urn": "urn:bbc:curie:asset:59099be6-4999-1e47-a1ca-d364800e803c",
            "promo": {
              "headlines": {
                "shortHeadline": "पाक: मोदी की 'तारीफ़' पर गद्दारी का मुकदमा! 9",
                "headline": "पाक: मोदी की 'तारीफ़' पर गद्दारी का मुकदमा! 9"
              },
              "locators": {
                "assetUri": "/hindi/23068658",
                "curieCpsUrn": "urn:bbc:cps:curie:asset:59099be6-4999-1e47-a1ca-d364800e803c",
                "assetId": "23068658",
                "cpsUrn": "urn:bbc:content:assetUri:hindi/23068658",
                "curie": "http://www.bbc.co.uk/asset/59099be6-4999-1e47-a1ca-d364800e803c"
              },
              "summary": "पाक: मोदी की 'तारीफ़' पर गद्दारी का मुकदमा!",
              "timestamp": 1471878160000,
              "language": "hi",
              "passport": {
                "home": "http://www.bbc.co.uk/ontologies/passport/home/Hindi",
                "taggings": []
              },
              "indexImage": {
                "id": "63503968",
                "subType": "index",
                "href": "http://b.files.bbci.co.uk/15392/test/_63503968_160822002233_rio_olympic_closing_624x351_afp.jpg",
                "path": "/cpsdevpb/15392/test/_63503968_160822002233_rio_olympic_closing_624x351_afp.jpg",
                "height": 549,
                "width": 976,
                "altText": "पढ़ें",
                "caption": "पढ़ें",
                "copyrightHolder": "BBC",
                "originCode": "cpsdevpb",
                "type": "image"
              },
              "id": "urn:bbc:ares::asset:hindi/23068658",
              "type": "cps"
            }
          },
          {
            "id": "e5af6bad-fdee-b543-9167-fbfef318f703",
            "rank": 18,
            "count": 2431,
            "urn": "urn:bbc:curie:asset:e5af6bad-fdee-b543-9167-fbfef318f703",
            "promo": {
              "headlines": {
                "shortHeadline": "पाक: मोदी की 'तारीफ़' पर गद्दारी का मुकदमा! 22",
                "headline": "पाक: मोदी की 'तारीफ़' पर गद्दारी का मुकदमा! 22"
              },
              "locators": {
                "assetUri": "/hindi/23068681",
                "curieCpsUrn": "urn:bbc:cps:curie:asset:e5af6bad-fdee-b543-9167-fbfef318f703",
                "assetId": "23068681",
                "cpsUrn": "urn:bbc:content:assetUri:hindi/23068681",
                "curie": "http://www.bbc.co.uk/asset/e5af6bad-fdee-b543-9167-fbfef318f703"
              },
              "summary": "पाक: मोदी की 'तारीफ़' पर गद्दारी का मुकदमा!",
              "timestamp": 1471879450000,
              "language": "hi",
              "passport": {
                "home": "http://www.bbc.co.uk/ontologies/passport/home/Hindi",
                "taggings": []
              },
              "indexImage": {
                "id": "63503968",
                "subType": "index",
                "href": "http://b.files.bbci.co.uk/15392/test/_63503968_160822002233_rio_olympic_closing_624x351_afp.jpg",
                "path": "/cpsdevpb/15392/test/_63503968_160822002233_rio_olympic_closing_624x351_afp.jpg",
                "height": 549,
                "width": 976,
                "altText": "पढ़ें",
                "caption": "पढ़ें",
                "copyrightHolder": "BBC",
                "originCode": "cpsdevpb",
                "type": "image"
              },
              "id": "urn:bbc:ares::asset:hindi/23068681",
              "type": "cps"
            }
          },
          {
            "id": "457c561b-0d79-af4d-8292-80c390a8382b",
            "rank": 19,
            "count": 2315,
            "urn": "urn:bbc:curie:asset:457c561b-0d79-af4d-8292-80c390a8382b",
            "promo": {
              "headlines": {
                "shortHeadline": "पाक: मोदी की 'तारीफ़' पर गद्दारी का मुकदमा! 27",
                "headline": "पाक: मोदी की 'तारीफ़' पर गद्दारी का मुकदमा! 27"
              },
              "locators": {
                "assetUri": "/hindi/23068686",
                "curieCpsUrn": "urn:bbc:cps:curie:asset:457c561b-0d79-af4d-8292-80c390a8382b",
                "assetId": "23068686",
                "cpsUrn": "urn:bbc:content:assetUri:hindi/23068686",
                "curie": "http://www.bbc.co.uk/asset/457c561b-0d79-af4d-8292-80c390a8382b"
              },
              "summary": "पाक: मोदी की 'तारीफ़' पर गद्दारी का मुकदमा!",
              "timestamp": 1471879655000,
              "language": "hi",
              "passport": {
                "home": "http://www.bbc.co.uk/ontologies/passport/home/Hindi",
                "taggings": []
              },
              "indexImage": {
                "id": "63503968",
                "subType": "index",
                "href": "http://b.files.bbci.co.uk/15392/test/_63503968_160822002233_rio_olympic_closing_624x351_afp.jpg",
                "path": "/cpsdevpb/15392/test/_63503968_160822002233_rio_olympic_closing_624x351_afp.jpg",
                "height": 549,
                "width": 976,
                "altText": "पढ़ें",
                "caption": "पढ़ें",
                "copyrightHolder": "BBC",
                "originCode": "cpsdevpb",
                "type": "image"
              },
              "id": "urn:bbc:ares::asset:hindi/23068686",
              "type": "cps"
            }
          },
          {
            "id": "ea546fda-0d1e-7a42-ab99-6d5af429a9b8",
            "rank": 20,
            "count": 1437,
            "urn": "urn:bbc:curie:asset:ea546fda-0d1e-7a42-ab99-6d5af429a9b8",
            "promo": {
              "headlines": {
                "shortHeadline": "पाक: मोदी की 'तारीफ़' पर गद्दारी का मुकदमा! 2",
                "headline": "पाक: मोदी की 'तारीफ़' पर गद्दारी का मुकदमा! 2"
              },
              "locators": {
                "assetUri": "/hindi/23068651",
                "curieCpsUrn": "urn:bbc:cps:curie:asset:ea546fda-0d1e-7a42-ab99-6d5af429a9b8",
                "assetId": "23068651",
                "cpsUrn": "urn:bbc:content:assetUri:hindi/23068651",
                "curie": "http://www.bbc.co.uk/asset/ea546fda-0d1e-7a42-ab99-6d5af429a9b8"
              },
              "summary": "पाक: मोदी की 'तारीफ़' पर गद्दारी का मुकदमा!",
              "timestamp": 1471877949000,
              "language": "hi",
              "passport": {
                "home": "http://www.bbc.co.uk/ontologies/passport/home/Hindi",
                "taggings": []
              },
              "indexImage": {
                "id": "63503968",
                "subType": "index",
                "href": "http://b.files.bbci.co.uk/15392/test/_63503968_160822002233_rio_olympic_closing_624x351_afp.jpg",
                "path": "/cpsdevpb/15392/test/_63503968_160822002233_rio_olympic_closing_624x351_afp.jpg",
                "height": 549,
                "width": 976,
                "altText": "पढ़ें",
                "caption": "पढ़ें",
                "copyrightHolder": "BBC",
                "originCode": "cpsdevpb",
                "type": "image"
              },
              "id": "urn:bbc:ares::asset:hindi/23068651",
              "type": "cps"
            }
          }
        ]
      }
    }
  },
  "contentType": "application/json; charset=utf-8"
}