{
  "generated": "2020-07-21T10:11:20.776Z",
  "lastRecordTimeStamp": "2030-01-01T17:00:00Z",
  "firstRecordTimeStamp": "2020-07-21T09:51:00Z",
  "totalRecords": 9,
  "records": [
    {
      "id": "ccc147ac-d70e-4b66-96f6-bdb63b02ab68",
      "rank": 1,
      "count": 3,
      "urn": "urn:bbc:curie:asset:ccc147ac-d70e-4b66-96f6-bdb63b02ab68",
      "promo": {
        "headlines": {
          "shortHeadline": "Covid-19: Saat miliaran masker dan sarung tangan sekali pakai berakhir di laut",
          "headline": "Covid-19: Saat miliaran masker dan sarung tangan sekali pakai berakhir di laut"
        },
        "locators": {
          "assetUri": "/indonesia/media-53335064",
          "cpsUrn": "urn:bbc:content:assetUri:indonesia/media-53335064",
          "curie": "http://www.bbc.co.uk/asset/ccc147ac-d70e-4b66-96f6-bdb63b02ab68",
          "assetId": "53335064"
        },
        "summary": "Lembaga Ocean Conservacy menyebutkan sejak pendemi Covid-19, sekitar 129 miliar masker dan 65 miliar sarung tangan sekali pakai dibuang ke lingkungan setiap bulan.",
        "timestamp": 1594290083000,
        "language": "id",
        "passport": {
          "category": {
            "categoryId": "http://www.bbc.co.uk/ontologies/applicationlogic-news/News",
            "categoryName": "News"
          },
          "campaigns": [
            {
              "campaignId": "5a988e1739461b000e9dabf6",
              "campaignName": "WS - CS"
            }
          ],
          "taggings": []
        },
        "media": {
          "id": "53335065",
          "subType": "primary",
          "format": "video",
          "externalId": "p08k5354",
          "entityType": "Clip",
          "caption": "Sampah medis sekali pakai berakhir di laut",
          "type": "external_vpid"
        },
        "indexImage": {
          "id": "113286209",
          "subType": "index",
          "href": "http://c.files.bbci.co.uk/1609C/production/_113286209_p08k537c.jpg",
          "path": "/cpsprodpb/1609C/production/_113286209_p08k537c.jpg",
          "height": 576,
          "width": 1024,
          "altText": "Keyframe #1",
          "copyrightHolder": "BBC",
          "type": "image"
        },
        "id": "urn:bbc:ares::asset:indonesia/media-53335064",
        "type": "cps"
      }
    },
    {
      "id": "926de63c-c16d-d540-a1f5-b3dbf8c8789a",
      "rank": 2,
      "count": 3,
      "urn": "urn:bbc:curie:asset:926de63c-c16d-d540-a1f5-b3dbf8c8789a",
      "promo": {
        "headlines": {
          "shortHeadline": "Sniper perempuan Kurdi tertawa, setelah kepalanya nyaris ditembak ISIS",
          "headline": "Sniper perempuan Kurdi tertawa, setelah kepalanya nyaris ditembak ISIS"
        },
        "locators": {
          "assetUri": "/indonesia/gnb-40442248",
          "cpsUrn": "urn:bbc:content:assetUri:indonesia/gnb-40442248",
          "curie": "http://www.bbc.co.uk/asset/926de63c-c16d-d540-a1f5-b3dbf8c8789a",
          "assetId": "40442248"
        },
        "summary": "Dia lalu meminta orang yang merekamnya untuk \"berhenti merekam\".",
        "timestamp": 1498727387000,
        "language": "id",
        "passport": {
          "taggings": []
        },
        "media": {
          "id": "40442249",
          "subType": "primary",
          "format": "audio",
          "externalId": "p05780ns",
          "entityType": "Clip",
          "caption": "Sniper perempuan Kurdi tertawa, setelah nyaris ditembak ISIS di kepala",
          "type": "external_vpid"
        },
        "indexImage": {
          "id": "96732373",
          "subType": "index",
          "href": "http://c.files.bbci.co.uk/91CB/production/_96732373_p057839d.jpg",
          "path": "/cpsprodpb/91CB/production/_96732373_p057839d.jpg",
          "height": 549,
          "width": 976,
          "altText": "obama",
          "copyrightHolder": "BBC",
          "type": "image"
        },
        "id": "urn:bbc:ares::asset:indonesia/gnb-40442248",
        "type": "cps"
      }
    },
    {
      "id": "445d1457-4973-447d-895e-bc6d7815324b",
      "rank": 3,
      "count": 3,
      "urn": "urn:bbc:curie:asset:445d1457-4973-447d-895e-bc6d7815324b",
      "promo": {
        "headlines": {
          "shortHeadline": "Rohingya di Aceh: 'Di mana-mana mereka ditolak, hanya Aceh yang terima'",
          "headline": "Rohingya di Aceh: 'Di mana-mana mereka ditolak, hanya Aceh yang terima'"
        },
        "locators": {
          "assetUri": "/indonesia/media-53216783",
          "cpsUrn": "urn:bbc:content:assetUri:indonesia/media-53216783",
          "curie": "http://www.bbc.co.uk/asset/445d1457-4973-447d-895e-bc6d7815324b",
          "assetId": "53216783"
        },
        "summary": "Sebanyak 94 pengungsi etnis Rohingya yang terdampar di perairan Aceh Utara diselamatkan nelayan di Desa Lancok, Lhokseumawe. Mereka dibawa ke daratan oleh para nelayan setelah mendapat desakan dari para penduduk sekitar.",
        "timestamp": 1593418992000,
        "language": "id",
        "passport": {
          "category": {
            "categoryId": "http://www.bbc.co.uk/ontologies/applicationlogic-news/News",
            "categoryName": "News"
          },
          "campaigns": [
            {
              "campaignId": "5a988e3739461b000e9dabfa",
              "campaignName": "WS - Give me perspective"
            }
          ],
          "taggings": []
        },
        "media": {
          "id": "53216784",
          "subType": "primary",
          "format": "video",
          "externalId": "p08j3bhx",
          "entityType": "Clip",
          "caption": "Rohingya di Aceh: 'Di mana-mana mereka ditolak, hanya Aceh yang terima'",
          "type": "external_vpid"
        },
        "indexImage": {
          "id": "113140263",
          "subType": "index",
          "href": "http://c.files.bbci.co.uk/8D6C/production/_113140263_p08j3bly.jpg",
          "path": "/cpsprodpb/8D6C/production/_113140263_p08j3bly.jpg",
          "height": 549,
          "width": 976,
          "altText": "Pengungsi Rohingya Di Aceh",
          "copyrightHolder": "BBC",
          "type": "image"
        },
        "id": "urn:bbc:ares::asset:indonesia/media-53216783",
        "type": "cps"
      }
    },
    {
      "id": "ff1968a3-b5bc-b743-b4fc-4ae93159eae3",
      "rank": 4,
      "count": 2,
      "urn": "urn:bbc:curie:asset:ff1968a3-b5bc-b743-b4fc-4ae93159eae3",
      "promo": {
        "headlines": {
          "shortHeadline": "Pidato langka Ratu Elizabeth II: 'Kita akan menang lawan virus corona'",
          "headline": "Pidato langka Ratu Elizabeth II: 'Kita akan menang lawan virus corona'"
        },
        "locators": {
          "assetUri": "/indonesia/media-52199165",
          "cpsUrn": "urn:bbc:content:assetUri:indonesia/media-52199165",
          "curie": "http://www.bbc.co.uk/asset/ff1968a3-b5bc-b743-b4fc-4ae93159eae3",
          "assetId": "52199165"
        },
        "summary": "Ratu Elizabeth II menyatakan bahwa \"kita akan menang\" dan \"bertemu kembali\" dalam pidato langka yang dia sampaikan kepada publik di tengah pandemi Covid-19.",
        "timestamp": 1586252036000,
        "language": "id",
        "passport": {
          "category": {
            "categoryId": "http://www.bbc.co.uk/ontologies/applicationlogic-news/News",
            "categoryName": "News"
          },
          "campaigns": [
            {
              "campaignId": "5a988e1739461b000e9dabf6",
              "campaignName": "WS - CS"
            }
          ],
          "taggings": []
        },
        "media": {
          "id": "52199166",
          "subType": "primary",
          "format": "video",
          "externalId": "p088v77q",
          "entityType": "Clip",
          "caption": "pidato ratu",
          "type": "external_vpid"
        },
        "indexImage": {
          "id": "111647703",
          "subType": "index",
          "href": "http://c.files.bbci.co.uk/7836/production/_111647703_p088v9yb.jpg",
          "path": "/cpsprodpb/7836/production/_111647703_p088v9yb.jpg",
          "height": 576,
          "width": 1024,
          "altText": "Keyframe #6",
          "copyrightHolder": "BBC",
          "type": "image"
        },
        "id": "urn:bbc:ares::asset:indonesia/media-52199165",
        "type": "cps"
      }
    },
    {
      "id": "f7dd06e4-8e15-4292-86c7-4dcdf7298e1c",
      "rank": 5,
      "count": 1,
      "urn": "urn:bbc:curie:asset:f7dd06e4-8e15-4292-86c7-4dcdf7298e1c",
      "promo": {
        "headlines": {
          "shortHeadline": "Cerita mahasiswa Papua di luar negeri soal rasisme: 'Saya ditanya, di sana masih makan manusia?'",
          "headline": "Cerita mahasiswa Papua di luar negeri soal rasisme: 'Saya ditanya, di sana masih makan manusia?'"
        },
        "locators": {
          "assetUri": "/indonesia/media-53219940",
          "cpsUrn": "urn:bbc:content:assetUri:indonesia/media-53219940",
          "curie": "http://www.bbc.co.uk/asset/f7dd06e4-8e15-4292-86c7-4dcdf7298e1c",
          "assetId": "53219940"
        },
        "summary": "Dua mahasiswa asal Papua yang tengah menempuh studi di luar negeri bercerita tentang pengalaman terkait tindak rasisme yang mereka alami dan juga harapan mereka. \"Kenapa di abad 21 ini masih banyak yang memiliki pemikiran terbelakang?\"",
        "timestamp": 1593439454000,
        "language": "id",
        "passport": {
          "category": {
            "categoryId": "http://www.bbc.co.uk/ontologies/applicationlogic-news/Feature",
            "categoryName": "Feature"
          },
          "campaigns": [
            {
              "campaignId": "5a988e3739461b000e9dabfa",
              "campaignName": "WS - Give me perspective"
            }
          ],
          "taggings": []
        },
        "media": {
          "id": "53219941",
          "subType": "primary",
          "format": "video",
          "externalId": "p08j9y0n",
          "entityType": "Clip",
          "caption": "Rasisme, pengalaman dan harapan mahasiswa Papua",
          "type": "external_vpid"
        },
        "indexImage": {
          "id": "113142806",
          "subType": "index",
          "href": "http://c.files.bbci.co.uk/ED98/production/_113142806_p08j9y6g.jpg",
          "path": "/cpsprodpb/ED98/production/_113142806_p08j9y6g.jpg",
          "height": 576,
          "width": 1024,
          "altText": "Dua mahasiswa asal Papua yang tengah menempuh studi di luar negeri bercerita tentang pengalaman terkait tindak rasisme yang mereka alami dan juga harapan mereka.",
          "copyrightHolder": "Unjuk rasa antirasisme meluas di banyak negara set",
          "type": "image"
        },
        "id": "urn:bbc:ares::asset:indonesia/media-53219940",
        "type": "cps"
      }
    },
    {
      "id": "f1a38b8c-b189-f145-9299-b61927ede3c3",
      "rank": 6,
      "count": 1,
      "urn": "urn:bbc:curie:asset:f1a38b8c-b189-f145-9299-b61927ede3c3",
      "promo": {
        "headlines": {
          "shortHeadline": "Kisah anak-anak Palestina yang ditahan di penjara Israel",
          "headline": "Kisah anak-anak Palestina yang ditahan di penjara Israel"
        },
        "locators": {
          "assetUri": "/indonesia/media-49591990",
          "cpsUrn": "urn:bbc:content:assetUri:indonesia/media-49591990",
          "curie": "http://www.bbc.co.uk/asset/f1a38b8c-b189-f145-9299-b61927ede3c3",
          "assetId": "49591990"
        },
        "summary": "Setiap tahun, lebih dari 500 remaja Palestina dijebloskan ke penjara Israel tanpa dakwaan yang jelas ataupun melalui proses pengadilan.",
        "timestamp": 1567669868000,
        "language": "id",
        "passport": {
          "category": {
            "categoryId": "http://www.bbc.co.uk/ontologies/applicationlogic-news/Feature",
            "categoryName": "Feature"
          },
          "campaigns": [
            {
              "campaignId": "5a988e1739461b000e9dabf6",
              "campaignName": "WS - CS"
            }
          ],
          "taggings": []
        },
        "media": {
          "id": "49591991",
          "subType": "primary",
          "format": "video",
          "externalId": "p07mhnlw",
          "entityType": "Clip",
          "caption": "Kisah anak-anak Palestina yang ditahan Israel",
          "type": "external_vpid"
        },
        "indexImage": {
          "id": "108622370",
          "subType": "index",
          "href": "http://c.files.bbci.co.uk/1C9A/production/_108622370_p07mhq40.jpg",
          "path": "/cpsprodpb/1C9A/production/_108622370_p07mhq40.jpg",
          "height": 549,
          "width": 976,
          "altText": "tentara israel di tepi barat",
          "copyrightHolder": "BBC",
          "type": "image"
        },
        "id": "urn:bbc:ares::asset:indonesia/media-49591990",
        "type": "cps"
      }
    },
    {
      "id": "c8342b6c-704b-5b4a-8951-cc69e19442d4",
      "rank": 7,
      "count": 1,
      "urn": "urn:bbc:curie:asset:c8342b6c-704b-5b4a-8951-cc69e19442d4",
      "promo": {
        "headlines": {
          "shortHeadline": "Virus corona: Apakah yang dimaksud dengan isolasi diri dan mengapa itu penting?",
          "headline": "Virus corona: Apakah yang dimaksud dengan isolasi diri dan mengapa itu penting?"
        },
        "locators": {
          "assetUri": "/indonesia/media-51703273",
          "cpsUrn": "urn:bbc:content:assetUri:indonesia/media-51703273",
          "curie": "http://www.bbc.co.uk/asset/c8342b6c-704b-5b4a-8951-cc69e19442d4",
          "assetId": "51703273"
        },
        "summary": "Merebaknya wabah virus corona membuat banyak negara menganjurkan isolasi diri sendiri pada warganya. Apa itu isolasi diri sendiri dan mengapa itu penting?",
        "timestamp": 1583228057000,
        "language": "id",
        "passport": {
          "category": {
            "categoryId": "http://www.bbc.co.uk/ontologies/applicationlogic-news/Explainer",
            "categoryName": "Explainer"
          },
          "campaigns": [
            {
              "campaignId": "5a988e2939461b000e9dabf8",
              "campaignName": "WS - Educate me"
            }
          ],
          "taggings": []
        },
        "media": {
          "id": "51732163",
          "subType": "primary",
          "format": "video",
          "externalId": "p085dm4p",
          "entityType": "Clip",
          "caption": "self isolation",
          "type": "external_vpid"
        },
        "indexImage": {
          "id": "111127220",
          "subType": "index",
          "href": "http://c.files.bbci.co.uk/08E0/production/_111127220_p085drz0.jpg",
          "path": "/cpsprodpb/08E0/production/_111127220_p085drz0.jpg",
          "height": 576,
          "width": 1024,
          "altText": "pencegahan wabah virus corona dengan masker",
          "copyrightHolder": "Getty Images",
          "type": "image"
        },
        "id": "urn:bbc:ares::asset:indonesia/media-51703273",
        "type": "cps"
      }
    },
    {
      "id": "940391bb-d72d-074f-8e21-a08a9e4c3982",
      "rank": 8,
      "count": 1,
      "urn": "urn:bbc:curie:asset:940391bb-d72d-074f-8e21-a08a9e4c3982",
      "promo": {
        "headlines": {
          "shortHeadline": "Donald Trump: Bagaimana Presiden AS bisa dilengserkan dari jabatannya?",
          "headline": "Donald Trump: Bagaimana Presiden AS bisa dilengserkan dari jabatannya?"
        },
        "locators": {
          "assetUri": "/indonesia/media-50850049",
          "cpsUrn": "urn:bbc:content:assetUri:indonesia/media-50850049",
          "curie": "http://www.bbc.co.uk/asset/940391bb-d72d-074f-8e21-a08a9e4c3982",
          "assetId": "50850049"
        },
        "summary": "Donald Trump: Bagaimana Presiden AS bisa dilengserkan dari jabatannya?",
        "timestamp": 1576742241000,
        "language": "id",
        "passport": {
          "category": {
            "categoryId": "http://www.bbc.co.uk/ontologies/applicationlogic-news/Explainer",
            "categoryName": "Explainer"
          },
          "campaigns": [
            {
              "campaignId": "5a988e1739461b000e9dabf6",
              "campaignName": "WS - CS"
            }
          ],
          "taggings": []
        },
        "media": {
          "id": "50850050",
          "subType": "primary",
          "format": "video",
          "externalId": "p07ybr4q",
          "entityType": "Clip",
          "caption": "Donald Trump: Bagaimana Presiden AS bisa dilengserkan dari jabatannya?",
          "type": "external_vpid"
        },
        "indexImage": {
          "id": "110228566",
          "subType": "index",
          "href": "http://c.files.bbci.co.uk/10416/production/_110228566_p07ybs0x.jpg",
          "path": "/cpsprodpb/10416/production/_110228566_p07ybs0x.jpg",
          "height": 549,
          "width": 976,
          "altText": "Donald Trump",
          "copyrightHolder": "BBC",
          "type": "image"
        },
        "id": "urn:bbc:ares::asset:indonesia/media-50850049",
        "type": "cps"
      }
    },
    {
      "id": "53f9cbce-9d41-ad48-b433-6710ca000ca0",
      "rank": 9,
      "count": 1,
      "urn": "urn:bbc:curie:asset:53f9cbce-9d41-ad48-b433-6710ca000ca0",
      "promo": {
        "headlines": {
          "shortHeadline": "Help for UK babies",
          "headline": "Help for UK babies"
        },
        "locators": {
          "assetUri": "/indonesia/bahasa-inggris-38763194",
          "cpsUrn": "urn:bbc:content:assetUri:indonesia/bahasa-inggris-38763194",
          "curie": "http://www.bbc.co.uk/asset/53f9cbce-9d41-ad48-b433-6710ca000ca0",
          "assetId": "38763194"
        },
        "summary": "Ultrasound like this is how all premature babies are scanned - but it doesn't always reveal what's gone wrong.",
        "timestamp": 1485451203000,
        "language": "id",
        "passport": {
          "taggings": []
        },
        "media": {
          "id": "38763195",
          "subType": "primary",
          "format": "video",
          "externalId": "p04qw3sy",
          "entityType": "Clip",
          "caption": "Ultrasound",
          "type": "external_vpid"
        },
        "indexImage": {
          "id": "93829439",
          "subType": "index",
          "href": "http://c.files.bbci.co.uk/16D34/production/_93829439_p04qw4lw.jpg",
          "path": "/cpsprodpb/16D34/production/_93829439_p04qw4lw.jpg",
          "height": 549,
          "width": 976,
          "altText": "Ultrasound",
          "caption": "Ultrasound",
          "copyrightHolder": "Lingohack",
          "type": "image"
        },
        "id": "urn:bbc:ares::asset:indonesia/bahasa-inggris-38763194",
        "type": "cps"
      }
    }
  ]
}
