{
  "data": {
    "generated": "2023-06-19T14:55:20.215Z",
    "lastRecordTimeStamp": "2023-06-19T14:52:00Z",
    "firstRecordTimeStamp": "2023-06-19T14:37:00Z",
    "items": [
      {
        "id": "urn:bbc:optimo:asset:cml11ylwlzgo",
        "rank": 1,
        "title": "उत्तर प्रदेश: बलिया में पाँच दिनों में 68 मौतों की वजह क्या है, पता लगाने पहुंची सरकारी टीम",
        "href": "https://www.bbc.com/hindi/articles/cml11ylwlzgo",
        "timestamp": 1687180328451
      },
      {
        "id": "urn:bbc:optimo:asset:c2xkpxmpx67o",
        "rank": 2,
        "title": "पाकिस्तान में रूस का तेल क्या रास्ता बदलकर भारत से पहुँच रहा है? ",
        "href": "https://www.bbc.com/hindi/articles/c2xkpxmpx67o",
        "timestamp": 1687157031830
      },
      {
        "id": "urn:bbc:optimo:asset:cw4vvlx0mj3o",
        "rank": 3,
        "title": "गीता प्रेस को गांधी अवॉर्ड पर हंगामा क्यों, कैसे थे गांधी और प्रेस के बीच संबंध?",
        "href": "https://www.bbc.com/hindi/articles/cw4vvlx0mj3o",
        "timestamp": 1687175413829
      },
      {
        "id": "urn:bbc:optimo:asset:c3gmp3m11ejo",
        "rank": 4,
        "title": "ऑस्ट्रेलिया बड़ी संख्या में भारतीय क्यों जा रहे हैं?  ",
        "href": "https://www.bbc.com/hindi/articles/c3gmp3m11ejo",
        "timestamp": 1687163005247
      },
      {
        "id": "urn:bbc:optimo:asset:c519lk4gr6yo",
        "rank": 5,
        "title": "यूपीएससी परीक्षा की तैयारी के लिए दिल्ली क्यों आते हैं देश भर से छात्र?",
        "href": "https://www.bbc.com/hindi/articles/c519lk4gr6yo",
        "timestamp": 1687172913361
      },
      {
        "id": "urn:bbc:optimo:asset:clwd9ew307po",
        "rank": 6,
        "title": "बिहार सरकार ने कोर्ट की चेतावनी के बावजूद जेडीयू सांसद के बेटे को दिया 1600 करोड़ का ठेका- प्रेस रिव्यू ",
        "href": "https://www.bbc.com/hindi/articles/clwd9ew307po",
        "timestamp": 1687148666086
      },
      {
        "id": "urn:bbc:optimo:asset:ckdky4gjldpo",
        "rank": 7,
        "title": "आदिपुरुष फ़िल्म पर नेपाल में भी बवाल, काठमांडू में सभी भारतीय फ़िल्मों पर रोक",
        "href": "https://www.bbc.com/hindi/articles/ckdky4gjldpo",
        "timestamp": 1687141494610
      },
      {
        "id": "urn:bbc:optimo:asset:c28pme8d1eno",
        "rank": 8,
        "title": "उत्तर प्रदेश में 4 बाघ और एक तेंदुए की मौत का क्या है मामला? ",
        "href": "https://www.bbc.com/hindi/articles/c28pme8d1eno",
        "timestamp": 1687169740476
      },
      {
        "id": "eb56012c-9d92-4f8b-9a9f-a3faa70ae9fc",
        "rank": 9,
        "title": "BBC Hindi: बीते हफ़्ते की वो ख़बरें, जो शायद आप मिस कर गए",
        "href": "/hindi/india-65925226",
        "timestamp": 1686893972000
      },
      {
        "id": "urn:bbc:optimo:asset:cy970q8g27yo",
        "rank": 10,
        "title": "आदिपुरुष: विवाद, ट्रोलिंग और बैन की मांग के बीच दो दिन में कमाई 240 करोड़, क्या है वजह?",
        "href": "https://www.bbc.com/hindi/articles/cy970q8g27yo",
        "timestamp": 1687103834126
      },
      {
        "id": "urn:bbc:optimo:asset:cxe5lpgv4jeo",
        "rank": 11,
        "title": "फ़लस्तीनी युवाओं में क्यों बढ़ रही है अपने नेताओं से नाराज़गी? ",
        "href": "https://www.bbc.com/hindi/articles/cxe5lpgv4jeo",
        "timestamp": 1687150320282
      },
      {
        "id": "urn:bbc:optimo:asset:c729jjk9ekko",
        "rank": 12,
        "title": "महाराष्ट्र: सऊदी अरब-यूएई के सहयोग से बन रही रिफाइनरी का क्यों हो रहा है विरोध?",
        "href": "https://www.bbc.com/hindi/articles/c729jjk9ekko",
        "timestamp": 1687093007818
      },
      {
        "id": "urn:bbc:optimo:asset:cyxgqx53ledo",
        "rank": 13,
        "title": "प्रेग्नेंसी से जुड़े इन मिथकों पर आप भी तो यक़ीन नहीं करते!",
        "href": "https://www.bbc.com/hindi/articles/cyxgqx53ledo",
        "timestamp": 1687160760412
      },
      {
        "id": "cafbe666-5f5a-4a7d-9b57-f11c8861feb2",
        "rank": 14,
        "title": "जनरल शाबेग सिंह- जिन्होंने चीन और पाकिस्तान से लड़ाई की, और फिर भारत की सेना से लड़े",
        "href": "/hindi/india-61690701",
        "timestamp": 1654477269000
      },
      {
        "id": "urn:bbc:optimo:asset:cye7yx8zlrlo",
        "rank": 15,
        "title": "उत्तरकाशी: शिकायतकर्ता ने कहा, सामान्य अपराध को ‘लव जिहाद’ का मामला बना दिया गया - प्रेस रिव्यू",
        "href": "https://www.bbc.com/hindi/articles/cye7yx8zlrlo",
        "timestamp": 1687059684326
      },
      {
        "id": "urn:bbc:optimo:asset:ckdkyg7eld9o",
        "rank": 16,
        "title": "कश्मीर की हाउसबोट्स कहीं इतिहास बनकर ना रह जाएं",
        "href": "https://www.bbc.com/hindi/articles/ckdkyg7eld9o",
        "timestamp": 1687161195262
      },
      {
        "id": "8b1c93c3-df10-491a-b571-7c7f2fb3b2e4",
        "rank": 17,
        "title": "एल्टालेना: वो जहाज़ जिसके साथ डूबने की कगार पर पहुंच गया था नया देश इसराइल",
        "href": "/hindi/international-65944482",
        "timestamp": 1687095335000
      },
      {
        "id": "e7859d46-3530-483f-80b3-9c4b9ec329f2",
        "rank": 18,
        "title": "पॉडकास्ट",
        "href": "/hindi/institutional-61824775",
        "timestamp": 1683972071000
      },
      {
        "id": "urn:bbc:optimo:asset:czq8ngll347o",
        "rank": 19,
        "title": "जूनागढ़: दरगाह के सामने पिटाई का वीडियो वायरल, पुलिस ने क्या बताया",
        "href": "https://www.bbc.com/hindi/articles/czq8ngll347o",
        "timestamp": 1687070561543
      },
      {
        "id": "urn:bbc:optimo:asset:c6pv54g64q1o",
        "rank": 20,
        "title": "स्मिता पाटिल की 31 साल की उम्र में कैसे हुई थी मौत ",
        "href": "https://www.bbc.com/hindi/articles/c6pv54g64q1o",
        "timestamp": 1686711626781
      }
    ],
    "metadata": {
      "atiAnalytics": {
        "contentType": "list-datadriven",
        "pageIdentifier": "hindi.popular.read.page",
        "timePublished": "2023-06-19T14:37:00Z",
        "timeUpdated": "2023-06-19T14:52:00Z"
      }
    }
  }
}
