{
  "metadata": {
    "id": "urn:bbc:ares:ws_media:page:bbc_gahuza_radio/p094vs2n",
    "locators": { "pid": "p094vs2n", "brandPid": "p07yh8hb" },
    "type": "WSRADIO",
    "createdBy": "bbc_gahuza_radio",
    "language": "rw",
    "lastUpdated": 1612889570769,
    "firstPublished": 1611336969000,
    "lastPublished": 1611336969000,
    "timestamp": 1611336969000,
    "options": {},
    "analyticsLabels": {
      "pageTitle": "Baza Muganga - BBC News Gahuza",
      "pageIdentifier": "gahuza.bbc_gahuza_radio.p094vs2n.page",
      "producerId": "40",
      "contentType": "player-episode",
      "producer": "GAHUZA"
    },
    "tags": {},
    "version": "v1.3.11",
    "blockTypes": ["media"],
    "title": "Baza Muganga",
    "releaseDateTimeStamp": 1611273600000,
    "atiAnalytics": {}
  },
  "content": {
    "blocks": [
      {
        "id": "p094vs2n",
        "subType": "episode",
        "format": "Audio",
        "title": "",
        "synopses": { "short": "Baza Muganga 22/01/2021" },
        "imageUrl": "ichef.bbci.co.uk/images/ic/$recipe/p082wk67.jpg",
        "embedding": true,
        "advertising": false,
        "versions": [
          {
            "versionId": "p094vrh5",
            "types": ["Podcast"],
            "duration": 345,
            "durationISO8601": "PT5M45S",
            "warnings": {},
            "availableTerritories": {
              "uk": true,
              "nonUk": true,
              "world": false
            },
            "availableUntil": 1613928780000,
            "availableFrom": 1611336780000,
            "availabilityStatus": "available"
          }
        ],
        "availability": "available",
        "smpKind": "radioProgramme",
        "episodeTitle": "Baza Muganga 22/01/2021",
        "type": "media"
      }
    ]
  },
  "promo": {
    "headlines": { "headline": "Baza Muganga" },
    "locators": { "pid": "p094vs2n", "brandPid": "p07yh8hb" },
    "media": {
      "id": "p094vs2n",
      "subType": "episode",
      "format": "Audio",
      "title": "",
      "synopses": { "short": "Baza Muganga 22/01/2021" },
      "imageUrl": "ichef.bbci.co.uk/images/ic/$recipe/p082wk67.jpg",
      "embedding": true,
      "advertising": false,
      "versions": [
        {
          "versionId": "p094vrh5",
          "types": ["Podcast"],
          "duration": 345,
          "durationISO8601": "PT5M45S",
          "warnings": {},
          "availableTerritories": { "uk": true, "nonUk": true, "world": false },
          "availableUntil": 1613928780000,
          "availableFrom": 1611336780000,
          "availabilityStatus": "available"
        }
      ],
      "availability": "available",
      "smpKind": "radioProgramme",
      "episodeTitle": "Baza Muganga 22/01/2021",
      "type": "media"
    },
    "indexImage": {
      "id": "",
      "subType": "index",
      "href": "ichef.bbci.co.uk/images/ic/$recipe/p082wk67.jpg",
      "path": "ichef.bbci.co.uk/images/ic/$recipe/p082wk67.jpg",
      "height": 0,
      "width": 0,
      "altText": null,
      "copyrightHolder": null,
      "type": "image"
    },
    "releaseDateTimestamp": 1611273600000,
    "brand": { "pid": "p07yh8hb", "title": "Baza Muganga" },
    "id": "urn:bbc:ares:ws_media:page:bbc_gahuza_radio/p094vs2n",
    "type": "ws_radio"
  },
  "relatedContent": {
    "site": {
      "subType": "site",
      "name": "Gahuza",
      "uri": "/gahuza",
      "type": "simple"
    },
    "groups": [
      {
        "type": "other-episode",
        "promos": [
          {
            "headlines": { "headline": "Baza Muganga" },
            "locators": { "pid": "p096621h", "brandPid": "p07yh8hb" },
            "media": {
              "id": "p096621h",
              "subType": "episode",
              "format": "Audio",
              "title": "",
              "synopses": {
                "short": "Kurikira ikiganiro Bazamuganga kuri BBC Gahuzamiryango."
              },
              "imageUrl": "ichef.bbci.co.uk/images/ic/$recipe/p082wk67.jpg",
              "embedding": false,
              "advertising": false,
              "versions": [
                {
                  "versionId": "p09661q9",
                  "types": ["Podcast"],
                  "duration": 357,
                  "durationISO8601": "PT5M57S",
                  "warnings": {},
                  "availableTerritories": {
                    "uk": true,
                    "nonUk": true,
                    "world": false
                  },
                  "availableUntil": 1615140480000,
                  "availableFrom": 1612548480000,
                  "availabilityStatus": "available"
                }
              ],
              "availability": "available",
              "smpKind": "radioProgramme",
              "episodeTitle": "Ikiganiro cyo kuwa 05/02/2021",
              "type": "media"
            },
            "indexImage": {
              "id": "",
              "subType": "index",
              "href": "ichef.bbci.co.uk/images/ic/$recipe/p082wk67.jpg",
              "path": "ichef.bbci.co.uk/images/ic/$recipe/p082wk67.jpg",
              "height": 0,
              "width": 0,
              "altText": null,
              "copyrightHolder": null,
              "type": "image"
            },
            "releaseDateTimestamp": 1612483200000,
            "brand": { "pid": "p07yh8hb", "title": "Baza Muganga" },
            "id": "urn:bbc:ares:ws_media:page:bbc_gahuza_radio/p096621h",
            "type": "ws_radio"
          },
          {
            "headlines": { "headline": "Baza Muganga" },
            "locators": { "pid": "p095jtct", "brandPid": "p07yh8hb" },
            "media": {
              "id": "p095jtct",
              "subType": "episode",
              "format": "Audio",
              "title": "",
              "synopses": { "short": "Baza muganga kuri BBC gahuzamiryango" },
              "imageUrl": "ichef.bbci.co.uk/images/ic/$recipe/p082wk67.jpg",
              "embedding": false,
              "advertising": false,
              "versions": [
                {
                  "versionId": "p095jt1q",
                  "types": ["Podcast"],
                  "duration": 345,
                  "durationISO8601": "PT5M45S",
                  "warnings": {},
                  "availableTerritories": {
                    "uk": true,
                    "nonUk": true,
                    "world": false
                  },
                  "availableUntil": 1614533280000,
                  "availableFrom": 1611941280000,
                  "availabilityStatus": "available"
                }
              ],
              "availability": "available",
              "smpKind": "radioProgramme",
              "episodeTitle": "Baza muganga 29/01/2021",
              "type": "media"
            },
            "indexImage": {
              "id": "",
              "subType": "index",
              "href": "ichef.bbci.co.uk/images/ic/$recipe/p082wk67.jpg",
              "path": "ichef.bbci.co.uk/images/ic/$recipe/p082wk67.jpg",
              "height": 0,
              "width": 0,
              "altText": null,
              "copyrightHolder": null,
              "type": "image"
            },
            "releaseDateTimestamp": 1611878400000,
            "brand": { "pid": "p07yh8hb", "title": "Baza Muganga" },
            "id": "urn:bbc:ares:ws_media:page:bbc_gahuza_radio/p095jtct",
            "type": "ws_radio"
          },
          {
            "headlines": { "headline": "Baza Muganga" },
            "locators": { "pid": "p0944r77", "brandPid": "p07yh8hb" },
            "media": {
              "id": "p0944r77",
              "subType": "episode",
              "format": "Audio",
              "title": "",
              "synopses": {
                "short": "Ikiganiro ku guca imvyaro ku bagore kandi igihe kitaragera"
              },
              "imageUrl": "ichef.bbci.co.uk/images/ic/$recipe/p082wk67.jpg",
              "embedding": false,
              "advertising": false,
              "versions": [
                {
                  "versionId": "p0944qzd",
                  "types": ["Podcast"],
                  "duration": 370,
                  "durationISO8601": "PT6M10S",
                  "warnings": {},
                  "availableTerritories": {
                    "uk": true,
                    "nonUk": true,
                    "world": false
                  },
                  "availableUntil": 1613323380000,
                  "availableFrom": 1610731380000,
                  "availabilityStatus": "available"
                }
              ],
              "availability": "available",
              "smpKind": "radioProgramme",
              "episodeTitle": "Ikiganiro Bazamuganga co kuri uno wa gatanu itariki 15/01/2021",
              "type": "media"
            },
            "indexImage": {
              "id": "",
              "subType": "index",
              "href": "ichef.bbci.co.uk/images/ic/$recipe/p082wk67.jpg",
              "path": "ichef.bbci.co.uk/images/ic/$recipe/p082wk67.jpg",
              "height": 0,
              "width": 0,
              "altText": null,
              "copyrightHolder": null,
              "type": "image"
            },
            "releaseDateTimestamp": 1610668800000,
            "brand": { "pid": "p07yh8hb", "title": "Baza Muganga" },
            "id": "urn:bbc:ares:ws_media:page:bbc_gahuza_radio/p0944r77",
            "type": "ws_radio"
          },
          {
            "headlines": { "headline": "Baza Muganga" },
            "locators": { "pid": "p07yh9qm", "brandPid": "p07yh8hb" },
            "media": {
              "id": "p07yh9qm",
              "subType": "episode",
              "format": "Audio",
              "title": "",
              "synopses": {
                "short": "Ikiganiro Baza Muganga gitegurwa na BBC Gahuzamiryango."
              },
              "imageUrl": "ichef.bbci.co.uk/images/ic/$recipe/p082wk67.jpg",
              "embedding": false,
              "advertising": false,
              "versions": [
                {
                  "versionId": "p07yh6z4",
                  "types": ["Podcast"],
                  "duration": 8,
                  "durationISO8601": "PT8S",
                  "warnings": {},
                  "availableTerritories": {
                    "uk": true,
                    "nonUk": true,
                    "world": false
                  },
                  "availableFrom": 1576840260000,
                  "availabilityStatus": "available"
                }
              ],
              "availability": "available",
              "smpKind": "radioProgramme",
              "episodeTitle": "Welcome to Baza Muganga",
              "type": "media"
            },
            "indexImage": {
              "id": "",
              "subType": "index",
              "href": "ichef.bbci.co.uk/images/ic/$recipe/p082wk67.jpg",
              "path": "ichef.bbci.co.uk/images/ic/$recipe/p082wk67.jpg",
              "height": 0,
              "width": 0,
              "altText": null,
              "copyrightHolder": null,
              "type": "image"
            },
            "releaseDateTimestamp": 1576800000000,
            "brand": { "pid": "p07yh8hb", "title": "Baza Muganga" },
            "id": "urn:bbc:ares:ws_media:page:bbc_gahuza_radio/p07yh9qm",
            "type": "ws_radio"
          }
        ]
      }
    ]
  }
}
