{
  "metadata": {
    "id": "urn:bbc:ares:ws_media:page:bbc_afrique_radio/w172xqydyfv659p",
    "locators": { "pid": "w172xqydyfv659p", "brandPid": "p030s6g6" },
    "type": "WSRADIO",
    "createdBy": "bbc_afrique_radio",
    "language": "fr",
    "lastUpdated": 1608028470702,
    "firstPublished": 1603707736000,
    "lastPublished": 1603707736000,
    "timestamp": 1603707736000,
    "options": {},
    "analyticsLabels": {
      "pageTitle": "A Vous L'antenne - BBC News Afrique",
      "pageIdentifier": "afrique.bbc_afrique_radio.w172xqydyfv659p.page",
      "producerId": "3",
      "contentType": "player-episode",
      "producer": "AFRIQUE"
    },
    "tags": {},
    "version": "v1.3.11",
    "blockTypes": ["media"],
    "title": "A Vous L'antenne",
    "releaseDateTimeStamp": 1606089600000,
    "atiAnalytics": {}
  },
  "content": {
    "blocks": [
      {
        "id": "w172xqydyfv659p",
        "subType": "episode",
        "format": "Audio",
        "title": "23/11/2020 GMT",
        "synopses": {
          "short": "Du lundi au vendredi les auditeurs réagissent à chaud sur les sujets qui rythment l'actualité ",
          "medium": "Du lundi au vendredi les auditeurs réagissent à chaud sur les sujets qui rythment l'actualité "
        },
        "imageUrl": "ichef.bbci.co.uk/images/ic/$recipe/p08b22y1.png",
        "embedding": false,
        "advertising": false,
        "versions": [
          {
            "versionId": "w1mshy5trq4z4yb",
            "types": ["Original"],
            "duration": 600,
            "durationISO8601": "PT10M",
            "warnings": {},
            "availableTerritories": {
              "uk": false,
              "nonUk": false,
              "world": true
            },
            "availableUntil": 1608726600000,
            "availableFrom": 1606134600000,
            "availabilityStatus": "available"
          }
        ],
        "availability": "available",
        "smpKind": "radioProgramme",
        "type": "media"
      }
    ]
  },
  "promo": {
    "headlines": { "headline": "A Vous L'antenne" },
    "locators": { "pid": "w172xqydyfv659p", "brandPid": "p030s6g6" },
    "media": {
      "id": "w172xqydyfv659p",
      "subType": "episode",
      "format": "Audio",
      "title": "23/11/2020 GMT",
      "synopses": {
        "short": "Du lundi au vendredi les auditeurs réagissent à chaud sur les sujets qui rythment l'actualité ",
        "medium": "Du lundi au vendredi les auditeurs réagissent à chaud sur les sujets qui rythment l'actualité "
      },
      "imageUrl": "ichef.bbci.co.uk/images/ic/$recipe/p08b22y1.png",
      "embedding": false,
      "advertising": false,
      "versions": [
        {
          "versionId": "w1mshy5trq4z4yb",
          "types": ["Original"],
          "duration": 600,
          "durationISO8601": "PT10M",
          "warnings": {},
          "availableTerritories": {
            "uk": false,
            "nonUk": false,
            "world": true
          },
          "availableUntil": 1608726600000,
          "availableFrom": 1606134600000,
          "availabilityStatus": "available"
        }
      ],
      "availability": "available",
      "smpKind": "radioProgramme",
      "type": "media"
    },
    "indexImage": {
      "id": "",
      "subType": "index",
      "href": "ichef.bbci.co.uk/images/ic/$recipe/p08b22y1.png",
      "path": "ichef.bbci.co.uk/images/ic/$recipe/p08b22y1.png",
      "height": 0,
      "width": 0,
      "altText": null,
      "copyrightHolder": null,
      "type": "image"
    },
    "releaseDateTimestamp": 1606089600000,
    "brand": { "pid": "p030s6g6", "title": "A Vous L'antenne" },
    "id": "urn:bbc:ares:ws_media:page:bbc_afrique_radio/w172xqydyfv659p",
    "type": "ws_radio"
  },
  "relatedContent": {
    "site": {
      "subType": "site",
      "name": "Afrique",
      "uri": "/afrique",
      "type": "simple"
    },
    "groups": [
      {
        "type": "other-episode",
        "promos": [
          {
            "headlines": { "headline": "A Vous L'antenne" },
            "locators": { "pid": "w172xqyg17slwzz", "brandPid": "p030s6g6" },
            "media": {
              "id": "w172xqyg17slwzz",
              "subType": "episode",
              "format": "Audio",
              "title": "15/12/2020 GMT",
              "synopses": {
                "short": "Du lundi au vendredi les auditeurs réagissent à chaud sur les sujets qui rythment l'actualité ",
                "medium": "Du lundi au vendredi les auditeurs réagissent à chaud sur les sujets qui rythment l'actualité "
              },
              "imageUrl": "ichef.bbci.co.uk/images/ic/$recipe/p08b22y1.png",
              "embedding": false,
              "advertising": false,
              "versions": [
                {
                  "versionId": "w1mshy5vvj3cwmm",
                  "types": ["Original"],
                  "duration": 600,
                  "durationISO8601": "PT10M",
                  "warnings": {},
                  "availableTerritories": {
                    "uk": false,
                    "nonUk": false,
                    "world": true
                  },
                  "availableUntil": 1610609100000,
                  "availableFrom": 1608017100000,
                  "availabilityStatus": "available"
                }
              ],
              "availability": "available",
              "smpKind": "radioProgramme",
              "type": "media"
            },
            "indexImage": {
              "id": "",
              "subType": "index",
              "href": "ichef.bbci.co.uk/images/ic/$recipe/p08b22y1.png",
              "path": "ichef.bbci.co.uk/images/ic/$recipe/p08b22y1.png",
              "height": 0,
              "width": 0,
              "altText": null,
              "copyrightHolder": null,
              "type": "image"
            },
            "releaseDateTimestamp": 1607990400000,
            "brand": { "pid": "p030s6g6", "title": "A Vous L'antenne" },
            "id": "urn:bbc:ares:ws_media:page:bbc_afrique_radio/w172xqyg17slwzz",
            "type": "ws_radio"
          },
          {
            "headlines": { "headline": "A Vous L'antenne" },
            "locators": { "pid": "w172xqy19wh866y", "brandPid": "p030s6g6" },
            "media": {
              "id": "w172xqy19wh866y",
              "subType": "episode",
              "format": "Audio",
              "title": "15/12/2020 GMT",
              "synopses": {
                "short": "Du lundi au vendredi les auditeurs réagissent à chaud sur les sujets qui rythment l'actualité ",
                "medium": "Du lundi au vendredi les auditeurs réagissent à chaud sur les sujets qui rythment l'actualité "
              },
              "imageUrl": "ichef.bbci.co.uk/images/ic/$recipe/p08b22y1.png",
              "embedding": false,
              "advertising": false,
              "versions": [
                {
                  "versionId": "w1mshy5g44t15vl",
                  "types": ["Original"],
                  "duration": 570,
                  "durationISO8601": "PT9M30S",
                  "warnings": {},
                  "availableTerritories": {
                    "uk": false,
                    "nonUk": false,
                    "world": true
                  },
                  "availableUntil": 1610607600000,
                  "availableFrom": 1608015600000,
                  "availabilityStatus": "available"
                }
              ],
              "availability": "available",
              "smpKind": "radioProgramme",
              "type": "media"
            },
            "indexImage": {
              "id": "",
              "subType": "index",
              "href": "ichef.bbci.co.uk/images/ic/$recipe/p08b22y1.png",
              "path": "ichef.bbci.co.uk/images/ic/$recipe/p08b22y1.png",
              "height": 0,
              "width": 0,
              "altText": null,
              "copyrightHolder": null,
              "type": "image"
            },
            "releaseDateTimestamp": 1607990400000,
            "brand": { "pid": "p030s6g6", "title": "A Vous L'antenne" },
            "id": "urn:bbc:ares:ws_media:page:bbc_afrique_radio/w172xqy19wh866y",
            "type": "ws_radio"
          },
          {
            "headlines": { "headline": "A Vous L'antenne" },
            "locators": { "pid": "w172xqy19wh84bw", "brandPid": "p030s6g6" },
            "media": {
              "id": "w172xqy19wh84bw",
              "subType": "episode",
              "format": "Audio",
              "title": "15/12/2020 GMT",
              "synopses": {
                "short": "Du lundi au vendredi les auditeurs réagissent à chaud sur les sujets qui rythment l'actualité ",
                "medium": "Du lundi au vendredi les auditeurs réagissent à chaud sur les sujets qui rythment l'actualité "
              },
              "imageUrl": "ichef.bbci.co.uk/images/ic/$recipe/p08b22y1.png",
              "embedding": false,
              "advertising": false,
              "versions": [
                {
                  "versionId": "w1mshy5g44t13zj",
                  "types": ["Original"],
                  "duration": 570,
                  "durationISO8601": "PT9M30S",
                  "warnings": {},
                  "availableTerritories": {
                    "uk": false,
                    "nonUk": false,
                    "world": true
                  },
                  "availableUntil": 1610605800000,
                  "availableFrom": 1608013800000,
                  "availabilityStatus": "available"
                }
              ],
              "availability": "available",
              "smpKind": "radioProgramme",
              "type": "media"
            },
            "indexImage": {
              "id": "",
              "subType": "index",
              "href": "ichef.bbci.co.uk/images/ic/$recipe/p08b22y1.png",
              "path": "ichef.bbci.co.uk/images/ic/$recipe/p08b22y1.png",
              "height": 0,
              "width": 0,
              "altText": null,
              "copyrightHolder": null,
              "type": "image"
            },
            "releaseDateTimestamp": 1607990400000,
            "brand": { "pid": "p030s6g6", "title": "A Vous L'antenne" },
            "id": "urn:bbc:ares:ws_media:page:bbc_afrique_radio/w172xqy19wh84bw",
            "type": "ws_radio"
          },
          {
            "headlines": { "headline": "A Vous L'antenne" },
            "locators": { "pid": "w172xqy19wh82gt", "brandPid": "p030s6g6" },
            "media": {
              "id": "w172xqy19wh82gt",
              "subType": "episode",
              "format": "Audio",
              "title": "15/12/2020 GMT",
              "synopses": {
                "short": "Du lundi au vendredi les auditeurs réagissent à chaud sur les sujets qui rythment l'actualité ",
                "medium": "Du lundi au vendredi les auditeurs réagissent à chaud sur les sujets qui rythment l'actualité "
              },
              "imageUrl": "ichef.bbci.co.uk/images/ic/$recipe/p08b22y1.png",
              "embedding": false,
              "advertising": false,
              "versions": [
                {
                  "versionId": "w1mshy5g44t123g",
                  "types": ["Original"],
                  "duration": 570,
                  "durationISO8601": "PT9M30S",
                  "warnings": {},
                  "availableTerritories": {
                    "uk": false,
                    "nonUk": false,
                    "world": true
                  },
                  "availableUntil": 1610604000000,
                  "availableFrom": 1608012000000,
                  "availabilityStatus": "available"
                }
              ],
              "availability": "available",
              "smpKind": "radioProgramme",
              "type": "media"
            },
            "indexImage": {
              "id": "",
              "subType": "index",
              "href": "ichef.bbci.co.uk/images/ic/$recipe/p08b22y1.png",
              "path": "ichef.bbci.co.uk/images/ic/$recipe/p08b22y1.png",
              "height": 0,
              "width": 0,
              "altText": null,
              "copyrightHolder": null,
              "type": "image"
            },
            "releaseDateTimestamp": 1607990400000,
            "brand": { "pid": "p030s6g6", "title": "A Vous L'antenne" },
            "id": "urn:bbc:ares:ws_media:page:bbc_afrique_radio/w172xqy19wh82gt",
            "type": "ws_radio"
          },
          {
            "headlines": { "headline": "A Vous L'antenne" },
            "locators": { "pid": "w172xqy19wh80lr", "brandPid": "p030s6g6" },
            "media": {
              "id": "w172xqy19wh80lr",
              "subType": "episode",
              "format": "Audio",
              "title": "15/12/2020 GMT",
              "synopses": {
                "short": "Du lundi au vendredi les auditeurs réagissent à chaud sur les sujets qui rythment l'actualité ",
                "medium": "Du lundi au vendredi les auditeurs réagissent à chaud sur les sujets qui rythment l'actualité "
              },
              "imageUrl": "ichef.bbci.co.uk/images/ic/$recipe/p08b22y1.png",
              "embedding": false,
              "advertising": false,
              "versions": [
                {
                  "versionId": "w1mshy5g44t107d",
                  "types": ["Original"],
                  "duration": 570,
                  "durationISO8601": "PT9M30S",
                  "warnings": {},
                  "availableTerritories": {
                    "uk": false,
                    "nonUk": false,
                    "world": true
                  },
                  "availableUntil": 1610602200000,
                  "availableFrom": 1608010200000,
                  "availabilityStatus": "available"
                }
              ],
              "availability": "available",
              "smpKind": "radioProgramme",
              "type": "media"
            },
            "indexImage": {
              "id": "",
              "subType": "index",
              "href": "ichef.bbci.co.uk/images/ic/$recipe/p08b22y1.png",
              "path": "ichef.bbci.co.uk/images/ic/$recipe/p08b22y1.png",
              "height": 0,
              "width": 0,
              "altText": null,
              "copyrightHolder": null,
              "type": "image"
            },
            "releaseDateTimestamp": 1607990400000,
            "brand": { "pid": "p030s6g6", "title": "A Vous L'antenne" },
            "id": "urn:bbc:ares:ws_media:page:bbc_afrique_radio/w172xqy19wh80lr",
            "type": "ws_radio"
          },
          {
            "headlines": { "headline": "A Vous L'antenne" },
            "locators": { "pid": "w172xqyg17sjm46", "brandPid": "p030s6g6" },
            "media": {
              "id": "w172xqyg17sjm46",
              "subType": "episode",
              "format": "Audio",
              "title": "14/12/2020 GMT",
              "synopses": {
                "short": "Du lundi au vendredi les auditeurs réagissent à chaud sur les sujets qui rythment l'actualité ",
                "medium": "Du lundi au vendredi les auditeurs réagissent à chaud sur les sujets qui rythment l'actualité "
              },
              "imageUrl": "ichef.bbci.co.uk/images/ic/$recipe/p08b22y1.png",
              "embedding": false,
              "advertising": false,
              "versions": [
                {
                  "versionId": "w1mshy5vvj39lrv",
                  "types": ["Original"],
                  "duration": 600,
                  "durationISO8601": "PT10M",
                  "warnings": {},
                  "availableTerritories": {
                    "uk": false,
                    "nonUk": false,
                    "world": true
                  },
                  "availableUntil": 1610541000000,
                  "availableFrom": 1607949000000,
                  "availabilityStatus": "available"
                }
              ],
              "availability": "available",
              "smpKind": "radioProgramme",
              "type": "media"
            },
            "indexImage": {
              "id": "",
              "subType": "index",
              "href": "ichef.bbci.co.uk/images/ic/$recipe/p08b22y1.png",
              "path": "ichef.bbci.co.uk/images/ic/$recipe/p08b22y1.png",
              "height": 0,
              "width": 0,
              "altText": null,
              "copyrightHolder": null,
              "type": "image"
            },
            "releaseDateTimestamp": 1607904000000,
            "brand": { "pid": "p030s6g6", "title": "A Vous L'antenne" },
            "id": "urn:bbc:ares:ws_media:page:bbc_afrique_radio/w172xqyg17sjm46",
            "type": "ws_radio"
          },
          {
            "headlines": { "headline": "A Vous L'antenne" },
            "locators": { "pid": "w172xqyg17sj02w", "brandPid": "p030s6g6" },
            "media": {
              "id": "w172xqyg17sj02w",
              "subType": "episode",
              "format": "Audio",
              "title": "14/12/2020 GMT",
              "synopses": {
                "short": "Du lundi au vendredi les auditeurs réagissent à chaud sur les sujets qui rythment l'actualité ",
                "medium": "Du lundi au vendredi les auditeurs réagissent à chaud sur les sujets qui rythment l'actualité "
              },
              "imageUrl": "ichef.bbci.co.uk/images/ic/$recipe/p08b22y1.png",
              "embedding": false,
              "advertising": false,
              "versions": [
                {
                  "versionId": "w1mshy5vvj38zqj",
                  "types": ["Original"],
                  "duration": 600,
                  "durationISO8601": "PT10M",
                  "warnings": {},
                  "availableTerritories": {
                    "uk": false,
                    "nonUk": false,
                    "world": true
                  },
                  "availableUntil": 1610522700000,
                  "availableFrom": 1607930700000,
                  "availabilityStatus": "available"
                }
              ],
              "availability": "available",
              "smpKind": "radioProgramme",
              "type": "media"
            },
            "indexImage": {
              "id": "",
              "subType": "index",
              "href": "ichef.bbci.co.uk/images/ic/$recipe/p08b22y1.png",
              "path": "ichef.bbci.co.uk/images/ic/$recipe/p08b22y1.png",
              "height": 0,
              "width": 0,
              "altText": null,
              "copyrightHolder": null,
              "type": "image"
            },
            "releaseDateTimestamp": 1607904000000,
            "brand": { "pid": "p030s6g6", "title": "A Vous L'antenne" },
            "id": "urn:bbc:ares:ws_media:page:bbc_afrique_radio/w172xqyg17sj02w",
            "type": "ws_radio"
          },
          {
            "headlines": { "headline": "A Vous L'antenne" },
            "locators": { "pid": "w172xqy19wh599v", "brandPid": "p030s6g6" },
            "media": {
              "id": "w172xqy19wh599v",
              "subType": "episode",
              "format": "Audio",
              "title": "14/12/2020 GMT",
              "synopses": {
                "short": "Du lundi au vendredi les auditeurs réagissent à chaud sur les sujets qui rythment l'actualité ",
                "medium": "Du lundi au vendredi les auditeurs réagissent à chaud sur les sujets qui rythment l'actualité "
              },
              "imageUrl": "ichef.bbci.co.uk/images/ic/$recipe/p08b22y1.png",
              "embedding": false,
              "advertising": false,
              "versions": [
                {
                  "versionId": "w1mshy5g44sy8yh",
                  "types": ["Original"],
                  "duration": 570,
                  "durationISO8601": "PT9M30S",
                  "warnings": {},
                  "availableTerritories": {
                    "uk": false,
                    "nonUk": false,
                    "world": true
                  },
                  "availableUntil": 1610521200000,
                  "availableFrom": 1607929200000,
                  "availabilityStatus": "available"
                }
              ],
              "availability": "available",
              "smpKind": "radioProgramme",
              "type": "media"
            },
            "indexImage": {
              "id": "",
              "subType": "index",
              "href": "ichef.bbci.co.uk/images/ic/$recipe/p08b22y1.png",
              "path": "ichef.bbci.co.uk/images/ic/$recipe/p08b22y1.png",
              "height": 0,
              "width": 0,
              "altText": null,
              "copyrightHolder": null,
              "type": "image"
            },
            "releaseDateTimestamp": 1607904000000,
            "brand": { "pid": "p030s6g6", "title": "A Vous L'antenne" },
            "id": "urn:bbc:ares:ws_media:page:bbc_afrique_radio/w172xqy19wh599v",
            "type": "ws_radio"
          }
        ]
      }
    ]
  }
}
