{
  "data": {
    "generated": "2023-06-19T14:54:27.374Z",
    "lastRecordTimeStamp": "2023-06-19T14:52:00Z",
    "firstRecordTimeStamp": "2023-06-19T12:52:00Z",
    "items": [
      {
        "id": "urn:bbc:optimo:asset:cxe53g1d43mo",
        "rank": 1,
        "title": "शंभरहून अधिक तरूणींचं लैंगिक शोषण, व्हीडिओ रेकॉर्डिंग करणाऱ्याला जन्मठेप; काय आहे प्रकरण?  ",
        "href": "https://www.bbc.com/marathi/articles/cxe53g1d43mo",
        "timestamp": 1686816939760
      },
      {
        "id": "urn:bbc:optimo:asset:cjejjdryq52o",
        "rank": 2,
        "title": "मेसालिना : सलग 25 तास सेक्स करून वेश्यांशीही स्पर्धा जिंकणारी रोमन सम्राज्ञी ",
        "href": "https://www.bbc.com/marathi/articles/cjejjdryq52o",
        "timestamp": 1687176950307
      },
      {
        "id": "cdacbee2-50cf-4913-afd5-e8fdc4ffaa1b",
        "rank": 3,
        "title": "‘ती आई आजारी पडली, मुलांनी भीक मागून आईला जिवंत ठेवलं, पण शेवटी आईसह 2 मुलांनीही प्राण सोडले’",
        "href": "/marathi/international-65947210",
        "timestamp": 1687156638000
      },
      {
        "id": "urn:bbc:optimo:asset:c4n4z83ygxvo",
        "rank": 4,
        "title": "मुंबई मेट्रो 3 : मुंबईच्या 75 फूट खालून धावणारी मेट्रो कशी असणार? वाचा 7 प्रश्नांची 7 उत्तरे",
        "href": "https://www.bbc.com/marathi/articles/c4n4z83ygxvo",
        "timestamp": 1687163555209
      },
      {
        "id": "urn:bbc:optimo:asset:cg3x5zqz1ero",
        "rank": 5,
        "title": "शिवसेना वर्धापन दिन : उद्धव ठाकरेंना पक्षाची पुनर्बांधणी करण्यात किती यश आलंय? ",
        "href": "https://www.bbc.com/marathi/articles/cg3x5zqz1ero",
        "timestamp": 1687145343736
      },
      {
        "id": "urn:bbc:optimo:asset:cjej0e7rlwxo",
        "rank": 6,
        "title": "सिकलसेल अ‍ॅनिमिया : ‘ना जगू देतो ना मरू देतो असा जीवघेणा आजार’",
        "href": "https://www.bbc.com/marathi/articles/cjej0e7rlwxo",
        "timestamp": 1687161396442
      },
      {
        "id": "urn:bbc:optimo:asset:c51223xlxz6o",
        "rank": 7,
        "title": "क्रिप्टोकरन्सी : 100 कोटींच्या फसवणुकीची तक्रार, 8 हजार लोकांना फटका",
        "href": "https://www.bbc.com/marathi/articles/c51223xlxz6o",
        "timestamp": 1687171995466
      },
      {
        "id": "urn:bbc:optimo:asset:c4nvdzz57pno",
        "rank": 8,
        "title": "केळी खाण्याचे 5 फायदे",
        "href": "https://www.bbc.com/marathi/articles/c4nvdzz57pno",
        "timestamp": 1686659772590
      },
      {
        "id": "urn:bbc:optimo:asset:c519k1z3649o",
        "rank": 9,
        "title": "आदिपुरुषमधले सं'वाद' लिहिणाऱ्या मनोज मुंतशीर यांची 'कथा'",
        "href": "https://www.bbc.com/marathi/articles/c519k1z3649o",
        "timestamp": 1687048684863
      },
      {
        "id": "urn:bbc:optimo:asset:c873v4dnvego",
        "rank": 10,
        "title": "आदिपुरुषचा खेळ नालासोपाऱ्यात हिंदू संघटनेने पाडला बंद ",
        "href": "https://www.bbc.com/marathi/articles/c873v4dnvego",
        "timestamp": 1687161660036
      },
      {
        "id": "urn:bbc:optimo:asset:cd1x75d2vnzo",
        "rank": 11,
        "title": "10 वीच्या विद्यार्थ्याला पेट्रोल टाकून जाळलं, मृत्यूआधी म्हणाला, 'त्यांना सोडू नका'",
        "href": "https://www.bbc.com/marathi/articles/cd1x75d2vnzo",
        "timestamp": 1687064074445
      },
      {
        "id": "urn:bbc:optimo:asset:ckmldpn1yj5o",
        "rank": 12,
        "title": "पेरणीसाठी जमिनीत किती ओल असली पाहिजे? पेरणीसाठी सर्वांत योग्य वेळ कोणती?",
        "href": "https://www.bbc.com/marathi/articles/ckmldpn1yj5o",
        "timestamp": 1686927657506
      },
      {
        "id": "urn:bbc:optimo:asset:cnd9rp7l0w3o",
        "rank": 13,
        "title": "पंजाब डख : हवामान अंदाजासाठी चर्चेत असणारी व्यक्ती, पण त्यांचे अंदाज किती खरे?",
        "href": "https://www.bbc.com/marathi/articles/cnd9rp7l0w3o",
        "timestamp": 1686979677684
      },
      {
        "id": "c25a18f0-d764-423a-b4bf-3dbac555f797",
        "rank": 14,
        "title": "RBI सॉव्हरिन गोल्ड बाँड योजना आजपासून सुरू; वाचा, योजनेबाबत 7 प्रश्नांची 7 उत्तरे",
        "href": "/marathi/india-53307789",
        "timestamp": 1687178731000
      },
      {
        "id": "90b8524d-515a-4c43-bd06-0873627a1bb7",
        "rank": 15,
        "title": "पृथ्वीवर तयार झालेली पहिली जमीन, इथेच जन्मला जगातला पहिला जीव",
        "href": "/marathi/international-60161612",
        "timestamp": 1643369429000
      },
      {
        "id": "29ddffc9-ef3e-4992-baad-7caea231e295",
        "rank": 16,
        "title": "गीता प्रेस गोरखपूर: पुस्तकांच्या माध्यमातून 'मानवतेची सेवा' की 'हिंदू भारता'साठी प्रयत्न?",
        "href": "/marathi/india-60454142",
        "timestamp": 1687174433000
      },
      {
        "id": "271c0b81-7943-124d-a384-151194cea8ad",
        "rank": 17,
        "title": "समान नागरी कायदा म्हणजे काय? तो लागू केल्यानंतर काय होईल?",
        "href": "/marathi/india-49327477",
        "timestamp": 1678803189000
      },
      {
        "id": "urn:bbc:optimo:asset:c51d4jv308lo",
        "rank": 18,
        "title": "ग्रेट ग्रीन वॉल : वाळवंटीकरण रोखणारी झाडांची भिंत भारतातही यशस्वी ठरेल का?",
        "href": "https://www.bbc.com/marathi/articles/c51d4jv308lo",
        "timestamp": 1686883470131
      },
      {
        "id": "urn:bbc:optimo:asset:c72vw26wg0yo",
        "rank": 19,
        "title": "आषाढी एकादशी 2023 : पालखीचं वेळापत्रक जाणून घ्या एका क्लिकवर ",
        "href": "https://www.bbc.com/marathi/articles/c72vw26wg0yo",
        "timestamp": 1685976808316
      },
      {
        "id": "98ff06ed-01ba-4d32-bc22-8da4bb25c10c",
        "rank": 20,
        "title": "महादेव सरोदे : एकेकाळी शेतमजुरी करणारा शेतकरी असा झाला करोडपती",
        "href": "/marathi/india-60288627",
        "timestamp": 1644283968000
      }
    ],
    "metadata": {
      "atiAnalytics": {
        "contentType": "list-datadriven",
        "pageIdentifier": "marathi.popular.read.page",
        "timePublished": "2023-06-19T12:52:00Z",
        "timeUpdated": "2023-06-19T14:52:00Z"
      }
    }
  }
}
