{
  "data": {
    "generated": "2023-06-19T14:52:25.866Z",
    "lastRecordTimeStamp": "2023-06-19T14:49:00Z",
    "firstRecordTimeStamp": "2023-06-19T14:19:00Z",
    "items": [
      {
        "id": "urn:bbc:optimo:asset:cxrgd39v31lo",
        "rank": 1,
        "title": "ဇွန် ၁၉ ရက်၊ ထိပ်တန်းသတင်းများ- ရန်ကုန် ကမာရွတ်က  ပန်းပန်သူ၊ ပန်းကိုင်ထားသူအမျိုးသမီး အချို့ဖမ်းဆီးခံရတယ်လို့ မြို့ခံတွေပြော ",
        "href": "https://www.bbc.com/burmese/articles/cxrgd39v31lo",
        "timestamp": 1687172333681
      },
      {
        "id": "urn:bbc:optimo:asset:c19pp7w2wmjo",
        "rank": 2,
        "title": " \"စစ်တပ်က ဒီစစ်ပွဲကို ဘယ်တော့မှ နိုင်မှာ မဟုတ်ပါဘူး။ အချိန် ဘယ်လောက်ဆက်ကြာမလဲဆိုတာပဲ ရှိပါတယ်\" - ဒေါ်အောင်ဆန်းစုကြည်ရဲ့သားငယ် ကင်မ် အဲရစ် (ခ) ကိုထိန်လင်း ",
        "href": "https://www.bbc.com/burmese/articles/c19pp7w2wmjo",
        "timestamp": 1687180689224
      },
      {
        "id": "urn:bbc:optimo:asset:cj7r18dy71go",
        "rank": 3,
        "title": "ဇွန်လ ၁၇ ရက် ဘီဘီစီထိပ်တန်းရောက်သတင်းစုစည်းချက် - ထိုင်း-မြန်မာနယ်စပ်မှာ လက်နက်ကိုင်အဖွဲ့ဆီကနေ ဘိန်းကီလို ၈၀ ကျော် သိမ်းဆည်းရမိ ",
        "href": "https://www.bbc.com/burmese/articles/cj7r18dy71go",
        "timestamp": 1686998457150
      },
      {
        "id": "urn:bbc:optimo:asset:cqqkzn4lx5ro",
        "rank": 4,
        "title": "မွေးနေ့ရှင် ‘‘စု’’ ရဲ့ ခရီးတိုတစ်ခု",
        "href": "https://www.bbc.com/burmese/articles/cqqkzn4lx5ro",
        "timestamp": 1687066886964
      },
      {
        "id": "urn:bbc:optimo:asset:czkn8r9d1y3o",
        "rank": 5,
        "title": "\"တည်ငြိမ်အေးချမ်းတဲ့တိုင်းပြည်တစ်ခုဖြစ်ဖို့အတွက် ပထမဆုံးခြေလှမ်းက  ကျွန်တော့်မေမေကို လွှတ်ပေးဖို့ ဆိုတာ  စစ်တပ်က သိရှိနားလည်သဘောပေါက်သင့်တယ်\" ",
        "href": "https://www.bbc.com/burmese/articles/czkn8r9d1y3o",
        "timestamp": 1686898680582
      },
      {
        "id": "urn:bbc:optimo:asset:cyxgq0rxvq7o",
        "rank": 6,
        "title": "‘အောင်ဆန်းစုကြည်၊ နိုင်ငံရေးသမား၊ အကျဉ်းသား၊ မိခင်’ ",
        "href": "https://www.bbc.com/burmese/articles/cyxgq0rxvq7o",
        "timestamp": 1687095312294
      },
      {
        "id": "3b46e5f6-9a4b-4f24-8b3b-a87730e051d4",
        "rank": 7,
        "title": "မြောက်ကိုရီးယားမှာ စားနပ် ရိက္ခာ ပြတ်လပ်နေ - \"ကျွန်တော်တို့ သေမယ့်အချိန်စောင့်ရင်း ပိတ်မိ နေတာပါ\"",
        "href": "/burmese/world-65915522",
        "timestamp": 1687093501000
      },
      {
        "id": "urn:bbc:optimo:asset:cv2qj4lq028o",
        "rank": 8,
        "title": "တန်ပြန်ထိုးစစ်ရဲ့ နောက်ကွယ်က ယူကရိန်းဗိုလ်ချုပ်ကြီး",
        "href": "https://www.bbc.com/burmese/articles/cv2qj4lq028o",
        "timestamp": 1687017001096
      },
      {
        "id": "urn:bbc:optimo:asset:c4n45zkyn5jo",
        "rank": 9,
        "title": "တရုတ်-ကန် ဆက်ဆံရေးကြောင့် စီးပွားရေးပုံပြောင်းလာတဲ့ အိုင်ဖုန်းထုတ်ပေးတဲ့ ကုမ္ပဏီ",
        "href": "https://www.bbc.com/burmese/articles/c4n45zkyn5jo",
        "timestamp": 1687080249827
      },
      {
        "id": "urn:bbc:optimo:asset:cd1x7j3092yo",
        "rank": 10,
        "title": "ဇွန် ၁၈ ရက် ထိပ်တန်းရောက်သတင်းများ- ဝေဖန်မှုတွေရှိနေတဲ့ ထိုင်း က မြန်မာ့အရေး‌ဆွေးနွေးပွဲကို အာဆီယံနိုင်ငံအချို့ တက်ဖို့မရှိ  ကမ္ဘောဒီးယားနိုင်ငံပဲ အစည်းအဝေးတက်ဖို့ အတည်ပြု‌ထား",
        "href": "https://www.bbc.com/burmese/articles/cd1x7j3092yo",
        "timestamp": 1687078891189
      },
      {
        "id": "urn:bbc:optimo:asset:cv219mr185vo",
        "rank": 11,
        "title": " နျူကလီးယားလက်နက်တွေကို ဘယ်လာရုစ်နိုင်ငံထဲ ပို့ထားပြီးပြီလို့ ရုရှားပြော ",
        "href": "https://www.bbc.com/burmese/articles/cv219mr185vo",
        "timestamp": 1686982164369
      },
      {
        "id": "urn:bbc:optimo:asset:c1r9lg5j4ezo",
        "rank": 12,
        "title": "အမေရိကန် နိုင်ငံခြားရေး၀န်ကြီးရဲ့ ၅နှစ်အတွင်းပထမဆုံး တရုတ်ခရီး - ဇွန်လ ၁၈ရက်ညနေခင်းသတင်းများ",
        "href": "https://www.bbc.com/burmese/articles/c1r9lg5j4ezo",
        "timestamp": 1687101588771
      },
      {
        "id": "urn:bbc:optimo:asset:c14x9re54zvo",
        "rank": 13,
        "title": "ဒေါ်အောင်ဆန်းစုကြည်နဲ့ စစ်ဗိုလ်ချုပ်များ-မြန်မာ့နိုင်ငံရေးမှာ ဒေါ်အောင်ဆန်းစုကြည်အရေးပါနေဆဲလား",
        "href": "https://www.bbc.com/burmese/articles/c14x9re54zvo",
        "timestamp": 1687012008013
      },
      {
        "id": "urn:bbc:optimo:asset:cw5gpdx4xzgo",
        "rank": 14,
        "title": "ယူကရိန်းဆည်ကျိုးပေါက်မှု-သဘာဝပတ်ဝန်းကျင်နဲ့ ကမ္ဘာ့စားနပ်ရိက္ခာ လုံလောက်မှုကိုဘယ်လောက်ထိခိုက်သလဲ",
        "href": "https://www.bbc.com/burmese/articles/cw5gpdx4xzgo",
        "timestamp": 1686931911318
      },
      {
        "id": "e1e049b5-4779-4a40-98c5-916e1e6763d8",
        "rank": 15,
        "title": "ယောက်ျားတွေ တနယ်တကျေးသွား အလုပ်လုပ်ရတော့ အိန္ဒိယ အမျိုးသမီးတွေ အိမ်ထောင်ဦးစီး ဖြစ်လာ",
        "href": "/burmese/world-65789586",
        "timestamp": 1685722132000
      },
      {
        "id": "7e1ef227-d672-5b40-9f5a-1a567b450e6e",
        "rank": 16,
        "title": "ဒေါ်အောင်ဆန်းစုကြည်နဲ့ ခေတ်ပြိုင်များ",
        "href": "/burmese/in-depth-53050374",
        "timestamp": 1592510034000
      },
      {
        "id": "db18aa81-fa83-e64a-829b-77edb47956c5",
        "rank": 17,
        "title": "လူလားဆင်လား မသဲကွဲတော့တဲ့ ဝင်္ဂဘော်ဆင်စခန်း အမိမဲ့ဆင်လေးတွေ",
        "href": "/burmese/burma-46698543",
        "timestamp": 1546001092000
      },
      {
        "id": "a2387f6b-550d-4a6f-9ebd-4088994a5f7f",
        "rank": 18,
        "title": "ဒေါ်အောင်ဆန်းစုကြည်ရှေ့က ပညာတတ်နိုင်ငံရေး",
        "href": "/burmese/in-depth-61750693",
        "timestamp": 1655289282000
      },
      {
        "id": "48427f3e-2e4f-6945-a799-b85abb0f0754",
        "rank": 19,
        "title": "ရခိုင်ညွန့်ဖူး မြို့မြောက်ဦး",
        "href": "/burmese/in-depth-47882338",
        "timestamp": 1554912052000
      },
      {
        "id": "587246a5-6b92-47ac-a9d8-1f5b0a73f64e",
        "rank": 20,
        "title": "ပန်ဒိုရာစာတမ်းကနေ ဖောက်ချလိုက်တာတွေက ဘာတွေလဲ",
        "href": "/burmese/world-58795219",
        "timestamp": 1633453692000
      }
    ],
    "metadata": {
      "atiAnalytics": {
        "contentType": "list-datadriven",
        "pageIdentifier": "burmese.popular.read.page",
        "timePublished": "2023-06-19T14:19:00Z",
        "timeUpdated": "2023-06-19T14:49:00Z"
      }
    }
  }
}
