{
  "data": {
    "title": "BBC News Кыргыз Кызматы",
    "description": "",
    "imageData": null,
    "curations": [
      {
        "summaries": [
          {
            "type": "article",
            "title": "Тобокелчи тоо ашат, бирок экс-президенттерди  элдештирүүдөн эмне өзгөрөт?",
            "firstPublished": "2022-10-27T11:19:43.946Z",
            "link": "https://www.bbc.com/kyrgyz/articles/cn028lnjye5o",
            "imageUrl": "https://ichef.bbci.co.uk/ace/standard/{width}/cpsdevpb/31a5/test/568cc3f0-508d-11ed-9488-854f10e82c4c.jpg",
            "description": "Индиянын Улуттук Конгресс партиясынын жаңы лидери шайланды ",
            "imageAlt": "test",
            "id": "c6vdqkm8yyvo"
          },
          {
            "type": "article",
            "title": "2nd promo, Low prominance for index-also spike",
            "firstPublished": "2022-10-20T15:27:54.236Z",
            "link": "https://www.bbc.com/kyrgyz/articles/cd0kn0v57e5o",
            "imageUrl": "https://ichef.bbci.co.uk/ace/standard/{width}/cpsdevpb/e73c/test/9c9c5240-508b-11ed-9488-854f10e82c4c.jpg",
            "description": "",
            "imageAlt": "Улуу Британиянын премьер-министри Лиз Трасс отставкага кетти ",
            "id": "cd0kn0v57e5o"
          },
          {
            "type": "article",
            "title": "3rd promo, Low prominance for index-also spike",
            "firstPublished": "2022-10-20T15:50:59.010Z",
            "link": "https://www.bbc.com/kyrgyz/articles/cd0gd0lxnlxo",
            "imageUrl": "https://ichef.bbci.co.uk/ace/standard/{width}/cpsdevpb/31a5/test/568cc3f0-508d-11ed-9488-854f10e82c4c.jpg",
            "description": "",
            "imageAlt": "test",
            "id": "cd0gd0lxnlxo"
          },
          {
            "type": "article",
            "title": "4th promo, Low prominance for index-also spike",
            "firstPublished": "2022-10-20T15:39:55.559Z",
            "link": "https://www.bbc.com/kyrgyz/articles/cem3gm2ev3vo",
            "imageUrl": "https://ichef.bbci.co.uk/ace/standard/{width}/cpsdevpb/31a5/test/568cc3f0-508d-11ed-9488-854f10e82c4c.jpg",
            "description": "",
            "imageAlt": "test",
            "id": "cem3gm2ev3vo"
          },
          {
            "type": "article",
            "title": "Youtube embeds",
            "firstPublished": "2023-03-09T15:24:55.855Z",
            "link": "https://www.test.bbc.com/pidgin/articles/ckk7xp9kx9lo",
            "imageUrl": "https://ichef.bbci.co.uk/ace/standard/{width}/cpsdevpb/e4f7/test/3f929a10-be8a-11ed-a8b5-93e1b2778943.png",
            "description": "summary text",
            "imageAlt": "alt text",
            "id": "czmnmxr0jp4o"
          },
          {
            "type": "article",
            "title": "4 Индиянын Улуттук Конгресс партиясынын жаңы лидери шайланды ",
            "firstPublished": "2022-10-20T15:54:55.042Z",
            "link": "https://www.bbc.com/kyrgyz/articles/czmgwmq887eo",
            "imageUrl": "https://ichef.bbci.co.uk/ace/standard/{width}/cpsdevpb/31a5/test/568cc3f0-508d-11ed-9488-854f10e82c4c.jpg",
            "description": "",
            "imageAlt": "test",
            "id": "czmgwmq887eo"
          },
          {
            "type": "article",
            "title": "Test for by-line",
            "firstPublished": "2022-10-14T20:01:58.544Z",
            "link": "https://www.bbc.com/mundo/articles/cemq89x6xxlo",
            "imageUrl": "https://ichef.bbci.co.uk/ace/standard/{width}/cpsdevpb/3096/test/d5ed2c10-4df5-11ed-9488-854f10e82c4c.png",
            "description": "",
            "imageAlt": "John Smith",
            "id": "cemq89x6xxlo"
          },
          {
            "type": "article",
            "title": "3 Индиянын Улуттук Конгресс партиясынын жаңы лидери шайланды ",
            "firstPublished": "2022-10-20T15:53:03.248Z",
            "link": "https://www.bbc.com/kyrgyz/articles/c9xgjxm5ynpo",
            "imageUrl": "https://ichef.bbci.co.uk/ace/standard/{width}/cpsdevpb/31a5/test/568cc3f0-508d-11ed-9488-854f10e82c4c.jpg",
            "description": "",
            "imageAlt": "test",
            "id": "c9xgjxm5ynpo"
          },
          {
            "type": "article",
            "title": "5 Индиянын Улуттук Конгресс партиясынын жаңы лидери шайланды ",
            "firstPublished": "2022-10-20T15:55:48.099Z",
            "link": "https://www.bbc.com/kyrgyz/articles/cq9lq9q2vk5o",
            "imageUrl": "https://ichef.bbci.co.uk/ace/standard/{width}/cpsdevpb/31a5/test/568cc3f0-508d-11ed-9488-854f10e82c4c.jpg",
            "description": "",
            "imageAlt": "test",
            "id": "cq9lq9q2vk5o"
          },
          {
            "type": "article",
            "title": "6 Индиянын Улуттук Конгресс партиясынын жаңы лидери шайланды ",
            "firstPublished": "2022-10-20T15:56:38.968Z",
            "link": "https://www.bbc.com/kyrgyz/articles/cn73v7vzv1eo",
            "imageUrl": "https://ichef.bbci.co.uk/ace/standard/{width}/cpsdevpb/31a5/test/568cc3f0-508d-11ed-9488-854f10e82c4c.jpg",
            "description": "",
            "imageAlt": "test",
            "id": "cn73v7vzv1eo"
          },
          {
            "type": "article",
            "title": "7 Индиянын Улуттук Конгресс партиясынын жаңы лидери шайланды ",
            "firstPublished": "2022-10-20T15:57:31.979Z",
            "link": "https://www.bbc.com/kyrgyz/articles/c4r01r19dm5o",
            "imageUrl": "https://ichef.bbci.co.uk/ace/standard/{width}/cpsdevpb/31a5/test/568cc3f0-508d-11ed-9488-854f10e82c4c.jpg",
            "description": "",
            "imageAlt": "test",
            "id": "c4r01r19dm5o"
          }
        ],
        "activePage": 1,
        "pageCount": 1,
        "curationId": "urn:bbc:tipo:list:e1f0e7e2-6251-4bfa-b33b-13006b825250",
        "curationType": "tipo-curation",
        "position": 0,
        "title": "Test",
        "visualProminence": "HIGH"
      },
      {
        "summaries": [
          {
            "type": "article",
            "title": "headline",
            "firstPublished": "2023-03-09T15:24:55.855Z",
            "link": "https://www.bbc.com/kyrgyz/articles/czmnmxr0jp4o",
            "imageUrl": "https://ichef.bbci.co.uk/ace/standard/{width}/cpsdevpb/e4f7/test/3f929a10-be8a-11ed-a8b5-93e1b2778943.png",
            "description": "summary text",
            "imageAlt": "alt text",
            "id": "czmnmxr0jp4o"
          },
          {
            "type": "article",
            "title": "Article tagged with Trump",
            "firstPublished": "2023-03-06T13:10:51.236Z",
            "link": "https://www.bbc.com/kyrgyz/articles/c5w86v60m6yo",
            "imageUrl": "https://ichef.bbci.co.uk/ace/standard/{width}/cpsdevpb/81e4/test/a035c580-bc1f-11ed-a129-59679bbc34c6.jpg",
            "description": "summary of article",
            "imageAlt": "test",
            "id": "c5w86v60m6yo"
          },
          {
            "type": "article",
            "title": "Article tagged with Trump",
            "firstPublished": "2023-03-06T13:10:39.425Z",
            "link": "https://www.bbc.com/kyrgyz/articles/c1ldk6kl66wo",
            "imageUrl": "https://ichef.bbci.co.uk/ace/standard/{width}/cpsdevpb/81e4/test/a035c580-bc1f-11ed-a129-59679bbc34c6.jpg",
            "description": "summary of article",
            "imageAlt": "test",
            "id": "c1ldk6kl66wo"
          },
          {
            "type": "article",
            "title": "Article tagged with Trump",
            "firstPublished": "2023-03-06T13:10:21.229Z",
            "link": "https://www.bbc.com/kyrgyz/articles/c4xl5251wv6o",
            "imageUrl": "https://ichef.bbci.co.uk/ace/standard/{width}/cpsdevpb/81e4/test/a035c580-bc1f-11ed-a129-59679bbc34c6.jpg",
            "description": "summary of article",
            "imageAlt": "test",
            "id": "c4xl5251wv6o"
          },
          {
            "type": "article",
            "title": "Article tagged with Trump",
            "firstPublished": "2023-03-06T13:10:08.452Z",
            "link": "https://www.bbc.com/kyrgyz/articles/cngejmjj5j4o",
            "imageUrl": "https://ichef.bbci.co.uk/ace/standard/{width}/cpsdevpb/81e4/test/a035c580-bc1f-11ed-a129-59679bbc34c6.jpg",
            "description": "summary of article",
            "imageAlt": "test",
            "id": "cngejmjj5j4o"
          },
          {
            "type": "article",
            "title": "Article tagged with Trump",
            "firstPublished": "2023-03-06T13:09:57.116Z",
            "link": "https://www.bbc.com/kyrgyz/articles/cjy5dmdmlrlo",
            "imageUrl": "https://ichef.bbci.co.uk/ace/standard/{width}/cpsdevpb/81e4/test/a035c580-bc1f-11ed-a129-59679bbc34c6.jpg",
            "description": "summary of article",
            "imageAlt": "test",
            "id": "cjy5dmdmlrlo"
          },
          {
            "type": "article",
            "title": "Article tagged with Trump",
            "firstPublished": "2023-03-06T13:09:43.815Z",
            "link": "https://www.bbc.com/kyrgyz/articles/cg1gnmn5wrjo",
            "imageUrl": "https://ichef.bbci.co.uk/ace/standard/{width}/cpsdevpb/81e4/test/a035c580-bc1f-11ed-a129-59679bbc34c6.jpg",
            "description": "summary of article",
            "imageAlt": "test",
            "id": "cg1gnmn5wrjo"
          },
          {
            "type": "article",
            "title": "Article tagged with Trump",
            "firstPublished": "2023-03-06T13:09:26.606Z",
            "link": "https://www.bbc.com/kyrgyz/articles/cy0k7p7jp0qo",
            "imageUrl": "https://ichef.bbci.co.uk/ace/standard/{width}/cpsdevpb/81e4/test/a035c580-bc1f-11ed-a129-59679bbc34c6.jpg",
            "description": "summary of article",
            "imageAlt": "test",
            "id": "cy0k7p7jp0qo"
          },
          {
            "type": "article",
            "title": "Article tagged with Trump",
            "firstPublished": "2023-03-06T13:09:15.033Z",
            "link": "https://www.bbc.com/kyrgyz/articles/ck126m6xjq8o",
            "imageUrl": "https://ichef.bbci.co.uk/ace/standard/{width}/cpsdevpb/81e4/test/a035c580-bc1f-11ed-a129-59679bbc34c6.jpg",
            "description": "summary of article",
            "imageAlt": "test",
            "id": "ck126m6xjq8o"
          },
          {
            "type": "article",
            "title": "Article tagged with Trump",
            "firstPublished": "2023-03-06T13:09:02.156Z",
            "link": "https://www.bbc.com/kyrgyz/articles/cy0vgjg9j5po",
            "imageUrl": "https://ichef.bbci.co.uk/ace/standard/{width}/cpsdevpb/81e4/test/a035c580-bc1f-11ed-a129-59679bbc34c6.jpg",
            "description": "summary of article",
            "imageAlt": "test",
            "id": "cy0vgjg9j5po"
          },
          {
            "type": "article",
            "title": "Article tagged with Trump",
            "firstPublished": "2023-03-06T13:08:49.234Z",
            "link": "https://www.bbc.com/kyrgyz/articles/cd0zlml4qv3o",
            "imageUrl": "https://ichef.bbci.co.uk/ace/standard/{width}/cpsdevpb/81e4/test/a035c580-bc1f-11ed-a129-59679bbc34c6.jpg",
            "description": "summary of article",
            "imageAlt": "test",
            "id": "cd0zlml4qv3o"
          },
          {
            "type": "article",
            "title": "Article tagged with Trump",
            "firstPublished": "2023-03-06T13:08:32.114Z",
            "link": "https://www.bbc.com/kyrgyz/articles/c6v4p5p0rz6o",
            "imageUrl": "https://ichef.bbci.co.uk/ace/standard/{width}/cpsdevpb/81e4/test/a035c580-bc1f-11ed-a129-59679bbc34c6.jpg",
            "description": "summary of article",
            "imageAlt": "test",
            "id": "c6v4p5p0rz6o"
          }
        ],
        "activePage": 1,
        "pageCount": 1,
        "curationId": "urn:bbc:vivo:curation:794f8046-302e-4d8d-8553-cc23320fd097",
        "curationType": "vivo-stream",
        "position": 1,
        "title": "Vivo curation Feed VP High",
        "visualProminence": "HIGH",
        "visualStyle": "FEED"
      },
      {
        "summaries": [
          {
            "type": "article",
            "title": "headline",
            "firstPublished": "2023-03-09T15:24:55.855Z",
            "link": "https://www.bbc.com/kyrgyz/articles/czmnmxr0jp4o",
            "imageUrl": "https://ichef.bbci.co.uk/ace/standard/{width}/cpsdevpb/e4f7/test/3f929a10-be8a-11ed-a8b5-93e1b2778943.png",
            "description": "summary text",
            "imageAlt": "alt text",
            "id": "czmnmxr0jp4o"
          },
          {
            "type": "article",
            "title": "Article tagged with Trump",
            "firstPublished": "2023-03-06T13:10:51.236Z",
            "link": "https://www.bbc.com/kyrgyz/articles/c5w86v60m6yo",
            "imageUrl": "https://ichef.bbci.co.uk/ace/standard/{width}/cpsdevpb/81e4/test/a035c580-bc1f-11ed-a129-59679bbc34c6.jpg",
            "description": "summary of article",
            "imageAlt": "test",
            "id": "c5w86v60m6yo"
          },
          {
            "type": "article",
            "title": "Article tagged with Trump",
            "firstPublished": "2023-03-06T13:10:39.425Z",
            "link": "https://www.bbc.com/kyrgyz/articles/c1ldk6kl66wo",
            "imageUrl": "https://ichef.bbci.co.uk/ace/standard/{width}/cpsdevpb/81e4/test/a035c580-bc1f-11ed-a129-59679bbc34c6.jpg",
            "description": "summary of article",
            "imageAlt": "test",
            "id": "c1ldk6kl66wo"
          },
          {
            "type": "article",
            "title": "Article tagged with Trump",
            "firstPublished": "2023-03-06T13:10:21.229Z",
            "link": "https://www.bbc.com/kyrgyz/articles/c4xl5251wv6o",
            "imageUrl": "https://ichef.bbci.co.uk/ace/standard/{width}/cpsdevpb/81e4/test/a035c580-bc1f-11ed-a129-59679bbc34c6.jpg",
            "description": "summary of article",
            "imageAlt": "test",
            "id": "c4xl5251wv6o"
          },
          {
            "type": "article",
            "title": "Article tagged with Trump",
            "firstPublished": "2023-03-06T13:10:08.452Z",
            "link": "https://www.bbc.com/kyrgyz/articles/cngejmjj5j4o",
            "imageUrl": "https://ichef.bbci.co.uk/ace/standard/{width}/cpsdevpb/81e4/test/a035c580-bc1f-11ed-a129-59679bbc34c6.jpg",
            "description": "summary of article",
            "imageAlt": "test",
            "id": "cngejmjj5j4o"
          },
          {
            "type": "article",
            "title": "Article tagged with Trump",
            "firstPublished": "2023-03-06T13:09:57.116Z",
            "link": "https://www.bbc.com/kyrgyz/articles/cjy5dmdmlrlo",
            "imageUrl": "https://ichef.bbci.co.uk/ace/standard/{width}/cpsdevpb/81e4/test/a035c580-bc1f-11ed-a129-59679bbc34c6.jpg",
            "description": "summary of article",
            "imageAlt": "test",
            "id": "cjy5dmdmlrlo"
          },
          {
            "type": "article",
            "title": "Article tagged with Trump",
            "firstPublished": "2023-03-06T13:09:43.815Z",
            "link": "https://www.bbc.com/kyrgyz/articles/cg1gnmn5wrjo",
            "imageUrl": "https://ichef.bbci.co.uk/ace/standard/{width}/cpsdevpb/81e4/test/a035c580-bc1f-11ed-a129-59679bbc34c6.jpg",
            "description": "summary of article",
            "imageAlt": "test",
            "id": "cg1gnmn5wrjo"
          },
          {
            "type": "article",
            "title": "Article tagged with Trump",
            "firstPublished": "2023-03-06T13:09:26.606Z",
            "link": "https://www.bbc.com/kyrgyz/articles/cy0k7p7jp0qo",
            "imageUrl": "https://ichef.bbci.co.uk/ace/standard/{width}/cpsdevpb/81e4/test/a035c580-bc1f-11ed-a129-59679bbc34c6.jpg",
            "description": "summary of article",
            "imageAlt": "test",
            "id": "cy0k7p7jp0qo"
          },
          {
            "type": "article",
            "title": "Article tagged with Trump",
            "firstPublished": "2023-03-06T13:09:15.033Z",
            "link": "https://www.bbc.com/kyrgyz/articles/ck126m6xjq8o",
            "imageUrl": "https://ichef.bbci.co.uk/ace/standard/{width}/cpsdevpb/81e4/test/a035c580-bc1f-11ed-a129-59679bbc34c6.jpg",
            "description": "summary of article",
            "imageAlt": "test",
            "id": "ck126m6xjq8o"
          },
          {
            "type": "article",
            "title": "Article tagged with Trump",
            "firstPublished": "2023-03-06T13:09:02.156Z",
            "link": "https://www.bbc.com/kyrgyz/articles/cy0vgjg9j5po",
            "imageUrl": "https://ichef.bbci.co.uk/ace/standard/{width}/cpsdevpb/81e4/test/a035c580-bc1f-11ed-a129-59679bbc34c6.jpg",
            "description": "summary of article",
            "imageAlt": "test",
            "id": "cy0vgjg9j5po"
          },
          {
            "type": "article",
            "title": "Article tagged with Trump",
            "firstPublished": "2023-03-06T13:08:49.234Z",
            "link": "https://www.bbc.com/kyrgyz/articles/cd0zlml4qv3o",
            "imageUrl": "https://ichef.bbci.co.uk/ace/standard/{width}/cpsdevpb/81e4/test/a035c580-bc1f-11ed-a129-59679bbc34c6.jpg",
            "description": "summary of article",
            "imageAlt": "test",
            "id": "cd0zlml4qv3o"
          },
          {
            "type": "article",
            "title": "Article tagged with Trump",
            "firstPublished": "2023-03-06T13:08:32.114Z",
            "link": "https://www.bbc.com/kyrgyz/articles/c6v4p5p0rz6o",
            "imageUrl": "https://ichef.bbci.co.uk/ace/standard/{width}/cpsdevpb/81e4/test/a035c580-bc1f-11ed-a129-59679bbc34c6.jpg",
            "description": "summary of article",
            "imageAlt": "test",
            "id": "c6v4p5p0rz6o"
          }
        ],
        "activePage": 1,
        "pageCount": 1,
        "curationId": "urn:bbc:vivo:curation:6ef1709b-00db-4374-a708-35701b96d83b",
        "curationType": "vivo-stream",
        "position": 2,
        "title": "Vivo  collection VP High",
        "visualProminence": "HIGH",
        "visualStyle": "COLLECTION"
      },
      {
        "summaries": [
          {
            "type": "audio",
            "duration": "PT4M38S",
            "title": "Би-Би-Си дүрбүсүндө",
            "firstPublished": "",
            "link": "https://www.bbc.com/kyrgyz/podcasts/p0c80v81/p0fgn15k",
            "imageUrl": "https://ichef.bbci.co.uk/images/ic/{width}xn/p0c80xlp.jpg",
            "description": "Кыргыз-өзбек чек арасынын өзгөргөн картасы: Кыргызстан  Google’ га кайрылат",
            "imageAlt": "",
            "id": "p0fgn15k"
          },
          {
            "type": "audio",
            "duration": "PT1M30S",
            "title": "Би-Би-Си дүрбүсүндө",
            "firstPublished": "",
            "link": "https://www.bbc.com/kyrgyz/podcasts/p0c80v81/p0fdktdr",
            "imageUrl": "https://ichef.bbci.co.uk/images/ic/{width}xn/p0c80xlp.jpg",
            "description": "Орус армиясы Киевдин алдынан кеткенине бир жыл болду",
            "imageAlt": "",
            "id": "p0fdktdr"
          },
          {
            "type": "audio",
            "duration": "PT5M46S",
            "title": "Би-Би-Си дүрбүсүндө",
            "firstPublished": "",
            "link": "https://www.bbc.com/kyrgyz/podcasts/p0c80v81/p0fcg3qf",
            "imageUrl": "https://ichef.bbci.co.uk/images/ic/{width}xn/p0c80xlp.jpg",
            "description": "Түркия шайлоосу: Эрдоган бийликти оппозицияга алдырып койбойбу?",
            "imageAlt": "",
            "id": "p0fcg3qf"
          },
          {
            "type": "audio",
            "duration": "PT5M34S",
            "title": "Би-Би-Си дүрбүсүндө",
            "firstPublished": "",
            "link": "https://www.bbc.com/kyrgyz/podcasts/p0c80v81/p0fbg3qv",
            "imageUrl": "https://ichef.bbci.co.uk/images/ic/{width}xn/p0c80xlp.jpg",
            "description": "\"Дүйнө чабыт\":  Парламенттен айдалган тартиби жок депутаттар",
            "imageAlt": "",
            "id": "p0fbg3qv"
          }
        ],
        "activePage": 1,
        "pageCount": 1,
        "link": "https://www.bbc.com/kyrgyz/podcasts/p0c80v81",
        "curationId": "urn:bbc:programmes:available-episodes:p0c80v81",
        "curationType": "available-episodes",
        "position": 3,
        "title": "Видео жана Подкасттар",
        "visualProminence": "NORMAL",
        "visualStyle": "FEED"
      },
      {
        "summaries": [
          {
            "type": "link",
            "title": "View gossip",
            "firstPublished": "",
            "link": "https://www.bbc.com/kyrgyz/articles/cp6zz77xyp7o",
            "imageUrl": "https://ichef.test.bbci.co.uk/ace/standard/{width}/cpsdevpb/66b8/test/d1be6bc0-8114-11ed-bd83-8f15ba358e41.png",
            "description": "Follow all the updates minute-by-minute as the transfer window opens in the world’s most popular league! Ronaldo, Tielemans and Bellingham gossip.",
            "imageAlt": "alt text",
            "id": "https%3A%2F%2Fwww.instagram.com%2Fbbcnewskyrgyz%2F%3Fhl%3Den"
          }
        ],
        "activePage": 1,
        "pageCount": 1,
        "curationId": "urn:bbc:tipo:list:a9b1b33c-5de4-430e-a2f5-ce6882e62770",
        "curationType": "tipo-curation",
        "position": 4,
        "title": "Get all the January transfer gossip",
        "visualProminence": "HIGH",
        "visualStyle": "BANNER"
      },
      {
        "summaries": [
          {
            "type": "link",
            "title": "BBC News Russian",
            "firstPublished": "",
            "link": "http://www.bbc.com/russian",
            "imageUrl": "https://ichef.test.bbci.co.uk/ace/standard/{width}/cpsdevpb/160c/test/96297a80-a308-11ed-9015-6935ab4fa6ca.png",
            "description": "",
            "imageAlt": "BBC Russian",
            "id": "http%3A%2F%2Fwww.bbc.com%2Frussian"
          },
          {
            "type": "link",
            "title": "BBC Azeri",
            "firstPublished": "",
            "link": "http://www.bbc.com/azeri",
            "imageUrl": "https://ichef.test.bbci.co.uk/ace/standard/{width}/cpsdevpb/9f48/test/b6866400-a308-11ed-9015-6935ab4fa6ca.png",
            "description": "",
            "imageAlt": "BBC Azeri",
            "id": "http%3A%2F%2Fwww.bbc.com%2Fazeri"
          },
          {
            "type": "link",
            "title": "BBC Uzbek",
            "firstPublished": "",
            "link": "http://www.bbc.com/uzbek",
            "imageUrl": "https://ichef.test.bbci.co.uk/ace/standard/{width}/cpsdevpb/6adf/test/eb7c2140-a308-11ed-9015-6935ab4fa6ca.png",
            "description": "",
            "imageAlt": "BBC Uzbek",
            "id": "http%3A%2F%2Fwww.bbc.com%2Fuzbek"
          },
          {
            "type": "link",
            "title": "BBC Turkish",
            "firstPublished": "",
            "link": "http://www.bbc.com/turkce",
            "imageUrl": "https://ichef.test.bbci.co.uk/ace/standard/{width}/cpsdevpb/593b/test/010c4d50-a309-11ed-9015-6935ab4fa6ca.png",
            "description": "",
            "imageAlt": "BBC Turkce",
            "id": "http%3A%2F%2Fwww.bbc.com%2Fturkce"
          }
        ],
        "activePage": 1,
        "pageCount": 1,
        "curationId": "urn:bbc:tipo:list:04e600ed-76ff-4c71-be9f-86fac52bf8c0",
        "curationType": "tipo-curation",
        "position": 5,
        "title": "Test links low visual prominence",
        "visualProminence": "LOW",
        "visualStyle": "LINKS"
      },
      {
        "summaries": [
          {
            "type": "link",
            "title": "Twitter",
            "firstPublished": "",
            "link": "https://www.twitter.com/",
            "imageUrl": "https://ichef.test.bbci.co.uk/ace/standard/{width}/cpsdevpb/efae/test/79e17d10-a244-11ed-9015-6935ab4fa6ca.png",
            "description": "",
            "imageAlt": "Twitter",
            "id": "https%3A%2F%2Fwww.twitter.com"
          },
          {
            "type": "link",
            "title": "Facebook",
            "firstPublished": "",
            "link": "https://www.facebook.com/",
            "imageUrl": "https://ichef.test.bbci.co.uk/ace/standard/{width}/cpsdevpb/3da9/test/86350190-a244-11ed-9015-6935ab4fa6ca.png",
            "description": "",
            "imageAlt": "Facebook",
            "id": "https%3A%2F%2Fwww.facebook.com"
          },
          {
            "type": "link",
            "title": "Instagram",
            "firstPublished": "",
            "link": "https://www.instagram.com/",
            "imageUrl": "https://ichef.test.bbci.co.uk/ace/standard/{width}/cpsdevpb/8aee/test/922de2f0-a244-11ed-9015-6935ab4fa6ca.png",
            "description": "",
            "imageAlt": "Instagram",
            "id": "https%3A%2F%2Fwww.instagram.com"
          },
          {
            "type": "link",
            "title": "YouTube",
            "firstPublished": "",
            "link": "https://www.youtube.com/",
            "imageUrl": "https://ichef.test.bbci.co.uk/ace/standard/{width}/cpsdevpb/ca26/test/a1a3dd20-a244-11ed-9015-6935ab4fa6ca.png",
            "description": "",
            "imageAlt": "YouTube",
            "id": "https%3A%2F%2Fwww.youtube.com"
          }
        ],
        "activePage": 1,
        "pageCount": 1,
        "curationId": "urn:bbc:tipo:list:2ab06dd1-ba2c-402f-9a40-4da98bb5f750",
        "curationType": "tipo-curation",
        "position": 6,
        "title": "Test links normal",
        "visualProminence": "NORMAL",
        "visualStyle": "LINKS"
      },
      {
        "summaries": [
          {
            "type": "link",
            "title": "View gossip",
            "firstPublished": "",
            "link": "https://www.bbc.com/kyrgyz/articles/cp6zz77xyp7o",
            "imageUrl": "https://ichef.test.bbci.co.uk/ace/standard/{width}/cpsdevpb/66b8/test/d1be6bc0-8114-11ed-bd83-8f15ba358e41.png",
            "description": "Follow all the updates minute-by-minute as the transfer window opens in the world’s most popular league! Ronaldo, Tielemans and Bellingham gossip.",
            "imageAlt": "alt text",
            "id": "https%3A%2F%2Fwww.instagram.com%2Fbbcnewskyrgyz%2F%3Fhl%3Den"
          }
        ],
        "activePage": 1,
        "pageCount": 1,
        "curationId": "urn:bbc:tipo:list:a9b1b33c-5de4-430e-a2f5-ce6882e62770",
        "curationType": "tipo-curation",
        "position": 7,
        "title": "Get all the Premier League January transfer news direct to your phone",
        "visualProminence": "NORMAL",
        "visualStyle": "BANNER"
      }
    ],
    "activePage": 1,
    "pageCount": 1,
    "variantTopicId": null,
    "metadata": {
      "analytics": {
        "name": "kyrgyz.topics.cvpv9djp9qqt.page",
        "producer": "KYRGYZ"
      },
      "atiAnalytics": {
        "contentId": "urn:bbc:tipo:topic:cvpv9djp9qqt",
        "contentType": "index-category",
        "pageIdentifier": "kyrgyz.topics.cvpv9djp9qqt.page",
        "pageTitle": "pageTitleInKyrgyz"
      }
    }
  },
  "contentType": "application/json; charset=utf-8"
}
