{
    "topStories": [
      {
        "headlines": {
          "headline": "Dragh aig tuath mu mhì-chinnt Bhrexit"
        },
        "locators": {
          "assetUri": "/naidheachdan/55056650",
          "cpsUrn": "urn:bbc:content:assetUri:naidheachdan/55056650",
          "curie": "http://www.bbc.co.uk/asset/f9124435-e736-4e96-8a32-a6efb0586619",
          "assetId": "55056650"
        },
        "summary": "Nochd ceannardan Comhairle na Gàidhealtachd dragh mun mhì-chinnt a tha a' leantainn a thaobh Bhrexit, agus an ùine a' ruith air an Rìoghachd Aonaichte agus an EU tighinn gu aonta.",
        "timestamp": 1606210834000,
        "language": "gd",
        "cpsType": "STY",
        "indexImage": {
          "id": "115620343",
          "subType": "index",
          "href": "http://c.files.bbci.co.uk/85FE/production/_115620343_gettyimages-1077781580.jpg",
          "path": "/cpsprodpb/85FE/production/_115620343_gettyimages-1077781580.jpg",
          "height": 549,
          "width": 976,
          "altText": "Brexit",
          "copyrightHolder": "Getty Images",
          "type": "image"
        },
        "options": {
          "isBreakingNews": false,
          "isFactCheck": false
        },
        "section": {
          "subType": "IDX",
          "name": "Dachaigh",
          "uri": "/naidheachdan/dachaigh",
          "type": "simple"
        },
        "id": "urn:bbc:ares::asset:naidheachdan/55056650",
        "type": "cps"
      },
      {
        "headlines": {
          "headline": "£6m ga chosg an aghaidh bochdainn connaidh san Òban"
        },
        "locators": {
          "assetUri": "/naidheachdan/55018873",
          "cpsUrn": "urn:bbc:content:assetUri:naidheachdan/55018873",
          "curie": "http://www.bbc.co.uk/asset/6445c8ab-3288-49ef-93c8-b6d7f1ef2830",
          "assetId": "55018873"
        },
        "summary": "Tha Comann Taigheadas Coimhearsnachd Earra-Ghàidheal an ceann pròiseict luach £6m gus bochdainn connaidh a lùghdachadh anns an Òban.",
        "timestamp": 1606210345000,
        "language": "gd",
        "cpsType": "STY",
        "indexImage": {
          "id": "115609528",
          "subType": "index",
          "href": "http://c.files.bbci.co.uk/1429E/production/_115609528_gettyimages-523085588.jpg",
          "path": "/cpsprodpb/1429E/production/_115609528_gettyimages-523085588.jpg",
          "height": 549,
          "width": 976,
          "altText": "Còmhdach blàthachaidh",
          "copyrightHolder": "Getty Images",
          "type": "image"
        },
        "options": {
          "isBreakingNews": false,
          "isFactCheck": false
        },
        "section": {
          "subType": "IDX",
          "name": "Dachaigh",
          "uri": "/naidheachdan/dachaigh",
          "type": "simple"
        },
        "id": "urn:bbc:ares::asset:naidheachdan/55018873",
        "type": "cps"
      },
      {
        "headlines": {
          "headline": "Togail do phlana ionad sreap an Inbhir Nis"
        },
        "locators": {
          "assetUri": "/naidheachdan/55018874",
          "cpsUrn": "urn:bbc:content:assetUri:naidheachdan/55018874",
          "curie": "http://www.bbc.co.uk/asset/aaae43e9-4e96-4721-a6a0-706979c34436",
          "assetId": "55018874"
        },
        "summary": "Fhuair planaichean airson ionad sreap a-staigh a thogail ann an Inbhir Nis tabhartas suas ri £200,000 bho Iomairt na Gàidhealtachd 's nan Eilean.",
        "timestamp": 1606210529000,
        "language": "gd",
        "cpsType": "STY",
        "indexImage": {
          "id": "115620338",
          "subType": "index",
          "href": "http://c.files.bbci.co.uk/14566/production/_115620338_gettyimages-521690223.jpg",
          "path": "/cpsprodpb/14566/production/_115620338_gettyimages-521690223.jpg",
          "height": 549,
          "width": 976,
          "altText": "Baile saor-shreap",
          "copyrightHolder": "Getty Images",
          "type": "image"
        },
        "options": {
          "isBreakingNews": false,
          "isFactCheck": false
        },
        "section": {
          "subType": "IDX",
          "name": "Dachaigh",
          "uri": "/naidheachdan/dachaigh",
          "type": "simple"
        },
        "id": "urn:bbc:ares::asset:naidheachdan/55018874",
        "type": "cps"
      }
    ],
    "features": [
      {
        "headlines": {
          "headline": "A' dìon Lìonagaidh"
        },
        "locators": {
          "assetUri": "/naidheachdan/54998967",
          "cpsUrn": "urn:bbc:content:assetUri:naidheachdan/54998967",
          "curie": "http://www.bbc.co.uk/asset/99cd17a4-d94a-459c-a8a9-58ebf81ebf68",
          "assetId": "54998967"
        },
        "summary": "Muinntir Bhràgair ann an Leòdhas ag iarraidh stad a chur air crìonadh a' chladaich mu chladh a' bhaile.",
        "timestamp": 1605870575000,
        "language": "gd",
        "cpsType": "STY",
        "indexImage": {
          "id": "115564016",
          "subType": "index",
          "href": "http://c.files.bbci.co.uk/EE76/production/_115564016_lonagaidhgordonhattongeog.jpg",
          "path": "/cpsprodpb/EE76/production/_115564016_lonagaidhgordonhattongeog.jpg",
          "height": 549,
          "width": 976,
          "altText": "Teampall Eòin ann an Lìonagaidh, Bràgair",
          "copyrightHolder": "Gordon Hatton/Geograph",
          "type": "image"
        },
        "options": {
          "isBreakingNews": false,
          "isFactCheck": false
        },
        "section": {
          "subType": "IDX",
          "name": "Dachaigh",
          "uri": "/naidheachdan/dachaigh",
          "type": "simple"
        },
        "id": "urn:bbc:ares::asset:naidheachdan/54998967",
        "type": "cps"
      },
      {
        "headlines": {
          "headline": "Aislingean Teòclaid is Òir"
        },
        "locators": {
          "assetUri": "/naidheachdan/54867763",
          "cpsUrn": "urn:bbc:content:assetUri:naidheachdan/54867763",
          "curie": "http://www.bbc.co.uk/asset/96b36ae9-1eda-4b42-b6ff-6f8e3a916181",
          "assetId": "54867763"
        },
        "summary": "'Son a' chiad turas bho 1901, tha seusan Lìog na Gàidhealtachd gus tòiseachadh às aonais Forres Mechanics",
        "timestamp": 1605783519000,
        "language": "gd",
        "byline": {
          "name": "Dòmhnall Pollock",
          "title": "BBC Naidheachdan",
          "persons": [
            {
              "name": "Dòmhnall Pollock",
              "function": "BBC Naidheachdan"
            }
          ]
        },
        "cpsType": "STY",
        "indexImage": {
          "id": "115374267",
          "subType": "index",
          "href": "http://c.files.bbci.co.uk/129D7/production/_115374267_mossetpano.jpg",
          "path": "/cpsprodpb/129D7/production/_115374267_mossetpano.jpg",
          "height": 576,
          "width": 1024,
          "altText": "Pàirc Mosset",
          "copyrightHolder": "SNS",
          "type": "image"
        },
        "options": {
          "isBreakingNews": false,
          "isFactCheck": false
        },
        "section": {
          "subType": "IDX",
          "name": "Dachaigh",
          "uri": "/naidheachdan/dachaigh",
          "type": "simple"
        },
        "id": "urn:bbc:ares::asset:naidheachdan/54867763",
        "type": "cps"
      },
      {
        "headlines": {
          "headline": "Covid-19 Ìre 4 agus aonaranachd"
        },
        "locators": {
          "assetUri": "/naidheachdan/54988825",
          "cpsUrn": "urn:bbc:content:assetUri:naidheachdan/54988825",
          "curie": "http://www.bbc.co.uk/asset/08ea411e-842e-46a8-93d8-a6f08a9ebd48",
          "assetId": "54988825"
        },
        "summary": "Tha roinn mhòr de shluagh Alba a' dol gu Ìre 4 a thaobh riaghailtean Covid 's tha sin a' dèanamh dragh do dh'iomadh duine a tha a' fulang le aonaranachd.",
        "timestamp": 1605700125000,
        "language": "gd",
        "cpsType": "MAP",
        "media": {
          "id": "p08yvg9l",
          "subType": "clip",
          "format": "audio",
          "title": "Covid-19 ìre 4 agus aonaranachd",
          "synopses": {
            "short": "Covid-19 ìre 4 agus aonaranachd",
            "long": "Tha roinn mhòr de shluagh Alba a' dol gu Ìre a ceitheir a thaobh riaghailtean Covid.  \n'S tha sin a' dèanamh dragh do dh'iomadh duine a tha a' fulang le aonaranachd.  \nTha iomadach pìos rannsachaidh  a' sealltain an cron a tha aonaranachd a' dèanamh chan ann a-mhàin air inntinn duine ach air slàinte-bothaig cuideachd.  \nTha sgrùdadh ùr a' selltainn gu bheil stiogma ceangailte ri aonaranachd.  Mhìnich an Saic-eòlaiche Dòmhnall MacLeòid na tha air cùlaibh sin.",
            "medium": "Tha roinn mhòr de shluagh Alba a' dol gu Ìre 4 a thaobh riaghailtean Covid 's tha sin a' dèanamh dragh do dh'iomadh duine a tha a' fulang le aonaranachd."
          },
          "imageUrl": "ichef.bbci.co.uk/images/ic/$recipe/p08yvh8s.jpg",
          "embedding": true,
          "advertising": false,
          "caption": "Covid-19 ìre 4 agus aonaranachd",
          "versions": [
            {
              "versionId": "p08yvgb5",
              "types": [
                "Original"
              ],
              "duration": 393,
              "durationISO8601": "PT6M33S",
              "warnings": {},
              "availableTerritories": {
                "uk": true,
                "nonUk": true
              },
              "availableFrom": 1605699375000
            }
          ],
          "imageCopyright": "BBC",
          "smpKind": "radioProgramme",
          "type": "media"
        },
        "indexImage": {
          "id": "115547790",
          "subType": "index",
          "href": "http://c.files.bbci.co.uk/262E/production/_115547790_p08yvh8s.jpg",
          "path": "/cpsprodpb/262E/production/_115547790_p08yvh8s.jpg",
          "height": 576,
          "width": 1024,
          "altText": "Dòmhnall MacLeòid",
          "copyrightHolder": "BBC",
          "type": "image"
        },
        "options": {
          "isBreakingNews": false,
          "isFactCheck": false
        },
        "section": {
          "subType": "IDX",
          "name": "Dachaigh",
          "uri": "/naidheachdan/dachaigh",
          "type": "simple"
        },
        "id": "urn:bbc:ares::asset:naidheachdan/54988825",
        "type": "cps"
      },
      {
        "headlines": {
          "headline": "Luaidh air Dòmhnall Iain MacIllinnein"
        },
        "locators": {
          "assetUri": "/naidheachdan/54931534",
          "cpsUrn": "urn:bbc:content:assetUri:naidheachdan/54931534",
          "curie": "http://www.bbc.co.uk/asset/45e284e7-cd39-486a-8595-beb2d4e52412",
          "assetId": "54931534"
        },
        "summary": "Tha luaidh ga dhèanamh air Dòmhnall Iain MacIllinnein a bha iomadh bliadhna na bheat anns an Eilean Sgitheanach agus air Taobh Siar Rois.",
        "timestamp": 1605271512000,
        "language": "gd",
        "cpsType": "STY",
        "indexImage": {
          "id": "115480012",
          "subType": "index",
          "href": "http://c.files.bbci.co.uk/5210/production/_115480012_djmaclennan.jpg",
          "path": "/cpsprodpb/5210/production/_115480012_djmaclennan.jpg",
          "height": 540,
          "width": 960,
          "altText": "Dòmhnall Iain MacIllinnein",
          "copyrightHolder": "WHFP",
          "type": "image"
        },
        "options": {
          "isBreakingNews": false,
          "isFactCheck": false
        },
        "section": {
          "subType": "IDX",
          "name": "Dachaigh",
          "uri": "/naidheachdan/dachaigh",
          "type": "simple"
        },
        "id": "urn:bbc:ares::asset:naidheachdan/54931534",
        "type": "cps"
      },
      {
        "headlines": {
          "headline": "Naidheachdan 11:00m"
        },
        "locators": {
          "assetUri": "/naidheachdan/55018868",
          "cpsUrn": "urn:bbc:content:assetUri:naidheachdan/55018868",
          "curie": "http://www.bbc.co.uk/asset/92a27333-e57e-4c47-9dba-e60d21447e33",
          "assetId": "55018868"
        },
        "summary": "Geàrr-chunntas sgrìobhte de naidheachdan 11:00m, le clàr-fuaime na chois.",
        "timestamp": 1606131710000,
        "language": "gd",
        "cpsType": "MAP",
        "media": {
          "id": "p08zb5qp",
          "subType": "clip",
          "format": "audio",
          "title": "Naidheachdan 11:00m",
          "synopses": {
            "short": "Naidheachdan 11:00m",
            "long": "Banachdach Oxford\n\nSheall deuchainnean farsainn air banachdach ùr dhan Choròna-bhìoras aig Oilthigh Oxford agus Asta-Zeneca, gu bheil i a' cur stad air Covid-19 ann an 70% de chùisean, agus dh'èirich èifeachd na banachdaich gu 90% san fheadhainn a fhuair leth-dhòs an toiseach, agus làn-dòs goirid an dèidh sin. Bha e cuideachd nas saoire, 's nas fhasa a stòradh na tha an dà dhroga eile aig Phizer agus Moderna. Dh'òrdaich an Riaghaltas còrr is 100,000,000 dòs de bhanachdach Oxford, a chuireadh dìon air 50,000,000 duine. Thuirt Rùnaire Slàinte na Rìoghachd Aonaichte Matt Hancock, gur dòcha gum bi a' bhanachdach ri faotainn air an ath-mhìos ma shoirbhicheas na deuchainnean sàbhailteachd. \n\nAn Nollaig\n\nBidh fiosrachadh aig Boris Johson an-diugh mun t-siostam riaghailtean roinneil aig trì ìrean a bhios ann an Sasainn nuair a thig an Lockdown an sin gu ceann air an 2na là den Dùbhlachd. Bidh a-màireach ann ge-tà, air a' char as tràithe mus innis an Riaghaltas dè thachras aig àm na Nollaige, agus còmhraidhean fhathast a' dol air adhart airson plana do cheithir dùthchannan na Rìoghachd Aonaichte. Tha e coltach gu bheil iad a' beachdachadh mar aon roghainn air cead do thrì dachannan coinneachadh airson suas ri còig làithean. \n\nSgoiltean\n\nTha dùil ri fios an-diugh bhon aonadh teagaisg as motha na Alba, an EIS, air am bi baileat ann airson iomairt obrach agus dragh ann mu dhìon thidsearan bhon bhìoras. Tha sgoiltean fosgailte fhathast ann an sgìrean sa bheil na riaghailtean as cruaidhe aig Ìre 4 an Alba. Tha an EIS den bheachd gum bu chòir sgoiltean anns na sgìrean sin gluasad gu foghlam measgaichte le barrachd oideachaidh air-loidhne agus nas lugha ùine san sgoil. \n\nBarraigh\n\nTha dragh anns a' choimhearsnachd mun atharrachadh a tha Bòrd Slàinte nan Eilean Siar am beachd a thoirt air seirbheisean meadaigeach Bharraigh agus Bhatarsaigh. Bhon Ghiblean an ath-bhliadhna tha iad a' cur romhpa nach bi Ionad Meadaigeach Bharraigh a' toirt seachad seirbheis ann an Ospadal an Naomh Brìanan no seirbheis dhotair-teaghlaich taobh a-muigh nan uairean àbhaisteach. Thuirt an Comhairliche Barrach, Dòmhnall Manford, gum bi dragh ann gus an tig soilleireachd air dè seòrsa seirbheis a tha NHS nan Eilean Siar a' cur nan àite.",
            "medium": "Geàrr-chunntas sgrìobhte de naidheachdan 11:00m, le clàr-fuaime na chois."
          },
          "imageUrl": "ichef.bbci.co.uk/images/ic/$recipe/p08zb6pc.jpg",
          "embedding": true,
          "advertising": true,
          "caption": "Naidheachdan 11:00m",
          "versions": [
            {
              "versionId": "p08zb5qr",
              "types": [
                "Original"
              ],
              "duration": 115,
              "durationISO8601": "PT1M55S",
              "warnings": {},
              "availableTerritories": {
                "uk": true,
                "nonUk": true
              },
              "availableFrom": 1606131264000
            }
          ],
          "imageCopyright": "BBC",
          "smpKind": "radioProgramme",
          "type": "media"
        },
        "indexImage": {
          "id": "115609523",
          "subType": "index",
          "href": "http://c.files.bbci.co.uk/7F4E/production/_115609523_p08zb6pc.jpg",
          "path": "/cpsprodpb/7F4E/production/_115609523_p08zb6pc.jpg",
          "height": 576,
          "width": 1024,
          "altText": "Stiùidio",
          "copyrightHolder": "BBC",
          "type": "image"
        },
        "options": {
          "isBreakingNews": false,
          "isFactCheck": false
        },
        "section": {
          "subType": "IDX",
          "name": "Dachaigh",
          "uri": "/naidheachdan/dachaigh",
          "type": "simple"
        },
        "id": "urn:bbc:ares::asset:naidheachdan/55018868",
        "type": "cps"
      }
    ]
  }