{
  "metadata": {
    "id": "urn:bbc:ares::asset:arabic/media-49580542",
    "locators": {
      "assetUri": "/arabic/media-49580542",
      "cpsUrn": "urn:bbc:content:assetUri:arabic/media-49580542",
      "curie": "http://www.bbc.co.uk/asset/16dcfb1b-f237-104a-b885-69e758171253",
      "assetId": "49580542"
    },
    "type": "MAP",
    "createdBy": "arabic-v6",
    "language": "ar",
    "lastUpdated": 1588319615667,
    "firstPublished": 1567610659000,
    "lastPublished": 1567610659000,
    "timestamp": 1567610659000,
    "options": {
      "isIgorSeoTagsEnabled": false,
      "includeComments": false,
      "allowRightHandSide": true,
      "isFactCheck": false,
      "allowDateStamp": true,
      "hasNewsTracker": false,
      "allowRelatedStoriesBox": true,
      "isKeyContent": false,
      "allowHeadline": true,
      "isBreakingNews": false,
      "allowPrintingSharingLinks": true
    },
    "analyticsLabels": {
      "cps_asset_type": "map",
      "counterName": "arabic.embedded_media.media_asset.49580542.page",
      "cps_asset_id": "49580542"
    },
    "passport": {
      "category": {
        "categoryId": "http://www.bbc.co.uk/ontologies/applicationlogic-news/News",
        "categoryName": "News"
      },
      "campaigns": [
        {
          "campaignId": "5a988e3e39461b000e9dabfb",
          "campaignName": "WS - Keep me on trend"
        }
      ],
      "taggings": []
    },
    "tags": {
      "about": [
        {
          "thingLabel": "بريطانيا والاتحاد الأوروبي",
          "thingUri": "http://www.bbc.co.uk/things/f94293fd-ff83-400e-8bc0-89ec01930fce#id",
          "thingId": "f94293fd-ff83-400e-8bc0-89ec01930fce",
          "thingType": ["core:Thing", "tagging:TagConcept", "core:Event"],
          "thingSameAs": [
            "http://www.wikidata.org/entity/Q7888194",
            "http://dbpedia.org/resource/Brexit"
          ],
          "topicName": "بريطانيا والاتحاد الأوروبي",
          "topicId": "c2dwq2kzzx8t",
          "curationList": [
            {
              "curationId": "7bb5ddbd-c1db-43c3-ad60-1ac3c6d6cede",
              "curationType": "vivo-stream"
            }
          ]
        },
        {
          "thingLabel": "المملكة المتحدة",
          "thingUri": "http://www.bbc.co.uk/things/2e91364c-5c77-4660-b76e-d76202785e64#id",
          "thingId": "2e91364c-5c77-4660-b76e-d76202785e64",
          "thingType": ["tagging:TagConcept", "core:Place", "core:Thing"],
          "thingSameAs": ["http://sws.geonames.org/2635167/"],
          "topicName": "المملكة المتحدة",
          "topicId": "cxnyk7xky6rt",
          "curationList": [
            {
              "curationId": "bc355278-add9-4fb3-a22c-76ee86c2fa2b",
              "curationType": "vivo-stream"
            }
          ]
        }
      ]
    },
    "version": "v1.2.1",
    "blockTypes": ["media", "paragraph"],
    "includeComments": false
  },
  "content": {
    "blocks": [
      {
        "id": "p07mf8wy",
        "subType": "clip",
        "format": "video",
        "title": "\"اعتدل في جلستك يا رجل\"",
        "synopses": {
          "short": "\"اعتدل في جلستك يا رجل\"",
          "long": "استلقى زعيم مجلس العموم والعضو البارز في حزب المحافظين جاكوب ريس موغ خلال جلسة بالبرلمان البريطاني أثناء كلمات لنواب معارضين لقرار رئيس الوزراء تعليق البرلمان.\n \nصوت النواب البريطانيون بواقع 328 صوتا مقابل 301 لصالح فرض سيطرتهم على جدول أعمال مجلس العموم، وهو ما يتيح لهم سن قانون بتأجيل تاريخ خروج بريطانيا من الاتحاد الأوروبي (بريكست). ورد رئيس الوزراء، بوريس جونسون، بأنه سيدعو لإجراء انتخابات عامة مبكرة إذا أقر النواب مقترح التأجيل.",
          "medium": "زعيم مجلس العموم والعضو البارز في حزب المحافظين جاكوب ريس موغ يستلقي خلال جلسة بالبرلمان البريطاني أثناء كلمات لنواب معارضين لقرار رئيس الوزراء تعليق البرلمان."
        },
        "imageUrl": "ichef.bbci.co.uk/images/ic/$recipe/p07mfb6b.jpg",
        "embedding": true,
        "advertising": true,
        "caption": "\"اعتدل في جلستك يا رجل\"",
        "versions": [
          {
            "versionId": "p07mf8x2",
            "types": ["Original"],
            "duration": 36,
            "durationISO8601": "PT36S",
            "warnings": {},
            "availableTerritories": {
              "uk": true,
              "nonUk": true,
              "world": false
            },
            "availableFrom": 1567610367000
          }
        ],
        "type": "media"
      },
      {
        "text": "استلقى زعيم مجلس العموم والعضو البارز في حزب المحافظين جاكوب ريس موغ خلال جلسة بالبرلمان البريطاني أثناء كلمات لنواب معارضين لقرار رئيس الوزراء تعليق البرلمان.",
        "markupType": "plain_text",
        "type": "paragraph"
      },
      {
        "text": " صوت النواب البريطانيون بواقع 328 صوتا مقابل 301 لصالح فرض سيطرتهم على جدول أعمال مجلس العموم، وهو ما يتيح لهم سن قانون بتأجيل تاريخ خروج بريطانيا من الاتحاد الأوروبي (بريكست). ورد رئيس الوزراء، بوريس جونسون، بأنه سيدعو لإجراء انتخابات عامة مبكرة إذا أقر النواب مقترح التأجيل.",
        "markupType": "plain_text",
        "type": "paragraph"
      }
    ]
  },
  "promo": {
    "headlines": {
      "shortHeadline": "\"اعتدل في جلستك يا رجل\"",
      "headline": "\"اعتدل في جلستك يا رجل\""
    },
    "locators": {
      "assetUri": "/arabic/media-49580542",
      "cpsUrn": "urn:bbc:content:assetUri:arabic/media-49580542",
      "curie": "http://www.bbc.co.uk/asset/16dcfb1b-f237-104a-b885-69e758171253",
      "assetId": "49580542"
    },
    "summary": "زعيم مجلس العموم والعضو البارز في حزب المحافظين جاكوب ريس موغ يستلقي خلال جلسة بالبرلمان البريطاني أثناء كلمات لنواب معارضين لقرار رئيس الوزراء تعليق البرلمان.",
    "timestamp": 1567610659000,
    "language": "ar",
    "passport": {
      "category": {
        "categoryId": "http://www.bbc.co.uk/ontologies/applicationlogic-news/News",
        "categoryName": "News"
      },
      "campaigns": [
        {
          "campaignId": "5a988e3e39461b000e9dabfb",
          "campaignName": "WS - Keep me on trend"
        }
      ],
      "taggings": []
    },
    "media": {
      "id": "p07mf8wy",
      "subType": "clip",
      "format": "video",
      "title": "\"اعتدل في جلستك يا رجل\"",
      "synopses": {
        "short": "\"اعتدل في جلستك يا رجل\"",
        "long": "استلقى زعيم مجلس العموم والعضو البارز في حزب المحافظين جاكوب ريس موغ خلال جلسة بالبرلمان البريطاني أثناء كلمات لنواب معارضين لقرار رئيس الوزراء تعليق البرلمان.\n \nصوت النواب البريطانيون بواقع 328 صوتا مقابل 301 لصالح فرض سيطرتهم على جدول أعمال مجلس العموم، وهو ما يتيح لهم سن قانون بتأجيل تاريخ خروج بريطانيا من الاتحاد الأوروبي (بريكست). ورد رئيس الوزراء، بوريس جونسون، بأنه سيدعو لإجراء انتخابات عامة مبكرة إذا أقر النواب مقترح التأجيل.",
        "medium": "زعيم مجلس العموم والعضو البارز في حزب المحافظين جاكوب ريس موغ يستلقي خلال جلسة بالبرلمان البريطاني أثناء كلمات لنواب معارضين لقرار رئيس الوزراء تعليق البرلمان."
      },
      "imageUrl": "ichef.bbci.co.uk/images/ic/$recipe/p07mfb6b.jpg",
      "embedding": true,
      "advertising": true,
      "caption": "\"اعتدل في جلستك يا رجل\"",
      "versions": [
        {
          "versionId": "p07mf8x2",
          "types": ["Original"],
          "duration": 36,
          "durationISO8601": "PT36S",
          "warnings": {},
          "availableTerritories": { "uk": true, "nonUk": true, "world": false },
          "availableFrom": 1567610367000
        }
      ],
      "type": "media"
    },
    "indexImage": {
      "id": "108611199",
      "subType": "index",
      "href": "http://c.files.bbci.co.uk/18327/production/_108611199_p07mfb6b.jpg",
      "path": "/cpsprodpb/18327/production/_108611199_p07mfb6b.jpg",
      "height": 549,
      "width": 976,
      "altText": "\"اعتدل في جلستك يا رجل\"",
      "caption": "\"اعتدل في جلستك يا رجل\"",
      "copyrightHolder": "BBC",
      "type": "image"
    },
    "id": "urn:bbc:ares::asset:arabic/media-49580542",
    "type": "cps"
  },
  "relatedContent": {
    "section": {
      "subType": "index",
      "name": "فيديو",
      "uri": "/arabic/media",
      "type": "simple"
    },
    "site": {
      "subType": "site",
      "name": "BBC Arabic",
      "uri": "/arabic",
      "type": "simple"
    },
    "groups": [
      {
        "type": "see-alsos",
        "promos": [
          {
            "headlines": {
              "shortHeadline": "بريكست: لماذا يصعب الاتفاق؟",
              "headline": "بريكست: لماذا يصعب الاتفاق؟"
            },
            "locators": {
              "assetUri": "/arabic/media-49558493",
              "cpsUrn": "urn:bbc:content:assetUri:/arabic/media-49558493"
            },
            "summary": "تقرر تعليق عمل البرلمان البريطاني بعد أيام فقط من عودته للاتعقاد في أيلول/ سبتمبر، وقبل أسابيع فقط من موعد خروج بريطانيا من الاتحاد الأوروبي.",
            "timestamp": 1567443090000,
            "language": "ar",
            "cpsType": "MAP",
            "media": {
              "id": "p07m8g31",
              "subType": "clip",
              "format": "video",
              "title": "لماذا لا يتفق أحد على ما يجري حول خروج بريطانيا من الاتحاد الأوروبي؟",
              "synopses": {
                "short": "لماذا لا يتفق أحد على ما يجري حول خروج بريطانيا من الاتحاد الأوروبي؟",
                "long": "علقت حكومة المملكة المتحدة عمل البرلمان لمدة خمسة أسابيع، وهي خطوة يزعم سياسيو المعارضة أنها \"انقلاب\". \nلكن الحكومة تقول إن القرار يتماشى مع الطريقة التي يعمل بها النظام السياسي البريطاني. \nإذن كيف انتهى الأمر بانقسام البلد وهل هناك مخرج واضح؟",
                "medium": "تقرر تعليق عمل البرلمان البريطاني بعد أيام فقط من عودة نوابه للالتئام في أيلول / سبتمبر، وقبل اسابيع فقط من موعد خروج بريطانيا من الاتحاد الأوروبي."
              },
              "imageUrl": "ichef.bbci.co.uk/images/ic/$recipe/p07m8gr2.jpg",
              "embedding": true,
              "advertising": true,
              "caption": "لماذا لا يتفق أحد على ما يجري حول خروج بريطانيا من الاتحاد الأوروبي؟",
              "versions": [
                {
                  "versionId": "p07m8g3b",
                  "types": ["Original"],
                  "duration": 139,
                  "durationISO8601": "PT2M19S",
                  "warnings": {},
                  "availableTerritories": {
                    "uk": true,
                    "nonUk": true,
                    "world": false
                  },
                  "availableFrom": 1567442670000
                }
              ],
              "imageCopyright": "BBC",
              "type": "media"
            },
            "indexImage": {
              "id": "108589216",
              "subType": "index",
              "href": "http://c.files.bbci.co.uk/EF72/production/_108589216_p07m8gr2.jpg",
              "path": "/cpsprodpb/EF72/production/_108589216_p07m8gr2.jpg",
              "height": 549,
              "width": 976,
              "altText": "UK",
              "copyrightHolder": "BBC",
              "type": "image"
            },
            "mediaType": "Video",
            "id": "urn:bbc:ares::asset:arabic/media-49558493",
            "type": "cps"
          },
          {
            "headlines": {
              "shortHeadline": "بريكست: 7 سيناريوهات لخروج بريطانيا من الاتحاد الأوروبي",
              "headline": "بريكست: 7 سيناريوهات لخروج بريطانيا من الاتحاد الأوروبي"
            },
            "locators": {
              "assetUri": "/arabic/media-46509005",
              "cpsUrn": "urn:bbc:content:assetUri:/arabic/media-46509005"
            },
            "summary": "رئيسة الوزراء البريطانية تيريزا ماي تواجه تحديا صعبا يوم الثلاثاء، حين يصوت الأعضاء في مجلس العموم البريطاني على الاتفاق الخاص بالانسحاب من الاتحاد الأوروبي.",
            "timestamp": 1544441254000,
            "language": "ar",
            "cpsType": "MAP",
            "media": {
              "id": "p06v4rxf",
              "subType": "clip",
              "format": "video",
              "title": "7 سيناريوهات لخروج بريطانيا من الاتحاد الأوروبي",
              "synopses": {
                "short": "7 سيناريوهات لخروج بريطانيا من الاتحاد الأوروبي",
                "long": "تواجه رئيسة الوزراء البريطانية تيريزا ماي تحديا صعبا يوم الثلاثاء، حين يصوت الأعضاء في مجلس العموم البريطاني على الاتفاق الخاص بالانسحاب من الاتحاد الأوروبي. \n\nوكان عدد كبير من نواب البرلمان قد عبروا عن رفضهم لهذا الاتفاق حتى من داخل حزب المحافظين، مما يضع زعيمة الحزب ماي في مأزق صعب قد يعصف بمستقبلها السياسي \n\nتقرير منى با.",
                "medium": "رئيسة الوزراء البريطانية تيريزا ماي تواجه تحديا صعبا يوم الثلاثاء، حين يصوت الأعضاء في مجلس العموم البريطاني على الاتفاق الخاص بالانسحاب من الاتحاد الأوروبي."
              },
              "imageUrl": "ichef.bbci.co.uk/images/ic/$recipe/p06v4ykq.jpg",
              "embedding": true,
              "advertising": true,
              "caption": "7 سيناريوهات لخروج بريطانيا من الاتحاد الأوروبي",
              "versions": [
                {
                  "versionId": "p06v4yhp",
                  "types": ["Editorial"],
                  "duration": 195,
                  "durationISO8601": "PT3M15S",
                  "warnings": {},
                  "availableTerritories": {
                    "uk": true,
                    "nonUk": true,
                    "world": false
                  },
                  "availableFrom": 1544437886000
                }
              ],
              "type": "media"
            },
            "indexImage": {
              "id": "104716545",
              "subType": "index",
              "href": "http://c.files.bbci.co.uk/D521/production/_104716545_p06v4ykq.jpg",
              "path": "/cpsprodpb/D521/production/_104716545_p06v4ykq.jpg",
              "height": 549,
              "width": 976,
              "altText": "رئيسة الوزراء البريطانية تيريزا ماي تواجه تحديا صعبا يوم الثلاثاء، حين يصوت الأعضاء في مجلس العموم البريطاني على الاتفاق الخاص بالانسحاب من الاتحاد الأوروبي.",
              "copyrightHolder": "BBC",
              "type": "image"
            },
            "mediaType": "Video",
            "id": "urn:bbc:ares::asset:arabic/media-46509005",
            "type": "cps"
          },
          {
            "headlines": {
              "shortHeadline": "عراة يقاطعون جلسة البرلمان البريطاني",
              "headline": "ناشطون شبه عراة يقاطعون جلسة البرلمان البريطاني حول أزمة بريكست"
            },
            "locators": {
              "assetUri": "/arabic/media-47793693",
              "cpsUrn": "urn:bbc:content:assetUri:/arabic/media-47793693"
            },
            "summary": "قاطع ناشطون في مجال التغير المناخي جلسة كان يناقش خلالها نواب البرلمان البريطاني الخروج من الاتحاد الأوروبي (البريكست) يوم الاثنين 1 نيسان / أبريل.",
            "timestamp": 1554222549000,
            "language": "ar",
            "cpsType": "MAP",
            "media": {
              "id": "p0759tfw",
              "subType": "clip",
              "format": "video",
              "title": "عراة يقاطعون جلسة البرلمان البريطاني",
              "synopses": {
                "short": "ناشطون شبه عراة يقاطعون جلسة البرلمان البريطاني حول أزمة بريكست",
                "long": "قاطع ناشطون في مجال التغير المناخي جلسة كان يناقش خلالها نواب البرلمان البريطاني الخروج من الاتحاد الأوروبي (البريكست) يوم الاثنين 1 نيسان / أبريل.\nووقف المحتجون لأكثر من 20 دقيقة وهم شبه عراة وموجهين ظهورهم لمجلس النواب. \nوبالرغم من جدية النقاش ومطالب المحتجين، تشتت انتباه البعض، فيما قام البعض الآخر بتلميحات ساخرة عن الموقف.",
                "medium": "قاطع ناشطون في مجال التغير المناخي جلسة كان يناقش خلالها نواب البرلمان البريطاني الخروج من الاتحاد الأوروبي (البريكست) يوم الاثنين 1 نيسان / أبريل."
              },
              "imageUrl": "ichef.bbci.co.uk/images/ic/$recipe/p0759w54.jpg",
              "embedding": true,
              "advertising": true,
              "caption": "ناشطون ضد التغير المناخي يقاطعون جلسة لنقاش أزمة البريكست شبه عراة",
              "versions": [
                {
                  "versionId": "p0759tg1",
                  "types": ["Original"],
                  "duration": 50,
                  "durationISO8601": "PT50S",
                  "warnings": {},
                  "availableTerritories": {
                    "uk": true,
                    "nonUk": true,
                    "world": false
                  },
                  "availableFrom": 1554221942000
                }
              ],
              "imageCopyright": "extinction rebellion",
              "type": "media"
            },
            "indexImage": {
              "id": "106275171",
              "subType": "index",
              "href": "http://c.files.bbci.co.uk/4305/production/_106275171_p0759tsx.jpg",
              "path": "/cpsprodpb/4305/production/_106275171_p0759tsx.jpg",
              "height": 549,
              "width": 976,
              "altText": "ناشطون ضد التغير المناخي يقاطعون جلسة للبرلمان البريطاني",
              "copyrightHolder": "extinction rebellion",
              "type": "image"
            },
            "mediaType": "Video",
            "id": "urn:bbc:ares::asset:arabic/media-47793693",
            "type": "cps"
          }
        ]
      }
    ]
  }
}
