{
  "metadata":{
     "id":"urn:bbc:ares::asset:mundo/media-52123665",
     "locators":{
        "assetUri":"/mundo/media-52123665",
        "cpsUrn":"urn:bbc:content:assetUri:mundo/media-52123665",
        "curie":"http://www.bbc.co.uk/asset/0962c208-9064-9d45-9c80-2fb07c9c0a47",
        "assetId":"52123665"
     },
     "type":"MAP",
     "createdBy":"mundo-v6",
     "language":"es",
     "lastUpdated":1621634507002,
     "firstPublished":1585746911000,
     "lastPublished":1585746911000,
     "timestamp":1585746911000,
     "options":{
        "isIgorSeoTagsEnabled":false,
        "includeComments":false,
        "allowRightHandSide":true,
        "isFactCheck":false,
        "allowDateStamp":true,
        "hasNewsTracker":false,
        "allowRelatedStoriesBox":true,
        "isKeyContent":false,
        "allowHeadline":true,
        "isBreakingNews":false,
        "allowPrintingSharingLinks":true
     },
     "analyticsLabels":{
        "cps_asset_type":"map",
        "counterName":"mundo.media.media_asset.52123665.page",
        "cps_asset_id":"52123665"
     },
     "passport":{
        "category":{
           "categoryId":"http://www.bbc.co.uk/ontologies/applicationlogic-news/Feature",
           "categoryName":"Feature"
        },
        "campaigns":[
           {
              "campaignId":"5a988e2139461b000e9dabf7",
              "campaignName":"WS - Inspire me"
           }
        ],
        "taggings":[
           
        ],
        "predicates":{
           "about":[
              {
                 "value":"http://www.bbc.co.uk/things/0239ab33-1cfc-4f5d-babb-a8159711af3e#id",
                 "thingLabel":"Sociedad",
                 "thingUri":"http://www.bbc.co.uk/things/0239ab33-1cfc-4f5d-babb-a8159711af3e#id",
                 "thingId":"0239ab33-1cfc-4f5d-babb-a8159711af3e",
                 "thingType":[
                    "tagging:TagConcept",
                    "core:Theme",
                    "core:Thing"
                 ],
                 "thingSameAs":[
                    
                 ],
                 "thingEnglishLabel":"Life",
                 "type":"about"
              },
              {
                 "value":"http://www.bbc.co.uk/things/37dcc888-51a7-4470-82d8-8ef2b811d482#id",
                 "thingLabel":"Arte",
                 "thingUri":"http://www.bbc.co.uk/things/37dcc888-51a7-4470-82d8-8ef2b811d482#id",
                 "thingId":"37dcc888-51a7-4470-82d8-8ef2b811d482",
                 "thingType":[
                    "core:Theme",
                    "tagging:TagConcept",
                    "core:Thing"
                 ],
                 "thingSameAs":[
                    "http://www.wikidata.org/entity/Q735",
                    "http://dbpedia.org/resource/Art"
                 ],
                 "thingEnglishLabel":"Art",
                 "type":"about"
              },
              {
                 "value":"http://www.bbc.co.uk/things/6a73afa3-ea6b-45c1-80bb-49060b99f864#id",
                 "thingLabel":"Sociedad y Cultura",
                 "thingUri":"http://www.bbc.co.uk/things/6a73afa3-ea6b-45c1-80bb-49060b99f864#id",
                 "thingId":"6a73afa3-ea6b-45c1-80bb-49060b99f864",
                 "thingType":[
                    "tagging:TagConcept",
                    "core:Thing",
                    "core:Theme"
                 ],
                 "thingSameAs":[
                    "http://dbpedia.org/resource/Culture",
                    "http://www.wikidata.org/entity/Q11042"
                 ],
                 "thingEnglishLabel":"Culture",
                 "type":"about"
              }
           ]
        }
     },
     "tags":{
        "about":[
           {
              "thingLabel":"Sociedad",
              "thingUri":"http://www.bbc.co.uk/things/0239ab33-1cfc-4f5d-babb-a8159711af3e#id",
              "thingId":"0239ab33-1cfc-4f5d-babb-a8159711af3e",
              "thingType":[
                 "tagging:TagConcept",
                 "core:Theme",
                 "core:Thing"
              ],
              "thingSameAs":[
                 
              ],
              "topicName":"Sociedad",
              "topicId":"c404v5gr5gkt",
              "curationList":[
                 {
                    "curationId":"3ae3a047-4a4a-4773-ad76-2d1d18ff6cf2",
                    "curationType":"vivo-stream"
                 }
              ],
              "thingEnglishLabel":"Life",
              "thingLabelLanguage":"es",
              "thingPreferredLabel":"Life"
           },
           {
              "thingLabel":"Arte",
              "thingUri":"http://www.bbc.co.uk/things/37dcc888-51a7-4470-82d8-8ef2b811d482#id",
              "thingId":"37dcc888-51a7-4470-82d8-8ef2b811d482",
              "thingType":[
                 "core:Theme",
                 "tagging:TagConcept",
                 "core:Thing"
              ],
              "thingSameAs":[
                 "http://www.wikidata.org/entity/Q735",
                 "http://dbpedia.org/resource/Art"
              ],
              "topicName":"Arte",
              "topicId":"c95y3r88vzvt",
              "curationList":[
                 {
                    "curationId":"d5847bdd-084a-48b4-b383-1e6e2070b293",
                    "curationType":"vivo-stream"
                 }
              ],
              "thingEnglishLabel":"Art",
              "thingLabelLanguage":"es",
              "thingPreferredLabel":"Art"
           },
           {
              "thingLabel":"Sociedad y Cultura",
              "thingUri":"http://www.bbc.co.uk/things/6a73afa3-ea6b-45c1-80bb-49060b99f864#id",
              "thingId":"6a73afa3-ea6b-45c1-80bb-49060b99f864",
              "thingType":[
                 "tagging:TagConcept",
                 "core:Thing",
                 "core:Theme"
              ],
              "thingSameAs":[
                 "http://dbpedia.org/resource/Culture",
                 "http://www.wikidata.org/entity/Q11042"
              ],
              "topicName":"Sociedad y Cultura",
              "topicId":"c2dwq9zyv4yt",
              "curationList":[
                 {
                    "curationId":"1fe8030e-61ed-44f6-a798-f05acc8eb4b9",
                    "curationType":"vivo-stream"
                 }
              ],
              "thingEnglishLabel":"Culture",
              "thingLabelLanguage":"es",
              "thingPreferredLabel":"Culture"
           }
        ]
     },
     "version":"v1.3.13",
     "blockTypes":[
        "media",
        "paragraph"
     ],
     "includeComments":false,
     "atiAnalytics":{
        "producerName":"MUNDO",
        "producerId":"62"
     },
     "readTime":1,
     "siteUri":"/mundo",
     "topics":[
        {
           "topicName":"Sociedad y Cultura",
           "topicId":"c2dwq9zyv4yt",
           "subjectList":[
              {
                 "subjectId":"http://www.bbc.co.uk/things/6a73afa3-ea6b-45c1-80bb-49060b99f864#id",
                 "subjectType":"tag"
              }
           ],
           "curationList":[
              {
                 "curationId":"1fe8030e-61ed-44f6-a798-f05acc8eb4b9",
                 "curationType":"vivo-stream",
                 "visualProminence":"NORMAL"
              }
           ],
           "types":[
              "tagging:TagConcept",
              "core:Thing",
              "core:Theme"
           ],
           "home":"http://www.bbc.co.uk/ontologies/passport/home/Mundo"
        },
        {
           "topicName":"Sociedad",
           "topicId":"c404v5gr5gkt",
           "subjectList":[
              {
                 "subjectId":"http://www.bbc.co.uk/things/0239ab33-1cfc-4f5d-babb-a8159711af3e#id",
                 "subjectType":"tag"
              }
           ],
           "curationList":[
              {
                 "curationId":"3ae3a047-4a4a-4773-ad76-2d1d18ff6cf2",
                 "curationType":"vivo-stream",
                 "visualProminence":"NORMAL"
              }
           ],
           "types":[
              "tagging:TagConcept",
              "core:Theme",
              "core:Thing"
           ],
           "home":"http://www.bbc.co.uk/ontologies/passport/home/Mundo"
        },
        {
           "topicName":"Arte",
           "topicId":"c95y3r88vzvt",
           "subjectList":[
              {
                 "subjectId":"http://www.bbc.co.uk/things/37dcc888-51a7-4470-82d8-8ef2b811d482#id",
                 "subjectType":"tag"
              }
           ],
           "curationList":[
              {
                 "curationId":"d5847bdd-084a-48b4-b383-1e6e2070b293",
                 "curationType":"vivo-stream",
                 "visualProminence":"NORMAL"
              }
           ],
           "types":[
              "core:Theme",
              "tagging:TagConcept",
              "core:Thing"
           ],
           "home":"http://www.bbc.co.uk/ontologies/passport/home/Mundo"
        }
     ]
  },
  "content":{
     "blocks":[
        {
           "id":"p08884y1",
           "subType":"clip",
           "format":"video",
           "title":"David Hockney animation from Normandy",
           "synopses":{
              "short":"One of David Hockney's animated paintings from Normandy",
              "long":"One of David Hockney's animated paintings from Normandy",
              "medium":"One of David Hockney's animated paintings from Normandy"
           },
           "imageUrl":"ichef.bbci.co.uk/images/ic/$recipe/p0889gkq.jpg",
           "embedding":true,
           "advertising":true,
           "caption":"La animación de uno de los dibujos de David Hockney creado en Normandía",
           "versions":[
              {
                 "versionId":"p08884y6",
                 "types":[
                    "Original"
                 ],
                 "duration":45,
                 "durationISO8601":"PT45S",
                 "warnings":{
                    
                 },
                 "availableTerritories":{
                    "uk":true,
                    "nonUk":true
                 },
                 "availableFrom":1585719158000
              }
           ],
           "imageCopyright":"David Hockney",
           "smpKind":"programme",
           "type":"media"
        },
        {
           "text":"La animación de uno de los dibujos de David Hockney creado en Normandía",
           "markupType":"plain_text",
           "type":"paragraph"
        }
     ]
  },
  "promo":{
     "headlines":{
        "shortHeadline":"Animación creada por David Hockney",
        "headline":"La animación de uno de los dibujos de David Hockney creado en Normandía"
     },
     "locators":{
        "assetUri":"/mundo/media-52123665",
        "cpsUrn":"urn:bbc:content:assetUri:mundo/media-52123665",
        "curie":"http://www.bbc.co.uk/asset/0962c208-9064-9d45-9c80-2fb07c9c0a47",
        "assetId":"52123665"
     },
     "summary":"La animación de uno de los dibujos de David Hockney creado en Normandía",
     "timestamp":1585746911000,
     "language":"es",
     "passport":{
        "category":{
           "categoryId":"http://www.bbc.co.uk/ontologies/applicationlogic-news/Feature",
           "categoryName":"Feature"
        },
        "campaigns":[
           {
              "campaignId":"5a988e2139461b000e9dabf7",
              "campaignName":"WS - Inspire me"
           }
        ],
        "taggings":[
           
        ],
        "predicates":{
           "about":[
              {
                 "value":"http://www.bbc.co.uk/things/0239ab33-1cfc-4f5d-babb-a8159711af3e#id",
                 "thingLabel":"Sociedad",
                 "thingUri":"http://www.bbc.co.uk/things/0239ab33-1cfc-4f5d-babb-a8159711af3e#id",
                 "thingId":"0239ab33-1cfc-4f5d-babb-a8159711af3e",
                 "thingType":[
                    "tagging:TagConcept",
                    "core:Theme",
                    "core:Thing"
                 ],
                 "thingSameAs":[
                    
                 ],
                 "thingEnglishLabel":"Life",
                 "type":"about"
              },
              {
                 "value":"http://www.bbc.co.uk/things/37dcc888-51a7-4470-82d8-8ef2b811d482#id",
                 "thingLabel":"Arte",
                 "thingUri":"http://www.bbc.co.uk/things/37dcc888-51a7-4470-82d8-8ef2b811d482#id",
                 "thingId":"37dcc888-51a7-4470-82d8-8ef2b811d482",
                 "thingType":[
                    "core:Theme",
                    "tagging:TagConcept",
                    "core:Thing"
                 ],
                 "thingSameAs":[
                    "http://www.wikidata.org/entity/Q735",
                    "http://dbpedia.org/resource/Art"
                 ],
                 "thingEnglishLabel":"Art",
                 "type":"about"
              },
              {
                 "value":"http://www.bbc.co.uk/things/6a73afa3-ea6b-45c1-80bb-49060b99f864#id",
                 "thingLabel":"Sociedad y Cultura",
                 "thingUri":"http://www.bbc.co.uk/things/6a73afa3-ea6b-45c1-80bb-49060b99f864#id",
                 "thingId":"6a73afa3-ea6b-45c1-80bb-49060b99f864",
                 "thingType":[
                    "tagging:TagConcept",
                    "core:Thing",
                    "core:Theme"
                 ],
                 "thingSameAs":[
                    "http://dbpedia.org/resource/Culture",
                    "http://www.wikidata.org/entity/Q11042"
                 ],
                 "thingEnglishLabel":"Culture",
                 "type":"about"
              }
           ]
        }
     },
     "media":{
        "id":"p08884y1",
        "subType":"clip",
        "format":"video",
        "title":"David Hockney animation from Normandy",
        "synopses":{
           "short":"One of David Hockney's animated paintings from Normandy",
           "long":"One of David Hockney's animated paintings from Normandy",
           "medium":"One of David Hockney's animated paintings from Normandy"
        },
        "imageUrl":"ichef.bbci.co.uk/images/ic/$recipe/p0889gkq.jpg",
        "embedding":true,
        "advertising":true,
        "caption":"La animación de uno de los dibujos de David Hockney creado en Normandía",
        "versions":[
           {
              "versionId":"p08884y6",
              "types":[
                 "Original"
              ],
              "duration":45,
              "durationISO8601":"PT45S",
              "warnings":{
                 
              },
              "availableTerritories":{
                 "uk":true,
                 "nonUk":true
              },
              "availableFrom":1585719158000
           }
        ],
        "imageCopyright":"David Hockney",
        "smpKind":"programme",
        "type":"media"
     },
     "indexImage":{
        "id":"111495397",
        "subType":"index",
        "href":"http://c.files.bbci.co.uk/135FF/production/_111495397_p0889gkq.jpg",
        "path":"/cpsprodpb/135FF/production/_111495397_p0889gkq.jpg",
        "height":576,
        "width":1024,
        "altText":"David Hockney animation",
        "copyrightHolder":"David Hockney",
        "type":"image"
     },
     "id":"urn:bbc:ares::asset:mundo/media-52123665",
     "type":"cps"
  },
  "relatedContent":{
     "section":{
        "subType":"index",
        "name":"Media",
        "uri":"/mundo/media",
        "type":"simple"
     },
     "site":{
        "subType":"site",
        "name":"BBC Mundo",
        "uri":"/mundo",
        "type":"simple"
     },
     "groups":[
        
     ]
  }
}