{
  "generated": "2020-07-07T15:57:23.387Z",
  "lastRecordTimeStamp": "2030-01-01T17:00:00Z",
  "firstRecordTimeStamp": "2020-07-07T13:52:00Z",
  "totalRecords": 20,
  "records": [
    {
      "id": "9ad6e6fa-93e6-9746-b23f-1f749ddde2fb",
      "rank": 1,
      "count": 50,
      "urn": "urn:bbc:curie:asset:9ad6e6fa-93e6-9746-b23f-1f749ddde2fb",
      "promo": {
        "headlines": {
          "shortHeadline": "સેક્સ વર્કર્સની દીકરીઓએ કેવી રીતે નવું જીવન શરૂ કર્યું?",
          "headline": "મુંબઈની સેક્સ વર્કર્સની દીકરીઓએ બ્રિટનમાં પરફોર્મ કર્યું"
        },
        "locators": {
          "assetUri": "/gujarati/41322518",
          "cpsUrn": "urn:bbc:content:assetUri:gujarati/41322518",
          "curie": "http://www.bbc.co.uk/asset/9ad6e6fa-93e6-9746-b23f-1f749ddde2fb",
          "assetId": "41322518"
        },
        "summary": "ઍડિનબર્ગ ફેસ્ટિવલમાં તેમની નજરે સફળતાની વ્યાખ્યા મંચન દ્વારા રજૂ કરી હતી.",
        "timestamp": 1507118390000,
        "language": "gu",
        "passport": {
          "category": {
            "categoryId": "http://www.bbc.co.uk/ontologies/applicationlogic-news/Feature",
            "categoryName": "Feature"
          },
          "taggings": []
        },
        "media": {
          "id": "41322519",
          "subType": "primary",
          "format": "video",
          "externalId": "p05gl58l",
          "entityType": "Clip",
          "caption": "મુંબઈની સેક્સ વર્કર્સની દીકરીઓએ બ્રિટનમાં પરફોર્મ કર્યું",
          "type": "external_vpid"
        },
        "indexImage": {
          "id": "97969331",
          "subType": "index",
          "href": "http://c.files.bbci.co.uk/3454/production/_97969331_p05gshhg.jpg",
          "path": "/cpsprodpb/3454/production/_97969331_p05gshhg.jpg",
          "height": 576,
          "width": 1024,
          "altText": "ઍડિનબર્ગ ફેસ્ટિવલમાં તેમની નજરે સફળતાની વ્યાખ્યા મંચન દ્વારા રજૂ કરી",
          "copyrightHolder": "મુંબઈની સેક્સ વર્કર્સની દીકરીઓએ ઍડિનબર્ગ ફેસ્ટિવલમ",
          "type": "image"
        },
        "id": "urn:bbc:ares::asset:gujarati/41322518",
        "type": "cps"
      }
    },
    {
      "id": "cc481a65-0545-bb4a-ba13-3c3575ee8ac1",
      "rank": 2,
      "count": 36,
      "urn": "urn:bbc:curie:asset:cc481a65-0545-bb4a-ba13-3c3575ee8ac1",
      "promo": {
        "headlines": {
          "shortHeadline": "યુવાનો સેક્સટિંગ વિશે શું વિચારે છે?",
          "headline": "યુવાનો સેક્સટિંગ વિશે શું વિચારે છે?"
        },
        "locators": {
          "assetUri": "/gujarati/media-46782686",
          "cpsUrn": "urn:bbc:content:assetUri:gujarati/media-46782686",
          "curie": "http://www.bbc.co.uk/asset/cc481a65-0545-bb4a-ba13-3c3575ee8ac1",
          "assetId": "46782686"
        },
        "summary": "સેક્સટિંગ શું છે અને તેના વિશે યુવાનો શું વિચારે છે?",
        "timestamp": 1546943409000,
        "language": "gu",
        "passport": {
          "category": {
            "categoryId": "http://www.bbc.co.uk/ontologies/applicationlogic-news/News",
            "categoryName": "News"
          },
          "campaigns": [
            {
              "campaignId": "5a988e2939461b000e9dabf8",
              "campaignName": "Educate me"
            }
          ],
          "taggings": []
        },
        "media": {
          "id": "46782687",
          "subType": "primary",
          "format": "video",
          "externalId": "p06xdmnt",
          "entityType": "Clip",
          "caption": "યુવાનો સેક્સ ચૅટ વિશે શું વિચારે છે?",
          "type": "external_vpid"
        },
        "indexImage": {
          "id": "105088303",
          "subType": "index",
          "href": "http://c.files.bbci.co.uk/76B4/production/_105088303_p06xdvfl.jpg",
          "path": "/cpsprodpb/76B4/production/_105088303_p06xdvfl.jpg",
          "height": 549,
          "width": 976,
          "altText": "નિશા નામની યુવતી",
          "copyrightHolder": "BBC",
          "type": "image"
        },
        "id": "urn:bbc:ares::asset:gujarati/media-46782686",
        "type": "cps"
      }
    },
    {
      "id": "0d18c68c-576e-4722-8d85-1abdad62c182",
      "rank": 3,
      "count": 21,
      "urn": "urn:bbc:curie:asset:0d18c68c-576e-4722-8d85-1abdad62c182",
      "promo": {
        "headlines": {
          "shortHeadline": "કોરોના વાઇરસ ફેલાય એ પહેલાં જ લોકોને ઍલર્ટ કરી શકાશે?",
          "headline": "કોરોના વાઇરસ ફેલાય એ પહેલાં જ લોકોને ઍલર્ટ કરી શકાશે?"
        },
        "locators": {
          "assetUri": "/gujarati/media-53322090",
          "cpsUrn": "urn:bbc:content:assetUri:gujarati/media-53322090",
          "curie": "http://www.bbc.co.uk/asset/0d18c68c-576e-4722-8d85-1abdad62c182",
          "assetId": "53322090"
        },
        "summary": "યુકેમાં વિજ્ઞાનીઓ ગટરના પાણીમાં કોરોનાની હાજરી અંગે સંશોધન કરી રહ્યા છે.",
        "timestamp": 1594118016000,
        "language": "gu",
        "passport": {
          "category": {
            "categoryId": "http://www.bbc.co.uk/ontologies/applicationlogic-news/News",
            "categoryName": "News"
          },
          "campaigns": [
            {
              "campaignId": "5a988e3e39461b000e9dabfb",
              "campaignName": "WS - Keep me on trend"
            },
            {
              "campaignId": "5a988e4739461b000e9dabfc",
              "campaignName": "WS - Update me"
            }
          ],
          "taggings": []
        },
        "media": {
          "id": "53322091",
          "subType": "primary",
          "format": "video",
          "externalId": "p08k2fct",
          "entityType": "Clip",
          "caption": "કોરોના વાઇરસ ફેલાય એ પહેલાં જ લોકોને ઍલર્ટ કરી શકાશે?",
          "type": "external_vpid"
        },
        "indexImage": {
          "id": "113267977",
          "subType": "index",
          "href": "http://c.files.bbci.co.uk/13098/production/_113267977_p08k2g9z.jpg",
          "path": "/cpsprodpb/13098/production/_113267977_p08k2g9z.jpg",
          "height": 549,
          "width": 976,
          "altText": "કોરોના વાઇરસ",
          "copyrightHolder": "Getty Images",
          "type": "image"
        },
        "id": "urn:bbc:ares::asset:gujarati/media-53322090",
        "type": "cps"
      }
    },
    {
      "id": "9deadc98-09e4-43e3-adcb-f06f7af7a4f0",
      "rank": 4,
      "count": 19,
      "urn": "urn:bbc:curie:asset:9deadc98-09e4-43e3-adcb-f06f7af7a4f0",
      "promo": {
        "headlines": {
          "shortHeadline": "જામનગરમાં ઘરો ડૂબ્યાં, NDRFએ લોકોને બચાવ્યાં",
          "headline": "ગુજરાતમાં ચોમાસું : જામનગરમાં ઘરો ડૂબ્યાં, NDRFએ લોકોને બચાવ્યાં"
        },
        "locators": {
          "assetUri": "/gujarati/media-53318372",
          "cpsUrn": "urn:bbc:content:assetUri:gujarati/media-53318372",
          "curie": "http://www.bbc.co.uk/asset/9deadc98-09e4-43e3-adcb-f06f7af7a4f0",
          "assetId": "53318372"
        },
        "summary": "સૌરાષ્ટ્રમાં છેલ્લા બે દિવસથી અનરાધાર વરસાદ પડી રહ્યો છે.",
        "timestamp": 1594112421000,
        "language": "gu",
        "passport": {
          "category": {
            "categoryId": "http://www.bbc.co.uk/ontologies/applicationlogic-news/News",
            "categoryName": "News"
          },
          "campaigns": [
            {
              "campaignId": "5a988e3e39461b000e9dabfb",
              "campaignName": "WS - Keep me on trend"
            },
            {
              "campaignId": "5a988e4739461b000e9dabfc",
              "campaignName": "WS - Update me"
            }
          ],
          "taggings": []
        },
        "media": {
          "id": "53320316",
          "subType": "primary",
          "format": "video",
          "externalId": "p08k23p5",
          "entityType": "Clip",
          "caption": "જામનગરમાં ઘરો ડૂબ્યાં, NDRFએ લોકોને બચાવ્યાં",
          "type": "external_vpid"
        },
        "indexImage": {
          "id": "113265378",
          "subType": "index",
          "href": "http://c.files.bbci.co.uk/1553C/production/_113265378_p08k2429.jpg",
          "path": "/cpsprodpb/1553C/production/_113265378_p08k2429.jpg",
          "height": 549,
          "width": 976,
          "altText": "જામનગર",
          "copyrightHolder": "BBC",
          "type": "image"
        },
        "id": "urn:bbc:ares::asset:gujarati/media-53318372",
        "type": "cps"
      }
    },
    {
      "id": "9052e10d-c658-4596-9a07-b4190b9d4e01",
      "rank": 5,
      "count": 14,
      "urn": "urn:bbc:curie:asset:9052e10d-c658-4596-9a07-b4190b9d4e01",
      "promo": {
        "headlines": {
          "shortHeadline": "સૌરાષ્ટ્ર પર વરસાદી આપદા ડ્રોન કૅમેરાની નજરે આવી દેખાય છે",
          "headline": "ગુજરાતમાં ચોમાસું : સૌરાષ્ટ્ર પર વરસાદી આપદા ડ્રોન કૅમેરાની નજરે આવી દેખાય છે"
        },
        "locators": {
          "assetUri": "/gujarati/media-53320980",
          "cpsUrn": "urn:bbc:content:assetUri:gujarati/media-53320980",
          "curie": "http://www.bbc.co.uk/asset/9052e10d-c658-4596-9a07-b4190b9d4e01",
          "assetId": "53320980"
        },
        "summary": "સૌરાષ્ટ્રમાં છેલ્લા બે દિવસથી ધોધમાર વરસાદમાં જનજીવન ખોરવાયું છે.",
        "timestamp": 1594116756000,
        "language": "gu",
        "passport": {
          "category": {
            "categoryId": "http://www.bbc.co.uk/ontologies/applicationlogic-news/News",
            "categoryName": "News"
          },
          "campaigns": [
            {
              "campaignId": "5a988e3e39461b000e9dabfb",
              "campaignName": "WS - Keep me on trend"
            },
            {
              "campaignId": "5a988e4739461b000e9dabfc",
              "campaignName": "WS - Update me"
            }
          ],
          "taggings": []
        },
        "media": {
          "id": "53320981",
          "subType": "primary",
          "format": "video",
          "externalId": "p08k2cbt",
          "entityType": "Clip",
          "caption": "ગુજરાતમાં ચોમાસું : સૌરાષ્ટ્ર પર વરસાદી આપદા ડ્રોન કૅમેરાની નજરે આવી દેખાય છે",
          "type": "external_vpid"
        },
        "indexImage": {
          "id": "113267430",
          "subType": "index",
          "href": "http://c.files.bbci.co.uk/0D94/production/_113267430_p08k2d7z.jpg",
          "path": "/cpsprodpb/0D94/production/_113267430_p08k2d7z.jpg",
          "height": 549,
          "width": 976,
          "altText": "વરસાદ",
          "copyrightHolder": "BBC",
          "type": "image"
        },
        "id": "urn:bbc:ares::asset:gujarati/media-53320980",
        "type": "cps"
      }
    },
    {
      "id": "9793f713-959b-4a90-aa47-5cd07234e148",
      "rank": 6,
      "count": 11,
      "urn": "urn:bbc:curie:asset:9793f713-959b-4a90-aa47-5cd07234e148",
      "promo": {
        "headlines": {
          "shortHeadline": "વડોદરાનાં ઝોયા બન્યાં દેશનાં પ્રથમ ટ્રાન્સજેન્ડર CSC ઑપરેટર",
          "headline": "વડોદરાનાં ઝોયા બન્યાં દેશનાં પ્રથમ ટ્રાન્સજેન્ડર CSC ઑપરેટર"
        },
        "locators": {
          "assetUri": "/gujarati/media-53313349",
          "cpsUrn": "urn:bbc:content:assetUri:gujarati/media-53313349",
          "curie": "http://www.bbc.co.uk/asset/9793f713-959b-4a90-aa47-5cd07234e148",
          "assetId": "53313349"
        },
        "summary": "વડોદરાનાં ઝોયા ખાન દેશનાં પ્રથમ ટ્રાન્સજેન્ડર છે, જેમની સીએસસી ઑપરેટર તરીકે નિમણૂક થઈ છે.",
        "timestamp": 1594088249000,
        "language": "gu",
        "passport": {
          "category": {
            "categoryId": "http://www.bbc.co.uk/ontologies/applicationlogic-news/News",
            "categoryName": "News"
          },
          "campaigns": [
            {
              "campaignId": "5a988e2939461b000e9dabf8",
              "campaignName": "WS - Educate me"
            }
          ],
          "taggings": []
        },
        "media": {
          "id": "53313350",
          "subType": "primary",
          "format": "video",
          "externalId": "p08k0yt6",
          "entityType": "Clip",
          "caption": "વડોદરાનાં ઝોયા બન્યાં દેશનાં પ્રથમ ટ્રાન્સજેન્ડર CSC ઑપરેટર",
          "type": "external_vpid"
        },
        "indexImage": {
          "id": "113260162",
          "subType": "index",
          "href": "http://c.files.bbci.co.uk/65FA/production/_113260162_p08k0z30.jpg",
          "path": "/cpsprodpb/65FA/production/_113260162_p08k0z30.jpg",
          "height": 576,
          "width": 1024,
          "altText": "ટ્રાન્સજેન્ડર",
          "copyrightHolder": "BBC",
          "type": "image"
        },
        "id": "urn:bbc:ares::asset:gujarati/media-53313349",
        "type": "cps"
      }
    },
    {
      "id": "7556a12a-f6c1-0140-b9ac-de4dfe031eb3",
      "rank": 7,
      "count": 10,
      "urn": "urn:bbc:curie:asset:7556a12a-f6c1-0140-b9ac-de4dfe031eb3",
      "promo": {
        "headlines": {
          "shortHeadline": "કોરોના વાઇરસ દૂધની થેલી, વાસણો અને હવામાં કેટલું જીવે છે?",
          "headline": "કોરોના વાઇરસ દૂધની થેલી, વાસણો, પ્લાસ્ટિક પર અને હવામાં કેટલું જીવે છે?"
        },
        "locators": {
          "assetUri": "/gujarati/media-52031848",
          "cpsUrn": "urn:bbc:content:assetUri:gujarati/media-52031848",
          "curie": "http://www.bbc.co.uk/asset/7556a12a-f6c1-0140-b9ac-de4dfe031eb3",
          "assetId": "52031848"
        },
        "summary": "કોરોના વાઇરસની મહામારીને પગલે ડૉક્ટરો વસ્તુઓ ધોઈને વાપરવાની સલાહ આપે છે.",
        "timestamp": 1589105044000,
        "language": "gu",
        "passport": {
          "category": {
            "categoryId": "http://www.bbc.co.uk/ontologies/applicationlogic-news/Explainer",
            "categoryName": "Explainer"
          },
          "campaigns": [
            {
              "campaignId": "5a988e3739461b000e9dabfa",
              "campaignName": "WS - Give me perspective"
            },
            {
              "campaignId": "5a988e3e39461b000e9dabfb",
              "campaignName": "WS - Keep me on trend"
            },
            {
              "campaignId": "5a988e4739461b000e9dabfc",
              "campaignName": "WS - Update me"
            }
          ],
          "taggings": []
        },
        "media": {
          "id": "52031849",
          "subType": "primary",
          "format": "video",
          "externalId": "p087lbmk",
          "entityType": "Clip",
          "caption": "Coronavirus દૂધની થેલી, વાસણો, પ્લાસ્ટિક પર અને હવામાં કેટલું જીવે છે?",
          "type": "external_vpid"
        },
        "indexImage": {
          "id": "111414796",
          "subType": "index",
          "href": "http://c.files.bbci.co.uk/1106D/production/_111414796_p087lbrq.jpg",
          "path": "/cpsprodpb/1106D/production/_111414796_p087lbrq.jpg",
          "height": 576,
          "width": 1024,
          "altText": "Keyframe #4",
          "copyrightHolder": "Getty Images",
          "type": "image"
        },
        "id": "urn:bbc:ares::asset:gujarati/media-52031848",
        "type": "cps"
      }
    },
    {
      "id": "68adaf2d-c0ef-48a9-a75d-590e41e402a6",
      "rank": 8,
      "count": 7,
      "urn": "urn:bbc:curie:asset:68adaf2d-c0ef-48a9-a75d-590e41e402a6",
      "promo": {
        "headlines": {
          "shortHeadline": "મળો પચાસ વર્ષ જૂનો ગણિતનો કોયડો ઉકેલનારાં યુવતીને",
          "headline": "મળો પચાસ વર્ષ જૂનો ગણિતનો કોયડો ઉકેલનારાં યુવતીને"
        },
        "locators": {
          "assetUri": "/gujarati/media-53308216",
          "cpsUrn": "urn:bbc:content:assetUri:gujarati/media-53308216",
          "curie": "http://www.bbc.co.uk/asset/68adaf2d-c0ef-48a9-a75d-590e41e402a6",
          "assetId": "53308216"
        },
        "summary": "કોયડાનો જવાબ શોધી લીધા પછી લીસાને તરત જ નોકરી મળી ગઈ છે.",
        "timestamp": 1594031035000,
        "language": "gu",
        "passport": {
          "category": {
            "categoryId": "http://www.bbc.co.uk/ontologies/applicationlogic-news/News",
            "categoryName": "News"
          },
          "campaigns": [
            {
              "campaignId": "5a988e2939461b000e9dabf8",
              "campaignName": "WS - Educate me"
            },
            {
              "campaignId": "5a988e3139461b000e9dabf9",
              "campaignName": "WS - Divert me"
            },
            {
              "campaignId": "5a988e4739461b000e9dabfc",
              "campaignName": "WS - Update me"
            }
          ],
          "taggings": []
        },
        "media": {
          "id": "53308217",
          "subType": "primary",
          "format": "video",
          "externalId": "p08jz9pl",
          "entityType": "Clip",
          "caption": "મળો પચાસ વર્ષ જૂનો ગણિતનો કોયડો ઉકેલનારાં યુવતીને",
          "type": "external_vpid"
        },
        "indexImage": {
          "id": "113255301",
          "subType": "index",
          "href": "http://c.files.bbci.co.uk/2873/production/_113255301_p08jzb3r.jpg",
          "path": "/cpsprodpb/2873/production/_113255301_p08jzb3r.jpg",
          "height": 549,
          "width": 976,
          "altText": "યુવતી",
          "copyrightHolder": "BBC",
          "type": "image"
        },
        "id": "urn:bbc:ares::asset:gujarati/media-53308216",
        "type": "cps"
      }
    },
    {
      "id": "4837acc3-4543-4d79-8af2-3451215a81e8",
      "rank": 9,
      "count": 6,
      "urn": "urn:bbc:curie:asset:4837acc3-4543-4d79-8af2-3451215a81e8",
      "promo": {
        "headlines": {
          "shortHeadline": "ગુજરાતનું કચ્છમાં આવેલું એ ગામ જે છે સંપૂર્ણ રીતે આત્મનિર્ભર",
          "headline": "ગુજરાતનું કચ્છમાં આવેલું એ ગામ જે છે સંપૂર્ણ રીતે આત્મનિર્ભર"
        },
        "locators": {
          "assetUri": "/gujarati/media-53265144",
          "cpsUrn": "urn:bbc:content:assetUri:gujarati/media-53265144",
          "curie": "http://www.bbc.co.uk/asset/4837acc3-4543-4d79-8af2-3451215a81e8",
          "assetId": "53265144"
        },
        "summary": "ગુજરાતના કચ્છ જિલ્લામાં આવતું કુનરિયા ગામ એક નાના શહેરની ગરજ સારે છે.",
        "timestamp": 1593690247000,
        "language": "gu",
        "passport": {
          "category": {
            "categoryId": "http://www.bbc.co.uk/ontologies/applicationlogic-news/Feature",
            "categoryName": "Feature"
          },
          "campaigns": [
            {
              "campaignId": "5a988e2939461b000e9dabf8",
              "campaignName": "WS - Educate me"
            }
          ],
          "taggings": []
        },
        "media": {
          "id": "53265145",
          "subType": "primary",
          "format": "video",
          "externalId": "p08jn2dy",
          "entityType": "Clip",
          "caption": "ગુજરાતનું કચ્છમાં આવેલું એ ગામ જે છે સંપૂર્ણ રીતે આત્મનિર્ભર",
          "type": "external_vpid"
        },
        "indexImage": {
          "id": "113203620",
          "subType": "index",
          "href": "http://c.files.bbci.co.uk/0A46/production/_113203620_p08jn5jj.jpg",
          "path": "/cpsprodpb/0A46/production/_113203620_p08jn5jj.jpg",
          "height": 549,
          "width": 976,
          "altText": "ગુજરાતનું ગામ",
          "copyrightHolder": "BBC",
          "type": "image"
        },
        "id": "urn:bbc:ares::asset:gujarati/media-53265144",
        "type": "cps"
      }
    },
    {
      "id": "55cdb9c4-f355-49c1-a810-3409a870e42d",
      "rank": 10,
      "count": 5,
      "urn": "urn:bbc:curie:asset:55cdb9c4-f355-49c1-a810-3409a870e42d",
      "promo": {
        "headlines": {
          "shortHeadline": "જાપાનમાં વિનાશક પૂરથી ભારે તબાહી, અનેક લોકોનું ભયથી મૃત્યુ",
          "headline": "જાપાનમાં વિનાશક પૂરથી ભારે તબાહી, અનેક લોકોનું ભયથી મૃત્યુ"
        },
        "locators": {
          "assetUri": "/gujarati/media-53301688",
          "cpsUrn": "urn:bbc:content:assetUri:gujarati/media-53301688",
          "curie": "http://www.bbc.co.uk/asset/55cdb9c4-f355-49c1-a810-3409a870e42d",
          "assetId": "53301688"
        },
        "summary": "વડા પ્રધાન આબેએ 10 હજાર સૈનિકોને બચાવકાર્યમાં તહેનાત કર્યા છે.",
        "timestamp": 1594000274000,
        "language": "gu",
        "passport": {
          "category": {
            "categoryId": "http://www.bbc.co.uk/ontologies/applicationlogic-news/News",
            "categoryName": "News"
          },
          "campaigns": [
            {
              "campaignId": "5a988e4739461b000e9dabfc",
              "campaignName": "WS - Update me"
            }
          ],
          "taggings": []
        },
        "media": {
          "id": "53301689",
          "subType": "primary",
          "format": "video",
          "externalId": "p08jxzjj",
          "entityType": "Clip",
          "caption": "જાપાનમાં વિનાશક પૂરથી ભારે તબાહી, અનેક લોકોનું ભયથી મૃત્યુ",
          "type": "external_vpid"
        },
        "indexImage": {
          "id": "113249429",
          "subType": "index",
          "href": "http://c.files.bbci.co.uk/1694E/production/_113249429_p08jy05q.jpg",
          "path": "/cpsprodpb/1694E/production/_113249429_p08jy05q.jpg",
          "height": 576,
          "width": 1024,
          "altText": "જાપાન",
          "copyrightHolder": "BBC",
          "type": "image"
        },
        "id": "urn:bbc:ares::asset:gujarati/media-53301688",
        "type": "cps"
      }
    },
    {
      "id": "17c27474-9601-4bda-b903-19c5f5c6c68c",
      "rank": 11,
      "count": 5,
      "urn": "urn:bbc:curie:asset:17c27474-9601-4bda-b903-19c5f5c6c68c",
      "promo": {
        "headlines": {
          "shortHeadline": "UKમાં એક સમયે જ્યાં ટેબલ નહોતું મળતું એવી ભારતીય રેસ્ટોરાંની કોરોનામાં શું હાલત થઈ?",
          "headline": "કોરોના લૉકડાઉન : UKમાં એક સમયે જ્યાં ટેબલ નહોતું મળતું એવી ભારતીય રેસ્ટોરાંની કોરોનામાં શું હાલત થઈ?"
        },
        "locators": {
          "assetUri": "/gujarati/media-53291260",
          "cpsUrn": "urn:bbc:content:assetUri:gujarati/media-53291260",
          "curie": "http://www.bbc.co.uk/asset/17c27474-9601-4bda-b903-19c5f5c6c68c",
          "assetId": "53291260"
        },
        "summary": "કોરોના મહામારીને પગલે યુકેમાં દક્ષિણ એશિયાઈ સમુદાયની આર્થિક મુસીબતો વધી ગઈ છે.",
        "timestamp": 1593858131000,
        "language": "gu",
        "passport": {
          "category": {
            "categoryId": "http://www.bbc.co.uk/ontologies/applicationlogic-news/News",
            "categoryName": "News"
          },
          "campaigns": [
            {
              "campaignId": "5a988e3e39461b000e9dabfb",
              "campaignName": "WS - Keep me on trend"
            },
            {
              "campaignId": "5a988e4739461b000e9dabfc",
              "campaignName": "WS - Update me"
            }
          ],
          "taggings": []
        },
        "media": {
          "id": "53291261",
          "subType": "primary",
          "format": "video",
          "externalId": "p08jvjx7",
          "entityType": "Clip",
          "caption": "કોરોના લૉકડાઉન : UKમાં એક સમયે જ્યાં ટેબલ નહોતું મળતું એવી ભારતીય રેસ્ટોરાંની કોરોનામાં શું હાલત થઈ?",
          "type": "external_vpid"
        },
        "indexImage": {
          "id": "113239808",
          "subType": "index",
          "href": "http://c.files.bbci.co.uk/13BFD/production/_113239808_p08jvjz0.jpg",
          "path": "/cpsprodpb/13BFD/production/_113239808_p08jvjz0.jpg",
          "height": 549,
          "width": 976,
          "altText": "કોરોના",
          "copyrightHolder": "BBC",
          "type": "image"
        },
        "id": "urn:bbc:ares::asset:gujarati/media-53291260",
        "type": "cps"
      }
    },
    {
      "id": "e129a1c8-7454-40b7-b9a7-ccaa09220f52",
      "rank": 12,
      "count": 4,
      "urn": "urn:bbc:curie:asset:e129a1c8-7454-40b7-b9a7-ccaa09220f52",
      "promo": {
        "headlines": {
          "shortHeadline": "પાકિસ્તાન સરકારનું સમર્થન છતાં ઇસ્લામાબાદમાં હિંદુ મંદિર પર વિવાદ કેમ?",
          "headline": "પાકિસ્તાન સરકારનું સમર્થન છતાં ઇસ્લામાબાદમાં હિંદુ મંદિર પર વિવાદ કેમ?"
        },
        "locators": {
          "assetUri": "/gujarati/media-53297993",
          "cpsUrn": "urn:bbc:content:assetUri:gujarati/media-53297993",
          "curie": "http://www.bbc.co.uk/asset/e129a1c8-7454-40b7-b9a7-ccaa09220f52",
          "assetId": "53297993"
        },
        "summary": "ઇમરાન ખાનનો દાવો છે કે તેમની સરકાર લઘુમતીના સમાન અધિકારો માટે કટિબદ્ધ છે.",
        "timestamp": 1593947576000,
        "language": "gu",
        "passport": {
          "category": {
            "categoryId": "http://www.bbc.co.uk/ontologies/applicationlogic-news/News",
            "categoryName": "News"
          },
          "campaigns": [
            {
              "campaignId": "5a988e3e39461b000e9dabfb",
              "campaignName": "WS - Keep me on trend"
            },
            {
              "campaignId": "5a988e4739461b000e9dabfc",
              "campaignName": "WS - Update me"
            }
          ],
          "taggings": []
        },
        "media": {
          "id": "53298974",
          "subType": "primary",
          "format": "video",
          "externalId": "p08jxhvm",
          "entityType": "Clip",
          "caption": "પાકિસ્તાન સરકારનું સમર્થન છતાં ઇસ્લામાબાદમાં હિંદુ મંદિર પર વિવાદ કેમ?",
          "type": "external_vpid"
        },
        "indexImage": {
          "id": "113246441",
          "subType": "index",
          "href": "http://c.files.bbci.co.uk/3880/production/_113246441_p08jxj22.jpg",
          "path": "/cpsprodpb/3880/production/_113246441_p08jxj22.jpg",
          "height": 549,
          "width": 976,
          "altText": "મંદિર",
          "copyrightHolder": "BBC",
          "type": "image"
        },
        "id": "urn:bbc:ares::asset:gujarati/media-53297993",
        "type": "cps"
      }
    },
    {
      "id": "dc2348dd-d102-4d45-9533-58c4e1b85dc7",
      "rank": 13,
      "count": 4,
      "urn": "urn:bbc:curie:asset:dc2348dd-d102-4d45-9533-58c4e1b85dc7",
      "promo": {
        "headlines": {
          "shortHeadline": "ડાયાબિટીસના દર્દીઓએ અનલૉકમાં કોરોનાથી કેવી રીતે બચવું, ડૉ. વી. એન. શાહ શું કહે છે?",
          "headline": "ડાયાબિટીસના દર્દીઓએ અનલૉકમાં કોરોનાથી કેવી રીતે બચવું, ડૉ. વી. એન. શાહ શું કહે છે?"
        },
        "locators": {
          "assetUri": "/gujarati/media-53282224",
          "cpsUrn": "urn:bbc:content:assetUri:gujarati/media-53282224",
          "curie": "http://www.bbc.co.uk/asset/dc2348dd-d102-4d45-9533-58c4e1b85dc7",
          "assetId": "53282224"
        },
        "summary": "અનેક લોકો સાજા થઈને ઘરે પણ જઈ રહ્યા છે અને અનલૉકની પ્રક્રિયા શરૂ થઈ ગઈ છે. ત્યારે ડૉ. વી. એન. શાહ શું સલાહ આપે છે?",
        "timestamp": 1593788480000,
        "language": "gu",
        "passport": {
          "category": {
            "categoryId": "http://www.bbc.co.uk/ontologies/applicationlogic-news/Interactive",
            "categoryName": "Interactive"
          },
          "campaigns": [
            {
              "campaignId": "5a988e2939461b000e9dabf8",
              "campaignName": "WS - Educate me"
            }
          ],
          "taggings": []
        },
        "media": {
          "id": "53284224",
          "subType": "primary",
          "format": "video",
          "externalId": "p08js8dp",
          "entityType": "Clip",
          "caption": "ડાયાબિટીસના દર્દીઓએ અનલૉકમાં કોરોનાથી કેવી રીતે બચવું, ડૉ. વી. એન. શાહ શું કહે છે?",
          "type": "external_vpid"
        },
        "indexImage": {
          "id": "113225103",
          "subType": "index",
          "href": "http://c.files.bbci.co.uk/75C8/production/_113225103_p08jsbgs.jpg",
          "path": "/cpsprodpb/75C8/production/_113225103_p08jsbgs.jpg",
          "height": 576,
          "width": 1024,
          "altText": "ડૉ. વી. એન. શાહ. સાથે ખાસ મુલાકાત",
          "copyrightHolder": "BBC",
          "type": "image"
        },
        "id": "urn:bbc:ares::asset:gujarati/media-53282224",
        "type": "cps"
      }
    },
    {
      "id": "5beda967-ba2c-42be-b1ac-2e3837394460",
      "rank": 14,
      "count": 4,
      "urn": "urn:bbc:curie:asset:5beda967-ba2c-42be-b1ac-2e3837394460",
      "promo": {
        "headlines": {
          "shortHeadline": "ગુજરાતના હિલસ્ટેશન સાપુતારાની કોરોનાએ કેવી હાલત કરી છે?",
          "headline": "કોરોના લૉકડાઉને ગુજરાતના હિલસ્ટેશન સાપુતારાની કેવી હાલત કરી છે?"
        },
        "locators": {
          "assetUri": "/gujarati/media-53308222",
          "cpsUrn": "urn:bbc:content:assetUri:gujarati/media-53308222",
          "curie": "http://www.bbc.co.uk/asset/5beda967-ba2c-42be-b1ac-2e3837394460",
          "assetId": "53308222"
        },
        "summary": "જે દુકાનદારો રોજના હજારેક રૂપિયા કમાઈ લેતા હતા તેમને હાલ માંડ 200 રૂપિયા રોજી મળે છે.",
        "timestamp": 1594031656000,
        "language": "gu",
        "passport": {
          "category": {
            "categoryId": "http://www.bbc.co.uk/ontologies/applicationlogic-news/News",
            "categoryName": "News"
          },
          "campaigns": [
            {
              "campaignId": "5a988e3e39461b000e9dabfb",
              "campaignName": "WS - Keep me on trend"
            },
            {
              "campaignId": "5a988e4739461b000e9dabfc",
              "campaignName": "WS - Update me"
            }
          ],
          "taggings": []
        },
        "media": {
          "id": "53308223",
          "subType": "primary",
          "format": "video",
          "externalId": "p08jz8vx",
          "entityType": "Clip",
          "caption": "કોરોના લૉકડાઉને ગુજરાતના હિલસ્ટેશન સાપુતારાની કેવી હાલત કરી છે?",
          "type": "external_vpid"
        },
        "indexImage": {
          "id": "113255503",
          "subType": "index",
          "href": "http://c.files.bbci.co.uk/775B/production/_113255503_p08jz9ss.jpg",
          "path": "/cpsprodpb/775B/production/_113255503_p08jz9ss.jpg",
          "height": 549,
          "width": 976,
          "altText": "Keyframe #3",
          "copyrightHolder": "BBC",
          "type": "image"
        },
        "id": "urn:bbc:ares::asset:gujarati/media-53308222",
        "type": "cps"
      }
    },
    {
      "id": "52363ac8-575f-4752-84e2-6ae2763277c9",
      "rank": 15,
      "count": 3,
      "urn": "urn:bbc:curie:asset:52363ac8-575f-4752-84e2-6ae2763277c9",
      "promo": {
        "headlines": {
          "shortHeadline": "ચીન હવે ટ્રમ્પના અમેરિકાને પાછળી છોડીને ટેકનૉલૉજીમાં સુપરપાવર બન્યું?",
          "headline": "ચીન હવે ટ્રમ્પના અમેરિકાને પાછળી છોડીને ટેકનૉલૉજીમાં સુપરપાવર બન્યું?"
        },
        "locators": {
          "assetUri": "/gujarati/media-53297855",
          "cpsUrn": "urn:bbc:content:assetUri:gujarati/media-53297855",
          "curie": "http://www.bbc.co.uk/asset/52363ac8-575f-4752-84e2-6ae2763277c9",
          "assetId": "53297855"
        },
        "summary": "ચીનમાં આ બધું કેવી રીતે થઈ રહ્યું છે, એનો જવાબ છે મેઇડ ઇન ચાઇના 2025.",
        "timestamp": 1593938033000,
        "language": "gu",
        "passport": {
          "category": {
            "categoryId": "http://www.bbc.co.uk/ontologies/applicationlogic-news/Explainer",
            "categoryName": "Explainer"
          },
          "campaigns": [
            {
              "campaignId": "5a988e2939461b000e9dabf8",
              "campaignName": "WS - Educate me"
            }
          ],
          "taggings": []
        },
        "media": {
          "id": "53297856",
          "subType": "primary",
          "format": "video",
          "externalId": "p08jx9fv",
          "entityType": "Clip",
          "caption": "ચીન હવે ટ્રમ્પના અમેરિકાને પાછળી છોડીને ટેકનૉલૉજીમાં સુપરપાવર બન્યું?",
          "type": "external_vpid"
        },
        "indexImage": {
          "id": "113245877",
          "subType": "index",
          "href": "http://c.files.bbci.co.uk/1301E/production/_113245877_p08jx9mp.jpg",
          "path": "/cpsprodpb/1301E/production/_113245877_p08jx9mp.jpg",
          "height": 576,
          "width": 1024,
          "altText": "ચીન",
          "copyrightHolder": "BBC",
          "type": "image"
        },
        "id": "urn:bbc:ares::asset:gujarati/media-53297855",
        "type": "cps"
      }
    },
    {
      "id": "d477597b-6cfe-42ac-a2fa-6cb778e0d230",
      "rank": 16,
      "count": 2,
      "urn": "urn:bbc:curie:asset:d477597b-6cfe-42ac-a2fa-6cb778e0d230",
      "promo": {
        "headlines": {
          "shortHeadline": "ગુજરાતી કળાનો વારસો જાળવી રાખતી મહિલાઓ",
          "headline": "ગુજરાતી કળાનો વારસો જાળવી રાખતી મહિલાઓ"
        },
        "locators": {
          "assetUri": "/gujarati/media-53234774",
          "cpsUrn": "urn:bbc:content:assetUri:gujarati/media-53234774",
          "curie": "http://www.bbc.co.uk/asset/d477597b-6cfe-42ac-a2fa-6cb778e0d230",
          "assetId": "53234774"
        },
        "summary": "ડીસામાં દાયકાઓથી મોચી સમાજની મહિલાઓ ભરતગૂંથણનું કામ કરે છે.",
        "timestamp": 1593516521000,
        "language": "gu",
        "passport": {
          "category": {
            "categoryId": "http://www.bbc.co.uk/ontologies/applicationlogic-news/News",
            "categoryName": "News"
          },
          "campaigns": [
            {
              "campaignId": "5a988e2939461b000e9dabf8",
              "campaignName": "WS - Educate me"
            }
          ],
          "taggings": []
        },
        "media": {
          "id": "53234775",
          "subType": "primary",
          "format": "video",
          "externalId": "p08jfdm4",
          "entityType": "Clip",
          "caption": "ગુજરાતી કળાનો વારસો જાળવી રાખતી મહિલાઓ",
          "type": "external_vpid"
        },
        "indexImage": {
          "id": "113164871",
          "subType": "index",
          "href": "http://c.files.bbci.co.uk/45B6/production/_113164871_p08jfyt2.jpg",
          "path": "/cpsprodpb/45B6/production/_113164871_p08jfyt2.jpg",
          "height": 576,
          "width": 1024,
          "altText": "ભરતગૂંથણ",
          "copyrightHolder": "BBC",
          "type": "image"
        },
        "id": "urn:bbc:ares::asset:gujarati/media-53234774",
        "type": "cps"
      }
    },
    {
      "id": "8887495c-a2f1-a947-b2a5-f0fb5c525703",
      "rank": 17,
      "count": 2,
      "urn": "urn:bbc:curie:asset:8887495c-a2f1-a947-b2a5-f0fb5c525703",
      "promo": {
        "headlines": {
          "shortHeadline": "એવો અખાડો જ્યાં માત્ર છોકરીઓને કુસ્તીની ટ્રેનિંગ અપાય છે",
          "headline": "એવો અખાડો જ્યાં માત્ર છોકરીઓને કુસ્તીની ટ્રેનિંગ અપાય છે"
        },
        "locators": {
          "assetUri": "/gujarati/media-51331240",
          "cpsUrn": "urn:bbc:content:assetUri:gujarati/media-51331240",
          "curie": "http://www.bbc.co.uk/asset/8887495c-a2f1-a947-b2a5-f0fb5c525703",
          "assetId": "51331240"
        },
        "summary": "મહારાષ્ટ્રમાં છોકરીઓને આવાસીય ટ્રેનિંગ આપતું આ એકમાત્ર સેન્ટર છે.",
        "timestamp": 1580522779000,
        "language": "gu",
        "passport": {
          "category": {
            "categoryId": "http://www.bbc.co.uk/ontologies/applicationlogic-news/Feature",
            "categoryName": "Feature"
          },
          "campaigns": [
            {
              "campaignId": "5a988e2139461b000e9dabf7",
              "campaignName": "WS - Inspire me"
            },
            {
              "campaignId": "5a988e2939461b000e9dabf8",
              "campaignName": "WS - Educate me"
            }
          ],
          "taggings": []
        },
        "media": {
          "id": "51333031",
          "subType": "primary",
          "format": "video",
          "externalId": "p081ylsp",
          "entityType": "Clip",
          "caption": "કુસ્તીના અખાડામાં છોકરીઓ, ડરની આગળની જીત છે.",
          "type": "external_vpid"
        },
        "indexImage": {
          "id": "110730767",
          "subType": "index",
          "href": "http://c.files.bbci.co.uk/12B9F/production/_110730767_kusti.jpg",
          "path": "/cpsprodpb/12B9F/production/_110730767_kusti.jpg",
          "height": 549,
          "width": 976,
          "altText": "કુસ્તીબાજ",
          "copyrightHolder": "BBC",
          "type": "image"
        },
        "id": "urn:bbc:ares::asset:gujarati/media-51331240",
        "type": "cps"
      }
    },
    {
      "id": "6dd5b11c-e045-43bb-88db-1900bac9a29c",
      "rank": 18,
      "count": 2,
      "urn": "urn:bbc:curie:asset:6dd5b11c-e045-43bb-88db-1900bac9a29c",
      "promo": {
        "headlines": {
          "shortHeadline": "ગુજરાતમાં બનાસકાંઠાના યુવાને બનાવ્યું પાણીપૂરીનું મશીન",
          "headline": "ગુજરાતમાં બનાસકાંઠાના યુવાને બનાવ્યું પાણીપૂરીનું મશીન"
        },
        "locators": {
          "assetUri": "/gujarati/media-53290001",
          "cpsUrn": "urn:bbc:content:assetUri:gujarati/media-53290001",
          "curie": "http://www.bbc.co.uk/asset/6dd5b11c-e045-43bb-88db-1900bac9a29c",
          "assetId": "53290001"
        },
        "summary": "મશીનમાંથી જેટલા પૈસા નાખો તે મુજબની અલગ અલગ ફ્લેવરની પાણીપૂરી તૈયાર થઈ બહાર આવે છે.",
        "timestamp": 1593857463000,
        "language": "gu",
        "passport": {
          "category": {
            "categoryId": "http://www.bbc.co.uk/ontologies/applicationlogic-news/News",
            "categoryName": "News"
          },
          "campaigns": [
            {
              "campaignId": "5a988e4739461b000e9dabfc",
              "campaignName": "WS - Update me"
            }
          ],
          "taggings": []
        },
        "media": {
          "id": "53290002",
          "subType": "primary",
          "format": "video",
          "externalId": "p08jvhxm",
          "entityType": "Clip",
          "caption": "ગુજરાતમાં બનાસકાંઠાના યુવાને બનાવ્યું પાણીપૂરીનું મશીન",
          "type": "external_vpid"
        },
        "indexImage": {
          "id": "113239540",
          "subType": "index",
          "href": "http://c.files.bbci.co.uk/11F1/production/_113239540_p08jvj50.jpg",
          "path": "/cpsprodpb/11F1/production/_113239540_p08jvj50.jpg",
          "height": 549,
          "width": 976,
          "altText": "પાણીપૂરી",
          "copyrightHolder": "BBC",
          "type": "image"
        },
        "id": "urn:bbc:ares::asset:gujarati/media-53290001",
        "type": "cps"
      }
    },
    {
      "id": "68b5a28c-3e88-df43-894d-552e509069bf",
      "rank": 19,
      "count": 2,
      "urn": "urn:bbc:curie:asset:68b5a28c-3e88-df43-894d-552e509069bf",
      "promo": {
        "headlines": {
          "shortHeadline": "કાર પીગળાવી ગયો જ્વાળામુખીનો લાવા",
          "headline": "જ્યારે લાવાની આગમાં રાખ થઈ ગઈ કાર"
        },
        "locators": {
          "assetUri": "/gujarati/international-44072301",
          "cpsUrn": "urn:bbc:content:assetUri:gujarati/international-44072301",
          "curie": "http://www.bbc.co.uk/asset/68b5a28c-3e88-df43-894d-552e509069bf",
          "assetId": "44072301"
        },
        "summary": "કિલાવેયા જ્વાળામુખી સૌથી સક્રીય જ્વાળામુખીમાંથી એક છે જેની ઝપેટમાં આવીને ઘણાં ઘર અને વાહનો વિનાશ પામ્યા છે.",
        "timestamp": 1526043625000,
        "language": "gu",
        "passport": {
          "category": {
            "categoryId": "http://www.bbc.co.uk/ontologies/applicationlogic-news/News",
            "categoryName": "News"
          },
          "taggings": []
        },
        "media": {
          "id": "44072302",
          "subType": "primary",
          "format": "video",
          "externalId": "p066svpm",
          "entityType": "Clip",
          "caption": "જ્વાળામુખીમાંથી નીકળી એવી આગ, થોડી જ ક્ષણોમાં સળગી ગઈ કાર",
          "type": "external_vpid"
        },
        "indexImage": {
          "id": "101256353",
          "subType": "index",
          "href": "http://c.files.bbci.co.uk/8A25/production/_101256353_p066svz2.jpg",
          "path": "/cpsprodpb/8A25/production/_101256353_p066svz2.jpg",
          "height": 549,
          "width": 976,
          "altText": "લાવાની ઝપેટમાં આવતી કારની તસવીર",
          "copyrightHolder": "BBC",
          "type": "image"
        },
        "id": "urn:bbc:ares::asset:gujarati/international-44072301",
        "type": "cps"
      }
    },
    {
      "id": "51f778cc-d7c3-4449-8bba-63cf69894ff1",
      "rank": 20,
      "count": 2,
      "urn": "urn:bbc:curie:asset:51f778cc-d7c3-4449-8bba-63cf69894ff1",
      "promo": {
        "headlines": {
          "shortHeadline": "45 વર્ષનાં આ મહિલાએ બીમારીથી લડવાં બનાવ્યાં સિક્સ પૅક ઍબ્સ",
          "headline": "45 વર્ષનાં આ મહિલાએ બીમારીથી લડવાં બનાવ્યાં સિક્સ પૅક ઍબ્સ"
        },
        "locators": {
          "assetUri": "/gujarati/media-51389006",
          "cpsUrn": "urn:bbc:content:assetUri:gujarati/media-51389006",
          "curie": "http://www.bbc.co.uk/asset/51f778cc-d7c3-4449-8bba-63cf69894ff1",
          "assetId": "51389006"
        },
        "summary": "પોતાની બીમારીને એક તક બનાવનારાં મહિલાની કહાણી",
        "timestamp": 1580951157000,
        "language": "gu",
        "passport": {
          "category": {
            "categoryId": "http://www.bbc.co.uk/ontologies/applicationlogic-news/Feature",
            "categoryName": "Feature"
          },
          "campaigns": [
            {
              "campaignId": "5a988e2139461b000e9dabf7",
              "campaignName": "WS - Inspire me"
            },
            {
              "campaignId": "5a988e3139461b000e9dabf9",
              "campaignName": "WS - Divert me"
            }
          ],
          "taggings": []
        },
        "media": {
          "id": "51389007",
          "subType": "primary",
          "format": "video",
          "externalId": "p082byhm",
          "entityType": "Clip",
          "caption": "45 વર્ષનાં આ મહિલાએ બીમારીથી લડવાં બનાવ્યાં સિક્સ પૅક ઍબ્સ",
          "type": "external_vpid"
        },
        "indexImage": {
          "id": "110783079",
          "subType": "index",
          "href": "http://c.files.bbci.co.uk/17B0E/production/_110783079_p082bz98.jpg",
          "path": "/cpsprodpb/17B0E/production/_110783079_p082bz98.jpg",
          "height": 549,
          "width": 976,
          "altText": "કિરણ",
          "copyrightHolder": "BBC",
          "type": "image"
        },
        "id": "urn:bbc:ares::asset:gujarati/media-51389006",
        "type": "cps"
      }
    }
  ]
}
