{
  "data": {
    "title": "BBC News Kyrgyz",
    "description": "Hello I am a description! I was added in the \"Description\" field from the Details section in Tipo",
    "pageType": "home",
    "curations": [
      {
        "summaries": [
          {
            "type": "article",
            "title": "Türkiyə ilə Misir arasında yaxınlaşma: 2013-cü ildən bu yana nələr olub?",
            "firstPublished": "2023-06-07T09:37:25.419Z",
            "lastPublished": "2023-06-07T09:37:25.419Z",
            "link": "https://www.bbc.com/azeri/articles/cxvz6r1el65o",
            "imageUrl": "https://ichef.bbci.co.uk/ace/standard/{width}/cpsdevpb/79ad/test/9d6d7600-0516-11ee-add0-c7c64fc8119c.jpg",
            "description": "",
            "imageAlt": "Sisi və Erdoğan əl sıxışıblar",
            "id": "cxvz6r1el65o"
          },
          {
            "type": "article",
            "title": "Bərbər saçdan Erdoğanın portretini yaradıb",
            "firstPublished": "2016-08-04T13:56:07.000Z",
            "lastPublished": "2016-08-04T13:56:07.000Z",
            "link": "https://www.bbc.com/azeri/23065500",
            "imageUrl": "https://ichef.test.bbci.co.uk/ace/standard/{width}/cpsdevpb/1563A/test/_63501678__90671229_dc5e4e46-8dd8-4eaa-a03d-bf22372127b8.jpg",
            "description": "Bərbər saçdan Erdoğanın portretini yaradıb",
            "imageAlt": "kəsib",
            "id": "ae482a5a-d68a-f24b-b833-01c03e435ef4"
          },
          {
            "type": "article",
            "title": "“Баланы сабады деп аялымды камап салышарын өзүм да билген эмесмин”. Кадамжайда токмоктолгон наристенин атасы 2\r",
            "firstPublished": "2023-02-02T10:06:00.977Z",
            "lastPublished": "2023-02-02T10:06:00.977Z",
            "link": "https://www.bbc.com/kyrgyz/articles/cy0pvvd9jvpo",
            "imageUrl": "https://ichef.bbci.co.uk/ace/standard/{width}/cpsdevpb/2105/test/a7436f40-a2dd-11ed-9015-6935ab4fa6ca.jpg",
            "description": "",
            "imageAlt": "test",
            "id": "cy0pvvd9jvpo"
          },
          {
            "type": "article",
            "title": "Azerbaycan",
            "firstPublished": "2023-02-02T10:06:57.156Z",
            "lastPublished": "2023-02-02T10:06:57.156Z",
            "link": "https://www.bbc.com/kyrgyz/articles/cemg3359nwro",
            "imageUrl": "https://ichef.test.bbci.co.uk/ace/standard/{width}/cpsdevpb/d585/test/bedabe20-06c3-11ee-add0-c7c64fc8119c.jpg",
            "description": "",
            "imageAlt": "baki",
            "id": "cemg3359nwro"
          },
          {
            "type": "article",
            "title": "“Баланы сабады деп аялымды камап салышарын өзүм да билген эмесмин”. Кадамжайда токмоктолгон наристенин атасы 4\r",
            "firstPublished": "2023-02-02T10:07:37.729Z",
            "lastPublished": "2023-02-02T10:07:37.729Z",
            "link": "https://www.bbc.com/kyrgyz/articles/cp56zz9mg01o",
            "imageUrl": "https://ichef.bbci.co.uk/ace/standard/{width}/cpsdevpb/2105/test/a7436f40-a2dd-11ed-9015-6935ab4fa6ca.jpg",
            "description": "",
            "imageAlt": "test",
            "id": "cp56zz9mg01o"
          },
          {
            "type": "article",
            "title": "“Баланы сабады деп аялымды камап салышарын өзүм да билген эмесмин”. Кадамжайда токмоктолгон наристенин атасы 5\r",
            "firstPublished": "2023-02-02T10:08:28.652Z",
            "lastPublished": "2023-02-02T10:08:28.652Z",
            "link": "https://www.bbc.com/kyrgyz/articles/cnk299l1mdgo",
            "imageUrl": "https://ichef.bbci.co.uk/ace/standard/{width}/cpsdevpb/2105/test/a7436f40-a2dd-11ed-9015-6935ab4fa6ca.jpg",
            "description": "",
            "imageAlt": "test",
            "id": "cnk299l1mdgo"
          },
          {
            "type": "article",
            "title": "“Баланы сабады деп аялымды камап салышарын өзүм да билген эмесмин”. Кадамжайда токмоктолгон наристенин атасы 6\r",
            "firstPublished": "2023-02-02T10:09:07.061Z",
            "lastPublished": "2023-02-02T10:09:07.061Z",
            "link": "https://www.bbc.com/kyrgyz/articles/c2qz889lr6do",
            "imageUrl": "https://ichef.bbci.co.uk/ace/standard/{width}/cpsdevpb/2105/test/a7436f40-a2dd-11ed-9015-6935ab4fa6ca.jpg",
            "description": "",
            "imageAlt": "test",
            "id": "c2qz889lr6do"
          },
          {
            "type": "article",
            "title": "“Баланы сабады деп аялымды камап салышарын өзүм да билген эмесмин”. Кадамжайда токмоктолгон наристенин атасы 7\r",
            "firstPublished": "2023-02-02T10:09:45.580Z",
            "lastPublished": "2023-02-02T10:09:45.580Z",
            "link": "https://www.bbc.com/kyrgyz/articles/cy0z22ny3jwo",
            "imageUrl": "https://ichef.bbci.co.uk/ace/standard/{width}/cpsdevpb/2105/test/a7436f40-a2dd-11ed-9015-6935ab4fa6ca.jpg",
            "description": "",
            "imageAlt": "test",
            "id": "cy0z22ny3jwo"
          },
          {
            "type": "article",
            "title": "“Баланы сабады деп аялымды камап салышарын өзүм да билген эмесмин”. Кадамжайда токмоктолгон наристенин атасы 8\r",
            "firstPublished": "2023-02-02T10:10:40.111Z",
            "lastPublished": "2023-02-02T10:10:40.111Z",
            "link": "https://www.bbc.com/kyrgyz/articles/c0n933z8qnyo",
            "imageUrl": "https://ichef.bbci.co.uk/ace/standard/{width}/cpsdevpb/2105/test/a7436f40-a2dd-11ed-9015-6935ab4fa6ca.jpg",
            "description": "",
            "imageAlt": "test",
            "id": "c0n933z8qnyo"
          },
          {
            "type": "article",
            "title": "“Баланы сабады деп аялымды камап салышарын өзүм да билген эмесмин”. Кадамжайда токмоктолгон наристенин атасы 9\r",
            "firstPublished": "2023-02-02T10:11:19.977Z",
            "lastPublished": "2023-02-02T10:11:19.977Z",
            "link": "https://www.bbc.com/kyrgyz/articles/cndr228x0y4o",
            "imageUrl": "https://ichef.bbci.co.uk/ace/standard/{width}/cpsdevpb/2105/test/a7436f40-a2dd-11ed-9015-6935ab4fa6ca.jpg",
            "description": "",
            "imageAlt": "test",
            "id": "cndr228x0y4o"
          },
          {
            "type": "article",
            "title": "“Баланы сабады деп аялымды камап салышарын өзүм да билген эмесмин”. Кадамжайда токмоктолгон наристенин атасы 10\r",
            "firstPublished": "2023-02-02T10:11:56.211Z",
            "lastPublished": "2023-02-02T10:11:56.211Z",
            "link": "https://www.bbc.com/kyrgyz/articles/cx9exxrn6wlo",
            "imageUrl": "https://ichef.bbci.co.uk/ace/standard/{width}/cpsdevpb/2105/test/a7436f40-a2dd-11ed-9015-6935ab4fa6ca.jpg",
            "description": "",
            "imageAlt": "test",
            "id": "cx9exxrn6wlo"
          },
          {
            "type": "article",
            "title": "“Баланы сабады деп аялымды камап салышарын өзүм да билген эмесмин”. Кадамжайда токмоктолгон наристенин атасы 11\r",
            "firstPublished": "2023-02-02T10:13:18.938Z",
            "lastPublished": "2023-02-02T10:13:18.938Z",
            "link": "https://www.bbc.com/kyrgyz/articles/c12pxxzkzjdo",
            "imageUrl": "https://ichef.bbci.co.uk/ace/standard/{width}/cpsdevpb/2105/test/a7436f40-a2dd-11ed-9015-6935ab4fa6ca.jpg",
            "description": "",
            "imageAlt": "test",
            "id": "c12pxxzkzjdo"
          }
        ],
        "activePage": 1,
        "pageCount": 1,
        "curationId": "urn:bbc:tipo:list:905b0f54-c03d-426f-9d3b-cb31f00c0d8f",
        "curationType": "tipo-curation",
        "position": 0,
        "visualProminence": "HIGH",
        "visualStyle": "COLLECTION"
      },
      {
        "summaries": [
          {
            "type": "article",
            "title": "Article tagged with Trump",
            "firstPublished": "2023-03-06T13:10:39.425Z",
            "lastPublished": "2023-03-06T13:10:39.425Z",
            "link": "https://www.bbc.com/kyrgyz/articles/c1ldk6kl66wo",
            "imageUrl": "https://ichef.bbci.co.uk/ace/standard/{width}/cpsdevpb/81e4/test/a035c580-bc1f-11ed-a129-59679bbc34c6.jpg",
            "description": "summary of article",
            "imageAlt": "test",
            "id": "c1ldk6kl66wo"
          },
          {
            "type": "article",
            "title": "Холокостту эскерүү күнү: Унутулган цыган курмандыктары эстеликтерди сактап калуу үчүн күрөшүүдө 4",
            "firstPublished": "2023-02-02T11:41:09.361Z",
            "lastPublished": "2023-02-02T11:41:09.361Z",
            "link": "https://www.bbc.com/kyrgyz/articles/cmel5j6wwk2o",
            "imageUrl": "https://ichef.bbci.co.uk/ace/standard/{width}/cpsdevpb/fedf/test/679106e0-a2ed-11ed-9015-6935ab4fa6ca.jpg",
            "description": "",
            "imageAlt": "test",
            "id": "cmel5j6wwk2o"
          },
          {
            "type": "article",
            "title": "Холокостту эскерүү күнү: Унутулган цыган курмандыктары эстеликтерди сактап калуу үчүн күрөшүүдө 5",
            "firstPublished": "2023-02-02T11:41:54.105Z",
            "lastPublished": "2023-02-02T11:41:54.105Z",
            "link": "https://www.bbc.com/kyrgyz/articles/cd0x1jwnw66o",
            "imageUrl": "https://ichef.bbci.co.uk/ace/standard/{width}/cpsdevpb/fedf/test/679106e0-a2ed-11ed-9015-6935ab4fa6ca.jpg",
            "description": "",
            "imageAlt": "test",
            "id": "cd0x1jwnw66o"
          },
          {
            "type": "article",
            "title": "Холокостту эскерүү күнү: Унутулган цыган курмандыктары эстеликтерди сактап калуу үчүн күрөшүүдө 6",
            "firstPublished": "2023-02-02T11:42:38.776Z",
            "lastPublished": "2023-02-02T11:42:38.776Z",
            "link": "https://www.bbc.com/kyrgyz/articles/c65eglnzz1vo",
            "imageUrl": "https://ichef.bbci.co.uk/ace/standard/{width}/cpsdevpb/fedf/test/679106e0-a2ed-11ed-9015-6935ab4fa6ca.jpg",
            "description": "",
            "imageAlt": "test",
            "id": "c65eglnzz1vo"
          },
          {
            "type": "article",
            "title": "Холокостту эскерүү күнү: Унутулган цыган курмандыктары эстеликтерди сактап калуу үчүн күрөшүүдө 7",
            "firstPublished": "2023-02-02T11:43:14.865Z",
            "lastPublished": "2023-02-02T11:43:14.865Z",
            "link": "https://www.bbc.com/kyrgyz/articles/cj2r5lzp6k0o",
            "imageUrl": "https://ichef.bbci.co.uk/ace/standard/{width}/cpsdevpb/fedf/test/679106e0-a2ed-11ed-9015-6935ab4fa6ca.jpg",
            "description": "",
            "imageAlt": "test",
            "id": "cj2r5lzp6k0o"
          },
          {
            "type": "article",
            "title": "Холокостту эскерүү күнү: Унутулган цыган курмандыктары эстеликтерди сактап калуу үчүн күрөшүүдө 8",
            "firstPublished": "2023-02-02T11:43:47.440Z",
            "lastPublished": "2023-02-02T11:43:47.440Z",
            "link": "https://www.bbc.com/kyrgyz/articles/c2qz8l2zn5eo",
            "imageUrl": "https://ichef.bbci.co.uk/ace/standard/{width}/cpsdevpb/fedf/test/679106e0-a2ed-11ed-9015-6935ab4fa6ca.jpg",
            "description": "",
            "imageAlt": "test",
            "id": "c2qz8l2zn5eo"
          },
          {
            "type": "article",
            "title": "Холокостту эскерүү күнү: Унутулган цыган курмандыктары эстеликтерди сактап калуу үчүн күрөшүүдө 9",
            "firstPublished": "2023-02-02T11:44:19.096Z",
            "lastPublished": "2023-02-02T11:44:19.096Z",
            "link": "https://www.bbc.com/kyrgyz/articles/cm18pzwq691o",
            "imageUrl": "https://ichef.bbci.co.uk/ace/standard/{width}/cpsdevpb/fedf/test/679106e0-a2ed-11ed-9015-6935ab4fa6ca.jpg",
            "description": "",
            "imageAlt": "test",
            "id": "cm18pzwq691o"
          },
          {
            "type": "article",
            "title": "Холокостту эскерүү күнү: Унутулган цыган курмандыктары эстеликтерди сактап калуу үчүн күрөшүүдө 10",
            "firstPublished": "2023-02-02T11:45:03.037Z",
            "lastPublished": "2023-02-02T11:45:03.037Z",
            "link": "https://www.bbc.com/kyrgyz/articles/cr89pqv3el2o",
            "imageUrl": "https://ichef.bbci.co.uk/ace/standard/{width}/cpsdevpb/fedf/test/679106e0-a2ed-11ed-9015-6935ab4fa6ca.jpg",
            "description": "",
            "imageAlt": "test",
            "id": "cr89pqv3el2o"
          }
        ],
        "activePage": 1,
        "pageCount": 1,
        "curationId": "urn:bbc:tipo:list:524cf34b-cac2-4ce2-ac64-53eb70019202",
        "curationType": "tipo-curation",
        "position": 1,
        "title": "Редактордун тандоосу",
        "visualProminence": "HIGH",
        "visualStyle": "COLLECTION"
      },
      {
        "summaries": [
          {
            "type": "article",
            "title": "Кыргыз-өзбек алакаcы: сандар жана фактылар",
            "firstPublished": "2023-02-06T13:36:00.218Z",
            "lastPublished": "2023-02-06T13:36:00.218Z",
            "link": "https://www.bbc.com/kyrgyz/articles/cr9p5rw62j7o",
            "imageUrl": "https://ichef.bbci.co.uk/ace/standard/{width}/cpsdevpb/9c84/test/00e66a00-a623-11ed-9015-6935ab4fa6ca.jpg",
            "description": "Өзбекстандын президенти Шавкат Мирзиёев 26-27-январь күндөрү Кыргызстанга мамлекеттик сапар менен келет.",
            "imageAlt": "test",
            "id": "cr9p5rw62j7o"
          },
          {
            "type": "article",
            "title": "Кыргыз-өзбек алакаcы: сандар жана фактылар 2",
            "firstPublished": "2023-02-06T13:37:11.912Z",
            "lastPublished": "2023-02-06T13:37:11.912Z",
            "link": "https://www.bbc.com/kyrgyz/articles/cnk23wye4kyo",
            "imageUrl": "https://ichef.bbci.co.uk/ace/standard/{width}/cpsdevpb/9c84/test/00e66a00-a623-11ed-9015-6935ab4fa6ca.jpg",
            "description": "Өзбекстандын президенти Шавкат Мирзиёев 26-27-январь күндөрү Кыргызстанга мамлекеттик сапар менен келет.",
            "imageAlt": "test",
            "id": "cnk23wye4kyo"
          },
          {
            "type": "article",
            "title": "Кыргыз-өзбек алакаcы: сандар жана фактылар 3",
            "firstPublished": "2023-02-06T13:37:48.118Z",
            "lastPublished": "2023-02-06T13:37:48.118Z",
            "link": "https://www.bbc.com/kyrgyz/articles/c0n89302mwdo",
            "imageUrl": "https://ichef.bbci.co.uk/ace/standard/{width}/cpsdevpb/9c84/test/00e66a00-a623-11ed-9015-6935ab4fa6ca.jpg",
            "description": "Өзбекстандын президенти Шавкат Мирзиёев 26-27-январь күндөрү Кыргызстанга мамлекеттик сапар менен келет.",
            "imageAlt": "test",
            "id": "c0n89302mwdo"
          },
          {
            "type": "article",
            "title": "Кыргыз-өзбек алакаcы: сандар жана фактылар 4",
            "firstPublished": "2023-02-06T13:38:21.709Z",
            "lastPublished": "2023-02-06T13:38:21.709Z",
            "link": "https://www.bbc.com/kyrgyz/articles/clygdvn0vepo",
            "imageUrl": "https://ichef.bbci.co.uk/ace/standard/{width}/cpsdevpb/9c84/test/00e66a00-a623-11ed-9015-6935ab4fa6ca.jpg",
            "description": "Өзбекстандын президенти Шавкат Мирзиёев 26-27-январь күндөрү Кыргызстанга мамлекеттик сапар менен келет.",
            "imageAlt": "test",
            "id": "clygdvn0vepo"
          },
          {
            "type": "article",
            "title": "Кыргыз-өзбек алакаcы: сандар жана фактылар 5",
            "firstPublished": "2023-02-06T13:38:53.193Z",
            "lastPublished": "2023-02-06T13:38:53.193Z",
            "link": "https://www.bbc.com/kyrgyz/articles/c0n2glkxx13o",
            "imageUrl": "https://ichef.bbci.co.uk/ace/standard/{width}/cpsdevpb/9c84/test/00e66a00-a623-11ed-9015-6935ab4fa6ca.jpg",
            "description": "Өзбекстандын президенти Шавкат Мирзиёев 26-27-январь күндөрү Кыргызстанга мамлекеттик сапар менен келет.",
            "imageAlt": "test",
            "id": "c0n2glkxx13o"
          },
          {
            "type": "article",
            "title": "Кыргыз-өзбек алакаcы: сандар жана фактылар 6",
            "firstPublished": "2023-02-06T13:39:22.009Z",
            "lastPublished": "2023-02-06T13:39:22.009Z",
            "link": "https://www.bbc.com/kyrgyz/articles/c85pqkmwkw5o",
            "imageUrl": "https://ichef.bbci.co.uk/ace/standard/{width}/cpsdevpb/9c84/test/00e66a00-a623-11ed-9015-6935ab4fa6ca.jpg",
            "description": "Өзбекстандын президенти Шавкат Мирзиёев 26-27-январь күндөрү Кыргызстанга мамлекеттик сапар менен келет.",
            "imageAlt": "test",
            "id": "c85pqkmwkw5o"
          },
          {
            "type": "article",
            "title": "Кыргыз-өзбек алакаcы: сандар жана фактылар 7",
            "firstPublished": "2023-02-06T13:39:55.607Z",
            "lastPublished": "2023-02-06T13:39:55.607Z",
            "link": "https://www.bbc.com/kyrgyz/articles/c85pqkmz8e2o",
            "imageUrl": "https://ichef.bbci.co.uk/ace/standard/{width}/cpsdevpb/9c84/test/00e66a00-a623-11ed-9015-6935ab4fa6ca.jpg",
            "description": "Өзбекстандын президенти Шавкат Мирзиёев 26-27-январь күндөрү Кыргызстанга мамлекеттик сапар менен келет.",
            "imageAlt": "test",
            "id": "c85pqkmz8e2o"
          },
          {
            "type": "article",
            "title": "Кыргыз-өзбек алакаcы: сандар жана фактылар 8",
            "firstPublished": "2023-02-06T13:40:23.909Z",
            "lastPublished": "2023-02-06T13:40:23.909Z",
            "link": "https://www.bbc.com/kyrgyz/articles/ck42g152vl6o",
            "imageUrl": "https://ichef.bbci.co.uk/ace/standard/{width}/cpsdevpb/9c84/test/00e66a00-a623-11ed-9015-6935ab4fa6ca.jpg",
            "description": "Өзбекстандын президенти Шавкат Мирзиёев 26-27-январь күндөрү Кыргызстанга мамлекеттик сапар менен келет.",
            "imageAlt": "test",
            "id": "ck42g152vl6o"
          }
        ],
        "activePage": 1,
        "pageCount": 1,
        "link": "https://www.bbc.com/kyrgyz/topics/cz74kjpyk07t",
        "curationId": "urn:bbc:tipo:list:4991ab89-0967-4653-9760-f3e133896a46",
        "curationType": "tipo-curation",
        "position": 2,
        "title": "Кыргызстан",
        "visualProminence": "NORMAL",
        "visualStyle": "COLLECTION"
      },
      {
        "summaries": [
          {
            "type": "article",
            "title": "Кытайдын жаңы ачык саясаты. Си Цзиньпин саясий багытын өзгөрттү",
            "firstPublished": "2023-02-06T13:45:17.207Z",
            "lastPublished": "2023-02-06T13:45:17.207Z",
            "link": "https://www.bbc.com/kyrgyz/articles/c6x9vjk8zy2o",
            "imageUrl": "https://ichef.bbci.co.uk/ace/standard/{width}/cpsdevpb/1ce1/test/49d62d80-a624-11ed-9015-6935ab4fa6ca.jpg",
            "description": "Кытайда кайрадан чоң өзгөрүүлөр орун алууда. КЭРдин төрагасы Си Цзиньпин бир нече жылга созулган катаал саясий нуктан кайра баш тартууда. ",
            "imageAlt": "test",
            "id": "c6x9vjk8zy2o"
          },
          {
            "type": "article",
            "title": "Кытайдын жаңы ачык саясаты. Си Цзиньпин саясий багытын өзгөрттү 2",
            "firstPublished": "2023-02-06T13:47:06.980Z",
            "lastPublished": "2023-02-06T13:47:06.980Z",
            "link": "https://www.bbc.com/kyrgyz/articles/cw1kzjme384o",
            "imageUrl": "https://ichef.bbci.co.uk/ace/standard/{width}/cpsdevpb/1ce1/test/49d62d80-a624-11ed-9015-6935ab4fa6ca.jpg",
            "description": "Кытайда кайрадан чоң өзгөрүүлөр орун алууда. КЭРдин төрагасы Си Цзиньпин бир нече жылга созулган катаал саясий нуктан кайра баш тартууда. ",
            "imageAlt": "test",
            "id": "cw1kzjme384o"
          },
          {
            "type": "article",
            "title": "Кытайдын жаңы ачык саясаты. Си Цзиньпин саясий багытын өзгөрттү 3",
            "firstPublished": "2023-02-06T13:47:34.717Z",
            "lastPublished": "2023-02-06T13:47:34.717Z",
            "link": "https://www.bbc.com/kyrgyz/articles/c3d1vyrdx21o",
            "imageUrl": "https://ichef.bbci.co.uk/ace/standard/{width}/cpsdevpb/1ce1/test/49d62d80-a624-11ed-9015-6935ab4fa6ca.jpg",
            "description": "Кытайда кайрадан чоң өзгөрүүлөр орун алууда. КЭРдин төрагасы Си Цзиньпин бир нече жылга созулган катаал саясий нуктан кайра баш тартууда. ",
            "imageAlt": "test",
            "id": "c3d1vyrdx21o"
          },
          {
            "type": "article",
            "title": "Кытайдын жаңы ачык саясаты. Си Цзиньпин саясий багытын өзгөрттү 4",
            "firstPublished": "2023-02-06T13:48:04.311Z",
            "lastPublished": "2023-02-06T13:48:04.311Z",
            "link": "https://www.bbc.com/kyrgyz/articles/c86jzl31jm5o",
            "imageUrl": "https://ichef.bbci.co.uk/ace/standard/{width}/cpsdevpb/1ce1/test/49d62d80-a624-11ed-9015-6935ab4fa6ca.jpg",
            "description": "Кытайда кайрадан чоң өзгөрүүлөр орун алууда. КЭРдин төрагасы Си Цзиньпин бир нече жылга созулган катаал саясий нуктан кайра баш тартууда. ",
            "imageAlt": "test",
            "id": "c86jzl31jm5o"
          },
          {
            "type": "article",
            "title": "Кытайдын жаңы ачык саясаты. Си Цзиньпин саясий багытын өзгөрттү 5",
            "firstPublished": "2023-02-06T13:48:35.778Z",
            "lastPublished": "2023-02-06T13:48:35.778Z",
            "link": "https://www.bbc.com/kyrgyz/articles/cp567nq7kx6o",
            "imageUrl": "https://ichef.bbci.co.uk/ace/standard/{width}/cpsdevpb/1ce1/test/49d62d80-a624-11ed-9015-6935ab4fa6ca.jpg",
            "description": "Кытайда кайрадан чоң өзгөрүүлөр орун алууда. КЭРдин төрагасы Си Цзиньпин бир нече жылга созулган катаал саясий нуктан кайра баш тартууда. ",
            "imageAlt": "test",
            "id": "cp567nq7kx6o"
          },
          {
            "type": "article",
            "title": "Кытайдын жаңы ачык саясаты. Си Цзиньпин саясий багытын өзгөрттү 6",
            "firstPublished": "2023-02-06T13:49:01.557Z",
            "lastPublished": "2023-02-06T13:49:01.557Z",
            "link": "https://www.bbc.com/kyrgyz/articles/cv748vmk2pno",
            "imageUrl": "https://ichef.bbci.co.uk/ace/standard/{width}/cpsdevpb/1ce1/test/49d62d80-a624-11ed-9015-6935ab4fa6ca.jpg",
            "description": "Кытайда кайрадан чоң өзгөрүүлөр орун алууда. КЭРдин төрагасы Си Цзиньпин бир нече жылга созулган катаал саясий нуктан кайра баш тартууда. ",
            "imageAlt": "test",
            "id": "cv748vmk2pno"
          },
          {
            "type": "article",
            "title": "Кытайдын жаңы ачык саясаты. Си Цзиньпин саясий багытын өзгөрттү 7",
            "firstPublished": "2023-02-06T13:49:31.970Z",
            "lastPublished": "2023-02-06T13:49:31.970Z",
            "link": "https://www.bbc.com/kyrgyz/articles/ck9yxzvv7deo",
            "imageUrl": "https://ichef.bbci.co.uk/ace/standard/{width}/cpsdevpb/1ce1/test/49d62d80-a624-11ed-9015-6935ab4fa6ca.jpg",
            "description": "Кытайда кайрадан чоң өзгөрүүлөр орун алууда. КЭРдин төрагасы Си Цзиньпин бир нече жылга созулган катаал саясий нуктан кайра баш тартууда. ",
            "imageAlt": "test",
            "id": "ck9yxzvv7deo"
          },
          {
            "type": "article",
            "title": "Кытайдын жаңы ачык саясаты. Си Цзиньпин саясий багытын өзгөрттү 8",
            "firstPublished": "2023-02-06T13:50:08.108Z",
            "lastPublished": "2023-02-06T13:50:08.108Z",
            "link": "https://www.bbc.com/kyrgyz/articles/c380rxlx2z9o",
            "imageUrl": "https://ichef.bbci.co.uk/ace/standard/{width}/cpsdevpb/1ce1/test/49d62d80-a624-11ed-9015-6935ab4fa6ca.jpg",
            "description": "Кытайда кайрадан чоң өзгөрүүлөр орун алууда. КЭРдин төрагасы Си Цзиньпин бир нече жылга созулган катаал саясий нуктан кайра баш тартууда. ",
            "imageAlt": "test",
            "id": "c380rxlx2z9o"
          }
        ],
        "activePage": 1,
        "pageCount": 1,
        "link": "https://www.bbc.com/kyrgyz/topics/ck2l9z012nkt",
        "curationId": "urn:bbc:tipo:list:d4ec3c0c-1aa7-445e-9ef2-59d341b41038",
        "curationType": "tipo-curation",
        "position": 3,
        "title": "Дүйнө",
        "visualProminence": "NORMAL",
        "visualStyle": "COLLECTION"
      },
      {
        "summaries": [
          {
            "type": "link",
            "title": "Би-Би-Си ТВ жаңылыктары",
            "firstPublished": "",
            "lastPublished": "",
            "link": "https://www.bbc.com/kyrgyz/bbc_kyrgyz_tv/tv_programmes/w13xttqx?limit=4",
            "imageUrl": "https://ichef.test.bbci.co.uk/ace/standard/{width}/cpsdevpb/0af7/test/5a5151c0-a3aa-11ed-9015-6935ab4fa6ca.png",
            "description": "Би-Би-Си Кыргыз кызматынын эл аралык жаңылыктарын көрүңүз.",
            "imageAlt": "Microphone",
            "id": "https%3A%2F%2Fwww.bbc.com%2Fkyrgyz%2Fbbc_kyrgyz_tv%2Ftv_programmes%2Fw13xttqx%3Flimit%3D4"
          }
        ],
        "activePage": 1,
        "pageCount": 1,
        "link": "https://www.bbc.com/kyrgyz/bbc_kyrgyz_tv/tv_programmes/w13xttqx?limit=4",
        "curationId": "urn:bbc:tipo:list:d296b66f-a9d7-4a2f-bea4-7a9d253368c5",
        "curationType": "tipo-curation",
        "position": 4,
        "title": "Би-Би-Си ТВ жаңылыктары",
        "visualProminence": "NORMAL",
        "visualStyle": "BANNER"
      },
      {
        "summaries": [
          {
            "type": "article",
            "title": "Холокостту эскерүү күнү: Унутулган цыган курмандыктары эстеликтерди сактап калуу үчүн күрөшүүдө",
            "firstPublished": "2023-02-07T14:51:20.980Z",
            "lastPublished": "2023-02-07T14:51:20.980Z",
            "link": "https://www.bbc.com/kyrgyz/articles/cr91pzee4dro",
            "imageUrl": "https://ichef.bbci.co.uk/ace/standard/{width}/cpsdevpb/ae4d/test/a12d7570-a6f6-11ed-9015-6935ab4fa6ca.jpg",
            "description": "\"Эмне үчүн бизди жок кылгысы келди? Бизге эмнеге кыргын салышты?\" - деп суроо салат 83 жаштагы \"цыган Холокостунан\" аман калган Хинта Георге.",
            "imageAlt": "test",
            "id": "cr91pzee4dro"
          },
          {
            "type": "article",
            "title": "Холокостту эскерүү күнү: Унутулган цыган курмандыктары эстеликтерди сактап калуу үчүн күрөшүүдө 2",
            "firstPublished": "2023-02-07T14:52:16.175Z",
            "lastPublished": "2023-02-07T14:52:16.175Z",
            "link": "https://www.bbc.com/kyrgyz/articles/cd0nevdy25vo",
            "imageUrl": "https://ichef.bbci.co.uk/ace/standard/{width}/cpsdevpb/ae4d/test/a12d7570-a6f6-11ed-9015-6935ab4fa6ca.jpg",
            "description": "\"Эмне үчүн бизди жок кылгысы келди? Бизге эмнеге кыргын салышты?\" - деп суроо салат 83 жаштагы \"цыган Холокостунан\" аман калган Хинта Георге.",
            "imageAlt": "test",
            "id": "cd0nevdy25vo"
          },
          {
            "type": "article",
            "title": "Холокостту эскерүү күнү: Унутулган цыган курмандыктары эстеликтерди сактап калуу үчүн күрөшүүдө 3",
            "firstPublished": "2023-02-07T14:52:44.188Z",
            "lastPublished": "2023-02-07T14:52:44.188Z",
            "link": "https://www.bbc.com/kyrgyz/articles/czmnz5184jeo",
            "imageUrl": "https://ichef.bbci.co.uk/ace/standard/{width}/cpsdevpb/ae4d/test/a12d7570-a6f6-11ed-9015-6935ab4fa6ca.jpg",
            "description": "\"Эмне үчүн бизди жок кылгысы келди? Бизге эмнеге кыргын салышты?\" - деп суроо салат 83 жаштагы \"цыган Холокостунан\" аман калган Хинта Георге.",
            "imageAlt": "test",
            "id": "czmnz5184jeo"
          }
        ],
        "activePage": 1,
        "pageCount": 1,
        "link": "https://www.bbc.com/kyrgyz/topics/czp8pjrkgp0t",
        "curationId": "urn:bbc:tipo:list:1bd01bb2-78c3-4189-8961-2c5395d1ee13",
        "curationType": "tipo-curation",
        "position": 5,
        "title": "Журнал",
        "visualProminence": "HIGH"
      },
      {
        "summaries": [
          {
            "type": "link",
            "title": "BBC News Russian",
            "firstPublished": "",
            "lastPublished": "",
            "link": "http://www.bbc.com/russian",
            "imageUrl": "https://ichef.test.bbci.co.uk/ace/standard/{width}/cpsdevpb/160c/test/96297a80-a308-11ed-9015-6935ab4fa6ca.png",
            "description": "",
            "imageAlt": "BBC Russian",
            "id": "http%3A%2F%2Fwww.bbc.com%2Frussian"
          },
          {
            "type": "link",
            "title": "BBC Azeri",
            "firstPublished": "",
            "lastPublished": "",
            "link": "http://www.bbc.com/azeri",
            "imageUrl": "https://ichef.test.bbci.co.uk/ace/standard/{width}/cpsdevpb/9f48/test/b6866400-a308-11ed-9015-6935ab4fa6ca.png",
            "description": "",
            "imageAlt": "BBC Azeri",
            "id": "http%3A%2F%2Fwww.bbc.com%2Fazeri"
          },
          {
            "type": "link",
            "title": "BBC Uzbek",
            "firstPublished": "",
            "lastPublished": "",
            "link": "http://www.bbc.com/uzbek",
            "imageUrl": "https://ichef.test.bbci.co.uk/ace/standard/{width}/cpsdevpb/6adf/test/eb7c2140-a308-11ed-9015-6935ab4fa6ca.png",
            "description": "",
            "imageAlt": "BBC Uzbek",
            "id": "http%3A%2F%2Fwww.bbc.com%2Fuzbek"
          },
          {
            "type": "link",
            "title": "BBC Turkish",
            "firstPublished": "",
            "lastPublished": "",
            "link": "http://www.bbc.com/turkce",
            "imageUrl": "https://ichef.test.bbci.co.uk/ace/standard/{width}/cpsdevpb/593b/test/010c4d50-a309-11ed-9015-6935ab4fa6ca.png",
            "description": "",
            "imageAlt": "BBC Turkce",
            "id": "http%3A%2F%2Fwww.bbc.com%2Fturkce"
          }
        ],
        "activePage": 1,
        "pageCount": 1,
        "curationId": "urn:bbc:tipo:list:04e600ed-76ff-4c71-be9f-86fac52bf8c0",
        "curationType": "tipo-curation",
        "position": 6,
        "title": "Useful links",
        "visualProminence": "NORMAL",
        "visualStyle": "COLLECTION"
      },
      {
        "summaries": [],
        "activePage": 1,
        "pageCount": 1,
        "link": "https://www.bbc.com/punjabi/articles/cn37pkelzrpo",
        "curationId": "urn:bbc:tipo:list:95aa88fb-eb83-42bc-b3de-6c51e52b4d62",
        "curationType": "tipo-curation",
        "position": 7,
        "title": "Message banner 2 - hay festival_group 4.png",
        "visualProminence": "NORMAL",
        "visualStyle": "BANNER"
      },
      {
        "summaries": [],
        "activePage": 1,
        "pageCount": 1,
        "curationId": "urn:bbc:tipo:list:e547697b-26f9-45d4-9146-477dd8a6ee9e",
        "curationType": "tipo-curation",
        "position": 8,
        "title": "hay festival_group 0&1&2&3",
        "visualProminence": "NORMAL",
        "visualStyle": "BANNER"
      },
      {
        "summaries": [],
        "activePage": 1,
        "pageCount": 1,
        "curationId": "urn:bbc:tipo:list:b42365ef-1ee6-49ff-af7e-7eff7472e315",
        "curationType": "tipo-curation",
        "position": 9,
        "title": "radio_group 4",
        "visualProminence": "NORMAL",
        "visualStyle": "BANNER"
      },
      {
        "summaries": [],
        "activePage": 1,
        "pageCount": 1,
        "curationId": "urn:bbc:tipo:list:f8ab8a50-0c24-411b-ba91-ac31a60e583d",
        "curationType": "tipo-curation",
        "position": 10,
        "title": "radio_group 0&1&2&3",
        "visualProminence": "NORMAL",
        "visualStyle": "BANNER"
      },
      {
        "summaries": [],
        "activePage": 1,
        "pageCount": 1,
        "curationId": "urn:bbc:tipo:list:0b2d4c54-954f-49cb-bde7-1cc364431287",
        "curationType": "tipo-curation",
        "position": 11,
        "title": "100 women_group 4",
        "visualProminence": "NORMAL",
        "visualStyle": "BANNER"
      },
      {
        "summaries": [],
        "activePage": 1,
        "pageCount": 1,
        "curationId": "urn:bbc:tipo:list:83477d70-3b69-4187-b187-1f0febb250d8",
        "curationType": "tipo-curation",
        "position": 12,
        "title": "100 women_group 0&1&2&3",
        "visualProminence": "NORMAL",
        "visualStyle": "BANNER"
      },
      {
        "curationId": "urn:bbc:onward-journeys:most:read?=site=News",
        "curationType": "most-popular",
        "position": 13,
        "title": "Most Read",
        "visualProminence": "NORMAL",
        "visualStyle": "RANKED",
        "link": "https://www.bbc.com/kyrgyz/popular/read",
        "mostRead": {
          "generated": "2023-10-24T12:12:56.678Z",
          "lastRecordTimeStamp": "2021-05-04T11:53:00Z",
          "firstRecordTimeStamp": "2021-05-04T05:53:00Z",
          "items": [
            {
              "id": "cd68f2bc-efd5-a043-9500-a3891a13353b",
              "rank": 1,
              "title": "АКШ: жаңы президент ким экенин аныктаган штаттар кайсылар?",
              "href": "/kyrgyz/world-23090100",
              "timestamp": 1478663803000
            },
            {
              "id": "82567d2d-eb50-b644-b9a4-6523bd62bf2c",
              "rank": 2,
              "title": "Kyrgyzstanda soz erkindigi buzuluuda",
              "href": "/kyrgyz/world-23089413",
              "timestamp": 1478506660000
            },
            {
              "id": "5ac26713-7ec6-824f-a179-53f95a372408",
              "rank": 3,
              "title": "Тарых барактары: Кыргызстан-Өзбекстан ортосундагы коңшулук мамиле 36",
              "href": "/kyrgyz/kyrgyzstan-23087515",
              "timestamp": 1477898731000
            },
            {
              "id": "429a5345-bc55-5947-b11b-19ae662817a5",
              "rank": 4,
              "title": "Тарых барактары: Кыргызстан-Өзбекстан ортосундагы коңшулук мамиле 34",
              "href": "/kyrgyz/kyrgyzstan-23087513",
              "timestamp": 1477898586000
            },
            {
              "id": "a1445694-7c18-5547-928e-97f5f454bebe",
              "rank": 5,
              "title": "Тарых барактары: Кыргызстан-Өзбекстан ортосундагы коңшулук мамиле 35",
              "href": "/kyrgyz/kyrgyzstan-23087514",
              "timestamp": 1477898591000
            },
            {
              "id": "f8e5c9d1-877b-a142-805f-e435cdf9e99c",
              "rank": 6,
              "title": "Тарых барактары: Кыргызстан-Өзбекстан ортосундагы коңшулук мамиле 10",
              "href": "/kyrgyz/sapar-tv-23087494",
              "timestamp": 1477850970000
            },
            {
              "id": "08c8102e-c7e2-7b49-a38c-cb31312984a0",
              "rank": 7,
              "title": "ට්‍රම්ප්ට අලුත් ආරක්‍ෂක උපදේශකයෙක්",
              "href": "/kyrgyz/23103391",
              "timestamp": 1487940772000
            },
            {
              "id": "87ba62ed-5442-ef47-94c4-312e65400d4f",
              "rank": 8,
              "title": "Тарых барактары: Кыргызстан-Өзбекстан ортосундагы коңшулук мамиле 21",
              "href": "/kyrgyz/media-23087507",
              "timestamp": 1477898550000
            },
            {
              "id": "91d192e9-38dd-4f44-882b-c724bb41331f",
              "rank": 9,
              "title": "Мирзиёевнинг илк давлат сафари Қозоғистон",
              "href": "/kyrgyz/23103378",
              "timestamp": 1569397958000
            },
            {
              "id": "731b4ac3-ed79-b34d-93b0-64d1693c92e8",
              "rank": 10,
              "title": "Тарых барактары: Кыргызстан-Өзбекстан ортосундагы коңшулук мамиле 41",
              "href": "/kyrgyz/kyrgyzstan-23087520",
              "timestamp": 1477898715000
            },
            {
              "id": "53a3f3b0-45bf-5d41-ac4c-9fc485dae11b",
              "rank": 11,
              "title": "Тарых барактары: Кыргызстан-Өзбекстан ортосундагы коңшулук мамиле 32",
              "href": "/kyrgyz/kyrgyzstan-23087511",
              "timestamp": 1477899573000
            },
            {
              "id": "3ab470b8-18c1-4c37-ae2c-9f0177c60845",
              "rank": 12,
              "title": "Үй-бүлөдөгү зомбулуктан эң көп аялдар жабыркайт",
              "href": "/kyrgyz/kyrgyzstan-23088783",
              "timestamp": 1478184211000
            },
            {
              "id": "42fadb3a-fb0a-c549-b83d-da4243588a34",
              "rank": 13,
              "title": "Тарых барактары: Кыргызстан-Өзбекстан ортосундагы коңшулук мамиле 11",
              "href": "/kyrgyz/blog-23087495",
              "timestamp": 1477850987000
            },
            {
              "id": "99e5af12-a546-cd4c-885a-694a637a69b2",
              "rank": 14,
              "title": "Тарых барактары: Кыргызстан-Өзбекстан ортосундагы коңшулук мамиле 14",
              "href": "/kyrgyz/institutional-23087498",
              "timestamp": 1477851087000
            },
            {
              "id": "7e65aff4-c3b1-5d41-aede-777d8cd755a3",
              "rank": 15,
              "title": "Тарых барактары: Кыргызстан-Өзбекстан ортосундагы коңшулук мамиле 08",
              "href": "/kyrgyz/world-23087493",
              "timestamp": 1477850702000
            },
            {
              "id": "d9d4314d-5936-8c49-96fb-4f072339c527",
              "rank": 16,
              "title": "Тарых барактары: Кыргызстан-Өзбекстан ортосундагы коңшулук мамиле 03",
              "href": "/kyrgyz/entertainment-23087489",
              "timestamp": 1477850376000
            },
            {
              "id": "175bd205-8b6e-4548-a24a-1b984c16e790",
              "rank": 17,
              "title": "Тарых барактары: Кыргызстан-Өзбекстан ортосундагы коңшулук мамиле 44",
              "href": "/kyrgyz/kyrgyzstan-23087523",
              "timestamp": 1477898702000
            },
            {
              "id": "dd71b59e-ce18-2347-8eb5-43e9393a1f27",
              "rank": 18,
              "title": "Тарых барактары: Кыргызстан-Өзбекстан ортосундагы коңшулук мамиле 48",
              "href": "/kyrgyz/kyrgyzstan-23087528",
              "timestamp": 1477898672000
            },
            {
              "id": "30d42ae7-a72f-574a-88f2-392a2dfe7c52",
              "rank": 19,
              "title": "Түштүк Корея президенти кечирим сурады",
              "href": "/kyrgyz/kyrgyzstan-23089035",
              "timestamp": 1478260541000
            },
            {
              "id": "11dd0fa3-7b4f-174b-9234-ac1d59d04a34",
              "rank": 20,
              "title": "Тарых барактары: Кыргызстан-Өзбекстан ортосундагы коңшулук мамиле 32",
              "href": "/kyrgyz/kyrgyzstan-23087510",
              "timestamp": 1477898574000
            }
          ]
        }
      },
      {
        "summaries": [
          {
            "type": "commentary",
            "title": "Live Promo with Media Type None",
            "firstPublished": "",
            "lastPublished": "",
            "link": "https://www.test.bbc.com/pidgin/live/c7p765ynk9qt",
            "imageUrl": "https://ichef.bbci.co.uk/ace/standard/{width}/cpsprodpb/36D1/production/_127933041__63970643_bbc-news-world-service-logo-nc.png",
            "description": "Pidgin test 2 - Description",
            "imageAlt": "",
            "id": "c7p765ynk9qt"
          },
          {
            "type": "article",
            "title": "Live Pidgin Disco 1 Media Type Text",
            "firstPublished": "",
            "lastPublished": "",
            "link": "https://www.test.bbc.com/pidgin/live/cgl2vz8d587t",
            "imageUrl": "https://ichef.bbci.co.uk/ace/standard/{width}/cpsprodpb/36D1/production/_127933041__63970643_bbc-news-world-service-logo-nc.png",
            "description": "",
            "imageAlt": "",
            "id": "cgl2vz8d587t"
          },
          {
            "type": "audio",
            "title": "Live Pidgin Disco 2 Media Type Audio",
            "firstPublished": "",
            "lastPublished": "",
            "link": "https://www.test.bbc.com/pidgin/live/cy0mg3kvxnlt",
            "imageUrl": "https://ichef.bbci.co.uk/ace/standard/{width}/cpsprodpb/36D1/production/_127933041__63970643_bbc-news-world-service-logo-nc.png",
            "description": "",
            "imageAlt": "",
            "id": "cy0mg3kvxnlt"
          },
          {
            "type": "video",
            "title": "Live Pidgin Disco 3 Media Type Video",
            "firstPublished": "",
            "lastPublished": "",
            "link": "https://www.test.bbc.com/pidgin/live/cly58zvmwygt",
            "imageUrl": "https://ichef.bbci.co.uk/ace/standard/{width}/cpsprodpb/36D1/production/_127933041__63970643_bbc-news-world-service-logo-nc.png",
            "description": "",
            "imageAlt": "",
            "id": "cly58zvmwygt"
          }
        ],
        "activePage": 1,
        "pageCount": 1,
        "curationId": "urn:bbc:tipo:list:30934ac9-baec-44b4-bd80-738622667d8d",
        "curationType": "tipo-curation",
        "position": 14,
        "title": "Curation with Live Promo",
        "visualProminence": "NORMAL",
        "visualStyle": "NONE"
      },
      {
        "summaries": [
          {
            "type": "commentary",
            "title": "Live Pidgin Disco 4 Media Type None",
            "firstPublished": "",
            "lastPublished": "",
            "link": "https://www.test.bbc.com/pidgin/live/cemy52djeq5t",
            "imageUrl": "https://ichef.bbci.co.uk/ace/standard/{width}/cpsprodpb/36D1/production/_127933041__63970643_bbc-news-world-service-logo-nc.png",
            "description": "",
            "imageAlt": "",
            "id": "cemy52djeq5t"
          },
          {
            "type": "article",
            "title": "Live Pidgin Disco 5 Media Type Text",
            "firstPublished": "",
            "lastPublished": "",
            "link": "https://www.test.bbc.com/pidgin/live/c65nm48pr8et",
            "imageUrl": "https://ichef.bbci.co.uk/ace/standard/{width}/cpsprodpb/36D1/production/_127933041__63970643_bbc-news-world-service-logo-nc.png",
            "description": "",
            "imageAlt": "",
            "id": "c65nm48pr8et"
          },
          {
            "type": "audio",
            "title": "Live Pidgin Disco 6 Media Type Audio",
            "firstPublished": "",
            "lastPublished": "",
            "link": "https://www.test.bbc.com/pidgin/live/cpvg17j60m7t",
            "imageUrl": "https://ichef.bbci.co.uk/ace/standard/{width}/cpsprodpb/36D1/production/_127933041__63970643_bbc-news-world-service-logo-nc.png",
            "description": "",
            "imageAlt": "",
            "id": "cpvg17j60m7t"
          },
          {
            "type": "video",
            "title": "Live Pidgin Disco 7 Media Type Video",
            "firstPublished": "",
            "lastPublished": "",
            "link": "https://www.test.bbc.com/pidgin/live/cg2pr8l7j3nt",
            "imageUrl": "https://ichef.bbci.co.uk/ace/standard/{width}/cpsprodpb/36D1/production/_127933041__63970643_bbc-news-world-service-logo-nc.png",
            "description": "",
            "imageAlt": "",
            "id": "cg2pr8l7j3nt"
          }
        ],
        "activePage": 1,
        "pageCount": 1,
        "curationId": "urn:bbc:tipo:list:b016ab49-c95c-4129-9a06-c28fac463064",
        "curationType": "tipo-curation",
        "position": 15,
        "title": "Hierarchical Curation with Live Promos",
        "visualProminence": "HIGH",
        "visualStyle": "NONE"
      }
    ],
    "metadata": {
      "atiAnalytics": {
        "contentId": "urn:bbc:tipo:topic:cm7682qz7v1t",
        "contentType": "index-home",
        "pageIdentifier": "kyrgyz.page",
        "pageTitle": "BBC News Kyrgyz"
      }
    }
  },
  "contentType": "application/json; charset=utf-8"
}
