{
  "metadata": {
    "id": "urn:bbc:ares::asset:igbo/media-42986440",
    "locators": {
      "assetUri": "/igbo/media-42986440",
      "cpsUrn": "urn:bbc:content:assetUri:igbo/media-42986440",
      "curie": "http://www.bbc.co.uk/asset/c951fc3d-2f39-084c-b111-3d4985995b96",
      "assetId": "42986440"
    },
    "type": "MAP",
    "createdBy": "igbo-v6",
    "language": "ig",
    "lastUpdated": 1589265201240,
    "firstPublished": 1518073032000,
    "lastPublished": 1589265179000,
    "timestamp": 1589265179000,
    "options": {
      "isIgorSeoTagsEnabled": false,
      "includeComments": false,
      "allowRightHandSide": true,
      "isFactCheck": false,
      "allowDateStamp": true,
      "hasNewsTracker": false,
      "allowRelatedStoriesBox": true,
      "isKeyContent": false,
      "allowHeadline": true,
      "isBreakingNews": false,
      "allowPrintingSharingLinks": true
    },
    "analyticsLabels": {
      "cps_asset_type": "map",
      "counterName": "igbo.embedded_media.media_asset.42986440.page",
      "cps_asset_id": "42986440"
    },
    "passport": {
      "category": {
        "categoryId": "http://www.bbc.co.uk/ontologies/applicationlogic-news/News",
        "categoryName": "News"
      },
      "campaigns": [
        {
          "campaignId": "5a988e4739461b000e9dabfc",
          "campaignName": "Update me"
        }
      ],
      "taggings": []
    },
    "tags": {
      "about": [
        {
          "thingLabel": "Egwuruegwu",
          "thingUri": "http://www.bbc.co.uk/things/4063f80f-cccc-44c8-9449-5ca44e4c8592#id",
          "thingId": "4063f80f-cccc-44c8-9449-5ca44e4c8592",
          "thingType": [
            "core:Theme",
            "core:Thing",
            "tagging:TagConcept",
            "tagging:Genre",
            "tagging:AmbiguousTerm"
          ],
          "thingSameAs": ["http://dbpedia.org/resource/Sport"],
          "topicName": "Egwuruegwu",
          "topicId": "cnq68k0x2vrt",
          "curationList": [
            {
              "curationId": "a8d48174-ad49-4acd-9966-3d30e5f257d1",
              "curationType": "vivo-stream"
            }
          ]
        },
        {
          "thingLabel": "Naijiria",
          "thingUri": "http://www.bbc.co.uk/things/3d5d5e30-dd50-4041-96d5-c970b20005b9#id",
          "thingId": "3d5d5e30-dd50-4041-96d5-c970b20005b9",
          "thingType": ["core:Place", "core:Thing", "tagging:TagConcept"],
          "thingSameAs": ["http://sws.geonames.org/2328926/"],
          "topicName": "Naijiria",
          "topicId": "c5qvpxrx6wyt",
          "curationList": [
            {
              "curationId": "010d96d0-32ba-4a8c-8622-4f184aeb4689",
              "curationType": "vivo-stream"
            }
          ]
        },
        {
          "thingLabel": "Afịrịka",
          "thingUri": "http://www.bbc.co.uk/things/d2c2ba68-f9ad-4185-a6d1-7f6437256735#id",
          "thingId": "d2c2ba68-f9ad-4185-a6d1-7f6437256735",
          "thingType": ["core:Thing", "core:Place", "tagging:TagConcept"],
          "thingSameAs": [
            "http://www.wikidata.org/entity/Q15",
            "http://dbpedia.org/resource/Africa",
            "http://sws.geonames.org/6255146/"
          ],
          "topicName": "Afịrịka",
          "topicId": "c404vnj5q75t",
          "curationList": [
            {
              "curationId": "75d83320-69b0-4ae7-a253-3867e2dd0fd6",
              "curationType": "vivo-stream"
            }
          ]
        },
        {
          "thingLabel": "Sudan",
          "thingUri": "http://www.bbc.co.uk/things/620270e1-cd82-443d-a7e4-98d177627606#id",
          "thingId": "620270e1-cd82-443d-a7e4-98d177627606",
          "thingType": ["core:Place", "tagging:TagConcept", "core:Thing"],
          "thingSameAs": ["http://sws.geonames.org/366755/"],
          "topicName": "Sudan",
          "topicId": "c2dwqj3gz81t",
          "curationList": [
            {
              "curationId": "7509496b-040e-428d-b726-d138521970a3",
              "curationType": "vivo-stream"
            }
          ]
        }
      ]
    },
    "version": "v1.2.1",
    "blockTypes": ["media", "paragraph"],
    "includeComments": false
  },
  "content": {
    "blocks": [
      {
        "id": "p08cxd9f",
        "subType": "clip",
        "format": "audio",
        "title": "BBC Nkeji",
        "synopses": {
          "short": "Akụkọ ga-amasị gị ịkọ taa niile",
          "medium": "Akụkọ ga-amasị gị ịkọ taa niile."
        },
        "imageUrl": "ichef.bbci.co.uk/images/ic/$recipe/p08cxdbl.jpg",
        "embedding": true,
        "advertising": true,
        "caption": "Akụkọ ga-amasị gị ịkọ taa niile",
        "versions": [
          {
            "versionId": "p08cxd9h",
            "types": ["Original"],
            "duration": 60,
            "durationISO8601": "PT1M",
            "warnings": {},
            "availableTerritories": {
              "uk": true,
              "nonUk": true,
              "world": false
            },
            "availableUntil": 1589350302000,
            "availableFrom": 1589263902000
          }
        ],
        "imageCopyright": "BBC",
        "type": "media"
      },
      {
        "text": "Akụkọ ga-amasị gị ịkọ taa niile.",
        "markupType": "plain_text",
        "type": "paragraph"
      }
    ]
  },
  "promo": {
    "headlines": {
      "shortHeadline": "BBC Nkeji",
      "headline": "Akụkọ ga-amasị gị ịkọ taa niile"
    },
    "locators": {
      "assetUri": "/igbo/media-42986440",
      "cpsUrn": "urn:bbc:content:assetUri:igbo/media-42986440",
      "curie": "http://www.bbc.co.uk/asset/c951fc3d-2f39-084c-b111-3d4985995b96",
      "assetId": "42986440"
    },
    "summary": "Akụkọ ga-amasị gị ịkọ taa niile.",
    "timestamp": 1589265179000,
    "language": "ig",
    "passport": {
      "category": {
        "categoryId": "http://www.bbc.co.uk/ontologies/applicationlogic-news/News",
        "categoryName": "News"
      },
      "campaigns": [
        {
          "campaignId": "5a988e4739461b000e9dabfc",
          "campaignName": "Update me"
        }
      ],
      "taggings": []
    },
    "media": {
      "id": "p08cxd9f",
      "subType": "clip",
      "format": "audio",
      "title": "BBC Nkeji",
      "synopses": {
        "short": "Akụkọ ga-amasị gị ịkọ taa niile",
        "medium": "Akụkọ ga-amasị gị ịkọ taa niile."
      },
      "imageUrl": "ichef.bbci.co.uk/images/ic/$recipe/p08cxdbl.jpg",
      "embedding": true,
      "advertising": true,
      "caption": "Akụkọ ga-amasị gị ịkọ taa niile",
      "versions": [
        {
          "versionId": "p08cxd9h",
          "types": ["Original"],
          "duration": 60,
          "durationISO8601": "PT1M",
          "warnings": {},
          "availableTerritories": { "uk": true, "nonUk": true, "world": false },
          "availableUntil": 1589350302000,
          "availableFrom": 1589263902000
        }
      ],
      "imageCopyright": "BBC",
      "type": "media"
    },
    "indexImage": {
      "id": "112237807",
      "subType": "index",
      "href": "http://c.files.bbci.co.uk/114D9/production/_112237807_p08cxdbl.jpg",
      "path": "/cpsprodpb/114D9/production/_112237807_p08cxdbl.jpg",
      "height": 576,
      "width": 1024,
      "altText": "BBC Nkeji",
      "copyrightHolder": "BBC",
      "type": "image"
    },
    "id": "urn:bbc:ares::asset:igbo/media-42986440",
    "type": "cps"
  },
  "relatedContent": {
    "section": {
      "subType": "index",
      "name": "Media",
      "uri": "/igbo/media",
      "type": "simple"
    },
    "site": {
      "subType": "site",
      "name": "BBC News Ìgbò",
      "uri": "/igbo",
      "type": "simple"
    },
    "groups": []
  }
}
